segmento,prima
REFINERIA,5.0
REFINERIA,5.0
REFINERIA,5.0
TRADER,5.0
REFINERIA,5.0
REFINERIA,5.0
TRADER,5.0
TRADER,5.0
REFINERIA,5.0
REFINERIA,5.0
REFINERIA,5.0
INDUSTRIA,5.0
REFINERIA,5.0
REFINERIA,5.0
REFINERIA,5.0
REFINERIA,5.0
INDUSTRIA,5.0
INDUSTRIA,5.0
TRADER,5.0
TRADER,5.0
REFINERIA,5.0
REFINERIA,5.0
INDUSTRIA,5.0
REFINERIA,5.0
INDUSTRIA,5.0
REFINERIA,5.0
TRADER,5.0
REFINERIA,5.0
REFINERIA,5.0
REFINERIA,5.0
REFINERIA,5.0
INDUSTRIA,5.0
TRADER,5.0
REFINERIA,5.0
REFINERIA,5.0
REFINERIA,5.0
REFINERIA,5.0
TRADER,5.0
INDUSTRIA,5.0
TRADER,5.0
REFINERIA,5.0
REFINERIA,5.0
REFINERIA,5.0
TRADER,5.0
REFINERIA,5.0
REFINERIA,5.0
REFINERIA,5.0
REFINERIA,5.0
TRADER,5.0
REFINERIA,5.0
REFINERIA,5.0
REFINERIA,5.0
TRADER,5.0
REFINERIA,5.0
REFINERIA,5.0
REFINERIA,5.0
REFINERIA,5.0
TRADER,5.0
TRADER,5.0
TRADER,5.0
INDUSTRIA,5.0
TRADER,5.0
REFINERIA,5.0
TRADER,5.0
REFINERIA,5.0
INDUSTRIA,5.0
TRADER,5.0
TRADER,5.0
REFINERIA,5.0
REFINERIA,5.0
REFINERIA,5.0
INDUSTRIA,5.0
INDUSTRIA,5.0
REFINERIA,5.0
TRADER,5.0
TRADER,5.0
TRADER,5.0
REFINERIA,5.0
REFINERIA,5.0
INDUSTRIA,5.0
REFINERIA,5.0
REFINERIA,5.0
REFINERIA,5.0
INDUSTRIA,5.0
REFINERIA,5.0
REFINERIA,5.0
REFINERIA,5.0
REFINERIA,5.0
REFINERIA,5.0
REFINERIA,5.0
REFINERIA,5.0
REFINERIA,5.0
INDUSTRIA,5.0
REFINERIA,5.0
TRADER,5.0
INDUSTRIA,5.0
REFINERIA,5.0
INDUSTRIA,5.0
TRADER,5.0
REFINERIA,5.0
REFINERIA,5.0
REFINERIA,5.0
TRADER,5.0
REFINERIA,5.0
REFINERIA,5.0
INDUSTRIA,5.0
REFINERIA,5.0
INDUSTRIA,5.0
INDUSTRIA,5.0
REFINERIA,5.0
REFINERIA,5.0
REFINERIA,5.0
REFINERIA,5.0
REFINERIA,5.0
TRADER,5.0
TRADER,5.0
REFINERIA,5.0
INDUSTRIA,5.0
TRADER,5.0
REFINERIA,5.0
TRADER,5.0
TRADER,5.0
INDUSTRIA,5.0
REFINERIA,5.0
REFINERIA,5.0
REFINERIA,5.0
TRADER,5.0
REFINERIA,5.0
REFINERIA,5.0
INDUSTRIA,5.0
REFINERIA,5.0
REFINERIA,5.0
TRADER,5.0
REFINERIA,5.0
REFINERIA,5.0
REFINERIA,5.0
INDUSTRIA,5.0
REFINERIA,5.0
REFINERIA,5.0
REFINERIA,5.0
REFINERIA,5.0
REFINERIA,5.0
REFINERIA,5.0
INDUSTRIA,5.0
TRADER,5.0
REFINERIA,5.0
REFINERIA,5.0
TRADER,5.0
INDUSTRIA,5.0
TRADER,5.0
REFINERIA,5.0
INDUSTRIA,5.0
REFINERIA,5.0
TRADER,5.0
INDUSTRIA,5.0
REFINERIA,5.0
REFINERIA,5.0
REFINERIA,5.0
INDUSTRIA,5.0
REFINERIA,5.0
REFINERIA,5.0
INDUSTRIA,5.0
REFINERIA,5.0
REFINERIA,5.0
REFINERIA,5.0
REFINERIA,5.0
INDUSTRIA,5.0
REFINERIA,5.0
TRADER,5.0
REFINERIA,5.0
REFINERIA,5.0
INDUSTRIA,5.0
REFINERIA,5.0
REFINERIA,5.0
REFINERIA,5.0
REFINERIA,5.0
REFINERIA,5.0
REFINERIA,5.0
TRADER,5.0
REFINERIA,5.0
REFINERIA,5.0
REFINERIA,5.0
INDUSTRIA,5.0
TRADER,5.0
REFINERIA,5.0
REFINERIA,5.0
REFINERIA,5.0
REFINERIA,5.0
REFINERIA,5.0
REFINERIA,5.0
REFINERIA,5.0
REFINERIA,5.0
REFINERIA,5.0
INDUSTRIA,5.0
REFINERIA,5.0
REFINERIA,5.0
REFINERIA,5.0
REFINERIA,5.0
REFINERIA,5.0
REFINERIA,5.0
REFINERIA,5.0
INDUSTRIA,5.0
INDUSTRIA,5.0
TRADER,5.0
REFINERIA,5.0
REFINERIA,5.0
REFINERIA,5.0
REFINERIA,5.0
TRADER,5.0
REFINERIA,5.0
REFINERIA,5.0
REFINERIA,5.0
REFINERIA,5.0
INDUSTRIA,5.0
REFINERIA,5.0
TRADER,5.0
TRADER,5.0
INDUSTRIA,5.0
REFINERIA,5.0
REFINERIA,5.0
TRADER,5.0
REFINERIA,5.0
REFINERIA,5.0
TRADER,5.0
INDUSTRIA,5.0
INDUSTRIA,5.0
TRADER,5.0
REFINERIA,5.0
REFINERIA,5.0
TRADER,5.0
INDUSTRIA,5.0
REFINERIA,5.0
TRADER,5.0
REFINERIA,5.0
REFINERIA,5.0
REFINERIA,5.0
TRADER,5.0
REFINERIA,5.0
REFINERIA,5.0
TRADER,5.0
REFINERIA,5.0
INDUSTRIA,5.0
INDUSTRIA,5.0
REFINERIA,5.0
INDUSTRIA,5.0
REFINERIA,5.0
REFINERIA,5.0
INDUSTRIA,5.0
REFINERIA,5.0
REFINERIA,5.0
REFINERIA,5.0
REFINERIA,5.0
REFINERIA,5.0
INDUSTRIA,5.0
REFINERIA,5.0
TRADER,5.0
REFINERIA,5.0
REFINERIA,5.0
REFINERIA,5.0
REFINERIA,5.0
REFINERIA,5.0
TRADER,5.0
REFINERIA,5.0
REFINERIA,5.0
TRADER,5.0
REFINERIA,5.0
REFINERIA,5.0
REFINERIA,5.0
REFINERIA,5.0
INDUSTRIA,5.0
INDUSTRIA,5.0
REFINERIA,5.0
REFINERIA,5.0
REFINERIA,5.0
INDUSTRIA,5.0
TRADER,5.0
INDUSTRIA,5.0
TRADER,5.0
INDUSTRIA,5.0
REFINERIA,5.0
REFINERIA,5.0
REFINERIA,5.0
INDUSTRIA,5.0
TRADER,5.0
INDUSTRIA,5.0
REFINERIA,5.0
TRADER,5.0
TRADER,5.0
INDUSTRIA,5.0
REFINERIA,5.0
REFINERIA,5.0
REFINERIA,5.0
REFINERIA,5.0
REFINERIA,5.0
REFINERIA,5.0
INDUSTRIA,5.0
INDUSTRIA,5.0
REFINERIA,5.0
TRADER,5.0
REFINERIA,5.0
INDUSTRIA,5.0
REFINERIA,5.0
TRADER,5.0
REFINERIA,5.0
REFINERIA,5.0
TRADER,5.0
TRADER,5.0
REFINERIA,5.0
INDUSTRIA,5.0
INDUSTRIA,5.0
REFINERIA,5.0
REFINERIA,5.0
REFINERIA,5.0
REFINERIA,5.0
TRADER,5.0
REFINERIA,5.0
INDUSTRIA,5.0
REFINERIA,5.0
TRADER,5.0
INDUSTRIA,5.0
REFINERIA,5.0
REFINERIA,5.0
REFINERIA,5.0
REFINERIA,5.0
INDUSTRIA,5.0
REFINERIA,5.0
REFINERIA,5.0
REFINERIA,5.0
TRADER,5.0
INDUSTRIA,5.0
INDUSTRIA,5.0
INDUSTRIA,5.0
INDUSTRIA,5.0
REFINERIA,5.0
REFINERIA,5.0
INDUSTRIA,5.0
REFINERIA,5.0
REFINERIA,5.0
TRADER,5.0
REFINERIA,5.0
TRADER,5.0
TRADER,5.0
TRADER,5.0
INDUSTRIA,5.0
TRADER,5.0
REFINERIA,5.0
REFINERIA,5.0
REFINERIA,5.0
INDUSTRIA,5.0
TRADER,5.0
REFINERIA,5.0
TRADER,5.0
REFINERIA,5.0
REFINERIA,5.0
TRADER,5.0
TRADER,5.0
REFINERIA,5.0
REFINERIA,5.0
REFINERIA,5.0
REFINERIA,5.0
INDUSTRIA,5.0
REFINERIA,5.0
REFINERIA,5.0
REFINERIA,5.0
REFINERIA,5.0
INDUSTRIA,5.0
INDUSTRIA,5.0
REFINERIA,5.0
REFINERIA,5.0
INDUSTRIA,5.0
INDUSTRIA,5.0
REFINERIA,5.0
REFINERIA,5.0
INDUSTRIA,5.0
REFINERIA,5.0
REFINERIA,5.0
REFINERIA,5.0
REFINERIA,5.0
REFINERIA,5.0
TRADER,5.0
TRADER,5.0
INDUSTRIA,5.0
INDUSTRIA,5.0
REFINERIA,5.0
REFINERIA,5.0
INDUSTRIA,5.0
REFINERIA,5.0
REFINERIA,5.0
TRADER,5.0
TRADER,5.0
REFINERIA,5.0
REFINERIA,5.0
REFINERIA,5.0
TRADER,5.0
INDUSTRIA,5.0
INDUSTRIA,5.0
REFINERIA,5.0
REFINERIA,5.0
REFINERIA,5.0
REFINERIA,5.0
REFINERIA,5.0
REFINERIA,5.0
INDUSTRIA,5.0
REFINERIA,5.0
REFINERIA,5.0
TRADER,5.0
REFINERIA,5.0
REFINERIA,5.0
REFINERIA,5.0
REFINERIA,5.0
REFINERIA,5.0
REFINERIA,5.0
REFINERIA,5.0
INDUSTRIA,5.0
REFINERIA,5.0
REFINERIA,5.0
REFINERIA,5.0
TRADER,5.0
REFINERIA,5.0
INDUSTRIA,5.0
TRADER,5.0
INDUSTRIA,5.0
REFINERIA,5.0
INDUSTRIA,5.0
REFINERIA,5.0
REFINERIA,5.0
REFINERIA,5.0
TRADER,5.0
REFINERIA,5.0
REFINERIA,5.0
TRADER,5.0
REFINERIA,5.0
REFINERIA,5.0
REFINERIA,5.0
TRADER,5.0
REFINERIA,5.0
REFINERIA,5.0
REFINERIA,5.0
TRADER,5.0
REFINERIA,5.0
REFINERIA,5.0
REFINERIA,5.0
REFINERIA,5.0
REFINERIA,5.0
REFINERIA,5.0
REFINERIA,5.0
TRADER,5.0
REFINERIA,5.0
REFINERIA,5.0
TRADER,5.0
REFINERIA,5.0
TRADER,5.0
TRADER,5.0
TRADER,5.0
REFINERIA,5.0
REFINERIA,5.0
REFINERIA,5.0
REFINERIA,5.0
REFINERIA,5.0
INDUSTRIA,5.0
REFINERIA,5.0
REFINERIA,5.0
REFINERIA,5.0
TRADER,5.0
REFINERIA,5.0
INDUSTRIA,5.0
INDUSTRIA,5.0
TRADER,5.0
REFINERIA,5.0
INDUSTRIA,5.0
TRADER,5.0
INDUSTRIA,5.0
REFINERIA,5.0
REFINERIA,5.0
REFINERIA,5.0
TRADER,5.0
INDUSTRIA,5.0
REFINERIA,5.0
TRADER,5.0
REFINERIA,5.0
REFINERIA,5.0
REFINERIA,5.0
REFINERIA,5.0
REFINERIA,5.0
TRADER,5.0
INDUSTRIA,5.0
INDUSTRIA,5.0
INDUSTRIA,5.0
INDUSTRIA,5.0
REFINERIA,5.0
TRADER,5.0
REFINERIA,5.0
TRADER,5.0
INDUSTRIA,5.0
REFINERIA,5.0
INDUSTRIA,5.0
INDUSTRIA,5.0
INDUSTRIA,5.0
REFINERIA,5.0
REFINERIA,5.0
TRADER,5.0
REFINERIA,5.0
REFINERIA,5.0
REFINERIA,5.0
REFINERIA,5.0
REFINERIA,5.0
REFINERIA,5.0
REFINERIA,5.0
REFINERIA,5.0
TRADER,5.0
REFINERIA,5.0
REFINERIA,5.0
REFINERIA,5.0
REFINERIA,5.0
REFINERIA,5.0
REFINERIA,5.0
REFINERIA,5.0
TRADER,5.0
REFINERIA,5.0
REFINERIA,5.0
REFINERIA,5.0
REFINERIA,5.0
INDUSTRIA,5.0
REFINERIA,5.0
TRADER,5.0
REFINERIA,5.0
TRADER,5.0
REFINERIA,5.0
REFINERIA,5.0
INDUSTRIA,5.0
INDUSTRIA,5.0
REFINERIA,5.0
REFINERIA,5.0
REFINERIA,5.0
REFINERIA,5.0
TRADER,5.0
REFINERIA,5.0
INDUSTRIA,5.0
INDUSTRIA,5.0
REFINERIA,5.0
REFINERIA,5.0
INDUSTRIA,5.0
REFINERIA,5.0
REFINERIA,5.0
REFINERIA,5.0
REFINERIA,5.0
INDUSTRIA,5.0
REFINERIA,5.0
TRADER,5.0
INDUSTRIA,5.0
REFINERIA,5.0
REFINERIA,5.0
REFINERIA,5.0
REFINERIA,5.0
REFINERIA,5.0
TRADER,5.0
TRADER,5.0
REFINERIA,5.0
REFINERIA,5.0
REFINERIA,5.0
INDUSTRIA,5.0
REFINERIA,5.0
INDUSTRIA,5.0
REFINERIA,5.0
TRADER,5.0
TRADER,5.0
REFINERIA,5.0
REFINERIA,5.0
REFINERIA,5.0
REFINERIA,5.0
REFINERIA,5.0
REFINERIA,5.0
REFINERIA,5.0
REFINERIA,5.0
REFINERIA,5.0
INDUSTRIA,5.0
REFINERIA,5.0
REFINERIA,5.0
REFINERIA,5.0
REFINERIA,5.0
REFINERIA,5.0
REFINERIA,5.0
REFINERIA,5.0
TRADER,5.0
REFINERIA,5.0
INDUSTRIA,5.0
REFINERIA,5.0
REFINERIA,5.0
INDUSTRIA,5.0
REFINERIA,5.0
REFINERIA,5.0
REFINERIA,5.0
INDUSTRIA,5.0
INDUSTRIA,5.0
REFINERIA,5.0
REFINERIA,5.0
REFINERIA,5.0
INDUSTRIA,5.0
REFINERIA,5.0
REFINERIA,5.0
INDUSTRIA,5.0
INDUSTRIA,5.0
REFINERIA,5.0
REFINERIA,5.0
TRADER,5.0
REFINERIA,5.0
REFINERIA,5.0
REFINERIA,5.0
TRADER,5.0
INDUSTRIA,5.0
INDUSTRIA,5.0
REFINERIA,5.0
REFINERIA,5.0
REFINERIA,5.0
TRADER,5.0
REFINERIA,5.0
TRADER,5.0
TRADER,5.0
REFINERIA,5.0
REFINERIA,5.0
INDUSTRIA,5.0
REFINERIA,5.0
REFINERIA,5.0
REFINERIA,5.0
TRADER,5.0
REFINERIA,5.0
REFINERIA,5.0
REFINERIA,5.0
TRADER,5.0
REFINERIA,5.0
TRADER,5.0
TRADER,5.0
REFINERIA,5.0
INDUSTRIA,5.0
TRADER,5.0
REFINERIA,5.0
REFINERIA,5.0
TRADER,5.0
REFINERIA,5.0
REFINERIA,5.0
INDUSTRIA,5.0
INDUSTRIA,5.0
INDUSTRIA,5.0
TRADER,5.0
INDUSTRIA,5.0
INDUSTRIA,5.0
REFINERIA,5.0
INDUSTRIA,5.0
REFINERIA,5.0
TRADER,5.0
REFINERIA,5.0
REFINERIA,5.0
REFINERIA,5.0
REFINERIA,5.0
TRADER,5.0
TRADER,5.0
TRADER,5.0
INDUSTRIA,5.0
REFINERIA,5.0
TRADER,5.0
INDUSTRIA,5.0
REFINERIA,5.0
REFINERIA,5.0
INDUSTRIA,5.0
REFINERIA,5.0
INDUSTRIA,5.0
REFINERIA,5.0
INDUSTRIA,5.0
REFINERIA,5.0
REFINERIA,5.0
INDUSTRIA,5.0
REFINERIA,5.0
REFINERIA,5.0
REFINERIA,5.0
REFINERIA,5.0
REFINERIA,5.0
REFINERIA,5.0
REFINERIA,5.0
REFINERIA,5.0
TRADER,5.0
TRADER,5.0
REFINERIA,5.0
REFINERIA,5.0
TRADER,5.0
REFINERIA,5.0
TRADER,5.0
REFINERIA,5.0
REFINERIA,5.0
REFINERIA,5.0
REFINERIA,5.0
REFINERIA,5.0
REFINERIA,5.0
REFINERIA,5.0
TRADER,5.0
TRADER,5.0
REFINERIA,5.0
REFINERIA,5.0
TRADER,5.0
REFINERIA,5.0
REFINERIA,5.0
TRADER,5.0
REFINERIA,5.0
REFINERIA,5.0
REFINERIA,5.0
INDUSTRIA,5.0
TRADER,5.0
INDUSTRIA,5.0
TRADER,5.0
REFINERIA,5.0
REFINERIA,5.0
TRADER,5.0
REFINERIA,5.0
REFINERIA,5.0
INDUSTRIA,5.0
TRADER,5.0
REFINERIA,5.0
INDUSTRIA,5.0
INDUSTRIA,5.0
REFINERIA,5.0
REFINERIA,5.0
REFINERIA,5.0
INDUSTRIA,5.0
INDUSTRIA,5.0
REFINERIA,5.0
REFINERIA,5.0
TRADER,5.0
REFINERIA,5.0
TRADER,5.0
REFINERIA,5.0
REFINERIA,5.0
REFINERIA,5.0
REFINERIA,5.0
REFINERIA,5.0
TRADER,5.0
TRADER,5.0
REFINERIA,5.0
REFINERIA,5.0
INDUSTRIA,5.0
TRADER,5.0
REFINERIA,5.0
REFINERIA,5.0
REFINERIA,5.0
REFINERIA,5.0
REFINERIA,5.0
REFINERIA,5.0
TRADER,5.0
REFINERIA,5.0
REFINERIA,5.0
INDUSTRIA,5.0
INDUSTRIA,5.0
REFINERIA,5.0
TRADER,5.0
REFINERIA,5.0
REFINERIA,5.0
TRADER,5.0
REFINERIA,5.0
INDUSTRIA,5.0
TRADER,5.0
TRADER,5.0
INDUSTRIA,5.0
INDUSTRIA,5.0
TRADER,5.0
TRADER,5.0
INDUSTRIA,5.0
TRADER,5.0
REFINERIA,5.0
REFINERIA,5.0
INDUSTRIA,5.0
INDUSTRIA,5.0
INDUSTRIA,5.0
INDUSTRIA,5.0
REFINERIA,5.0
REFINERIA,5.0
REFINERIA,5.0
TRADER,5.0
REFINERIA,5.0
TRADER,5.0
REFINERIA,5.0
REFINERIA,5.0
REFINERIA,5.0
REFINERIA,5.0
REFINERIA,5.0
REFINERIA,5.0
TRADER,5.0
REFINERIA,5.0
REFINERIA,5.0
REFINERIA,5.0
INDUSTRIA,5.0
REFINERIA,5.0
INDUSTRIA,5.0
TRADER,5.0
INDUSTRIA,5.0
TRADER,5.0
INDUSTRIA,5.0
REFINERIA,5.0
REFINERIA,5.0
TRADER,5.0
TRADER,5.0
REFINERIA,5.0
REFINERIA,5.0
REFINERIA,5.0
REFINERIA,5.0
REFINERIA,5.0
REFINERIA,5.0
TRADER,5.0
REFINERIA,5.0
REFINERIA,5.0
REFINERIA,5.0
REFINERIA,5.0
INDUSTRIA,5.0
REFINERIA,5.0
REFINERIA,5.0
TRADER,5.0
REFINERIA,5.0
TRADER,5.0
TRADER,5.0
INDUSTRIA,5.0
REFINERIA,5.0
INDUSTRIA,5.0
REFINERIA,5.0
TRADER,5.0
REFINERIA,5.0
REFINERIA,5.0
TRADER,5.0
TRADER,5.0
REFINERIA,5.0
REFINERIA,5.0
REFINERIA,5.0
REFINERIA,5.0
INDUSTRIA,5.0
INDUSTRIA,5.0
REFINERIA,5.0
INDUSTRIA,5.0
REFINERIA,5.0
INDUSTRIA,5.0
REFINERIA,5.0
REFINERIA,5.0
REFINERIA,5.0
INDUSTRIA,5.0
TRADER,5.0
INDUSTRIA,5.0
REFINERIA,5.0
REFINERIA,5.0
REFINERIA,5.0
REFINERIA,5.0
INDUSTRIA,5.0
INDUSTRIA,5.0
INDUSTRIA,5.0
REFINERIA,5.0
REFINERIA,5.0
REFINERIA,5.0
INDUSTRIA,5.0
REFINERIA,5.0
REFINERIA,5.0
INDUSTRIA,5.0
TRADER,5.0
REFINERIA,5.0
INDUSTRIA,5.0
REFINERIA,5.0
TRADER,5.0
REFINERIA,5.0
REFINERIA,5.0
REFINERIA,5.0
INDUSTRIA,5.0
TRADER,5.0
TRADER,5.0
REFINERIA,5.0
REFINERIA,5.0
REFINERIA,5.0
REFINERIA,5.0
REFINERIA,5.0
TRADER,5.0
TRADER,5.0
REFINERIA,5.0
REFINERIA,5.0
REFINERIA,5.0
INDUSTRIA,5.0
INDUSTRIA,5.0
REFINERIA,5.0
REFINERIA,5.0
REFINERIA,5.0
REFINERIA,5.0
REFINERIA,5.0
TRADER,5.0
REFINERIA,5.0
TRADER,5.0
REFINERIA,5.0
REFINERIA,5.0
REFINERIA,5.0
INDUSTRIA,5.0
TRADER,5.0
INDUSTRIA,5.0
TRADER,5.0
REFINERIA,5.0
REFINERIA,5.0
REFINERIA,5.0
TRADER,5.0
REFINERIA,5.0
TRADER,5.0
INDUSTRIA,5.0
REFINERIA,5.0
REFINERIA,5.0
REFINERIA,5.0
TRADER,5.0
INDUSTRIA,5.0
REFINERIA,5.0
INDUSTRIA,5.0
REFINERIA,5.0
TRADER,5.0
INDUSTRIA,5.0
REFINERIA,5.0
REFINERIA,5.0
REFINERIA,5.0
REFINERIA,5.0
REFINERIA,5.0
REFINERIA,5.0
REFINERIA,5.0
REFINERIA,5.0
REFINERIA,5.0
REFINERIA,5.0
REFINERIA,5.0
REFINERIA,5.0
INDUSTRIA,5.0
REFINERIA,5.0
REFINERIA,5.0
REFINERIA,5.0
INDUSTRIA,5.0
TRADER,5.0
REFINERIA,5.0
REFINERIA,5.0
REFINERIA,5.0
REFINERIA,5.0
INDUSTRIA,5.0
INDUSTRIA,5.0
REFINERIA,5.0
TRADER,5.0
TRADER,5.0
REFINERIA,5.0
REFINERIA,5.0
INDUSTRIA,5.0
INDUSTRIA,5.0
REFINERIA,5.0
INDUSTRIA,5.0
REFINERIA,5.0
INDUSTRIA,5.0
TRADER,5.0
REFINERIA,5.0
REFINERIA,5.0
TRADER,5.0
TRADER,5.0
INDUSTRIA,5.0
REFINERIA,5.0
INDUSTRIA,5.0
REFINERIA,5.0
REFINERIA,5.0
REFINERIA,5.0
REFINERIA,5.0
REFINERIA,5.0
REFINERIA,5.0
TRADER,5.0
REFINERIA,5.0
REFINERIA,5.0
INDUSTRIA,5.0
TRADER,5.0
REFINERIA,5.0
REFINERIA,5.0
REFINERIA,5.0
REFINERIA,5.0
REFINERIA,5.0
REFINERIA,5.0
REFINERIA,5.0
REFINERIA,5.0
REFINERIA,5.0
REFINERIA,5.0
TRADER,5.0
REFINERIA,5.0
REFINERIA,5.0
TRADER,5.0
REFINERIA,5.0
REFINERIA,5.0
INDUSTRIA,5.0
REFINERIA,5.0
REFINERIA,5.0
INDUSTRIA,5.0
REFINERIA,5.0
REFINERIA,5.0
REFINERIA,5.0
TRADER,5.0
TRADER,5.0
INDUSTRIA,5.0
REFINERIA,5.0
INDUSTRIA,5.0
REFINERIA,5.0
REFINERIA,5.0
INDUSTRIA,5.0
REFINERIA,5.0
TRADER,5.0
REFINERIA,5.0
REFINERIA,5.0
TRADER,5.0
REFINERIA,5.0
INDUSTRIA,5.0
REFINERIA,5.0
TRADER,5.0
REFINERIA,5.0
TRADER,5.0
REFINERIA,5.0
REFINERIA,5.0
TRADER,5.0
REFINERIA,5.0
REFINERIA,5.0
INDUSTRIA,5.0
REFINERIA,5.0
REFINERIA,5.0
TRADER,5.0
TRADER,5.0
TRADER,5.0
TRADER,5.0
REFINERIA,5.0
REFINERIA,5.0
REFINERIA,5.0
REFINERIA,5.0
REFINERIA,5.0
INDUSTRIA,5.0
TRADER,5.0
TRADER,5.0
TRADER,5.0
REFINERIA,5.0
REFINERIA,5.0
REFINERIA,5.0
TRADER,5.0
REFINERIA,5.0
REFINERIA,5.0
TRADER,5.0
INDUSTRIA,5.0
TRADER,5.0
REFINERIA,5.0
REFINERIA,5.0
TRADER,5.0
TRADER,5.0
TRADER,5.0
INDUSTRIA,5.0
INDUSTRIA,5.0
REFINERIA,5.0
REFINERIA,5.0
REFINERIA,5.0
REFINERIA,5.0
TRADER,5.0
TRADER,5.0
REFINERIA,5.0
REFINERIA,5.0
REFINERIA,5.0
REFINERIA,5.0
REFINERIA,5.0
TRADER,5.0
REFINERIA,5.0
REFINERIA,5.0
REFINERIA,5.0
REFINERIA,5.0
TRADER,5.0
REFINERIA,5.0
INDUSTRIA,5.0
REFINERIA,5.0
REFINERIA,5.0
TRADER,5.0
REFINERIA,5.0
REFINERIA,5.0
REFINERIA,5.0
INDUSTRIA,5.0
TRADER,5.0
REFINERIA,5.0
INDUSTRIA,5.0
INDUSTRIA,5.0
REFINERIA,5.0
TRADER,5.0
REFINERIA,5.0
TRADER,5.0
INDUSTRIA,5.0
INDUSTRIA,5.0
REFINERIA,5.0
INDUSTRIA,5.0
INDUSTRIA,5.0
TRADER,5.0
REFINERIA,5.0
REFINERIA,5.0
REFINERIA,5.0
INDUSTRIA,5.0
REFINERIA,5.0
INDUSTRIA,5.0
REFINERIA,5.0
REFINERIA,5.0
REFINERIA,5.0
REFINERIA,5.0
REFINERIA,5.0
REFINERIA,5.0
INDUSTRIA,5.0
REFINERIA,5.0
INDUSTRIA,5.0
REFINERIA,5.0
REFINERIA,5.0
TRADER,5.0
REFINERIA,5.0
INDUSTRIA,5.0
REFINERIA,5.0
TRADER,5.0
TRADER,5.0
REFINERIA,5.0
REFINERIA,5.0
REFINERIA,5.0
REFINERIA,5.0
REFINERIA,5.0
REFINERIA,5.0
TRADER,5.0
TRADER,5.0
REFINERIA,5.0
TRADER,5.0
REFINERIA,5.0
REFINERIA,5.0
INDUSTRIA,5.0
TRADER,5.0
REFINERIA,5.0
REFINERIA,5.0
REFINERIA,5.0
REFINERIA,5.0
REFINERIA,5.0
REFINERIA,5.0
INDUSTRIA,5.0
INDUSTRIA,5.0
REFINERIA,5.0
TRADER,5.0
REFINERIA,5.0
TRADER,5.0
REFINERIA,5.0
REFINERIA,5.0
REFINERIA,5.0
REFINERIA,5.0
REFINERIA,5.0
TRADER,5.0
REFINERIA,5.0
TRADER,5.0
REFINERIA,5.0
REFINERIA,5.0
REFINERIA,5.0
TRADER,5.0
REFINERIA,5.0
REFINERIA,5.0
REFINERIA,5.0
REFINERIA,5.0
REFINERIA,5.0
REFINERIA,5.0
REFINERIA,5.0
REFINERIA,5.0
INDUSTRIA,5.0
REFINERIA,5.0
REFINERIA,5.0
REFINERIA,5.0
REFINERIA,5.0
REFINERIA,5.0
REFINERIA,5.0
REFINERIA,5.0
TRADER,5.0
REFINERIA,5.0
REFINERIA,5.0
REFINERIA,5.0
INDUSTRIA,5.0
REFINERIA,5.0
REFINERIA,5.0
TRADER,5.0
REFINERIA,5.0
REFINERIA,5.0
REFINERIA,5.0
REFINERIA,5.0
REFINERIA,5.0
REFINERIA,5.0
INDUSTRIA,5.0
INDUSTRIA,5.0
REFINERIA,5.0
REFINERIA,5.0
TRADER,5.0
REFINERIA,5.0
INDUSTRIA,5.0
INDUSTRIA,5.0
REFINERIA,5.0
TRADER,5.0
TRADER,5.0
REFINERIA,5.0
INDUSTRIA,5.0
TRADER,5.0
REFINERIA,5.0
REFINERIA,5.0
INDUSTRIA,5.0
REFINERIA,5.0
REFINERIA,5.0
REFINERIA,5.0
TRADER,5.0
REFINERIA,5.0
REFINERIA,5.0
REFINERIA,5.0
TRADER,5.0
REFINERIA,5.0
TRADER,5.0
TRADER,5.0
REFINERIA,5.0
INDUSTRIA,5.0
INDUSTRIA,5.0
REFINERIA,5.0
REFINERIA,5.0
REFINERIA,5.0
REFINERIA,5.0
REFINERIA,5.0
REFINERIA,5.0
REFINERIA,5.0
TRADER,5.0
REFINERIA,5.0
REFINERIA,5.0
REFINERIA,5.0
REFINERIA,5.0
REFINERIA,5.0
TRADER,5.0
TRADER,5.0
REFINERIA,5.0
REFINERIA,5.0
REFINERIA,5.0
INDUSTRIA,5.0
TRADER,5.0
INDUSTRIA,5.0
TRADER,5.0
REFINERIA,5.0
TRADER,5.0
TRADER,5.0
INDUSTRIA,5.0
REFINERIA,5.0
REFINERIA,5.0
REFINERIA,5.0
REFINERIA,5.0
REFINERIA,5.0
INDUSTRIA,5.0
REFINERIA,5.0
REFINERIA,5.0
REFINERIA,5.0
INDUSTRIA,5.0
REFINERIA,5.0
TRADER,5.0
REFINERIA,5.0
REFINERIA,5.0
REFINERIA,5.0
REFINERIA,5.0
REFINERIA,5.0
INDUSTRIA,5.0
REFINERIA,5.0
TRADER,5.0
TRADER,5.0
REFINERIA,5.0
REFINERIA,5.0
REFINERIA,5.0
REFINERIA,5.0
INDUSTRIA,5.0
INDUSTRIA,5.0
INDUSTRIA,5.0
REFINERIA,5.0
INDUSTRIA,5.0
REFINERIA,5.0
INDUSTRIA,5.0
REFINERIA,5.0
INDUSTRIA,5.0
INDUSTRIA,5.0
REFINERIA,5.0
INDUSTRIA,5.0
TRADER,5.0
REFINERIA,5.0
REFINERIA,5.0
INDUSTRIA,5.0
REFINERIA,5.0
INDUSTRIA,5.0
TRADER,5.0
TRADER,5.0
REFINERIA,5.0
REFINERIA,5.0
INDUSTRIA,5.0
INDUSTRIA,5.0
REFINERIA,5.0
REFINERIA,5.0
REFINERIA,5.0
TRADER,5.0
REFINERIA,5.0
REFINERIA,5.0
REFINERIA,5.0
TRADER,5.0
REFINERIA,5.0
TRADER,5.0
REFINERIA,5.0
REFINERIA,5.0
REFINERIA,5.0
REFINERIA,5.0
TRADER,5.0
REFINERIA,5.0
REFINERIA,5.0
REFINERIA,5.0
TRADER,5.0
REFINERIA,5.0
REFINERIA,5.0
INDUSTRIA,5.0
TRADER,5.0
REFINERIA,5.0
INDUSTRIA,5.0
REFINERIA,5.0
INDUSTRIA,5.0
REFINERIA,5.0
INDUSTRIA,5.0
REFINERIA,5.0
TRADER,5.0
INDUSTRIA,5.0
REFINERIA,5.0
INDUSTRIA,5.0
REFINERIA,5.0
INDUSTRIA,5.0
INDUSTRIA,5.0
REFINERIA,5.0
INDUSTRIA,5.0
INDUSTRIA,5.0
REFINERIA,5.0
REFINERIA,5.0
REFINERIA,5.0
REFINERIA,5.0
INDUSTRIA,5.0
TRADER,5.0
REFINERIA,5.0
REFINERIA,5.0
REFINERIA,5.0
TRADER,5.0
REFINERIA,5.0
INDUSTRIA,5.0
REFINERIA,5.0
INDUSTRIA,5.0
REFINERIA,5.0
REFINERIA,5.0
REFINERIA,5.0
INDUSTRIA,5.0
REFINERIA,5.0
REFINERIA,5.0
REFINERIA,5.0
INDUSTRIA,5.0
REFINERIA,5.0
REFINERIA,5.0
REFINERIA,5.0
REFINERIA,5.0
TRADER,5.0
REFINERIA,5.0
REFINERIA,5.0
REFINERIA,5.0
TRADER,5.0
INDUSTRIA,5.0
REFINERIA,5.0
INDUSTRIA,5.0
REFINERIA,5.0
REFINERIA,5.0
REFINERIA,5.0
REFINERIA,5.0
TRADER,5.0
REFINERIA,5.0
REFINERIA,5.0
INDUSTRIA,5.0
REFINERIA,5.0
REFINERIA,5.0
TRADER,5.0
TRADER,5.0
REFINERIA,5.0
REFINERIA,5.0
REFINERIA,5.0
INDUSTRIA,5.0
REFINERIA,5.0
TRADER,5.0
REFINERIA,5.0
INDUSTRIA,5.0
REFINERIA,5.0
REFINERIA,5.0
REFINERIA,5.0
REFINERIA,5.0
REFINERIA,5.0
REFINERIA,5.0
TRADER,5.0
REFINERIA,5.0
REFINERIA,5.0
REFINERIA,5.0
TRADER,5.0
REFINERIA,5.0
REFINERIA,5.0
REFINERIA,5.0
TRADER,5.0
REFINERIA,5.0
REFINERIA,5.0
REFINERIA,5.0
TRADER,5.0
REFINERIA,5.0
REFINERIA,5.0
REFINERIA,5.0
INDUSTRIA,5.0
TRADER,5.0
REFINERIA,5.0
REFINERIA,5.0
REFINERIA,5.0
REFINERIA,5.0
REFINERIA,5.0
TRADER,5.0
INDUSTRIA,5.0
TRADER,5.0
TRADER,5.0
REFINERIA,5.0
REFINERIA,5.0
REFINERIA,5.0
INDUSTRIA,5.0
TRADER,5.0
REFINERIA,5.0
REFINERIA,5.0
TRADER,5.0
REFINERIA,5.0
REFINERIA,5.0
REFINERIA,5.0
REFINERIA,5.0
REFINERIA,5.0
REFINERIA,5.0
INDUSTRIA,5.0
INDUSTRIA,5.0
TRADER,5.0
REFINERIA,5.0
REFINERIA,5.0
REFINERIA,5.0
REFINERIA,5.0
REFINERIA,5.0
TRADER,5.0
INDUSTRIA,5.0
INDUSTRIA,5.0
REFINERIA,5.0
REFINERIA,5.0
TRADER,5.0
TRADER,5.0
REFINERIA,5.0
REFINERIA,5.0
TRADER,5.0
REFINERIA,5.0
TRADER,5.0
TRADER,5.0
REFINERIA,5.0
REFINERIA,5.0
REFINERIA,5.0
TRADER,5.0
REFINERIA,5.0
TRADER,5.0
REFINERIA,5.0
REFINERIA,5.0
REFINERIA,5.0
REFINERIA,5.0
REFINERIA,5.0
REFINERIA,5.0
INDUSTRIA,5.0
INDUSTRIA,5.0
REFINERIA,5.0
REFINERIA,5.0
REFINERIA,5.0
REFINERIA,5.0
INDUSTRIA,5.0
TRADER,5.0
INDUSTRIA,5.0
REFINERIA,5.0
REFINERIA,5.0
REFINERIA,5.0
REFINERIA,5.0
REFINERIA,5.0
TRADER,5.0
TRADER,5.0
REFINERIA,5.0
TRADER,5.0
TRADER,5.0
REFINERIA,5.0
REFINERIA,5.0
INDUSTRIA,5.0
TRADER,5.0
INDUSTRIA,5.0
TRADER,5.0
REFINERIA,5.0
REFINERIA,5.0
TRADER,5.0
REFINERIA,5.0
REFINERIA,5.0
TRADER,5.0
TRADER,5.0
REFINERIA,5.0
REFINERIA,5.0
TRADER,5.0
INDUSTRIA,5.0
REFINERIA,5.0
INDUSTRIA,5.0
INDUSTRIA,5.0
REFINERIA,5.0
REFINERIA,5.0
TRADER,5.0
TRADER,5.0
REFINERIA,5.0
REFINERIA,5.0
INDUSTRIA,5.0
REFINERIA,5.0
TRADER,5.0
REFINERIA,5.0
REFINERIA,5.0
INDUSTRIA,5.0
REFINERIA,5.0
REFINERIA,5.0
REFINERIA,5.0
REFINERIA,5.0
TRADER,5.0
REFINERIA,5.0
REFINERIA,5.0
REFINERIA,5.0
TRADER,5.0
REFINERIA,5.0
REFINERIA,5.0
INDUSTRIA,5.0
REFINERIA,5.0
INDUSTRIA,5.0
REFINERIA,5.0
TRADER,5.0
TRADER,5.0
REFINERIA,5.0
INDUSTRIA,5.0
REFINERIA,5.0
INDUSTRIA,5.0
INDUSTRIA,5.0
TRADER,5.0
REFINERIA,5.0
REFINERIA,5.0
TRADER,5.0
REFINERIA,5.0
INDUSTRIA,5.0
REFINERIA,5.0
TRADER,5.0
REFINERIA,5.0
INDUSTRIA,5.0
REFINERIA,5.0
REFINERIA,5.0
INDUSTRIA,5.0
REFINERIA,5.0
TRADER,5.0
REFINERIA,5.0
TRADER,5.0
REFINERIA,5.0
INDUSTRIA,5.0
REFINERIA,5.0
INDUSTRIA,5.0
REFINERIA,5.0
INDUSTRIA,5.0
REFINERIA,5.0
TRADER,5.0
TRADER,5.0
REFINERIA,5.0
INDUSTRIA,5.0
REFINERIA,5.0
REFINERIA,5.0
TRADER,5.0
REFINERIA,5.0
REFINERIA,5.0
INDUSTRIA,5.0
TRADER,5.0
REFINERIA,5.0
INDUSTRIA,5.0
INDUSTRIA,5.0
REFINERIA,5.0
REFINERIA,5.0
TRADER,5.0
REFINERIA,5.0
INDUSTRIA,5.0
TRADER,5.0
REFINERIA,5.0
INDUSTRIA,5.0
REFINERIA,5.0
REFINERIA,5.0
INDUSTRIA,5.0
TRADER,5.0
TRADER,5.0
REFINERIA,5.0
REFINERIA,5.0
REFINERIA,5.0
REFINERIA,5.0
REFINERIA,5.0
INDUSTRIA,5.0
REFINERIA,5.0
REFINERIA,5.0
REFINERIA,5.0
REFINERIA,5.0
INDUSTRIA,5.0
REFINERIA,5.0
INDUSTRIA,5.0
REFINERIA,5.0
TRADER,5.0
REFINERIA,5.0
INDUSTRIA,5.0
INDUSTRIA,5.0
REFINERIA,5.0
REFINERIA,5.0
REFINERIA,5.0
REFINERIA,5.0
REFINERIA,5.0
INDUSTRIA,5.0
REFINERIA,5.0
REFINERIA,5.0
REFINERIA,5.0
TRADER,5.0
REFINERIA,5.0
REFINERIA,5.0
TRADER,5.0
REFINERIA,5.0
TRADER,5.0
TRADER,5.0
REFINERIA,5.0
TRADER,5.0
REFINERIA,5.0
TRADER,5.0
REFINERIA,5.0
INDUSTRIA,5.0
REFINERIA,5.0
REFINERIA,5.0
INDUSTRIA,5.0
REFINERIA,5.0
REFINERIA,5.0
REFINERIA,5.0
REFINERIA,5.0
REFINERIA,5.0
REFINERIA,5.0
TRADER,5.0
REFINERIA,5.0
INDUSTRIA,5.0
TRADER,5.0
TRADER,5.0
REFINERIA,5.0
REFINERIA,5.0
REFINERIA,5.0
TRADER,5.0
TRADER,5.0
REFINERIA,5.0
REFINERIA,5.0
REFINERIA,5.0
REFINERIA,5.0
REFINERIA,5.0
INDUSTRIA,5.0
REFINERIA,5.0
REFINERIA,5.0
REFINERIA,5.0
REFINERIA,5.0
INDUSTRIA,5.0
TRADER,5.0
TRADER,5.0
TRADER,5.0
TRADER,5.0
TRADER,5.0
REFINERIA,5.0
REFINERIA,5.0
REFINERIA,5.0
REFINERIA,5.0
TRADER,5.0
INDUSTRIA,5.0
INDUSTRIA,5.0
REFINERIA,5.0
REFINERIA,5.0
REFINERIA,5.0
TRADER,5.0
INDUSTRIA,5.0
TRADER,5.0
INDUSTRIA,5.0
TRADER,5.0
TRADER,5.0
REFINERIA,5.0
TRADER,5.0
TRADER,5.0
REFINERIA,5.0
INDUSTRIA,5.0
REFINERIA,5.0
REFINERIA,5.0
REFINERIA,5.0
INDUSTRIA,5.0
REFINERIA,5.0
INDUSTRIA,5.0
REFINERIA,5.0
REFINERIA,5.0
INDUSTRIA,5.0
REFINERIA,5.0
INDUSTRIA,5.0
TRADER,5.0
REFINERIA,5.0
REFINERIA,5.0
REFINERIA,5.0
INDUSTRIA,5.0
REFINERIA,5.0
TRADER,5.0
INDUSTRIA,5.0
TRADER,5.0
REFINERIA,5.0
INDUSTRIA,5.0
REFINERIA,5.0
REFINERIA,5.0
REFINERIA,5.0
REFINERIA,5.0
TRADER,5.0
REFINERIA,5.0
REFINERIA,5.0
TRADER,5.0
REFINERIA,5.0
REFINERIA,5.0
INDUSTRIA,5.0
REFINERIA,5.0
REFINERIA,5.0
INDUSTRIA,5.0
INDUSTRIA,5.0
REFINERIA,5.0
INDUSTRIA,5.0
TRADER,5.0
REFINERIA,5.0
REFINERIA,5.0
INDUSTRIA,5.0
REFINERIA,5.0
REFINERIA,5.0
INDUSTRIA,5.0
REFINERIA,5.0
TRADER,5.0
TRADER,5.0
REFINERIA,5.0
REFINERIA,5.0
REFINERIA,5.0
REFINERIA,5.0
REFINERIA,5.0
INDUSTRIA,5.0
REFINERIA,5.0
REFINERIA,5.0
TRADER,5.0
REFINERIA,5.0
TRADER,5.0
INDUSTRIA,5.0
INDUSTRIA,5.0
REFINERIA,5.0
INDUSTRIA,5.0
REFINERIA,5.0
REFINERIA,5.0
REFINERIA,5.0
INDUSTRIA,5.0
REFINERIA,5.0
TRADER,5.0
REFINERIA,5.0
REFINERIA,5.0
REFINERIA,5.0
REFINERIA,5.0
TRADER,5.0
REFINERIA,5.0
REFINERIA,5.0
REFINERIA,5.0
REFINERIA,5.0
REFINERIA,5.0
REFINERIA,5.0
INDUSTRIA,5.0
REFINERIA,5.0
TRADER,5.0
INDUSTRIA,5.0
INDUSTRIA,5.0
REFINERIA,5.0
REFINERIA,5.0
REFINERIA,5.0
REFINERIA,5.0
REFINERIA,5.0
REFINERIA,5.0
INDUSTRIA,5.0
INDUSTRIA,5.0
REFINERIA,5.0
TRADER,5.0
INDUSTRIA,5.0
REFINERIA,5.0
REFINERIA,5.0
TRADER,5.0
INDUSTRIA,5.0
REFINERIA,5.0
TRADER,5.0
REFINERIA,5.0
INDUSTRIA,5.0
INDUSTRIA,5.0
TRADER,5.0
INDUSTRIA,5.0
REFINERIA,5.0
REFINERIA,5.0
TRADER,5.0
TRADER,5.0
INDUSTRIA,5.0
INDUSTRIA,5.0
REFINERIA,5.0
TRADER,5.0
REFINERIA,5.0
TRADER,5.0
REFINERIA,5.0
REFINERIA,5.0
REFINERIA,5.0
REFINERIA,5.0
REFINERIA,5.0
TRADER,5.0
REFINERIA,5.0
REFINERIA,5.0
REFINERIA,5.0
REFINERIA,5.0
REFINERIA,5.0
REFINERIA,5.0
REFINERIA,5.0
REFINERIA,5.0
REFINERIA,5.0
REFINERIA,5.0
REFINERIA,5.0
REFINERIA,5.0
REFINERIA,5.0
REFINERIA,5.0
INDUSTRIA,5.0
TRADER,5.0
TRADER,5.0
INDUSTRIA,5.0
REFINERIA,5.0
TRADER,5.0
REFINERIA,5.0
INDUSTRIA,5.0
REFINERIA,5.0
REFINERIA,5.0
TRADER,5.0
REFINERIA,5.0
REFINERIA,5.0
REFINERIA,5.0
REFINERIA,5.0
INDUSTRIA,5.0
INDUSTRIA,5.0
TRADER,5.0
INDUSTRIA,5.0
INDUSTRIA,5.0
INDUSTRIA,5.0
INDUSTRIA,5.0
INDUSTRIA,5.0
REFINERIA,5.0
REFINERIA,5.0
REFINERIA,5.0
REFINERIA,5.0
TRADER,5.0
REFINERIA,5.0
REFINERIA,5.0
TRADER,5.0
REFINERIA,5.0
INDUSTRIA,5.0
REFINERIA,5.0
REFINERIA,5.0
REFINERIA,5.0
TRADER,5.0
REFINERIA,5.0
INDUSTRIA,5.0
TRADER,5.0
REFINERIA,5.0
REFINERIA,5.0
REFINERIA,5.0
TRADER,5.0
INDUSTRIA,5.0
REFINERIA,5.0
INDUSTRIA,5.0
REFINERIA,5.0
REFINERIA,5.0
INDUSTRIA,5.0
TRADER,5.0
REFINERIA,5.0
REFINERIA,5.0
INDUSTRIA,5.0
REFINERIA,5.0
TRADER,5.0
REFINERIA,5.0
INDUSTRIA,5.0
REFINERIA,5.0
REFINERIA,5.0
TRADER,5.0
REFINERIA,5.0
TRADER,5.0
REFINERIA,5.0
REFINERIA,5.0
REFINERIA,5.0
REFINERIA,5.0
TRADER,5.0
REFINERIA,5.0
REFINERIA,5.0
REFINERIA,5.0
REFINERIA,5.0
REFINERIA,5.0
REFINERIA,5.0
TRADER,5.0
REFINERIA,5.0
REFINERIA,5.0
TRADER,5.0
INDUSTRIA,5.0
REFINERIA,5.0
REFINERIA,5.0
REFINERIA,5.0
INDUSTRIA,5.0
REFINERIA,5.0
REFINERIA,5.0
REFINERIA,5.0
INDUSTRIA,5.0
REFINERIA,5.0
TRADER,5.0
INDUSTRIA,5.0
REFINERIA,5.0
TRADER,5.0
REFINERIA,5.0
TRADER,5.0
INDUSTRIA,5.0
REFINERIA,5.0
REFINERIA,5.0
REFINERIA,5.0
REFINERIA,5.0
REFINERIA,5.0
INDUSTRIA,5.0
TRADER,5.0
REFINERIA,5.0
INDUSTRIA,5.0
REFINERIA,5.0
INDUSTRIA,5.0
REFINERIA,5.0
TRADER,5.0
INDUSTRIA,5.0
REFINERIA,5.0
REFINERIA,5.0
INDUSTRIA,5.0
TRADER,5.0
REFINERIA,5.0
REFINERIA,5.0
TRADER,5.0
REFINERIA,5.0
REFINERIA,5.0
REFINERIA,5.0
TRADER,5.0
REFINERIA,5.0
REFINERIA,5.0
REFINERIA,5.0
INDUSTRIA,5.0
TRADER,5.0
REFINERIA,5.0
TRADER,5.0
REFINERIA,5.0
REFINERIA,5.0
REFINERIA,5.0
REFINERIA,5.0
TRADER,5.0
REFINERIA,5.0
REFINERIA,5.0
REFINERIA,5.0
REFINERIA,5.0
REFINERIA,5.0
INDUSTRIA,5.0
REFINERIA,5.0
TRADER,5.0
INDUSTRIA,5.0
INDUSTRIA,5.0
REFINERIA,5.0
REFINERIA,5.0
TRADER,5.0
REFINERIA,5.0
REFINERIA,5.0
REFINERIA,5.0
REFINERIA,5.0
REFINERIA,5.0
REFINERIA,5.0
REFINERIA,5.0
INDUSTRIA,5.0
REFINERIA,5.0
REFINERIA,5.0
REFINERIA,5.0
TRADER,5.0
REFINERIA,5.0
REFINERIA,5.0
REFINERIA,5.0
INDUSTRIA,5.0
TRADER,5.0
REFINERIA,5.0
INDUSTRIA,5.0
REFINERIA,5.0
REFINERIA,5.0
REFINERIA,5.0
REFINERIA,5.0
REFINERIA,5.0
TRADER,5.0
INDUSTRIA,5.0
INDUSTRIA,5.0
REFINERIA,5.0
REFINERIA,5.0
REFINERIA,5.0
TRADER,5.0
INDUSTRIA,5.0
REFINERIA,5.0
REFINERIA,5.0
TRADER,5.0
TRADER,5.0
REFINERIA,5.0
TRADER,5.0
TRADER,5.0
INDUSTRIA,5.0
TRADER,5.0
REFINERIA,5.0
REFINERIA,5.0
INDUSTRIA,5.0
INDUSTRIA,5.0
TRADER,5.0
REFINERIA,5.0
REFINERIA,5.0
REFINERIA,5.0
TRADER,5.0
REFINERIA,5.0
REFINERIA,5.0
REFINERIA,5.0
REFINERIA,5.0
TRADER,5.0
REFINERIA,5.0
REFINERIA,5.0
TRADER,5.0
REFINERIA,5.0
INDUSTRIA,5.0
INDUSTRIA,5.0
REFINERIA,5.0
TRADER,5.0
REFINERIA,5.0
REFINERIA,5.0
REFINERIA,5.0
REFINERIA,5.0
REFINERIA,5.0
REFINERIA,5.0
INDUSTRIA,5.0
TRADER,5.0
REFINERIA,5.0
TRADER,5.0
REFINERIA,5.0
REFINERIA,5.0
REFINERIA,5.0
INDUSTRIA,5.0
TRADER,5.0
REFINERIA,5.0
REFINERIA,5.0
INDUSTRIA,5.0
REFINERIA,5.0
REFINERIA,5.0
INDUSTRIA,5.0
INDUSTRIA,5.0
INDUSTRIA,5.0
REFINERIA,5.0
REFINERIA,5.0
REFINERIA,5.0
TRADER,5.0
INDUSTRIA,5.0
INDUSTRIA,5.0
INDUSTRIA,5.0
REFINERIA,5.0
INDUSTRIA,5.0
REFINERIA,5.0
INDUSTRIA,5.0
INDUSTRIA,5.0
TRADER,5.0
REFINERIA,5.0
TRADER,5.0
INDUSTRIA,5.0
REFINERIA,5.0
REFINERIA,5.0
INDUSTRIA,5.0
INDUSTRIA,5.0
INDUSTRIA,5.0
TRADER,5.0
TRADER,5.0
REFINERIA,5.0
TRADER,5.0
REFINERIA,5.0
REFINERIA,5.0
REFINERIA,5.0
REFINERIA,5.0
REFINERIA,5.0
REFINERIA,5.0
REFINERIA,5.0
TRADER,5.0
INDUSTRIA,5.0
REFINERIA,5.0
REFINERIA,5.0
REFINERIA,5.0
INDUSTRIA,5.0
REFINERIA,5.0
INDUSTRIA,5.0
REFINERIA,5.0
TRADER,5.0
REFINERIA,5.0
TRADER,5.0
REFINERIA,5.0
INDUSTRIA,5.0
REFINERIA,5.0
INDUSTRIA,5.0
REFINERIA,5.0
INDUSTRIA,5.0
REFINERIA,5.0
REFINERIA,5.0
REFINERIA,5.0
INDUSTRIA,5.0
INDUSTRIA,5.0
TRADER,5.0
REFINERIA,5.0
TRADER,5.0
TRADER,5.0
INDUSTRIA,5.0
REFINERIA,5.0
REFINERIA,5.0
REFINERIA,5.0
REFINERIA,5.0
REFINERIA,5.0
REFINERIA,5.0
REFINERIA,5.0
REFINERIA,5.0
REFINERIA,5.0
REFINERIA,5.0
REFINERIA,5.0
REFINERIA,5.0
REFINERIA,5.0
REFINERIA,5.0
TRADER,5.0
REFINERIA,5.0
TRADER,5.0
REFINERIA,5.0
TRADER,5.0
INDUSTRIA,5.0
REFINERIA,5.0
REFINERIA,5.0
REFINERIA,5.0
REFINERIA,5.0
TRADER,5.0
TRADER,5.0
TRADER,5.0
TRADER,5.0
REFINERIA,5.0
TRADER,5.0
TRADER,5.0
INDUSTRIA,5.0
INDUSTRIA,5.0
REFINERIA,5.0
REFINERIA,5.0
REFINERIA,5.0
INDUSTRIA,5.0
REFINERIA,5.0
TRADER,5.0
REFINERIA,5.0
REFINERIA,5.0
REFINERIA,5.0
REFINERIA,5.0
REFINERIA,5.0
REFINERIA,5.0
REFINERIA,5.0
REFINERIA,5.0
REFINERIA,5.0
INDUSTRIA,5.0
TRADER,5.0
REFINERIA,5.0
INDUSTRIA,5.0
TRADER,5.0
TRADER,5.0
TRADER,5.0
REFINERIA,5.0
TRADER,5.0
REFINERIA,5.0
TRADER,5.0
REFINERIA,5.0
TRADER,5.0
REFINERIA,5.0
REFINERIA,5.0
REFINERIA,5.0
INDUSTRIA,5.0
INDUSTRIA,5.0
REFINERIA,5.0
TRADER,5.0
REFINERIA,5.0
REFINERIA,5.0
TRADER,5.0
TRADER,5.0
REFINERIA,5.0
REFINERIA,5.0
TRADER,5.0
REFINERIA,5.0
REFINERIA,5.0
REFINERIA,5.0
INDUSTRIA,5.0
INDUSTRIA,5.0
INDUSTRIA,5.0
TRADER,5.0
REFINERIA,5.0
REFINERIA,5.0
REFINERIA,5.0
INDUSTRIA,5.0
REFINERIA,5.0
TRADER,5.0
REFINERIA,5.0
REFINERIA,5.0
REFINERIA,5.0
INDUSTRIA,5.0
INDUSTRIA,5.0
REFINERIA,5.0
REFINERIA,5.0
REFINERIA,5.0
REFINERIA,5.0
TRADER,5.0
TRADER,5.0
TRADER,5.0
REFINERIA,5.0
REFINERIA,5.0
INDUSTRIA,5.0
REFINERIA,5.0
TRADER,5.0
REFINERIA,5.0
INDUSTRIA,5.0
REFINERIA,5.0
INDUSTRIA,5.0
TRADER,5.0
REFINERIA,5.0
TRADER,5.0
REFINERIA,5.0
INDUSTRIA,5.0
INDUSTRIA,5.0
TRADER,5.0
INDUSTRIA,5.0
REFINERIA,5.0
REFINERIA,5.0
REFINERIA,5.0
INDUSTRIA,5.0
TRADER,5.0
REFINERIA,5.0
TRADER,5.0
REFINERIA,5.0
TRADER,5.0
TRADER,5.0
REFINERIA,5.0
REFINERIA,5.0
INDUSTRIA,5.0
TRADER,5.0
REFINERIA,5.0
TRADER,5.0
TRADER,5.0
TRADER,5.0
REFINERIA,5.0
REFINERIA,5.0
INDUSTRIA,5.0
REFINERIA,5.0
REFINERIA,5.0
INDUSTRIA,5.0
REFINERIA,5.0
REFINERIA,5.0
INDUSTRIA,5.0
REFINERIA,5.0
REFINERIA,5.0
REFINERIA,5.0
REFINERIA,5.0
REFINERIA,5.0
REFINERIA,5.0
REFINERIA,5.0
TRADER,5.0
INDUSTRIA,5.0
INDUSTRIA,5.0
REFINERIA,5.0
REFINERIA,5.0
REFINERIA,5.0
REFINERIA,5.0
TRADER,5.0
REFINERIA,5.0
TRADER,5.0
REFINERIA,5.0
REFINERIA,5.0
TRADER,5.0
REFINERIA,5.0
INDUSTRIA,5.0
REFINERIA,5.0
REFINERIA,5.0
REFINERIA,5.0
REFINERIA,5.0
REFINERIA,5.0
INDUSTRIA,5.0
INDUSTRIA,5.0
REFINERIA,5.0
TRADER,5.0
TRADER,5.0
REFINERIA,5.0
INDUSTRIA,5.0
REFINERIA,5.0
REFINERIA,5.0
INDUSTRIA,5.0
INDUSTRIA,5.0
TRADER,5.0
REFINERIA,5.0
INDUSTRIA,5.0
TRADER,5.0
INDUSTRIA,5.0
TRADER,5.0
TRADER,5.0
REFINERIA,5.0
REFINERIA,5.0
TRADER,5.0
INDUSTRIA,5.0
INDUSTRIA,5.0
REFINERIA,5.0
REFINERIA,5.0
TRADER,5.0
REFINERIA,5.0
REFINERIA,5.0
REFINERIA,5.0
REFINERIA,5.0
REFINERIA,5.0
REFINERIA,5.0
INDUSTRIA,5.0
REFINERIA,5.0
INDUSTRIA,5.0
INDUSTRIA,5.0
REFINERIA,5.0
INDUSTRIA,5.0
REFINERIA,5.0
TRADER,5.0
REFINERIA,5.0
TRADER,5.0
TRADER,5.0
INDUSTRIA,5.0
INDUSTRIA,5.0
REFINERIA,5.0
INDUSTRIA,5.0
REFINERIA,5.0
INDUSTRIA,5.0
REFINERIA,5.0
REFINERIA,5.0
INDUSTRIA,5.0
REFINERIA,5.0
REFINERIA,5.0
REFINERIA,5.0
REFINERIA,5.0
TRADER,5.0
TRADER,5.0
TRADER,5.0
REFINERIA,5.0
REFINERIA,5.0
REFINERIA,5.0
TRADER,5.0
TRADER,5.0
REFINERIA,5.0
REFINERIA,5.0
REFINERIA,5.0
INDUSTRIA,5.0
REFINERIA,5.0
REFINERIA,5.0
TRADER,5.0
INDUSTRIA,5.0
INDUSTRIA,5.0
INDUSTRIA,5.0
REFINERIA,5.0
REFINERIA,5.0
REFINERIA,5.0
REFINERIA,5.0
REFINERIA,5.0
REFINERIA,5.0
INDUSTRIA,5.0
REFINERIA,5.0
REFINERIA,5.0
REFINERIA,5.0
TRADER,5.0
REFINERIA,5.0
REFINERIA,5.0
TRADER,5.0
REFINERIA,5.0
TRADER,5.0
REFINERIA,5.0
TRADER,5.0
REFINERIA,5.0
REFINERIA,5.0
TRADER,5.0
REFINERIA,5.0
REFINERIA,5.0
REFINERIA,5.0
REFINERIA,5.0
REFINERIA,5.0
REFINERIA,5.0
TRADER,5.0
REFINERIA,5.0
TRADER,5.0
REFINERIA,5.0
REFINERIA,5.0
INDUSTRIA,5.0
INDUSTRIA,5.0
INDUSTRIA,5.0
REFINERIA,5.0
REFINERIA,5.0
REFINERIA,5.0
TRADER,5.0
REFINERIA,5.0
INDUSTRIA,5.0
TRADER,5.0
REFINERIA,5.0
TRADER,5.0
REFINERIA,5.0
REFINERIA,5.0
REFINERIA,5.0
REFINERIA,5.0
INDUSTRIA,5.0
REFINERIA,5.0
REFINERIA,5.0
REFINERIA,5.0
REFINERIA,5.0
REFINERIA,5.0
REFINERIA,5.0
INDUSTRIA,5.0
INDUSTRIA,5.0
REFINERIA,5.0
REFINERIA,5.0
REFINERIA,5.0
INDUSTRIA,5.0
REFINERIA,5.0
TRADER,5.0
REFINERIA,5.0
INDUSTRIA,5.0
INDUSTRIA,5.0
INDUSTRIA,5.0
TRADER,5.0
REFINERIA,5.0
REFINERIA,5.0
TRADER,5.0
TRADER,5.0
REFINERIA,5.0
REFINERIA,5.0
REFINERIA,5.0
TRADER,5.0
REFINERIA,5.0
REFINERIA,5.0
REFINERIA,5.0
REFINERIA,5.0
REFINERIA,5.0
REFINERIA,5.0
REFINERIA,5.0
REFINERIA,5.0
REFINERIA,5.0
REFINERIA,5.0
TRADER,5.0
REFINERIA,5.0
TRADER,5.0
REFINERIA,5.0
TRADER,5.0
REFINERIA,5.0
REFINERIA,5.0
REFINERIA,5.0
REFINERIA,5.0
REFINERIA,5.0
REFINERIA,5.0
INDUSTRIA,5.0
REFINERIA,5.0
REFINERIA,5.0
TRADER,5.0
REFINERIA,5.0
TRADER,5.0
REFINERIA,5.0
REFINERIA,5.0
REFINERIA,5.0
INDUSTRIA,5.0
REFINERIA,5.0
REFINERIA,5.0
INDUSTRIA,5.0
REFINERIA,5.0
REFINERIA,5.0
REFINERIA,5.0
TRADER,5.0
INDUSTRIA,5.0
INDUSTRIA,5.0
REFINERIA,5.0
REFINERIA,5.0
INDUSTRIA,5.0
INDUSTRIA,5.0
TRADER,5.0
TRADER,5.0
INDUSTRIA,5.0
REFINERIA,5.0
INDUSTRIA,5.0
INDUSTRIA,5.0
TRADER,5.0
REFINERIA,5.0
REFINERIA,5.0
INDUSTRIA,5.0
REFINERIA,5.0
REFINERIA,5.0
REFINERIA,5.0
REFINERIA,5.0
TRADER,5.0
TRADER,5.0
INDUSTRIA,5.0
INDUSTRIA,5.0
INDUSTRIA,5.0
INDUSTRIA,5.0
INDUSTRIA,5.0
REFINERIA,5.0
INDUSTRIA,5.0
REFINERIA,5.0
REFINERIA,5.0
INDUSTRIA,5.0
REFINERIA,5.0
INDUSTRIA,5.0
TRADER,5.0
TRADER,5.0
REFINERIA,5.0
INDUSTRIA,5.0
INDUSTRIA,5.0
TRADER,5.0
INDUSTRIA,5.0
TRADER,5.0
REFINERIA,5.0
INDUSTRIA,5.0
INDUSTRIA,5.0
REFINERIA,5.0
REFINERIA,5.0
INDUSTRIA,5.0
REFINERIA,5.0
INDUSTRIA,5.0
TRADER,5.0
TRADER,5.0
INDUSTRIA,5.0
REFINERIA,5.0
INDUSTRIA,5.0
REFINERIA,5.0
REFINERIA,5.0
REFINERIA,5.0
REFINERIA,5.0
TRADER,5.0
REFINERIA,5.0
REFINERIA,5.0
INDUSTRIA,5.0
REFINERIA,5.0
REFINERIA,5.0
REFINERIA,5.0
TRADER,5.0
REFINERIA,5.0
REFINERIA,5.0
REFINERIA,5.0
TRADER,5.0
REFINERIA,5.0
REFINERIA,5.0
REFINERIA,5.0
REFINERIA,5.0
INDUSTRIA,5.0
INDUSTRIA,5.0
REFINERIA,5.0
TRADER,5.0
TRADER,5.0
TRADER,5.0
INDUSTRIA,5.0
REFINERIA,5.0
INDUSTRIA,5.0
INDUSTRIA,5.0
INDUSTRIA,5.0
INDUSTRIA,5.0
REFINERIA,5.0
TRADER,5.0
REFINERIA,5.0
REFINERIA,5.0
TRADER,5.0
REFINERIA,5.0
REFINERIA,5.0
REFINERIA,5.0
REFINERIA,5.0
REFINERIA,5.0
INDUSTRIA,5.0
INDUSTRIA,5.0
REFINERIA,5.0
REFINERIA,5.0
TRADER,5.0
REFINERIA,5.0
REFINERIA,5.0
REFINERIA,5.0
TRADER,5.0
REFINERIA,5.0
REFINERIA,5.0
REFINERIA,5.0
TRADER,5.0
REFINERIA,5.0
REFINERIA,5.0
REFINERIA,5.0
REFINERIA,5.0
REFINERIA,5.0
INDUSTRIA,5.0
REFINERIA,5.0
TRADER,5.0
REFINERIA,5.0
INDUSTRIA,5.0
REFINERIA,5.0
INDUSTRIA,5.0
TRADER,5.0
REFINERIA,5.0
REFINERIA,5.0
REFINERIA,5.0
REFINERIA,5.0
INDUSTRIA,5.0
REFINERIA,5.0
REFINERIA,5.0
REFINERIA,5.0
REFINERIA,5.0
REFINERIA,5.0
REFINERIA,5.0
REFINERIA,5.0
TRADER,5.0
TRADER,5.0
REFINERIA,5.0
REFINERIA,5.0
REFINERIA,5.0
TRADER,5.0
REFINERIA,5.0
REFINERIA,5.0
INDUSTRIA,5.0
REFINERIA,5.0
INDUSTRIA,5.0
REFINERIA,5.0
INDUSTRIA,5.0
REFINERIA,5.0
INDUSTRIA,5.0
REFINERIA,5.0
INDUSTRIA,5.0
REFINERIA,5.0
REFINERIA,5.0
REFINERIA,5.0
REFINERIA,5.0
TRADER,5.0
REFINERIA,5.0
REFINERIA,5.0
REFINERIA,5.0
REFINERIA,5.0
REFINERIA,5.0
REFINERIA,5.0
TRADER,5.0
REFINERIA,5.0
REFINERIA,5.0
REFINERIA,5.0
INDUSTRIA,5.0
REFINERIA,5.0
TRADER,5.0
REFINERIA,5.0
REFINERIA,5.0
REFINERIA,5.0
TRADER,5.0
REFINERIA,5.0
REFINERIA,5.0
TRADER,5.0
TRADER,5.0
REFINERIA,5.0
INDUSTRIA,5.0
INDUSTRIA,5.0
REFINERIA,5.0
REFINERIA,5.0
REFINERIA,5.0
INDUSTRIA,5.0
REFINERIA,5.0
TRADER,5.0
INDUSTRIA,5.0
REFINERIA,5.0
TRADER,5.0
REFINERIA,5.0
INDUSTRIA,5.0
REFINERIA,5.0
INDUSTRIA,5.0
INDUSTRIA,5.0
REFINERIA,5.0
REFINERIA,5.0
INDUSTRIA,5.0
REFINERIA,5.0
REFINERIA,5.0
INDUSTRIA,5.0
REFINERIA,5.0
TRADER,5.0
REFINERIA,5.0
REFINERIA,5.0
REFINERIA,5.0
INDUSTRIA,5.0
TRADER,5.0
REFINERIA,5.0
INDUSTRIA,5.0
REFINERIA,5.0
REFINERIA,5.0
TRADER,5.0
REFINERIA,5.0
REFINERIA,5.0
INDUSTRIA,5.0
REFINERIA,5.0
REFINERIA,5.0
REFINERIA,5.0
REFINERIA,5.0
TRADER,5.0
REFINERIA,5.0
REFINERIA,5.0
INDUSTRIA,5.0
TRADER,5.0
REFINERIA,5.0
REFINERIA,5.0
REFINERIA,5.0
REFINERIA,5.0
INDUSTRIA,5.0
TRADER,5.0
REFINERIA,5.0
INDUSTRIA,5.0
TRADER,5.0
INDUSTRIA,5.0
REFINERIA,5.0
REFINERIA,5.0
INDUSTRIA,5.0
REFINERIA,5.0
TRADER,5.0
REFINERIA,5.0
REFINERIA,5.0
INDUSTRIA,5.0
REFINERIA,5.0
REFINERIA,5.0
TRADER,5.0
REFINERIA,5.0
REFINERIA,5.0
TRADER,5.0
REFINERIA,5.0
INDUSTRIA,5.0
REFINERIA,5.0
INDUSTRIA,5.0
REFINERIA,5.0
REFINERIA,5.0
TRADER,5.0
REFINERIA,5.0
REFINERIA,5.0
INDUSTRIA,5.0
REFINERIA,5.0
TRADER,5.0
INDUSTRIA,5.0
REFINERIA,5.0
TRADER,5.0
TRADER,5.0
REFINERIA,5.0
TRADER,5.0
REFINERIA,5.0
REFINERIA,5.0
REFINERIA,5.0
INDUSTRIA,5.0
REFINERIA,5.0
INDUSTRIA,5.0
INDUSTRIA,5.0
REFINERIA,5.0
REFINERIA,5.0
TRADER,5.0
INDUSTRIA,5.0
INDUSTRIA,5.0
REFINERIA,5.0
TRADER,5.0
TRADER,5.0
REFINERIA,5.0
INDUSTRIA,5.0
REFINERIA,5.0
REFINERIA,5.0
REFINERIA,5.0
REFINERIA,5.0
REFINERIA,5.0
TRADER,5.0
INDUSTRIA,5.0
REFINERIA,5.0
INDUSTRIA,5.0
INDUSTRIA,5.0
INDUSTRIA,5.0
REFINERIA,5.0
REFINERIA,5.0
REFINERIA,5.0
INDUSTRIA,5.0
REFINERIA,5.0
REFINERIA,5.0
TRADER,5.0
REFINERIA,5.0
REFINERIA,5.0
REFINERIA,5.0
REFINERIA,5.0
REFINERIA,5.0
INDUSTRIA,5.0
REFINERIA,5.0
REFINERIA,5.0
REFINERIA,5.0
INDUSTRIA,5.0
REFINERIA,5.0
REFINERIA,5.0
TRADER,5.0
REFINERIA,5.0
TRADER,5.0
INDUSTRIA,5.0
REFINERIA,5.0
INDUSTRIA,5.0
INDUSTRIA,5.0
INDUSTRIA,5.0
REFINERIA,5.0
REFINERIA,5.0
INDUSTRIA,5.0
REFINERIA,5.0
INDUSTRIA,5.0
INDUSTRIA,5.0
INDUSTRIA,5.0
REFINERIA,5.0
REFINERIA,5.0
REFINERIA,5.0
INDUSTRIA,5.0
REFINERIA,5.0
INDUSTRIA,5.0
REFINERIA,5.0
REFINERIA,5.0
INDUSTRIA,5.0
INDUSTRIA,5.0
TRADER,5.0
REFINERIA,5.0
REFINERIA,5.0
REFINERIA,5.0
INDUSTRIA,5.0
REFINERIA,5.0
REFINERIA,5.0
REFINERIA,5.0
REFINERIA,5.0
INDUSTRIA,5.0
REFINERIA,5.0
REFINERIA,5.0
INDUSTRIA,5.0
TRADER,5.0
TRADER,5.0
REFINERIA,5.0
INDUSTRIA,5.0
INDUSTRIA,5.0
REFINERIA,5.0
REFINERIA,5.0
TRADER,5.0
REFINERIA,5.0
INDUSTRIA,5.0
REFINERIA,5.0
INDUSTRIA,5.0
REFINERIA,5.0
REFINERIA,5.0
INDUSTRIA,5.0
REFINERIA,5.0
REFINERIA,5.0
REFINERIA,5.0
REFINERIA,5.0
REFINERIA,5.0
REFINERIA,5.0
REFINERIA,5.0
REFINERIA,5.0
REFINERIA,5.0
INDUSTRIA,5.0
TRADER,5.0
REFINERIA,5.0
INDUSTRIA,5.0
INDUSTRIA,5.0
REFINERIA,5.0
REFINERIA,5.0
INDUSTRIA,5.0
TRADER,5.0
REFINERIA,5.0
REFINERIA,5.0
REFINERIA,5.0
REFINERIA,5.0
REFINERIA,5.0
INDUSTRIA,5.0
REFINERIA,5.0
INDUSTRIA,5.0
REFINERIA,5.0
INDUSTRIA,5.0
REFINERIA,5.0
TRADER,5.0
REFINERIA,5.0
REFINERIA,5.0
REFINERIA,5.0
INDUSTRIA,5.0
REFINERIA,5.0
REFINERIA,5.0
REFINERIA,5.0
REFINERIA,5.0
INDUSTRIA,5.0
REFINERIA,5.0
TRADER,5.0
REFINERIA,5.0
TRADER,5.0
INDUSTRIA,5.0
REFINERIA,5.0
INDUSTRIA,5.0
INDUSTRIA,5.0
TRADER,5.0
REFINERIA,5.0
INDUSTRIA,5.0
TRADER,5.0
TRADER,5.0
REFINERIA,5.0
REFINERIA,5.0
TRADER,5.0
TRADER,5.0
REFINERIA,5.0
TRADER,5.0
REFINERIA,5.0
INDUSTRIA,5.0
INDUSTRIA,5.0
TRADER,5.0
REFINERIA,5.0
REFINERIA,5.0
REFINERIA,5.0
REFINERIA,5.0
TRADER,5.0
REFINERIA,5.0
REFINERIA,5.0
REFINERIA,5.0
INDUSTRIA,5.0
REFINERIA,5.0
TRADER,5.0
REFINERIA,5.0
REFINERIA,5.0
REFINERIA,5.0
INDUSTRIA,5.0
INDUSTRIA,5.0
INDUSTRIA,5.0
REFINERIA,5.0
TRADER,5.0
REFINERIA,5.0
REFINERIA,5.0
REFINERIA,5.0
TRADER,5.0
REFINERIA,5.0
REFINERIA,5.0
REFINERIA,5.0
REFINERIA,5.0
REFINERIA,5.0
REFINERIA,5.0
TRADER,5.0
TRADER,5.0
TRADER,5.0
REFINERIA,5.0
REFINERIA,5.0
INDUSTRIA,5.0
REFINERIA,5.0
REFINERIA,5.0
TRADER,5.0
INDUSTRIA,5.0
TRADER,5.0
REFINERIA,5.0
REFINERIA,5.0
REFINERIA,5.0
REFINERIA,5.0
INDUSTRIA,5.0
TRADER,5.0
REFINERIA,5.0
TRADER,5.0
REFINERIA,5.0
REFINERIA,5.0
REFINERIA,5.0
REFINERIA,5.0
REFINERIA,5.0
REFINERIA,5.0
REFINERIA,5.0
REFINERIA,5.0
REFINERIA,5.0
REFINERIA,5.0
REFINERIA,5.0
INDUSTRIA,5.0
REFINERIA,5.0
TRADER,5.0
INDUSTRIA,5.0
REFINERIA,5.0
REFINERIA,5.0
TRADER,5.0
REFINERIA,5.0
TRADER,5.0
REFINERIA,5.0
INDUSTRIA,5.0
REFINERIA,5.0
INDUSTRIA,5.0
INDUSTRIA,5.0
REFINERIA,5.0
REFINERIA,5.0
INDUSTRIA,5.0
REFINERIA,5.0
REFINERIA,5.0
REFINERIA,5.0
REFINERIA,5.0
REFINERIA,5.0
REFINERIA,5.0
REFINERIA,5.0
INDUSTRIA,5.0
INDUSTRIA,5.0
TRADER,5.0
INDUSTRIA,5.0
REFINERIA,5.0
INDUSTRIA,5.0
REFINERIA,5.0
INDUSTRIA,5.0
REFINERIA,5.0
REFINERIA,5.0
INDUSTRIA,5.0
TRADER,5.0
TRADER,5.0
REFINERIA,5.0
TRADER,5.0
REFINERIA,5.0
REFINERIA,5.0
TRADER,5.0
REFINERIA,5.0
REFINERIA,5.0
TRADER,5.0
INDUSTRIA,5.0
INDUSTRIA,5.0
REFINERIA,5.0
REFINERIA,5.0
REFINERIA,5.0
REFINERIA,5.0
TRADER,5.0
REFINERIA,5.0
REFINERIA,5.0
TRADER,5.0
INDUSTRIA,5.0
TRADER,5.0
INDUSTRIA,5.0
TRADER,5.0
REFINERIA,5.0
REFINERIA,5.0
REFINERIA,5.0
REFINERIA,5.0
REFINERIA,5.0
REFINERIA,5.0
REFINERIA,5.0
TRADER,5.0
REFINERIA,5.0
INDUSTRIA,5.0
REFINERIA,5.0
REFINERIA,5.0
INDUSTRIA,5.0
REFINERIA,5.0
REFINERIA,5.0
TRADER,5.0
REFINERIA,5.0
REFINERIA,5.0
REFINERIA,5.0
INDUSTRIA,5.0
REFINERIA,5.0
TRADER,5.0
TRADER,5.0
TRADER,5.0
REFINERIA,5.0
REFINERIA,5.0
REFINERIA,5.0
TRADER,5.0
REFINERIA,5.0
REFINERIA,5.0
INDUSTRIA,5.0
REFINERIA,5.0
REFINERIA,5.0
TRADER,5.0
TRADER,5.0
REFINERIA,5.0
REFINERIA,5.0
INDUSTRIA,5.0
REFINERIA,5.0
REFINERIA,5.0
REFINERIA,5.0
INDUSTRIA,5.0
REFINERIA,5.0
INDUSTRIA,5.0
TRADER,5.0
TRADER,5.0
REFINERIA,5.0
REFINERIA,5.0
TRADER,5.0
REFINERIA,5.0
REFINERIA,5.0
REFINERIA,5.0
TRADER,5.0
TRADER,5.0
REFINERIA,5.0
REFINERIA,5.0
REFINERIA,5.0
REFINERIA,5.0
REFINERIA,5.0
INDUSTRIA,5.0
REFINERIA,5.0
REFINERIA,5.0
INDUSTRIA,5.0
REFINERIA,5.0
REFINERIA,5.0
INDUSTRIA,5.0
REFINERIA,5.0
REFINERIA,5.0
REFINERIA,5.0
REFINERIA,5.0
INDUSTRIA,5.0
REFINERIA,5.0
REFINERIA,5.0
INDUSTRIA,5.0
REFINERIA,5.0
REFINERIA,5.0
REFINERIA,5.0
REFINERIA,5.0
TRADER,5.0
REFINERIA,5.0
REFINERIA,5.0
REFINERIA,5.0
REFINERIA,5.0
TRADER,5.0
REFINERIA,5.0
TRADER,5.0
REFINERIA,5.0
REFINERIA,5.0
REFINERIA,5.0
REFINERIA,5.0
REFINERIA,5.0
TRADER,5.0
INDUSTRIA,5.0
TRADER,5.0
INDUSTRIA,5.0
REFINERIA,5.0
REFINERIA,5.0
TRADER,5.0
REFINERIA,5.0
REFINERIA,5.0
REFINERIA,5.0
INDUSTRIA,5.0
TRADER,5.0
REFINERIA,5.0
REFINERIA,5.0
REFINERIA,5.0
INDUSTRIA,5.0
REFINERIA,5.0
TRADER,5.0
TRADER,5.0
INDUSTRIA,5.0
REFINERIA,5.0
INDUSTRIA,5.0
REFINERIA,5.0
REFINERIA,5.0
REFINERIA,5.0
REFINERIA,5.0
REFINERIA,5.0
TRADER,5.0
REFINERIA,5.0
TRADER,5.0
REFINERIA,5.0
TRADER,5.0
REFINERIA,5.0
TRADER,5.0
TRADER,5.0
TRADER,5.0
REFINERIA,5.0
TRADER,5.0
INDUSTRIA,5.0
REFINERIA,5.0
REFINERIA,5.0
REFINERIA,5.0
INDUSTRIA,5.0
TRADER,5.0
REFINERIA,5.0
INDUSTRIA,5.0
REFINERIA,5.0
INDUSTRIA,5.0
TRADER,5.0
REFINERIA,5.0
REFINERIA,5.0
REFINERIA,5.0
REFINERIA,5.0
TRADER,5.0
INDUSTRIA,5.0
REFINERIA,5.0
INDUSTRIA,5.0
REFINERIA,5.0
INDUSTRIA,5.0
INDUSTRIA,5.0
INDUSTRIA,5.0
INDUSTRIA,5.0
REFINERIA,5.0
INDUSTRIA,5.0
TRADER,5.0
REFINERIA,5.0
REFINERIA,5.0
TRADER,5.0
REFINERIA,5.0
REFINERIA,5.0
REFINERIA,5.0
REFINERIA,5.0
INDUSTRIA,5.0
REFINERIA,5.0
TRADER,5.0
TRADER,5.0
REFINERIA,5.0
TRADER,5.0
REFINERIA,5.0
REFINERIA,5.0
TRADER,5.0
REFINERIA,5.0
REFINERIA,5.0
REFINERIA,5.0
REFINERIA,5.0
INDUSTRIA,5.0
INDUSTRIA,5.0
REFINERIA,5.0
REFINERIA,5.0
REFINERIA,5.0
REFINERIA,5.0
REFINERIA,5.0
TRADER,5.0
REFINERIA,5.0
REFINERIA,5.0
TRADER,5.0
TRADER,5.0
REFINERIA,5.0
TRADER,5.0
REFINERIA,5.0
INDUSTRIA,5.0
REFINERIA,5.0
INDUSTRIA,5.0
REFINERIA,5.0
REFINERIA,5.0
REFINERIA,5.0
REFINERIA,5.0
REFINERIA,5.0
INDUSTRIA,5.0
TRADER,5.0
REFINERIA,5.0
REFINERIA,5.0
REFINERIA,5.0
REFINERIA,5.0
REFINERIA,5.0
TRADER,5.0
REFINERIA,5.0
INDUSTRIA,5.0
TRADER,5.0
TRADER,5.0
INDUSTRIA,5.0
REFINERIA,5.0
REFINERIA,5.0
TRADER,5.0
TRADER,5.0
TRADER,5.0
REFINERIA,5.0
INDUSTRIA,5.0
INDUSTRIA,5.0
TRADER,5.0
TRADER,5.0
INDUSTRIA,5.0
INDUSTRIA,5.0
INDUSTRIA,5.0
TRADER,5.0
REFINERIA,5.0
INDUSTRIA,5.0
INDUSTRIA,5.0
INDUSTRIA,5.0
REFINERIA,5.0
REFINERIA,5.0
REFINERIA,5.0
REFINERIA,5.0
REFINERIA,5.0
REFINERIA,5.0
REFINERIA,5.0
TRADER,5.0
REFINERIA,5.0
TRADER,5.0
INDUSTRIA,5.0
INDUSTRIA,5.0
INDUSTRIA,5.0
REFINERIA,5.0
TRADER,5.0
TRADER,5.0
INDUSTRIA,5.0
TRADER,5.0
INDUSTRIA,5.0
TRADER,5.0
REFINERIA,5.0
REFINERIA,5.0
TRADER,5.0
INDUSTRIA,5.0
TRADER,5.0
REFINERIA,5.0
INDUSTRIA,5.0
INDUSTRIA,5.0
TRADER,5.0
TRADER,5.0
INDUSTRIA,5.0
TRADER,5.0
REFINERIA,5.0
REFINERIA,5.0
INDUSTRIA,5.0
REFINERIA,5.0
INDUSTRIA,5.0
REFINERIA,5.0
REFINERIA,5.0
INDUSTRIA,5.0
REFINERIA,5.0
REFINERIA,5.0
REFINERIA,5.0
REFINERIA,5.0
REFINERIA,5.0
REFINERIA,5.0
INDUSTRIA,5.0
TRADER,5.0
REFINERIA,5.0
REFINERIA,5.0
TRADER,5.0
TRADER,5.0
INDUSTRIA,5.0
REFINERIA,5.0
REFINERIA,5.0
REFINERIA,5.0
TRADER,5.0
TRADER,5.0
TRADER,5.0
REFINERIA,5.0
REFINERIA,5.0
REFINERIA,5.0
TRADER,5.0
INDUSTRIA,5.0
TRADER,5.0
REFINERIA,5.0
REFINERIA,5.0
REFINERIA,5.0
REFINERIA,5.0
REFINERIA,5.0
INDUSTRIA,5.0
REFINERIA,5.0
INDUSTRIA,5.0
INDUSTRIA,5.0
TRADER,5.0
TRADER,5.0
REFINERIA,5.0
TRADER,5.0
TRADER,5.0
REFINERIA,5.0
INDUSTRIA,5.0
REFINERIA,5.0
TRADER,5.0
REFINERIA,5.0
REFINERIA,5.0
REFINERIA,5.0
REFINERIA,5.0
REFINERIA,5.0
REFINERIA,5.0
REFINERIA,5.0
REFINERIA,5.0
REFINERIA,5.0
REFINERIA,5.0
REFINERIA,5.0
INDUSTRIA,5.0
REFINERIA,5.0
REFINERIA,5.0
TRADER,5.0
REFINERIA,5.0
REFINERIA,5.0
INDUSTRIA,5.0
INDUSTRIA,5.0
REFINERIA,5.0
REFINERIA,5.0
TRADER,5.0
REFINERIA,5.0
INDUSTRIA,5.0
REFINERIA,5.0
REFINERIA,5.0
TRADER,5.0
REFINERIA,5.0
REFINERIA,5.0
REFINERIA,5.0
REFINERIA,5.0
REFINERIA,5.0
TRADER,5.0
REFINERIA,5.0
REFINERIA,5.0
REFINERIA,5.0
REFINERIA,5.0
INDUSTRIA,5.0
REFINERIA,5.0
REFINERIA,5.0
INDUSTRIA,5.0
REFINERIA,5.0
TRADER,5.0
REFINERIA,5.0
REFINERIA,5.0
REFINERIA,5.0
REFINERIA,5.0
TRADER,5.0
TRADER,5.0
REFINERIA,5.0
REFINERIA,5.0
TRADER,5.0
INDUSTRIA,5.0
REFINERIA,5.0
TRADER,5.0
REFINERIA,5.0
TRADER,5.0
INDUSTRIA,5.0
REFINERIA,5.0
INDUSTRIA,5.0
TRADER,5.0
TRADER,5.0
INDUSTRIA,5.0
REFINERIA,5.0
REFINERIA,5.0
INDUSTRIA,5.0
REFINERIA,5.0
REFINERIA,5.0
INDUSTRIA,5.0
REFINERIA,5.0
REFINERIA,5.0
TRADER,5.0
REFINERIA,5.0
INDUSTRIA,5.0
TRADER,5.0
TRADER,5.0
REFINERIA,5.0
REFINERIA,5.0
TRADER,5.0
REFINERIA,5.0
REFINERIA,5.0
INDUSTRIA,5.0
REFINERIA,5.0
INDUSTRIA,5.0
TRADER,5.0
REFINERIA,5.0
REFINERIA,5.0
TRADER,5.0
TRADER,5.0
REFINERIA,5.0
REFINERIA,5.0
REFINERIA,5.0
INDUSTRIA,5.0
TRADER,5.0
TRADER,5.0
INDUSTRIA,5.0
REFINERIA,5.0
INDUSTRIA,5.0
TRADER,5.0
TRADER,5.0
REFINERIA,5.0
REFINERIA,5.0
INDUSTRIA,5.0
REFINERIA,5.0
REFINERIA,5.0
TRADER,5.0
REFINERIA,5.0
INDUSTRIA,5.0
REFINERIA,5.0
REFINERIA,5.0
INDUSTRIA,5.0
REFINERIA,5.0
REFINERIA,5.0
TRADER,5.0
REFINERIA,5.0
INDUSTRIA,5.0
TRADER,5.0
REFINERIA,5.0
INDUSTRIA,5.0
REFINERIA,5.0
INDUSTRIA,5.0
INDUSTRIA,5.0
INDUSTRIA,5.0
INDUSTRIA,5.0
REFINERIA,5.0
INDUSTRIA,5.0
REFINERIA,5.0
TRADER,5.0
TRADER,5.0
TRADER,5.0
REFINERIA,5.0
REFINERIA,5.0
REFINERIA,5.0
REFINERIA,5.0
REFINERIA,5.0
REFINERIA,5.0
REFINERIA,5.0
INDUSTRIA,5.0
TRADER,5.0
REFINERIA,5.0
INDUSTRIA,5.0
INDUSTRIA,5.0
REFINERIA,5.0
TRADER,5.0
TRADER,5.0
INDUSTRIA,5.0
REFINERIA,5.0
TRADER,5.0
REFINERIA,5.0
TRADER,5.0
REFINERIA,5.0
INDUSTRIA,5.0
INDUSTRIA,5.0
TRADER,5.0
TRADER,5.0
INDUSTRIA,5.0
INDUSTRIA,5.0
REFINERIA,5.0
REFINERIA,5.0
INDUSTRIA,5.0
INDUSTRIA,5.0
REFINERIA,5.0
REFINERIA,5.0
REFINERIA,5.0
REFINERIA,5.0
REFINERIA,5.0
TRADER,5.0
REFINERIA,5.0
INDUSTRIA,5.0
REFINERIA,5.0
REFINERIA,5.0
TRADER,5.0
INDUSTRIA,5.0
REFINERIA,5.0
REFINERIA,5.0
REFINERIA,5.0
INDUSTRIA,5.0
REFINERIA,5.0
INDUSTRIA,5.0
REFINERIA,5.0
REFINERIA,5.0
REFINERIA,5.0
TRADER,5.0
TRADER,5.0
TRADER,5.0
REFINERIA,5.0
TRADER,5.0
TRADER,5.0
TRADER,5.0
REFINERIA,5.0
INDUSTRIA,5.0
REFINERIA,5.0
TRADER,5.0
REFINERIA,5.0
INDUSTRIA,5.0
REFINERIA,5.0
REFINERIA,5.0
REFINERIA,5.0
REFINERIA,5.0
REFINERIA,5.0
REFINERIA,5.0
REFINERIA,5.0
REFINERIA,5.0
INDUSTRIA,5.0
TRADER,5.0
REFINERIA,5.0
TRADER,5.0
REFINERIA,5.0
INDUSTRIA,5.0
TRADER,5.0
INDUSTRIA,5.0
REFINERIA,5.0
TRADER,5.0
REFINERIA,5.0
INDUSTRIA,5.0
REFINERIA,5.0
INDUSTRIA,5.0
INDUSTRIA,5.0
REFINERIA,5.0
REFINERIA,5.0
INDUSTRIA,5.0
TRADER,5.0
TRADER,5.0
REFINERIA,5.0
REFINERIA,5.0
REFINERIA,5.0
TRADER,5.0
REFINERIA,5.0
TRADER,5.0
REFINERIA,5.0
REFINERIA,5.0
REFINERIA,5.0
REFINERIA,5.0
TRADER,5.0
TRADER,5.0
TRADER,5.0
REFINERIA,5.0
REFINERIA,5.0
REFINERIA,5.0
TRADER,5.0
REFINERIA,5.0
INDUSTRIA,5.0
REFINERIA,5.0
REFINERIA,5.0
REFINERIA,5.0
REFINERIA,5.0
REFINERIA,5.0
REFINERIA,5.0
REFINERIA,5.0
TRADER,5.0
REFINERIA,5.0
REFINERIA,5.0
REFINERIA,5.0
REFINERIA,5.0
INDUSTRIA,5.0
TRADER,5.0
REFINERIA,5.0
TRADER,5.0
REFINERIA,5.0
INDUSTRIA,5.0
REFINERIA,5.0
TRADER,5.0
REFINERIA,5.0
REFINERIA,5.0
INDUSTRIA,5.0
REFINERIA,5.0
TRADER,5.0
INDUSTRIA,5.0
INDUSTRIA,5.0
INDUSTRIA,5.0
REFINERIA,5.0
REFINERIA,5.0
INDUSTRIA,5.0
REFINERIA,5.0
REFINERIA,5.0
INDUSTRIA,5.0
TRADER,5.0
REFINERIA,5.0
REFINERIA,5.0
TRADER,5.0
INDUSTRIA,5.0
REFINERIA,5.0
REFINERIA,5.0
REFINERIA,5.0
TRADER,5.0
REFINERIA,5.0
INDUSTRIA,5.0
REFINERIA,5.0
REFINERIA,5.0
TRADER,5.0
INDUSTRIA,5.0
INDUSTRIA,5.0
INDUSTRIA,5.0
TRADER,5.0
INDUSTRIA,5.0
REFINERIA,5.0
REFINERIA,5.0
REFINERIA,5.0
INDUSTRIA,5.0
INDUSTRIA,5.0
REFINERIA,5.0
INDUSTRIA,5.0
REFINERIA,5.0
REFINERIA,5.0
REFINERIA,5.0
REFINERIA,5.0
TRADER,5.0
INDUSTRIA,5.0
REFINERIA,5.0
TRADER,5.0
REFINERIA,5.0
REFINERIA,5.0
TRADER,5.0
TRADER,5.0
INDUSTRIA,5.0
REFINERIA,5.0
REFINERIA,5.0
REFINERIA,5.0
REFINERIA,5.0
REFINERIA,5.0
INDUSTRIA,5.0
REFINERIA,5.0
REFINERIA,5.0
INDUSTRIA,5.0
INDUSTRIA,5.0
REFINERIA,5.0
REFINERIA,5.0
REFINERIA,5.0
REFINERIA,5.0
REFINERIA,5.0
REFINERIA,5.0
REFINERIA,5.0
REFINERIA,5.0
REFINERIA,5.0
REFINERIA,5.0
REFINERIA,5.0
REFINERIA,5.0
REFINERIA,5.0
REFINERIA,5.0
REFINERIA,5.0
TRADER,5.0
REFINERIA,5.0
REFINERIA,5.0
REFINERIA,5.0
REFINERIA,5.0
REFINERIA,5.0
REFINERIA,5.0
REFINERIA,5.0
TRADER,5.0
REFINERIA,5.0
REFINERIA,5.0
TRADER,5.0
REFINERIA,5.0
REFINERIA,5.0
REFINERIA,5.0
TRADER,5.0
REFINERIA,5.0
REFINERIA,5.0
INDUSTRIA,5.0
INDUSTRIA,5.0
REFINERIA,5.0
REFINERIA,5.0
REFINERIA,5.0
REFINERIA,5.0
INDUSTRIA,5.0
REFINERIA,5.0
REFINERIA,5.0
REFINERIA,5.0
REFINERIA,5.0
INDUSTRIA,5.0
REFINERIA,5.0
INDUSTRIA,5.0
TRADER,5.0
INDUSTRIA,5.0
REFINERIA,5.0
TRADER,5.0
REFINERIA,5.0
REFINERIA,5.0
REFINERIA,5.0
REFINERIA,5.0
REFINERIA,5.0
REFINERIA,5.0
REFINERIA,5.0
REFINERIA,5.0
REFINERIA,5.0
REFINERIA,5.0
INDUSTRIA,5.0
REFINERIA,5.0
INDUSTRIA,5.0
REFINERIA,5.0
REFINERIA,5.0
TRADER,5.0
TRADER,5.0
REFINERIA,5.0
TRADER,5.0
REFINERIA,5.0
INDUSTRIA,5.0
REFINERIA,5.0
REFINERIA,5.0
REFINERIA,5.0
INDUSTRIA,5.0
INDUSTRIA,5.0
INDUSTRIA,5.0
REFINERIA,5.0
TRADER,5.0
REFINERIA,5.0
INDUSTRIA,5.0
REFINERIA,5.0
REFINERIA,5.0
REFINERIA,5.0
REFINERIA,5.0
INDUSTRIA,5.0
REFINERIA,5.0
REFINERIA,5.0
INDUSTRIA,5.0
INDUSTRIA,5.0
REFINERIA,5.0
REFINERIA,5.0
REFINERIA,5.0
INDUSTRIA,5.0
REFINERIA,5.0
TRADER,5.0
REFINERIA,5.0
TRADER,5.0
INDUSTRIA,5.0
REFINERIA,5.0
REFINERIA,5.0
REFINERIA,5.0
INDUSTRIA,5.0
REFINERIA,5.0
REFINERIA,5.0
REFINERIA,5.0
REFINERIA,5.0
INDUSTRIA,5.0
TRADER,5.0
REFINERIA,5.0
INDUSTRIA,5.0
REFINERIA,5.0
REFINERIA,5.0
INDUSTRIA,5.0
REFINERIA,5.0
REFINERIA,5.0
REFINERIA,5.0
INDUSTRIA,5.0
REFINERIA,5.0
REFINERIA,5.0
REFINERIA,5.0
REFINERIA,5.0
REFINERIA,5.0
TRADER,5.0
TRADER,5.0
REFINERIA,5.0
TRADER,5.0
REFINERIA,5.0
TRADER,5.0
REFINERIA,5.0
REFINERIA,5.0
TRADER,5.0
REFINERIA,5.0
TRADER,5.0
REFINERIA,5.0
REFINERIA,5.0
INDUSTRIA,5.0
INDUSTRIA,5.0
TRADER,5.0
TRADER,5.0
TRADER,5.0
TRADER,5.0
INDUSTRIA,5.0
REFINERIA,5.0
INDUSTRIA,5.0
REFINERIA,5.0
REFINERIA,5.0
REFINERIA,5.0
REFINERIA,5.0
REFINERIA,5.0
TRADER,5.0
REFINERIA,5.0
REFINERIA,5.0
REFINERIA,5.0
REFINERIA,5.0
REFINERIA,5.0
REFINERIA,5.0
TRADER,5.0
INDUSTRIA,5.0
INDUSTRIA,5.0
INDUSTRIA,5.0
INDUSTRIA,5.0
REFINERIA,5.0
INDUSTRIA,5.0
REFINERIA,5.0
REFINERIA,5.0
INDUSTRIA,5.0
REFINERIA,5.0
REFINERIA,5.0
TRADER,5.0
INDUSTRIA,5.0
REFINERIA,5.0
TRADER,5.0
INDUSTRIA,5.0
TRADER,5.0
REFINERIA,5.0
REFINERIA,5.0
REFINERIA,5.0
REFINERIA,5.0
REFINERIA,5.0
REFINERIA,5.0
REFINERIA,5.0
REFINERIA,5.0
REFINERIA,5.0
INDUSTRIA,5.0
REFINERIA,5.0
TRADER,5.0
TRADER,5.0
REFINERIA,5.0
REFINERIA,5.0
REFINERIA,5.0
REFINERIA,5.0
REFINERIA,5.0
REFINERIA,5.0
TRADER,5.0
REFINERIA,5.0
REFINERIA,5.0
REFINERIA,5.0
REFINERIA,5.0
REFINERIA,5.0
REFINERIA,5.0
REFINERIA,5.0
REFINERIA,5.0
REFINERIA,5.0
TRADER,5.0
TRADER,5.0
TRADER,5.0
INDUSTRIA,5.0
REFINERIA,5.0
INDUSTRIA,5.0
REFINERIA,5.0
REFINERIA,5.0
REFINERIA,5.0
REFINERIA,5.0
INDUSTRIA,5.0
REFINERIA,5.0
REFINERIA,5.0
REFINERIA,5.0
REFINERIA,5.0
REFINERIA,5.0
REFINERIA,5.0
INDUSTRIA,5.0
REFINERIA,5.0
REFINERIA,5.0
REFINERIA,5.0
REFINERIA,5.0
INDUSTRIA,5.0
TRADER,5.0
REFINERIA,5.0
REFINERIA,5.0
REFINERIA,5.0
TRADER,5.0
TRADER,5.0
REFINERIA,5.0
INDUSTRIA,5.0
REFINERIA,5.0
INDUSTRIA,5.0
REFINERIA,5.0
REFINERIA,5.0
REFINERIA,5.0
REFINERIA,5.0
REFINERIA,5.0
REFINERIA,5.0
REFINERIA,5.0
INDUSTRIA,5.0
REFINERIA,5.0
TRADER,5.0
TRADER,5.0
INDUSTRIA,5.0
TRADER,5.0
REFINERIA,5.0
REFINERIA,5.0
REFINERIA,5.0
REFINERIA,5.0
REFINERIA,5.0
REFINERIA,5.0
REFINERIA,5.0
INDUSTRIA,5.0
REFINERIA,5.0
TRADER,5.0
REFINERIA,5.0
TRADER,5.0
REFINERIA,5.0
REFINERIA,5.0
REFINERIA,5.0
TRADER,5.0
INDUSTRIA,5.0
TRADER,5.0
INDUSTRIA,5.0
TRADER,5.0
INDUSTRIA,5.0
REFINERIA,5.0
INDUSTRIA,5.0
TRADER,5.0
TRADER,5.0
INDUSTRIA,5.0
REFINERIA,5.0
REFINERIA,5.0
TRADER,5.0
REFINERIA,5.0
REFINERIA,5.0
REFINERIA,5.0
REFINERIA,5.0
REFINERIA,5.0
TRADER,5.0
REFINERIA,5.0
REFINERIA,5.0
TRADER,5.0
REFINERIA,5.0
INDUSTRIA,5.0
REFINERIA,5.0
REFINERIA,5.0
REFINERIA,5.0
REFINERIA,5.0
TRADER,5.0
TRADER,5.0
INDUSTRIA,5.0
REFINERIA,5.0
REFINERIA,5.0
REFINERIA,5.0
REFINERIA,5.0
TRADER,5.0
TRADER,5.0
REFINERIA,5.0
INDUSTRIA,5.0
INDUSTRIA,5.0
REFINERIA,5.0
REFINERIA,5.0
INDUSTRIA,5.0
REFINERIA,5.0
REFINERIA,5.0
TRADER,5.0
INDUSTRIA,5.0
INDUSTRIA,5.0
REFINERIA,5.0
TRADER,5.0
REFINERIA,5.0
REFINERIA,5.0
REFINERIA,5.0
REFINERIA,5.0
REFINERIA,5.0
REFINERIA,5.0
REFINERIA,5.0
REFINERIA,5.0
REFINERIA,5.0
REFINERIA,5.0
REFINERIA,5.0
TRADER,5.0
TRADER,5.0
TRADER,5.0
INDUSTRIA,5.0
REFINERIA,5.0
REFINERIA,5.0
TRADER,5.0
REFINERIA,5.0
REFINERIA,5.0
TRADER,5.0
REFINERIA,5.0
REFINERIA,5.0
REFINERIA,5.0
REFINERIA,5.0
REFINERIA,5.0
REFINERIA,5.0
REFINERIA,5.0
REFINERIA,5.0
REFINERIA,5.0
REFINERIA,5.0
REFINERIA,5.0
REFINERIA,5.0
INDUSTRIA,5.0
TRADER,5.0
REFINERIA,5.0
REFINERIA,-23.22
TRADER,-31.61
TRADER,-30.91
REFINERIA,-34.02
REFINERIA,-38.61
REFINERIA,-34.99
INDUSTRIA,-61.4
TRADER,-25.2
TRADER,-49.7
INDUSTRIA,-18.82
REFINERIA,-11.41
TRADER,-32.89
INDUSTRIA,-33.75
TRADER,-18.3
INDUSTRIA,-18.27
REFINERIA,-22.08
INDUSTRIA,-37.14
REFINERIA,-12.87
REFINERIA,-31.86
TRADER,-13.8
REFINERIA,-35.49
TRADER,-51.45
TRADER,-18.66
TRADER,-20.55
REFINERIA,-52.56
INDUSTRIA,-31.53
INDUSTRIA,-20.99
TRADER,-24.42
INDUSTRIA,0.99
INDUSTRIA,-12.38
INDUSTRIA,-47.5
REFINERIA,-22.52
REFINERIA,-29.87
INDUSTRIA,-46.55
TRADER,0.0
TRADER,-26.29
INDUSTRIA,-36.69
INDUSTRIA,-38.31
TRADER,-29.82
REFINERIA,-37.61
TRADER,-8.99
REFINERIA,-4.92
TRADER,-25.39
REFINERIA,-40.87
TRADER,-35.13
TRADER,-44.43
TRADER,-48.97
INDUSTRIA,-44.08
TRADER,-26.66
INDUSTRIA,-28.13
INDUSTRIA,-34.82
REFINERIA,-13.88
INDUSTRIA,-38.23
REFINERIA,-12.35
TRADER,-14.72
TRADER,-42.62
INDUSTRIA,-15.16
TRADER,-36.61
REFINERIA,-43.23
TRADER,-25.2
TRADER,-36.87
INDUSTRIA,-30.07
REFINERIA,-16.74
INDUSTRIA,-9.92
TRADER,-20.45
TRADER,-25.76
REFINERIA,-20.92
TRADER,-22.35
REFINERIA,-36.27
TRADER,-41.6
REFINERIA,-30.37
REFINERIA,-30.98
INDUSTRIA,-24.01
TRADER,-38.3
INDUSTRIA,19.36
TRADER,-44.64
TRADER,-37.65
REFINERIA,-49.42
REFINERIA,-26.72
INDUSTRIA,-8.53
TRADER,1.15
REFINERIA,-34.7
REFINERIA,-67.17
INDUSTRIA,-29.96
TRADER,-7.55
REFINERIA,-27.49
INDUSTRIA,-9.32
REFINERIA,-37.72
INDUSTRIA,-27.71
TRADER,-42.48
REFINERIA,-35.14
REFINERIA,-61.35
INDUSTRIA,-60.88
TRADER,-56.82
REFINERIA,-26.03
REFINERIA,-36.73
REFINERIA,-38.67
TRADER,-24.7
INDUSTRIA,-46.95
TRADER,-44.65
REFINERIA,-65.08
TRADER,-15.09
TRADER,-25.02
REFINERIA,-38.81
REFINERIA,-0.56
TRADER,-47.18
INDUSTRIA,-27.56
TRADER,-19.25
TRADER,-41.77
REFINERIA,-31.45
TRADER,-40.63
TRADER,-40.96
TRADER,-41.95
INDUSTRIA,-10.55
TRADER,-19.32
REFINERIA,-38.47
TRADER,-10.82
TRADER,-57.08
TRADER,-33.97
TRADER,-38.61
REFINERIA,-20.1
TRADER,-42.13
INDUSTRIA,1.12
TRADER,-46.11
REFINERIA,-9.02
REFINERIA,-53.18
INDUSTRIA,-40.74
TRADER,-42.62
INDUSTRIA,-23.49
TRADER,-20.07
INDUSTRIA,-17.17
INDUSTRIA,-31.18
INDUSTRIA,-31.57
TRADER,-56.12
TRADER,-34.06
TRADER,-18.29
TRADER,-61.73
REFINERIA,-6.44
REFINERIA,-34.2
INDUSTRIA,-20.64
TRADER,-1.3
TRADER,-31.26
INDUSTRIA,-40.35
INDUSTRIA,-44.83
INDUSTRIA,-37.98
INDUSTRIA,-44.95
TRADER,-30.09
INDUSTRIA,-28.91
REFINERIA,-41.8
REFINERIA,-24.55
REFINERIA,-39.54
TRADER,-21.09
REFINERIA,-45.58
INDUSTRIA,-21.48
INDUSTRIA,-56.68
REFINERIA,-45.44
INDUSTRIA,-54.33
TRADER,-25.69
INDUSTRIA,-25.68
REFINERIA,-31.38
REFINERIA,-28.16
TRADER,-26.83
TRADER,-39.69
INDUSTRIA,-24.87
TRADER,-20.49
TRADER,-52.19
TRADER,-43.66
TRADER,-12.13
INDUSTRIA,-41.56
REFINERIA,-0.69
REFINERIA,-26.57
INDUSTRIA,-36.7
INDUSTRIA,-28.29
REFINERIA,-41.26
INDUSTRIA,-54.25
TRADER,-11.46
TRADER,-28.08
TRADER,-37.85
INDUSTRIA,-30.39
REFINERIA,-43.51
REFINERIA,-34.07
INDUSTRIA,-43.99
TRADER,-2.88
REFINERIA,-24.54
REFINERIA,-34.32
TRADER,-28.76
REFINERIA,-40.24
REFINERIA,-41.78
INDUSTRIA,-44.0
TRADER,-31.01
REFINERIA,-29.92
REFINERIA,-35.79
REFINERIA,-14.74
TRADER,-40.63
REFINERIA,-40.81
TRADER,-31.06
INDUSTRIA,-42.84
TRADER,-21.67
TRADER,-18.78
REFINERIA,-10.36
TRADER,-37.3
INDUSTRIA,-46.87
TRADER,-14.86
REFINERIA,-8.1
REFINERIA,-25.72
REFINERIA,-42.18
TRADER,-36.85
REFINERIA,-11.81
TRADER,-29.79
REFINERIA,-32.98
REFINERIA,-35.6
INDUSTRIA,-58.66
REFINERIA,-0.16
TRADER,-44.65
REFINERIA,-30.79
TRADER,-34.66
REFINERIA,-44.65
REFINERIA,-4.22
REFINERIA,-9.1
REFINERIA,-33.17
INDUSTRIA,-33.82
INDUSTRIA,-33.56
INDUSTRIA,-53.67
REFINERIA,-57.87
INDUSTRIA,-11.69
INDUSTRIA,-19.7
REFINERIA,-33.7
TRADER,-29.18
REFINERIA,-33.71
INDUSTRIA,-54.71
INDUSTRIA,-29.9
REFINERIA,-11.28
TRADER,-33.63
TRADER,-32.34
REFINERIA,-49.46
TRADER,-12.38
REFINERIA,-39.92
INDUSTRIA,-60.65
INDUSTRIA,-16.49
REFINERIA,2.68
TRADER,-20.06
REFINERIA,-34.02
INDUSTRIA,-32.2
REFINERIA,-48.4
REFINERIA,-46.22
TRADER,-39.36
TRADER,-42.0
REFINERIA,-37.11
TRADER,-44.7
REFINERIA,-30.29
TRADER,-29.1
REFINERIA,-22.68
INDUSTRIA,-37.05
INDUSTRIA,-6.41
TRADER,-29.06
INDUSTRIA,-32.06
REFINERIA,-34.64
TRADER,-40.68
INDUSTRIA,-27.14
INDUSTRIA,-39.01
REFINERIA,-14.68
TRADER,-24.11
REFINERIA,-28.31
REFINERIA,-35.67
TRADER,-6.95
TRADER,-47.18
REFINERIA,-32.77
INDUSTRIA,-7.81
INDUSTRIA,-40.88
REFINERIA,-66.11
REFINERIA,-43.39
TRADER,-15.67
REFINERIA,-52.6
REFINERIA,-50.14
REFINERIA,-25.57
TRADER,2.83
REFINERIA,-33.52
INDUSTRIA,-7.22
INDUSTRIA,-24.72
INDUSTRIA,-33.85
INDUSTRIA,-11.84
TRADER,-13.63
REFINERIA,-33.4
INDUSTRIA,-26.18
TRADER,-31.38
TRADER,-42.01
TRADER,-10.6
REFINERIA,-35.54
INDUSTRIA,-15.69
INDUSTRIA,-9.9
INDUSTRIA,-16.88
TRADER,-22.93
INDUSTRIA,-18.44
TRADER,-27.66
REFINERIA,-10.96
INDUSTRIA,-9.02
INDUSTRIA,-26.87
REFINERIA,-19.92
INDUSTRIA,-40.42
TRADER,-30.21
REFINERIA,-43.15
TRADER,-37.25
REFINERIA,-45.31
REFINERIA,-34.67
REFINERIA,-22.23
TRADER,-46.87
REFINERIA,-17.09
INDUSTRIA,-6.65
INDUSTRIA,-31.17
INDUSTRIA,-41.46
TRADER,-30.19
REFINERIA,-47.78
INDUSTRIA,0.66
REFINERIA,-49.62
TRADER,-47.74
TRADER,-13.21
INDUSTRIA,-3.59
REFINERIA,-53.86
INDUSTRIA,-15.83
INDUSTRIA,-1.07
INDUSTRIA,-46.04
REFINERIA,-30.89
REFINERIA,-29.42
INDUSTRIA,-16.51
REFINERIA,-22.22
REFINERIA,-31.39
TRADER,-46.16
TRADER,-30.26
INDUSTRIA,-13.9
REFINERIA,-69.32
TRADER,0.87
INDUSTRIA,-10.28
TRADER,-20.25
INDUSTRIA,-20.74
REFINERIA,-26.98
REFINERIA,-4.59
TRADER,-58.91
TRADER,-28.02
REFINERIA,-4.08
TRADER,-23.17
REFINERIA,-20.75
TRADER,-41.4
REFINERIA,-0.37
TRADER,-3.68
TRADER,-41.83
INDUSTRIA,-25.65
REFINERIA,-37.68
INDUSTRIA,-22.05
REFINERIA,-23.58
INDUSTRIA,-49.15
TRADER,-14.03
INDUSTRIA,-49.77
TRADER,-43.33
INDUSTRIA,-25.25
REFINERIA,-17.9
REFINERIA,-36.54
INDUSTRIA,-26.11
TRADER,-42.49
REFINERIA,-29.24
INDUSTRIA,-41.19
TRADER,-9.94
TRADER,-26.97
REFINERIA,-38.06
INDUSTRIA,-20.69
TRADER,-20.39
TRADER,-30.79
TRADER,-63.04
INDUSTRIA,-30.94
TRADER,-34.36
INDUSTRIA,-34.29
INDUSTRIA,-43.37
TRADER,-16.54
INDUSTRIA,-24.38
INDUSTRIA,-48.94
REFINERIA,-2.18
INDUSTRIA,-35.95
REFINERIA,-18.76
REFINERIA,-32.98
REFINERIA,-20.79
REFINERIA,-3.32
REFINERIA,-47.45
REFINERIA,-41.88
INDUSTRIA,-42.19
INDUSTRIA,-32.37
INDUSTRIA,-4.08
TRADER,-49.17
REFINERIA,-60.22
REFINERIA,-20.08
TRADER,-30.32
TRADER,-33.91
INDUSTRIA,-38.56
INDUSTRIA,-15.73
INDUSTRIA,-49.45
REFINERIA,-32.14
TRADER,3.34
INDUSTRIA,-30.75
REFINERIA,-36.2
REFINERIA,-12.57
TRADER,-34.54
INDUSTRIA,-40.99
REFINERIA,-56.47
TRADER,-9.03
REFINERIA,-31.41
TRADER,-56.45
TRADER,-47.58
TRADER,-4.75
TRADER,-31.9
TRADER,-43.14
TRADER,-31.23
TRADER,-38.64
INDUSTRIA,-2.66
TRADER,-26.83
TRADER,-59.62
INDUSTRIA,-35.94
REFINERIA,-72.25
INDUSTRIA,-38.02
REFINERIA,-40.49
INDUSTRIA,-37.54
REFINERIA,-29.84
TRADER,-58.71
REFINERIA,-44.14
INDUSTRIA,-14.84
INDUSTRIA,-44.45
TRADER,-54.53
INDUSTRIA,-17.2
INDUSTRIA,-42.08
REFINERIA,-24.34
TRADER,-26.63
TRADER,-36.77
REFINERIA,-36.5
TRADER,-51.56
REFINERIA,-50.17
INDUSTRIA,-18.97
INDUSTRIA,-46.92
INDUSTRIA,-33.65
TRADER,2.94
INDUSTRIA,-22.91
REFINERIA,-48.51
REFINERIA,-24.06
TRADER,-55.52
REFINERIA,-55.2
REFINERIA,-30.38
TRADER,-8.68
INDUSTRIA,4.89
INDUSTRIA,5.08
TRADER,-27.36
REFINERIA,-39.65
TRADER,-33.96
TRADER,-20.47
REFINERIA,-20.56
INDUSTRIA,-41.22
TRADER,-21.69
INDUSTRIA,-31.22
INDUSTRIA,-63.88
TRADER,-45.17
TRADER,-18.07
TRADER,-7.73
REFINERIA,-39.02
REFINERIA,-29.36
REFINERIA,-15.06
REFINERIA,-47.84
TRADER,-39.68
INDUSTRIA,-21.54
TRADER,-25.17
INDUSTRIA,-57.34
TRADER,-16.9
INDUSTRIA,-0.68
REFINERIA,-59.44
REFINERIA,-42.35
INDUSTRIA,-26.58
INDUSTRIA,-23.82
INDUSTRIA,-11.73
INDUSTRIA,-33.13
REFINERIA,-35.3
REFINERIA,-41.38
TRADER,-33.68
REFINERIA,-33.55
REFINERIA,-34.29
INDUSTRIA,-53.35
INDUSTRIA,-33.49
INDUSTRIA,-1.57
INDUSTRIA,-36.8
REFINERIA,-25.71
REFINERIA,-38.83
TRADER,-47.85
INDUSTRIA,-30.96
REFINERIA,-34.67
INDUSTRIA,-41.53
TRADER,-5.69
INDUSTRIA,-26.06
REFINERIA,-33.93
TRADER,-41.75
INDUSTRIA,-22.94
INDUSTRIA,-23.54
INDUSTRIA,-41.96
REFINERIA,-57.79
REFINERIA,-30.52
TRADER,-22.76
TRADER,-2.86
TRADER,-35.52
REFINERIA,-39.19
TRADER,-11.78
INDUSTRIA,-47.36
REFINERIA,-51.99
INDUSTRIA,-48.37
INDUSTRIA,-27.79
TRADER,-26.83
INDUSTRIA,-37.47
REFINERIA,-42.08
TRADER,-24.29
INDUSTRIA,-54.42
TRADER,-48.74
INDUSTRIA,-37.23
INDUSTRIA,-8.73
INDUSTRIA,-19.56
TRADER,-18.31
REFINERIA,-16.47
REFINERIA,-37.22
TRADER,-43.29
TRADER,-40.12
REFINERIA,-47.15
TRADER,-23.72
REFINERIA,-39.66
TRADER,-9.78
REFINERIA,-48.13
INDUSTRIA,-38.22
INDUSTRIA,-20.22
TRADER,-45.22
TRADER,-19.41
REFINERIA,-12.66
REFINERIA,-30.81
REFINERIA,-27.49
INDUSTRIA,-50.43
REFINERIA,-26.14
TRADER,-54.08
TRADER,-40.36
INDUSTRIA,-12.85
REFINERIA,-37.95
TRADER,-23.54
TRADER,-37.44
REFINERIA,-23.15
INDUSTRIA,-34.25
INDUSTRIA,-21.73
REFINERIA,-21.91
TRADER,-44.43
REFINERIA,-22.3
REFINERIA,-41.91
REFINERIA,-52.67
REFINERIA,-56.29
TRADER,-36.69
TRADER,-50.6
REFINERIA,-27.57
REFINERIA,-37.67
INDUSTRIA,-34.13
TRADER,-22.38
INDUSTRIA,0.88
INDUSTRIA,-33.37
INDUSTRIA,-24.67
INDUSTRIA,-23.11
INDUSTRIA,-16.71
TRADER,-35.09
INDUSTRIA,-29.95
INDUSTRIA,-54.26
TRADER,9.74
INDUSTRIA,-9.73
TRADER,-19.94
INDUSTRIA,-36.04
INDUSTRIA,-36.34
REFINERIA,1.12
INDUSTRIA,-59.14
REFINERIA,-28.3
TRADER,-44.04
TRADER,-37.34
REFINERIA,-20.48
INDUSTRIA,-60.54
REFINERIA,-43.46
INDUSTRIA,-32.48
REFINERIA,-55.67
TRADER,-1.13
REFINERIA,-31.59
REFINERIA,-50.88
TRADER,-7.43
TRADER,-14.2
INDUSTRIA,-59.9
TRADER,-35.11
REFINERIA,-46.86
INDUSTRIA,-38.28
TRADER,-43.52
TRADER,-17.1
REFINERIA,-37.09
REFINERIA,-42.74
TRADER,-53.35
INDUSTRIA,-13.27
INDUSTRIA,-65.02
TRADER,-18.94
TRADER,-24.83
INDUSTRIA,-29.21
TRADER,-34.94
REFINERIA,-61.62
REFINERIA,-18.78
INDUSTRIA,-35.07
REFINERIA,-28.32
INDUSTRIA,-2.91
REFINERIA,-27.98
TRADER,-57.79
TRADER,-17.04
INDUSTRIA,-23.46
TRADER,-36.17
INDUSTRIA,-10.1
TRADER,-15.19
INDUSTRIA,-37.81
INDUSTRIA,-6.62
REFINERIA,-23.49
REFINERIA,-49.07
INDUSTRIA,-28.19
REFINERIA,-3.16
INDUSTRIA,-35.15
REFINERIA,-28.54
TRADER,-40.95
TRADER,-40.03
INDUSTRIA,-41.42
TRADER,-34.34
INDUSTRIA,-15.78
INDUSTRIA,-18.26
INDUSTRIA,-57.32
TRADER,-57.77
TRADER,-32.3
TRADER,-20.08
TRADER,-6.58
INDUSTRIA,-36.88
INDUSTRIA,-15.19
REFINERIA,-8.24
INDUSTRIA,-41.92
TRADER,-43.7
INDUSTRIA,-32.56
TRADER,-30.53
REFINERIA,-39.3
TRADER,-37.32
REFINERIA,-20.97
TRADER,-13.84
REFINERIA,-16.5
TRADER,-2.78
REFINERIA,-37.97
REFINERIA,-23.22
INDUSTRIA,-44.58
REFINERIA,-8.77
INDUSTRIA,-35.91
TRADER,-32.82
REFINERIA,-34.11
REFINERIA,-9.99
TRADER,-22.89
REFINERIA,-23.52
INDUSTRIA,-34.89
TRADER,-18.89
REFINERIA,-18.17
INDUSTRIA,-27.48
TRADER,-18.52
INDUSTRIA,-30.79
REFINERIA,-43.34
REFINERIA,-21.89
TRADER,-56.22
TRADER,-27.32
INDUSTRIA,-49.06
INDUSTRIA,-33.06
INDUSTRIA,-30.38
INDUSTRIA,-42.72
REFINERIA,-43.81
REFINERIA,-32.69
INDUSTRIA,-34.79
REFINERIA,-10.56
REFINERIA,-49.03
TRADER,-15.94
REFINERIA,-24.32
TRADER,-26.76
INDUSTRIA,-30.17
INDUSTRIA,-15.11
REFINERIA,-34.6
INDUSTRIA,-4.71
TRADER,-27.91
REFINERIA,-27.61
REFINERIA,-43.38
REFINERIA,-47.45
REFINERIA,-36.29
REFINERIA,-32.19
INDUSTRIA,-47.71
INDUSTRIA,-22.1
REFINERIA,-2.22
INDUSTRIA,-20.27
INDUSTRIA,-40.95
REFINERIA,-25.1
TRADER,-32.36
REFINERIA,-39.19
TRADER,-40.82
REFINERIA,-39.36
INDUSTRIA,-48.67
TRADER,-39.12
TRADER,-20.8
REFINERIA,-32.08
TRADER,-24.47
TRADER,-32.43
INDUSTRIA,-37.95
REFINERIA,-6.12
REFINERIA,-35.12
TRADER,-58.52
INDUSTRIA,-27.72
REFINERIA,-26.55
REFINERIA,-38.76
REFINERIA,-34.0
INDUSTRIA,-36.35
INDUSTRIA,-48.26
INDUSTRIA,-22.72
TRADER,-20.5
TRADER,-67.87
TRADER,-34.29
TRADER,-21.16
REFINERIA,0.79
INDUSTRIA,-59.95
INDUSTRIA,-25.62
TRADER,-41.96
INDUSTRIA,-41.04
TRADER,-32.08
REFINERIA,-17.6
TRADER,-31.23
INDUSTRIA,-31.48
REFINERIA,-28.24
REFINERIA,-31.39
TRADER,-48.85
TRADER,-20.42
REFINERIA,4.38
INDUSTRIA,-54.91
INDUSTRIA,-4.01
REFINERIA,-10.09
TRADER,-32.89
REFINERIA,-13.52
REFINERIA,-29.92
REFINERIA,-31.7
REFINERIA,-16.43
TRADER,-21.92
REFINERIA,-28.69
TRADER,-31.0
INDUSTRIA,-22.1
INDUSTRIA,-37.26
REFINERIA,-13.7
TRADER,-25.12
TRADER,-15.64
TRADER,-50.71
TRADER,-15.86
INDUSTRIA,-28.76
REFINERIA,-19.16
REFINERIA,-16.16
TRADER,-56.32
INDUSTRIA,-19.56
INDUSTRIA,-11.61
TRADER,-25.7
INDUSTRIA,-59.78
REFINERIA,-29.25
TRADER,-32.87
REFINERIA,-36.42
TRADER,-61.96
REFINERIA,-36.19
TRADER,-13.62
TRADER,-29.74
TRADER,-47.38
REFINERIA,-5.0
TRADER,-20.0
REFINERIA,-38.08
TRADER,-65.04
INDUSTRIA,-37.36
REFINERIA,-27.12
REFINERIA,-19.77
TRADER,-41.27
REFINERIA,-4.37
TRADER,-25.52
INDUSTRIA,-13.92
REFINERIA,-33.35
INDUSTRIA,-45.54
REFINERIA,-45.45
INDUSTRIA,-48.5
INDUSTRIA,-77.36
INDUSTRIA,-44.86
REFINERIA,-40.83
TRADER,-29.3
TRADER,-25.11
INDUSTRIA,-30.32
REFINERIA,-19.91
INDUSTRIA,-46.12
REFINERIA,-28.49
REFINERIA,-18.03
REFINERIA,-14.32
TRADER,-44.17
TRADER,4.5
TRADER,-54.92
TRADER,-14.14
INDUSTRIA,-20.18
INDUSTRIA,-50.44
TRADER,-15.05
REFINERIA,-46.54
TRADER,-14.76
TRADER,-36.08
TRADER,-10.96
TRADER,6.1
TRADER,-12.09
REFINERIA,9.26
TRADER,-42.62
TRADER,-14.75
TRADER,-48.65
REFINERIA,-18.23
INDUSTRIA,-11.39
REFINERIA,-16.14
INDUSTRIA,-39.29
INDUSTRIA,-20.9
TRADER,-53.32
TRADER,-6.18
TRADER,-42.47
TRADER,-61.05
TRADER,-23.63
TRADER,-25.27
REFINERIA,-36.28
INDUSTRIA,-28.87
TRADER,-37.01
REFINERIA,-32.53
TRADER,-36.24
REFINERIA,-40.62
REFINERIA,-6.91
REFINERIA,-3.87
REFINERIA,-25.72
REFINERIA,0.25
INDUSTRIA,-63.08
TRADER,-39.61
REFINERIA,-27.75
INDUSTRIA,-34.68
TRADER,-26.67
INDUSTRIA,-47.88
TRADER,-37.21
REFINERIA,-17.45
TRADER,-20.83
INDUSTRIA,0.25
TRADER,-10.69
REFINERIA,-32.18
INDUSTRIA,-34.55
INDUSTRIA,-22.54
TRADER,-43.23
REFINERIA,-42.36
INDUSTRIA,-24.73
INDUSTRIA,-28.07
REFINERIA,-57.28
TRADER,-12.37
TRADER,-57.28
TRADER,-29.06
REFINERIA,-11.61
TRADER,-46.76
REFINERIA,-3.81
INDUSTRIA,-34.38
REFINERIA,-38.73
REFINERIA,7.86
REFINERIA,-35.58
TRADER,-40.01
TRADER,-46.28
REFINERIA,-18.81
REFINERIA,-29.12
INDUSTRIA,-5.13
TRADER,-14.61
TRADER,-29.31
TRADER,-37.83
TRADER,-21.31
REFINERIA,-41.68
TRADER,-47.42
INDUSTRIA,-47.07
INDUSTRIA,-12.43
TRADER,-16.14
TRADER,-12.4
REFINERIA,-43.24
REFINERIA,-32.17
INDUSTRIA,-51.13
TRADER,-55.37
TRADER,-51.04
REFINERIA,-19.51
TRADER,-7.88
INDUSTRIA,-33.98
INDUSTRIA,-51.29
REFINERIA,-19.89
REFINERIA,-43.13
REFINERIA,-37.83
TRADER,-31.18
REFINERIA,-27.32
TRADER,-45.75
REFINERIA,-35.46
REFINERIA,-52.16
TRADER,-29.77
REFINERIA,-15.02
INDUSTRIA,-63.39
REFINERIA,-9.43
REFINERIA,-33.89
TRADER,-41.89
INDUSTRIA,-31.52
INDUSTRIA,-40.92
REFINERIA,-52.73
INDUSTRIA,-34.92
REFINERIA,-24.36
TRADER,-14.05
REFINERIA,-37.74
INDUSTRIA,-85.93
INDUSTRIA,-26.84
TRADER,-43.85
REFINERIA,-60.63
REFINERIA,-33.4
TRADER,-51.69
REFINERIA,-33.39
TRADER,-43.06
REFINERIA,-25.88
TRADER,-26.19
TRADER,-18.6
TRADER,-41.02
REFINERIA,-18.04
TRADER,-40.61
TRADER,-30.27
REFINERIA,-34.56
TRADER,-13.8
REFINERIA,-25.86
TRADER,-54.19
INDUSTRIA,-25.18
REFINERIA,-19.83
TRADER,-19.97
REFINERIA,-64.88
REFINERIA,-35.54
INDUSTRIA,-21.6
TRADER,-24.76
TRADER,-15.75
TRADER,-38.4
TRADER,-19.95
INDUSTRIA,-13.24
REFINERIA,-13.55
INDUSTRIA,-37.39
REFINERIA,-29.47
REFINERIA,-39.49
TRADER,-63.81
INDUSTRIA,-16.52
REFINERIA,-38.03
REFINERIA,-15.85
TRADER,-64.27
INDUSTRIA,-29.13
REFINERIA,-24.37
REFINERIA,-13.52
INDUSTRIA,1.63
INDUSTRIA,-32.7
INDUSTRIA,-55.91
INDUSTRIA,-5.15
TRADER,-8.16
REFINERIA,-38.05
REFINERIA,3.4
REFINERIA,-60.96
TRADER,-31.79
TRADER,-34.56
INDUSTRIA,-40.58
TRADER,-20.09
TRADER,-41.26
INDUSTRIA,-28.57
INDUSTRIA,-37.05
REFINERIA,-1.8
REFINERIA,-30.48
INDUSTRIA,-30.54
TRADER,-24.68
TRADER,-22.71
TRADER,-31.6
REFINERIA,-42.27
REFINERIA,-18.15
REFINERIA,-33.41
REFINERIA,8.66
REFINERIA,-40.11
INDUSTRIA,-5.01
TRADER,1.97
REFINERIA,-20.49
TRADER,-53.69
REFINERIA,-18.49
REFINERIA,-51.6
INDUSTRIA,-32.72
TRADER,-28.54
INDUSTRIA,-43.68
TRADER,-32.79
TRADER,-5.84
TRADER,-3.11
INDUSTRIA,-2.37
REFINERIA,-47.83
TRADER,-25.83
INDUSTRIA,-29.46
REFINERIA,-41.27
TRADER,-14.83
TRADER,-43.75
TRADER,-39.99
REFINERIA,-64.45
INDUSTRIA,-43.98
REFINERIA,-29.07
TRADER,-39.3
TRADER,-35.82
TRADER,-19.32
INDUSTRIA,-47.52
TRADER,-38.37
INDUSTRIA,-49.55
TRADER,-13.63
REFINERIA,-44.42
TRADER,-62.85
TRADER,-54.62
TRADER,-17.76
TRADER,-21.5
INDUSTRIA,-19.57
TRADER,-29.21
REFINERIA,-17.64
TRADER,-13.5
TRADER,-32.6
REFINERIA,-46.89
REFINERIA,-35.27
REFINERIA,-42.63
INDUSTRIA,-28.79
TRADER,-19.05
INDUSTRIA,-11.1
REFINERIA,-9.04
TRADER,-22.62
REFINERIA,-36.44
INDUSTRIA,-2.85
TRADER,-30.35
INDUSTRIA,-15.12
INDUSTRIA,-24.09
TRADER,-16.25
REFINERIA,-48.87
TRADER,-34.27
REFINERIA,-19.63
INDUSTRIA,-63.91
INDUSTRIA,-34.31
REFINERIA,-55.81
TRADER,-44.78
INDUSTRIA,-8.43
TRADER,-24.4
REFINERIA,-38.46
REFINERIA,-38.79
INDUSTRIA,-18.38
REFINERIA,-23.59
REFINERIA,-15.41
INDUSTRIA,-38.53
REFINERIA,-8.93
TRADER,-12.15
REFINERIA,-39.0
INDUSTRIA,-9.74
INDUSTRIA,-41.74
INDUSTRIA,-28.04
TRADER,-31.29
TRADER,-29.8
REFINERIA,-41.79
REFINERIA,-48.87
INDUSTRIA,-27.78
REFINERIA,-49.3
REFINERIA,-29.33
TRADER,-27.89
TRADER,-7.07
TRADER,-55.1
REFINERIA,-27.36
INDUSTRIA,-45.82
INDUSTRIA,-44.2
INDUSTRIA,-36.31
TRADER,-22.88
INDUSTRIA,-39.05
REFINERIA,-25.51
INDUSTRIA,-39.56
REFINERIA,-36.79
INDUSTRIA,-17.61
REFINERIA,-39.94
TRADER,-33.81
INDUSTRIA,-44.16
INDUSTRIA,4.51
TRADER,-18.15
REFINERIA,-44.8
REFINERIA,-11.9
INDUSTRIA,-51.14
TRADER,-42.08
INDUSTRIA,-21.4
REFINERIA,6.89
REFINERIA,-3.54
TRADER,-47.0
REFINERIA,-33.49
INDUSTRIA,-10.77
REFINERIA,1.29
REFINERIA,-47.38
TRADER,-35.12
INDUSTRIA,-37.98
TRADER,-31.06
INDUSTRIA,-42.64
TRADER,-32.65
INDUSTRIA,-25.5
TRADER,-20.08
REFINERIA,-13.85
TRADER,-38.76
TRADER,-37.47
REFINERIA,-38.32
TRADER,-38.62
INDUSTRIA,-34.22
TRADER,-20.34
INDUSTRIA,-36.71
REFINERIA,-37.53
TRADER,-21.87
INDUSTRIA,-13.87
INDUSTRIA,-34.11
INDUSTRIA,-22.62
REFINERIA,-17.7
TRADER,-33.28
REFINERIA,-46.51
TRADER,-40.44
REFINERIA,10.2
REFINERIA,-32.34
REFINERIA,-15.58
REFINERIA,-46.13
REFINERIA,-40.1
TRADER,-39.17
TRADER,-16.27
REFINERIA,-15.19
REFINERIA,-30.96
INDUSTRIA,-37.27
REFINERIA,-21.0
TRADER,-10.77
REFINERIA,-12.86
TRADER,-9.08
TRADER,-50.32
TRADER,-40.81
INDUSTRIA,-33.9
INDUSTRIA,-1.75
TRADER,-32.79
INDUSTRIA,-6.18
INDUSTRIA,-44.84
TRADER,-7.88
TRADER,-21.22
INDUSTRIA,-39.69
REFINERIA,-21.16
INDUSTRIA,-45.85
TRADER,-36.58
INDUSTRIA,-4.19
INDUSTRIA,-61.48
TRADER,-41.37
REFINERIA,-25.65
INDUSTRIA,-34.56
TRADER,-34.72
REFINERIA,-27.87
TRADER,-30.29
INDUSTRIA,-32.36
TRADER,-27.63
INDUSTRIA,-30.94
REFINERIA,-40.02
INDUSTRIA,-40.52
INDUSTRIA,-25.74
TRADER,-32.69
REFINERIA,-6.39
REFINERIA,-22.54
REFINERIA,-33.03
REFINERIA,-26.14
REFINERIA,-33.78
INDUSTRIA,-45.91
INDUSTRIA,-26.71
REFINERIA,-39.93
INDUSTRIA,-43.83
TRADER,-22.64
TRADER,-28.47
INDUSTRIA,-14.83
TRADER,-18.67
INDUSTRIA,-32.89
INDUSTRIA,-35.68
REFINERIA,-26.36
REFINERIA,4.04
TRADER,-3.92
TRADER,-55.05
REFINERIA,-24.83
TRADER,-26.82
REFINERIA,-48.54
INDUSTRIA,-30.54
REFINERIA,-38.15
REFINERIA,-45.23
TRADER,-48.15
REFINERIA,-34.55
INDUSTRIA,-35.49
TRADER,-27.37
REFINERIA,-22.44
REFINERIA,-41.88
INDUSTRIA,-34.41
REFINERIA,-11.11
REFINERIA,-9.7
TRADER,-35.55
REFINERIA,-34.73
REFINERIA,-24.63
INDUSTRIA,-34.43
REFINERIA,-49.23
TRADER,-45.6
INDUSTRIA,-51.58
TRADER,-43.61
INDUSTRIA,-16.96
REFINERIA,-24.87
INDUSTRIA,-18.55
INDUSTRIA,-25.77
REFINERIA,-4.55
INDUSTRIA,-53.21
TRADER,0.02
INDUSTRIA,-38.88
INDUSTRIA,-39.11
REFINERIA,-69.65
REFINERIA,-27.24
TRADER,-30.94
REFINERIA,-15.13
TRADER,-39.76
REFINERIA,-45.44
INDUSTRIA,-45.07
INDUSTRIA,-50.81
REFINERIA,-31.89
TRADER,-29.75
INDUSTRIA,-1.01
TRADER,-53.26
TRADER,-28.84
TRADER,-43.23
INDUSTRIA,-18.5
TRADER,-23.5
INDUSTRIA,-44.86
TRADER,-30.42
TRADER,-10.84
TRADER,-25.32
REFINERIA,-34.63
REFINERIA,-28.89
INDUSTRIA,-23.04
TRADER,-30.45
TRADER,-42.99
TRADER,-17.71
INDUSTRIA,-27.74
INDUSTRIA,-14.43
REFINERIA,-33.05
INDUSTRIA,-18.18
REFINERIA,-54.08
TRADER,-29.88
TRADER,-42.54
TRADER,-17.58
INDUSTRIA,-27.26
TRADER,-18.06
TRADER,-41.33
INDUSTRIA,-5.78
TRADER,-31.15
TRADER,-18.75
TRADER,-56.9
TRADER,-28.35
REFINERIA,-19.06
INDUSTRIA,-29.65
INDUSTRIA,-30.6
TRADER,-21.3
REFINERIA,-46.39
INDUSTRIA,-25.24
REFINERIA,-57.52
REFINERIA,-15.42
INDUSTRIA,-11.16
REFINERIA,-25.42
TRADER,-51.64
TRADER,-13.93
REFINERIA,-23.98
REFINERIA,-16.8
TRADER,-29.85
INDUSTRIA,-29.57
TRADER,-29.9
INDUSTRIA,-27.79
INDUSTRIA,-14.68
INDUSTRIA,-39.4
INDUSTRIA,-26.17
TRADER,-33.25
REFINERIA,-36.03
TRADER,-20.39
REFINERIA,-52.89
INDUSTRIA,-19.71
INDUSTRIA,-6.53
REFINERIA,-50.38
INDUSTRIA,-24.33
INDUSTRIA,-23.45
REFINERIA,-32.11
REFINERIA,-19.74
REFINERIA,-48.53
INDUSTRIA,-55.63
TRADER,-23.78
TRADER,-32.7
REFINERIA,-28.86
INDUSTRIA,-38.63
REFINERIA,-38.78
REFINERIA,-16.55
INDUSTRIA,-15.36
REFINERIA,-9.28
TRADER,-34.66
INDUSTRIA,-56.88
INDUSTRIA,-10.22
INDUSTRIA,-2.89
INDUSTRIA,-38.69
TRADER,-61.65
TRADER,-49.2
TRADER,-29.91
INDUSTRIA,-10.2
TRADER,-15.75
TRADER,-41.69
REFINERIA,-9.46
REFINERIA,-24.01
INDUSTRIA,-9.31
TRADER,-22.47
INDUSTRIA,-44.71
INDUSTRIA,-18.14
INDUSTRIA,-40.63
REFINERIA,-67.24
TRADER,-22.5
INDUSTRIA,-8.11
REFINERIA,-42.49
TRADER,-23.55
REFINERIA,-46.56
INDUSTRIA,-44.48
REFINERIA,-39.52
REFINERIA,-37.32
TRADER,-44.89
TRADER,-29.56
INDUSTRIA,-20.28
INDUSTRIA,-32.57
TRADER,-35.03
TRADER,-11.82
REFINERIA,-41.9
INDUSTRIA,-39.44
INDUSTRIA,-35.95
REFINERIA,-50.29
INDUSTRIA,-34.42
REFINERIA,-28.27
TRADER,-25.55
REFINERIA,-33.75
REFINERIA,-59.48
REFINERIA,-1.86
INDUSTRIA,-29.38
REFINERIA,-7.96
INDUSTRIA,-12.82
REFINERIA,-43.2
INDUSTRIA,-20.0
TRADER,-60.04
REFINERIA,-24.82
INDUSTRIA,-58.98
TRADER,-25.32
REFINERIA,-39.22
REFINERIA,-43.13
TRADER,0.38
INDUSTRIA,-20.11
REFINERIA,-9.59
TRADER,-22.57
TRADER,-43.59
TRADER,-15.22
TRADER,-34.23
REFINERIA,-31.99
REFINERIA,-20.26
REFINERIA,-42.1
TRADER,-8.07
TRADER,-39.06
REFINERIA,-8.82
INDUSTRIA,-25.55
INDUSTRIA,-35.36
REFINERIA,-17.55
REFINERIA,-37.92
TRADER,-27.01
REFINERIA,-47.3
TRADER,-42.51
TRADER,-46.48
TRADER,-28.6
INDUSTRIA,-40.47
REFINERIA,-7.5
TRADER,-49.96
REFINERIA,-21.04
REFINERIA,-23.27
REFINERIA,-42.76
REFINERIA,-33.47
TRADER,-22.05
REFINERIA,-28.82
INDUSTRIA,-60.96
INDUSTRIA,-11.59
INDUSTRIA,-39.22
INDUSTRIA,-29.79
REFINERIA,-50.84
REFINERIA,-33.2
REFINERIA,-38.08
INDUSTRIA,-25.58
INDUSTRIA,-38.11
REFINERIA,-11.96
INDUSTRIA,-24.04
TRADER,-0.21
INDUSTRIA,-26.86
INDUSTRIA,-26.86
TRADER,-31.29
INDUSTRIA,1.09
REFINERIA,-53.04
INDUSTRIA,-34.38
REFINERIA,-33.36
TRADER,-24.69
REFINERIA,-59.16
TRADER,-18.59
TRADER,-6.28
TRADER,-26.03
TRADER,-62.13
INDUSTRIA,-22.05
REFINERIA,-23.46
TRADER,-6.75
REFINERIA,-12.24
REFINERIA,-19.77
INDUSTRIA,-42.79
INDUSTRIA,-35.69
REFINERIA,-22.73
INDUSTRIA,-36.21
TRADER,-49.57
INDUSTRIA,-31.18
REFINERIA,-20.56
TRADER,-28.8
TRADER,-40.19
INDUSTRIA,5.53
INDUSTRIA,-30.34
REFINERIA,-30.94
INDUSTRIA,-27.28
INDUSTRIA,-2.85
REFINERIA,-53.75
TRADER,-24.11
REFINERIA,-37.46
REFINERIA,-27.36
REFINERIA,-38.79
INDUSTRIA,-4.69
TRADER,-24.82
REFINERIA,-17.98
REFINERIA,-28.1
INDUSTRIA,-28.69
REFINERIA,-26.64
TRADER,-27.8
INDUSTRIA,-0.46
REFINERIA,4.72
INDUSTRIA,-32.01
REFINERIA,-21.53
REFINERIA,-29.13
TRADER,-48.36
INDUSTRIA,-31.36
TRADER,-22.43
TRADER,-19.09
REFINERIA,-34.84
REFINERIA,-35.53
TRADER,-3.55
INDUSTRIA,-22.46
REFINERIA,-13.3
TRADER,-22.76
TRADER,-40.78
INDUSTRIA,-26.94
INDUSTRIA,-18.27
TRADER,-22.08
INDUSTRIA,-46.76
REFINERIA,-54.33
REFINERIA,-34.14
INDUSTRIA,-21.23
TRADER,-56.11
REFINERIA,-9.05
INDUSTRIA,-32.85
INDUSTRIA,-48.0
TRADER,-0.17
INDUSTRIA,-29.24
TRADER,-37.27
TRADER,-19.74
REFINERIA,-5.56
INDUSTRIA,-32.11
INDUSTRIA,-76.03
TRADER,-35.3
INDUSTRIA,-20.64
REFINERIA,-30.24
INDUSTRIA,-35.55
TRADER,-0.48
INDUSTRIA,-37.78
REFINERIA,-40.7
REFINERIA,-32.11
TRADER,-43.35
TRADER,-33.96
INDUSTRIA,-7.88
REFINERIA,-7.45
REFINERIA,-44.05
INDUSTRIA,-15.17
INDUSTRIA,-20.32
TRADER,-27.69
TRADER,-41.06
REFINERIA,-23.38
TRADER,-23.14
REFINERIA,-10.87
REFINERIA,-20.55
REFINERIA,-22.47
TRADER,-27.25
TRADER,-35.13
TRADER,-46.78
INDUSTRIA,-12.63
INDUSTRIA,-29.85
REFINERIA,-23.72
TRADER,-55.61
INDUSTRIA,-46.42
REFINERIA,-27.63
REFINERIA,-39.82
TRADER,-47.54
REFINERIA,-41.35
REFINERIA,-33.78
INDUSTRIA,-28.37
TRADER,-38.91
INDUSTRIA,-51.33
INDUSTRIA,-36.3
TRADER,-23.19
TRADER,-65.76
INDUSTRIA,-39.81
TRADER,-33.23
REFINERIA,-27.75
INDUSTRIA,-36.34
REFINERIA,-9.65
TRADER,-29.65
INDUSTRIA,-29.57
INDUSTRIA,-27.89
REFINERIA,-14.22
INDUSTRIA,-11.2
TRADER,-43.16
REFINERIA,-42.63
INDUSTRIA,-19.58
TRADER,-35.99
REFINERIA,-57.27
TRADER,-52.23
REFINERIA,-14.41
TRADER,-44.64
REFINERIA,-37.64
TRADER,-31.83
REFINERIA,-22.25
TRADER,-8.82
INDUSTRIA,-26.11
INDUSTRIA,-19.7
INDUSTRIA,-31.55
INDUSTRIA,-16.57
REFINERIA,-28.93
REFINERIA,-54.27
INDUSTRIA,-18.92
REFINERIA,-22.8
INDUSTRIA,-20.86
REFINERIA,-52.86
TRADER,-27.98
REFINERIA,-21.13
REFINERIA,-15.04
TRADER,-26.41
TRADER,-49.8
INDUSTRIA,-33.34
INDUSTRIA,-0.96
INDUSTRIA,-41.51
TRADER,-33.72
REFINERIA,-36.56
INDUSTRIA,-43.81
TRADER,-35.4
INDUSTRIA,-26.2
REFINERIA,-19.8
REFINERIA,-60.88
INDUSTRIA,-18.27
REFINERIA,-40.04
INDUSTRIA,-33.21
INDUSTRIA,-46.53
REFINERIA,-19.58
REFINERIA,-30.87
INDUSTRIA,-40.07
REFINERIA,-12.16
REFINERIA,-38.72
REFINERIA,-13.59
INDUSTRIA,-25.4
TRADER,-8.14
INDUSTRIA,-10.6
TRADER,-31.97
INDUSTRIA,-7.43
REFINERIA,-32.34
REFINERIA,-8.67
INDUSTRIA,-20.1
INDUSTRIA,-26.14
TRADER,-48.77
INDUSTRIA,-49.88
TRADER,-36.55
TRADER,-22.74
INDUSTRIA,-38.87
REFINERIA,-26.26
INDUSTRIA,-9.86
INDUSTRIA,-47.47
REFINERIA,-35.08
REFINERIA,-41.38
REFINERIA,-39.8
INDUSTRIA,-38.07
REFINERIA,-34.13
REFINERIA,-40.94
INDUSTRIA,-31.86
REFINERIA,-11.49
TRADER,-17.98
TRADER,-36.26
REFINERIA,-23.56
REFINERIA,-17.79
REFINERIA,-26.62
TRADER,-45.4
TRADER,-40.62
TRADER,-40.22
TRADER,-39.1
INDUSTRIA,-25.92
TRADER,-22.88
INDUSTRIA,-34.37
INDUSTRIA,-21.96
INDUSTRIA,-15.67
REFINERIA,-34.25
INDUSTRIA,-20.97
INDUSTRIA,-17.4
REFINERIA,-29.11
TRADER,-7.73
INDUSTRIA,-43.08
INDUSTRIA,-40.43
REFINERIA,-14.22
TRADER,-24.94
INDUSTRIA,-38.86
REFINERIA,-60.3
INDUSTRIA,-27.03
TRADER,-42.37
TRADER,-14.11
INDUSTRIA,-38.68
INDUSTRIA,-10.33
REFINERIA,-54.03
TRADER,-18.18
TRADER,-63.27
TRADER,-42.28
REFINERIA,-15.6
REFINERIA,-20.6
TRADER,-35.68
INDUSTRIA,-13.18
TRADER,-63.9
TRADER,-38.27
REFINERIA,-38.67
INDUSTRIA,-14.58
INDUSTRIA,-26.44
REFINERIA,-11.54
INDUSTRIA,-9.82
REFINERIA,-38.65
TRADER,-36.32
INDUSTRIA,-32.96
INDUSTRIA,-13.59
TRADER,-38.97
TRADER,-30.56
TRADER,-34.51
TRADER,-32.55
TRADER,-25.87
INDUSTRIA,-9.05
REFINERIA,-40.94
TRADER,-41.5
REFINERIA,-32.29
TRADER,-33.2
TRADER,-26.94
REFINERIA,-25.08
INDUSTRIA,-10.42
REFINERIA,-10.42
INDUSTRIA,-38.07
REFINERIA,-23.75
REFINERIA,-52.91
REFINERIA,-33.63
TRADER,-0.82
INDUSTRIA,-27.6
REFINERIA,-38.17
TRADER,-6.25
TRADER,-27.64
TRADER,-37.67
TRADER,-51.74
TRADER,-28.23
TRADER,-14.11
REFINERIA,-34.41
INDUSTRIA,-8.76
TRADER,-47.89
TRADER,-43.31
TRADER,-25.65
REFINERIA,-35.1
TRADER,-47.83
TRADER,-31.23
INDUSTRIA,-46.29
TRADER,-47.21
REFINERIA,-9.17
TRADER,-56.97
REFINERIA,-35.66
TRADER,-59.29
TRADER,-4.53
INDUSTRIA,-28.87
TRADER,-42.74
TRADER,-23.73
TRADER,-21.47
INDUSTRIA,-27.9
INDUSTRIA,-25.49
INDUSTRIA,-25.57
TRADER,-60.59
REFINERIA,-37.66
REFINERIA,-46.9
TRADER,-31.72
TRADER,-30.11
REFINERIA,-25.19
REFINERIA,-38.89
INDUSTRIA,-18.16
REFINERIA,-45.37
TRADER,-17.81
REFINERIA,-59.09
REFINERIA,-16.61
INDUSTRIA,-25.64
INDUSTRIA,-45.07
TRADER,-39.08
INDUSTRIA,-52.02
INDUSTRIA,-16.71
INDUSTRIA,-23.17
INDUSTRIA,-9.56
INDUSTRIA,-30.3
TRADER,-51.46
INDUSTRIA,-32.47
INDUSTRIA,-26.34
TRADER,-19.64
INDUSTRIA,-40.7
REFINERIA,-22.86
REFINERIA,-57.18
REFINERIA,-10.33
TRADER,-45.16
INDUSTRIA,-32.75
INDUSTRIA,-38.08
TRADER,-27.17
TRADER,-20.24
REFINERIA,-25.8
TRADER,-42.48
TRADER,-33.94
TRADER,-0.73
REFINERIA,-30.37
REFINERIA,-27.02
REFINERIA,-37.33
INDUSTRIA,-25.36
INDUSTRIA,-43.93
REFINERIA,-51.09
REFINERIA,-39.01
INDUSTRIA,-36.41
INDUSTRIA,-28.98
INDUSTRIA,-51.15
TRADER,-34.1
TRADER,-53.66
INDUSTRIA,-47.46
TRADER,-22.09
REFINERIA,-37.48
TRADER,-24.32
REFINERIA,-57.77
REFINERIA,-30.48
REFINERIA,-40.05
TRADER,-37.82
INDUSTRIA,10.48
INDUSTRIA,-30.11
INDUSTRIA,-17.27
INDUSTRIA,-24.34
TRADER,-33.41
INDUSTRIA,-47.16
REFINERIA,-38.8
TRADER,-27.91
INDUSTRIA,-52.82
TRADER,-40.69
TRADER,-34.78
TRADER,-42.08
REFINERIA,-51.25
TRADER,-28.68
REFINERIA,-39.39
INDUSTRIA,-27.7
REFINERIA,-9.15
REFINERIA,-18.76
REFINERIA,-43.72
REFINERIA,-44.33
TRADER,-25.72
INDUSTRIA,-16.35
REFINERIA,-8.11
TRADER,-46.13
REFINERIA,-6.63
INDUSTRIA,-27.59
TRADER,-62.74
INDUSTRIA,-38.4
INDUSTRIA,-27.9
REFINERIA,-10.33
TRADER,-5.99
TRADER,-37.49
TRADER,-26.75
REFINERIA,-43.42
INDUSTRIA,-63.81
INDUSTRIA,-17.97
REFINERIA,-19.75
TRADER,-2.91
REFINERIA,-63.72
REFINERIA,-41.57
REFINERIA,-10.56
REFINERIA,-38.62
TRADER,-49.82
TRADER,-48.59
INDUSTRIA,-12.23
TRADER,-39.32
INDUSTRIA,-26.35
INDUSTRIA,-21.72
TRADER,-9.31
INDUSTRIA,-29.77
TRADER,-42.75
REFINERIA,-46.66
REFINERIA,-18.58
REFINERIA,-29.89
REFINERIA,-25.66
INDUSTRIA,-42.6
REFINERIA,-18.09
REFINERIA,-35.02
REFINERIA,-23.78
REFINERIA,-32.27
TRADER,-55.48
INDUSTRIA,-26.51
REFINERIA,-27.65
INDUSTRIA,-43.15
TRADER,-44.68
TRADER,-25.68
REFINERIA,-18.85
INDUSTRIA,-55.55
INDUSTRIA,-28.05
TRADER,-17.01
INDUSTRIA,-13.46
REFINERIA,-21.97
REFINERIA,-16.77
REFINERIA,-29.78
TRADER,-22.57
REFINERIA,-10.61
INDUSTRIA,-39.95
REFINERIA,-14.57
TRADER,-22.24
INDUSTRIA,-32.82
TRADER,-36.67
REFINERIA,-40.09
TRADER,-35.38
INDUSTRIA,-22.13
TRADER,-15.55
INDUSTRIA,-3.52
REFINERIA,-45.63
INDUSTRIA,-26.59
TRADER,-18.51
REFINERIA,3.32
TRADER,-25.48
TRADER,-40.35
TRADER,-32.36
INDUSTRIA,-11.02
TRADER,-35.43
TRADER,-46.47
TRADER,-46.04
REFINERIA,-41.35
TRADER,-28.2
TRADER,-8.56
REFINERIA,-17.42
REFINERIA,-27.79
TRADER,-13.15
TRADER,-39.23
TRADER,-38.99
REFINERIA,-38.27
REFINERIA,-7.51
INDUSTRIA,-36.08
TRADER,-19.54
REFINERIA,-17.75
TRADER,-43.67
TRADER,-38.2
TRADER,-61.63
TRADER,-50.11
INDUSTRIA,-25.07
TRADER,-9.55
TRADER,-38.17
TRADER,-29.03
INDUSTRIA,-36.87
TRADER,-32.54
TRADER,-21.48
TRADER,-30.47
TRADER,-35.23
REFINERIA,-7.96
TRADER,-33.16
INDUSTRIA,-4.68
TRADER,-56.41
TRADER,-14.75
TRADER,-48.64
REFINERIA,-14.22
TRADER,-29.21
REFINERIA,-34.84
TRADER,-12.31
REFINERIA,-49.04
REFINERIA,-17.51
TRADER,-46.55
TRADER,-44.9
TRADER,-18.8
TRADER,-41.96
TRADER,-47.68
INDUSTRIA,-28.11
INDUSTRIA,-12.98
TRADER,-29.16
REFINERIA,-30.88
TRADER,-37.44
TRADER,-24.12
INDUSTRIA,-22.72
TRADER,-34.89
REFINERIA,-48.08
REFINERIA,-23.83
REFINERIA,-21.69
TRADER,-34.32
INDUSTRIA,-34.14
REFINERIA,-34.94
TRADER,-35.48
TRADER,-48.98
INDUSTRIA,-22.92
INDUSTRIA,-64.87
INDUSTRIA,-9.32
REFINERIA,-39.75
INDUSTRIA,-43.75
REFINERIA,-49.66
TRADER,-44.84
TRADER,-36.08
REFINERIA,-33.22
TRADER,-58.95
INDUSTRIA,-36.57
REFINERIA,-5.33
REFINERIA,1.98
REFINERIA,-44.18
REFINERIA,-38.75
INDUSTRIA,-8.15
REFINERIA,-30.39
INDUSTRIA,-44.88
TRADER,-31.02
INDUSTRIA,-34.85
TRADER,-45.39
INDUSTRIA,-27.01
INDUSTRIA,-11.2
TRADER,-24.83
TRADER,-67.33
TRADER,-59.67
TRADER,-17.0
TRADER,-59.21
TRADER,-27.98
TRADER,-45.2
REFINERIA,-38.55
INDUSTRIA,-31.44
TRADER,-43.12
INDUSTRIA,-56.77
TRADER,9.57
TRADER,-42.1
TRADER,-9.73
REFINERIA,-18.47
INDUSTRIA,-35.86
TRADER,-34.32
INDUSTRIA,-39.59
INDUSTRIA,-23.48
INDUSTRIA,-28.32
REFINERIA,-31.16
TRADER,-39.13
REFINERIA,-29.76
REFINERIA,-47.16
TRADER,-41.84
INDUSTRIA,-22.06
INDUSTRIA,-8.68
INDUSTRIA,-39.73
REFINERIA,-54.3
REFINERIA,-25.19
REFINERIA,-38.86
INDUSTRIA,-7.18
INDUSTRIA,-22.7
INDUSTRIA,-21.85
INDUSTRIA,-35.39
TRADER,-23.7
INDUSTRIA,-20.84
TRADER,-25.11
INDUSTRIA,-10.06
REFINERIA,-9.47
REFINERIA,-28.49
TRADER,-45.18
TRADER,-29.65
TRADER,-7.85
REFINERIA,-43.88
REFINERIA,-28.45
REFINERIA,-48.43
REFINERIA,-43.67
INDUSTRIA,-16.25
INDUSTRIA,-49.69
INDUSTRIA,-19.8
INDUSTRIA,-32.76
TRADER,-9.38
TRADER,-25.68
TRADER,-31.01
TRADER,-33.41
REFINERIA,-43.08
TRADER,-41.57
REFINERIA,-15.79
TRADER,-22.14
REFINERIA,-47.52
INDUSTRIA,-40.66
REFINERIA,-24.76
INDUSTRIA,-11.46
TRADER,-57.55
REFINERIA,-28.23
INDUSTRIA,-30.25
TRADER,-50.38
REFINERIA,-19.55
TRADER,-24.42
TRADER,-24.2
INDUSTRIA,-34.63
INDUSTRIA,-24.86
REFINERIA,-20.48
TRADER,-27.83
REFINERIA,-27.34
TRADER,-27.31
TRADER,-38.18
REFINERIA,-4.37
REFINERIA,-40.53
INDUSTRIA,-17.8
INDUSTRIA,-61.18
REFINERIA,-48.59
TRADER,-10.53
REFINERIA,-44.46
REFINERIA,-34.95
INDUSTRIA,-6.22
INDUSTRIA,-25.9
TRADER,-40.27
TRADER,-55.35
INDUSTRIA,-32.24
TRADER,-51.28
REFINERIA,-21.35
TRADER,-31.93
REFINERIA,-23.15
TRADER,-0.45
REFINERIA,-43.09
INDUSTRIA,-23.71
TRADER,-46.43
REFINERIA,-9.67
REFINERIA,-25.67
INDUSTRIA,-26.52
TRADER,-11.59
TRADER,-45.71
INDUSTRIA,-43.03
TRADER,-20.64
REFINERIA,-33.88
REFINERIA,-28.34
INDUSTRIA,-2.25
REFINERIA,-13.17
INDUSTRIA,-28.79
TRADER,-51.97
INDUSTRIA,-37.92
INDUSTRIA,-44.93
INDUSTRIA,-46.27
REFINERIA,-23.71
TRADER,-26.82
TRADER,-17.45
REFINERIA,5.03
TRADER,-63.0
INDUSTRIA,-60.13
TRADER,-44.4
REFINERIA,-18.04
REFINERIA,-12.69
TRADER,-46.17
TRADER,-22.0
REFINERIA,-49.59
REFINERIA,-51.88
TRADER,-53.03
INDUSTRIA,-21.0
REFINERIA,-61.75
INDUSTRIA,-35.19
INDUSTRIA,-36.82
TRADER,-3.64
INDUSTRIA,-27.05
REFINERIA,-39.31
REFINERIA,-32.32
TRADER,-34.44
TRADER,-45.66
TRADER,-54.63
REFINERIA,-20.88
INDUSTRIA,-65.13
TRADER,-26.42
TRADER,-19.51
INDUSTRIA,-46.27
TRADER,-45.58
INDUSTRIA,-18.33
TRADER,-15.93
TRADER,-12.86
REFINERIA,-37.49
REFINERIA,-10.49
TRADER,-35.39
TRADER,-6.53
REFINERIA,-44.57
INDUSTRIA,-23.59
INDUSTRIA,-48.54
REFINERIA,-15.84
REFINERIA,-38.9
INDUSTRIA,-22.11
INDUSTRIA,-50.15
REFINERIA,2.86
INDUSTRIA,11.26
REFINERIA,-51.33
REFINERIA,-11.62
TRADER,-29.73
INDUSTRIA,-37.12
INDUSTRIA,-50.46
TRADER,-45.79
REFINERIA,-36.61
INDUSTRIA,-7.57
TRADER,-60.77
TRADER,-19.44
TRADER,-32.69
TRADER,-29.83
INDUSTRIA,-33.53
REFINERIA,-30.08
INDUSTRIA,-26.32
INDUSTRIA,-14.46
REFINERIA,-14.22
REFINERIA,-15.22
TRADER,-7.65
TRADER,-15.11
TRADER,-63.04
TRADER,-55.45
REFINERIA,-43.46
TRADER,-20.62
REFINERIA,-26.24
INDUSTRIA,-51.24
INDUSTRIA,-48.32
REFINERIA,-51.05
INDUSTRIA,-27.85
TRADER,-16.72
TRADER,-57.8
INDUSTRIA,-5.59
TRADER,-40.94
REFINERIA,-36.22
TRADER,-43.35
TRADER,-26.69
TRADER,-18.27
TRADER,-15.51
REFINERIA,-13.79
REFINERIA,-20.25
TRADER,-23.0
REFINERIA,-26.59
TRADER,-14.51
TRADER,-28.52
TRADER,-43.15
INDUSTRIA,-23.66
REFINERIA,-44.33
INDUSTRIA,-27.37
TRADER,-37.4
REFINERIA,-23.41
INDUSTRIA,-35.26
INDUSTRIA,-36.83
REFINERIA,-36.94
INDUSTRIA,3.98
REFINERIA,-24.12
REFINERIA,-38.89
TRADER,-42.58
TRADER,-12.62
REFINERIA,-22.53
REFINERIA,-37.7
TRADER,-49.56
REFINERIA,-5.4
INDUSTRIA,-32.13
TRADER,-38.01
TRADER,-46.86
REFINERIA,-5.56
TRADER,-50.95
REFINERIA,-30.82
INDUSTRIA,-54.42
INDUSTRIA,-8.23
INDUSTRIA,-35.74
REFINERIA,-21.36
REFINERIA,-53.5
REFINERIA,-16.77
INDUSTRIA,-48.41
TRADER,-33.4
REFINERIA,-34.52
TRADER,-28.28
INDUSTRIA,-24.6
TRADER,-13.38
TRADER,-43.14
REFINERIA,-11.62
INDUSTRIA,-1.86
INDUSTRIA,-46.22
INDUSTRIA,-35.41
REFINERIA,-16.76
TRADER,-42.42
TRADER,-43.1
REFINERIA,-45.15
REFINERIA,-24.64
INDUSTRIA,-43.66
TRADER,-57.35
REFINERIA,-21.9
TRADER,-31.66
REFINERIA,-5.66
INDUSTRIA,-51.27
TRADER,-56.35
TRADER,-32.93
INDUSTRIA,-42.73
TRADER,6.2
TRADER,-26.88
REFINERIA,-26.45
TRADER,-44.7
TRADER,-18.27
REFINERIA,-17.11
INDUSTRIA,-26.34
TRADER,-40.21
TRADER,-39.82
INDUSTRIA,-2.52
INDUSTRIA,4.99
INDUSTRIA,-46.61
INDUSTRIA,-42.57
TRADER,-26.1
TRADER,-27.49
REFINERIA,-3.14
TRADER,-16.1
INDUSTRIA,-37.08
REFINERIA,-8.18
TRADER,-43.21
REFINERIA,-18.78
REFINERIA,6.49
INDUSTRIA,-21.95
TRADER,-23.61
TRADER,-42.79
TRADER,-43.12
INDUSTRIA,-12.5
REFINERIA,-20.81
TRADER,-17.2
TRADER,-42.91
REFINERIA,-11.87
INDUSTRIA,-45.32
REFINERIA,-16.3
TRADER,-40.16
REFINERIA,-25.38
INDUSTRIA,-43.42
REFINERIA,-19.67
REFINERIA,-39.28
INDUSTRIA,-22.91
REFINERIA,-28.64
TRADER,-54.99
REFINERIA,-51.1
TRADER,-31.31
TRADER,-31.6
TRADER,-20.33
REFINERIA,-34.54
TRADER,-51.55
INDUSTRIA,-9.23
TRADER,-31.15
INDUSTRIA,-27.13
REFINERIA,-16.58
REFINERIA,-35.89
REFINERIA,-29.22
INDUSTRIA,-30.9
TRADER,-50.86
INDUSTRIA,-42.51
TRADER,-22.87
TRADER,-37.06
TRADER,-26.61
TRADER,-25.96
TRADER,-40.4
TRADER,-23.26
REFINERIA,-17.97
TRADER,-44.5
TRADER,-14.33
REFINERIA,-35.18
TRADER,-32.28
REFINERIA,10.15
TRADER,-44.05
REFINERIA,-28.09
REFINERIA,-55.22
TRADER,-38.97
TRADER,-20.64
INDUSTRIA,-20.2
INDUSTRIA,-26.78
TRADER,-8.52
TRADER,-32.67
TRADER,-41.02
REFINERIA,-27.19
TRADER,-27.14
REFINERIA,-53.27
TRADER,-35.82
REFINERIA,-28.11
INDUSTRIA,-24.32
INDUSTRIA,10.7
INDUSTRIA,-28.01
REFINERIA,-47.53
TRADER,-37.81
REFINERIA,-24.45
INDUSTRIA,-30.65
TRADER,-18.95
INDUSTRIA,-19.91
INDUSTRIA,-33.27
TRADER,-11.47
TRADER,-10.32
REFINERIA,-35.12
REFINERIA,-38.5
INDUSTRIA,-48.35
REFINERIA,-24.5
TRADER,-16.7
INDUSTRIA,-39.79
REFINERIA,-33.17
REFINERIA,-15.89
REFINERIA,-32.97
INDUSTRIA,-7.11
INDUSTRIA,-20.43
TRADER,-54.11
TRADER,-60.92
INDUSTRIA,-47.67
TRADER,-27.81
INDUSTRIA,-49.06
TRADER,-45.86
REFINERIA,-46.0
REFINERIA,-34.71
TRADER,-1.45
TRADER,-20.26
TRADER,-22.68
TRADER,-24.65
INDUSTRIA,-15.59
TRADER,-38.85
INDUSTRIA,-35.66
TRADER,-56.22
REFINERIA,-34.4
REFINERIA,-40.44
INDUSTRIA,-35.22
INDUSTRIA,-24.39
INDUSTRIA,-37.87
TRADER,-27.89
TRADER,-39.97
TRADER,-18.55
TRADER,-25.57
REFINERIA,-24.2
REFINERIA,-54.33
REFINERIA,-30.32
TRADER,-20.0
REFINERIA,-11.78
INDUSTRIA,-33.79
INDUSTRIA,-36.68
INDUSTRIA,-43.59
INDUSTRIA,-36.76
TRADER,-17.22
REFINERIA,-43.61
REFINERIA,-33.29
INDUSTRIA,-43.19
TRADER,-18.56
REFINERIA,-16.31
INDUSTRIA,-24.28
REFINERIA,-15.87
TRADER,-28.92
REFINERIA,-19.92
REFINERIA,-41.36
INDUSTRIA,-16.93
TRADER,-56.67
TRADER,-22.63
TRADER,-50.0
REFINERIA,-29.5
REFINERIA,-7.76
TRADER,-28.44
TRADER,-29.88
TRADER,-2.02
TRADER,-51.5
TRADER,-51.01
TRADER,-29.81
TRADER,-60.66
TRADER,-16.88
TRADER,-44.87
INDUSTRIA,-52.34
REFINERIA,4.4
INDUSTRIA,-28.9
REFINERIA,-44.98
REFINERIA,-15.27
REFINERIA,-32.28
TRADER,-11.42
INDUSTRIA,-28.52
TRADER,-35.97
TRADER,-14.53
INDUSTRIA,-44.69
INDUSTRIA,-16.42
INDUSTRIA,-44.34
REFINERIA,-36.28
REFINERIA,-14.44
TRADER,-24.51
TRADER,-54.2
TRADER,-30.4
INDUSTRIA,-26.55
TRADER,-32.95
REFINERIA,-18.8
INDUSTRIA,-34.62
INDUSTRIA,-46.65
TRADER,-42.52
TRADER,-30.6
TRADER,-29.22
INDUSTRIA,-37.93
REFINERIA,-61.38
INDUSTRIA,-56.75
REFINERIA,-37.29
REFINERIA,-37.47
TRADER,-46.28
TRADER,-6.35
REFINERIA,-47.09
INDUSTRIA,-42.22
TRADER,-33.79
TRADER,-17.77
TRADER,-8.98
INDUSTRIA,-21.25
TRADER,-37.96
TRADER,-23.01
REFINERIA,-18.15
INDUSTRIA,-2.77
INDUSTRIA,-31.82
REFINERIA,-13.97
INDUSTRIA,-11.17
INDUSTRIA,-41.41
TRADER,-22.7
REFINERIA,-32.97
REFINERIA,-33.65
INDUSTRIA,-57.99
TRADER,-56.81
TRADER,-42.07
REFINERIA,-42.9
TRADER,-22.16
INDUSTRIA,-47.89
REFINERIA,-19.28
INDUSTRIA,-27.24
INDUSTRIA,-13.3
TRADER,-32.74
REFINERIA,-30.08
INDUSTRIA,-4.38
REFINERIA,-9.22
TRADER,-48.48
REFINERIA,-36.15
TRADER,-11.58
TRADER,-15.18
INDUSTRIA,-35.63
REFINERIA,-43.07
REFINERIA,-27.87
TRADER,-12.05
INDUSTRIA,-24.12
INDUSTRIA,-13.37
REFINERIA,-20.93
INDUSTRIA,-12.74
REFINERIA,-40.21
INDUSTRIA,-25.06
INDUSTRIA,-43.12
TRADER,-22.52
REFINERIA,-20.51
TRADER,-42.71
REFINERIA,-38.59
INDUSTRIA,-32.97
REFINERIA,-54.22
TRADER,-14.55
TRADER,-30.34
TRADER,-13.75
REFINERIA,-24.65
TRADER,-19.64
INDUSTRIA,-34.19
REFINERIA,-53.36
REFINERIA,-38.9
REFINERIA,-37.1
TRADER,-41.91
REFINERIA,-49.21
REFINERIA,-6.67
REFINERIA,-26.8
INDUSTRIA,-57.35
TRADER,-18.12
INDUSTRIA,-21.51
TRADER,-29.86
REFINERIA,-32.56
REFINERIA,-26.34
INDUSTRIA,-60.15
TRADER,-35.06
INDUSTRIA,-27.19
INDUSTRIA,-39.4
REFINERIA,-21.95
REFINERIA,-52.59
REFINERIA,-7.84
INDUSTRIA,-19.7
REFINERIA,-27.38
REFINERIA,-21.22
REFINERIA,-45.07
INDUSTRIA,-43.98
INDUSTRIA,-25.78
TRADER,-31.89
TRADER,-39.59
REFINERIA,-14.36
REFINERIA,-31.52
REFINERIA,-31.04
REFINERIA,-32.12
REFINERIA,-49.71
INDUSTRIA,-52.74
TRADER,-42.44
INDUSTRIA,-26.41
INDUSTRIA,-31.31
REFINERIA,-18.25
REFINERIA,-46.81
TRADER,-51.08
INDUSTRIA,-36.04
INDUSTRIA,-49.67
REFINERIA,-13.81
INDUSTRIA,-36.14
REFINERIA,-39.82
INDUSTRIA,-23.54
INDUSTRIA,-45.94
TRADER,-30.24
TRADER,-57.89
TRADER,-33.26
REFINERIA,-25.1
REFINERIA,-12.35
TRADER,-35.03
TRADER,-32.14
TRADER,-18.44
REFINERIA,-48.53
REFINERIA,-24.36
REFINERIA,-27.54
TRADER,-46.55
TRADER,-33.39
TRADER,-37.72
TRADER,-24.99
TRADER,-46.0
REFINERIA,-34.55
TRADER,-26.96
TRADER,-43.47
REFINERIA,-42.79
INDUSTRIA,-31.17
TRADER,-17.77
INDUSTRIA,-32.28
INDUSTRIA,-34.52
INDUSTRIA,-35.29
INDUSTRIA,-42.76
TRADER,-24.82
REFINERIA,-52.7
INDUSTRIA,-50.78
INDUSTRIA,0.62
INDUSTRIA,-11.38
REFINERIA,-17.92
REFINERIA,-38.71
INDUSTRIA,-38.1
INDUSTRIA,4.98
REFINERIA,-40.58
TRADER,-53.75
INDUSTRIA,-41.89
INDUSTRIA,-38.73
REFINERIA,-27.97
TRADER,-15.81
TRADER,-45.91
REFINERIA,-10.33
TRADER,-23.51
REFINERIA,-39.57
TRADER,-36.34
INDUSTRIA,-0.46
TRADER,-29.57
TRADER,-16.5
TRADER,-41.69
REFINERIA,-37.59
INDUSTRIA,-42.94
REFINERIA,-40.4
TRADER,-23.42
TRADER,-16.01
INDUSTRIA,-50.27
INDUSTRIA,-8.37
REFINERIA,-35.75
REFINERIA,-31.53
INDUSTRIA,-33.83
REFINERIA,-33.71
INDUSTRIA,-40.85
INDUSTRIA,-21.27
INDUSTRIA,-30.32
INDUSTRIA,-50.07
REFINERIA,-21.84
INDUSTRIA,-49.25
REFINERIA,-23.97
INDUSTRIA,-27.5
REFINERIA,-27.84
TRADER,-26.76
REFINERIA,-22.72
TRADER,-62.18
REFINERIA,-26.03
INDUSTRIA,-42.59
INDUSTRIA,-4.33
REFINERIA,-27.96
REFINERIA,-39.34
TRADER,6.11
REFINERIA,-2.82
REFINERIA,-41.0
TRADER,-25.14
TRADER,-28.53
REFINERIA,-35.7
REFINERIA,-28.65
REFINERIA,-23.81
TRADER,-35.83
REFINERIA,-14.86
TRADER,-55.04
TRADER,-40.98
REFINERIA,-19.58
TRADER,-22.75
INDUSTRIA,-62.55
TRADER,-19.89
INDUSTRIA,-12.33
TRADER,-46.7
INDUSTRIA,-5.83
TRADER,-11.75
TRADER,-55.75
TRADER,-36.65
REFINERIA,-27.04
REFINERIA,-53.27
TRADER,-22.59
REFINERIA,-31.42
REFINERIA,-28.87
REFINERIA,-11.5
REFINERIA,-35.03
TRADER,-33.97
REFINERIA,-38.96
TRADER,-32.52
TRADER,-27.61
REFINERIA,-41.06
REFINERIA,-31.82
INDUSTRIA,-22.21
REFINERIA,-64.93
TRADER,-25.77
REFINERIA,-21.86
INDUSTRIA,-9.36
INDUSTRIA,-50.8
TRADER,-20.27
REFINERIA,-33.61
INDUSTRIA,-39.32
TRADER,-24.33
TRADER,-50.08
TRADER,-35.0
INDUSTRIA,-43.97
REFINERIA,-28.46
REFINERIA,-19.28
INDUSTRIA,-19.35
INDUSTRIA,-24.75
REFINERIA,-29.38
INDUSTRIA,-56.17
INDUSTRIA,-26.39
INDUSTRIA,-25.37
TRADER,-22.98
TRADER,-4.5
INDUSTRIA,1.42
TRADER,-11.31
REFINERIA,-34.88
TRADER,-0.26
REFINERIA,-29.29
INDUSTRIA,-28.9
INDUSTRIA,-55.51
TRADER,-28.41
INDUSTRIA,-39.88
TRADER,-9.22
TRADER,-22.95
TRADER,-46.1
TRADER,-38.7
TRADER,-48.41
REFINERIA,-38.8
REFINERIA,-39.8
INDUSTRIA,-37.14
INDUSTRIA,-25.28
TRADER,-10.09
REFINERIA,-11.88
TRADER,-29.2
INDUSTRIA,-18.12
INDUSTRIA,-42.56
INDUSTRIA,-50.61
REFINERIA,-27.8
INDUSTRIA,-39.95
REFINERIA,-31.2
REFINERIA,-56.48
INDUSTRIA,-25.11
REFINERIA,-42.19
TRADER,-12.03
TRADER,-29.94
TRADER,-22.12
INDUSTRIA,-32.75
REFINERIA,-33.61
TRADER,-42.26
REFINERIA,-22.47
REFINERIA,-30.84
REFINERIA,-24.32
TRADER,-29.61
REFINERIA,-22.21
INDUSTRIA,-58.86
INDUSTRIA,-56.53
REFINERIA,-47.13
TRADER,-29.28
TRADER,-32.41
REFINERIA,-15.46
REFINERIA,-25.01
INDUSTRIA,-23.96
INDUSTRIA,-16.46
REFINERIA,-22.12
TRADER,-56.6
REFINERIA,-34.94
INDUSTRIA,-46.42
TRADER,-28.56
TRADER,-26.93
TRADER,-39.51
INDUSTRIA,-29.94
REFINERIA,-48.58
INDUSTRIA,-54.31
INDUSTRIA,-14.66
REFINERIA,-10.84
REFINERIA,-7.95
REFINERIA,-34.73
REFINERIA,-19.73
INDUSTRIA,-5.04
TRADER,-37.53
TRADER,-6.99
TRADER,-2.59
TRADER,-50.89
INDUSTRIA,-17.31
TRADER,-16.8
INDUSTRIA,-36.11
REFINERIA,-9.69
REFINERIA,-29.07
REFINERIA,-28.89
REFINERIA,-50.81
REFINERIA,-12.44
REFINERIA,-53.53
REFINERIA,-15.72
INDUSTRIA,-34.68
TRADER,-71.21
TRADER,-32.7
TRADER,2.47
REFINERIA,-39.6
INDUSTRIA,-39.13
INDUSTRIA,-49.56
REFINERIA,-20.03
TRADER,-24.48
TRADER,-38.93
REFINERIA,-44.54
TRADER,-41.38
TRADER,-33.85
INDUSTRIA,-46.03
INDUSTRIA,-39.44
REFINERIA,-13.87
TRADER,-30.81
REFINERIA,-20.54
TRADER,-15.39
INDUSTRIA,-12.96
TRADER,-61.22
TRADER,-0.3
TRADER,-38.35
INDUSTRIA,-66.7
INDUSTRIA,-39.43
REFINERIA,-28.15
INDUSTRIA,-7.43
INDUSTRIA,-18.8
INDUSTRIA,-19.66
INDUSTRIA,-30.73
TRADER,-33.54
TRADER,-27.63
REFINERIA,-28.68
INDUSTRIA,-52.92
INDUSTRIA,-57.54
INDUSTRIA,-25.34
INDUSTRIA,-22.99
TRADER,-47.64
REFINERIA,-54.69
REFINERIA,-7.6
INDUSTRIA,-34.85
REFINERIA,-56.01
REFINERIA,-15.41
TRADER,-49.39
INDUSTRIA,-2.26
INDUSTRIA,-47.86
REFINERIA,-28.86
TRADER,-19.94
TRADER,-41.49
TRADER,-16.14
REFINERIA,-72.27
INDUSTRIA,-25.03
INDUSTRIA,-28.77
REFINERIA,-35.99
REFINERIA,-6.93
INDUSTRIA,-25.04
TRADER,-37.46
REFINERIA,-11.21
REFINERIA,-24.18
INDUSTRIA,-38.34
TRADER,-56.64
INDUSTRIA,-28.8
REFINERIA,-35.83
INDUSTRIA,-65.56
REFINERIA,-26.75
INDUSTRIA,-23.55
TRADER,-36.11
INDUSTRIA,-47.77
TRADER,-29.42
REFINERIA,-51.63
INDUSTRIA,-23.86
TRADER,-25.74
REFINERIA,-64.72
REFINERIA,-14.03
INDUSTRIA,-56.29
INDUSTRIA,-49.63
REFINERIA,-20.42
INDUSTRIA,-27.95
INDUSTRIA,-43.9
REFINERIA,-39.54
INDUSTRIA,-17.72
INDUSTRIA,-17.5
REFINERIA,-39.12
TRADER,-29.74
TRADER,-52.55
REFINERIA,-16.37
REFINERIA,-41.46
INDUSTRIA,-28.89
REFINERIA,-31.03
INDUSTRIA,-42.96
TRADER,-27.03
TRADER,-40.52
INDUSTRIA,-35.38
INDUSTRIA,-40.23
REFINERIA,-24.6
TRADER,-32.52
TRADER,-21.89
TRADER,-29.76
REFINERIA,-28.23
TRADER,-5.94
TRADER,-50.69
TRADER,-55.56
INDUSTRIA,-17.49
REFINERIA,-32.34
REFINERIA,-16.42
TRADER,-35.1
TRADER,-41.42
TRADER,-35.16
INDUSTRIA,-13.53
TRADER,-50.6
REFINERIA,-13.17
TRADER,-35.13
TRADER,-36.74
TRADER,-36.3
INDUSTRIA,-16.88
TRADER,-24.04
TRADER,-22.49
REFINERIA,-16.98
INDUSTRIA,-23.21
TRADER,-26.75
TRADER,-32.86
TRADER,-57.44
INDUSTRIA,-13.06
TRADER,-3.44
REFINERIA,-14.26
TRADER,-42.56
REFINERIA,-31.66
INDUSTRIA,-28.67
INDUSTRIA,-37.65
INDUSTRIA,-27.97
TRADER,-12.31
TRADER,-32.07
INDUSTRIA,-3.2
INDUSTRIA,-39.91
TRADER,-30.89
REFINERIA,-6.4
TRADER,-32.91
INDUSTRIA,-34.31
INDUSTRIA,-22.67
TRADER,-11.79
REFINERIA,-43.44
REFINERIA,-14.95
REFINERIA,-45.23
TRADER,3.24
TRADER,-15.59
INDUSTRIA,-49.08
TRADER,-13.29
TRADER,-39.9
INDUSTRIA,-39.62
INDUSTRIA,-45.78
REFINERIA,-21.34
TRADER,-31.88
INDUSTRIA,-19.48
INDUSTRIA,-51.36
TRADER,-23.39
REFINERIA,-20.3
TRADER,-48.38
INDUSTRIA,-16.55
TRADER,-36.65
REFINERIA,-29.19
REFINERIA,-12.6
REFINERIA,-34.58
INDUSTRIA,-42.89
REFINERIA,-16.45
REFINERIA,-25.01
REFINERIA,-26.61
TRADER,-17.71
REFINERIA,-32.77
TRADER,-30.38
REFINERIA,-22.68
REFINERIA,-34.49
TRADER,-25.39
INDUSTRIA,-1.09
REFINERIA,-6.5
REFINERIA,-41.66
TRADER,-51.04
TRADER,-17.89
TRADER,-49.05
TRADER,-31.9
INDUSTRIA,-25.29
REFINERIA,-8.14
TRADER,-29.42
INDUSTRIA,-37.53
INDUSTRIA,-10.15
REFINERIA,-38.91
REFINERIA,-35.5
TRADER,-16.08
REFINERIA,-8.51
INDUSTRIA,-30.52
REFINERIA,-11.43
TRADER,-20.85
REFINERIA,-36.56
TRADER,-10.0
INDUSTRIA,-44.04
REFINERIA,-50.14
TRADER,-31.07
INDUSTRIA,-5.91
REFINERIA,-39.87
TRADER,-26.89
TRADER,-1.89
TRADER,-33.95
TRADER,-42.43
INDUSTRIA,4.03
INDUSTRIA,-36.21
INDUSTRIA,-9.52
INDUSTRIA,-46.57
REFINERIA,-45.84
REFINERIA,-64.5
TRADER,-16.69
REFINERIA,-30.41
INDUSTRIA,-5.94
INDUSTRIA,-23.83
TRADER,-36.19
TRADER,-16.24
REFINERIA,-40.99
REFINERIA,-8.75
INDUSTRIA,-27.05
REFINERIA,-40.08
INDUSTRIA,-45.17
REFINERIA,-20.51
TRADER,-46.62
TRADER,-3.58
TRADER,-40.89
REFINERIA,-44.22
REFINERIA,-36.18
TRADER,-40.81
INDUSTRIA,-42.01
TRADER,-9.5
INDUSTRIA,-43.84
TRADER,-43.96
REFINERIA,-25.24
TRADER,-10.42
REFINERIA,-30.98
REFINERIA,-47.05
INDUSTRIA,-29.97
INDUSTRIA,0.08
REFINERIA,-38.24
TRADER,-46.79
INDUSTRIA,-50.61
REFINERIA,-41.08
REFINERIA,-31.82
INDUSTRIA,-34.96
INDUSTRIA,-5.99
INDUSTRIA,-49.1
REFINERIA,-34.34
TRADER,-31.53
REFINERIA,-50.66
TRADER,-43.15
TRADER,-39.17
TRADER,-21.36
REFINERIA,-45.04
INDUSTRIA,-14.96
TRADER,3.48
TRADER,-30.69
INDUSTRIA,-35.07
TRADER,-16.0
INDUSTRIA,-23.79
REFINERIA,2.52
INDUSTRIA,-13.39
TRADER,-17.35
TRADER,-24.98
INDUSTRIA,-19.24
TRADER,-36.86
REFINERIA,-8.29
REFINERIA,-54.96
TRADER,-4.19
INDUSTRIA,-48.52
INDUSTRIA,-48.05
TRADER,-31.33
INDUSTRIA,-44.79
TRADER,-50.52
REFINERIA,-34.11
INDUSTRIA,5.71
REFINERIA,-4.76
REFINERIA,-21.36
INDUSTRIA,-18.84
REFINERIA,-42.67
REFINERIA,-22.96
INDUSTRIA,-10.79
REFINERIA,-9.84
TRADER,-35.96
INDUSTRIA,-24.12
INDUSTRIA,-25.64
REFINERIA,-39.85
TRADER,-35.6
TRADER,-24.56
TRADER,-27.11
TRADER,-32.96
TRADER,-21.3
REFINERIA,-51.2
INDUSTRIA,-5.25
INDUSTRIA,-33.86
REFINERIA,-9.98
TRADER,-41.85
REFINERIA,-26.89
TRADER,-13.25
TRADER,-33.22
REFINERIA,-20.31
REFINERIA,-3.14
TRADER,-56.49
REFINERIA,-16.82
REFINERIA,-30.54
REFINERIA,-12.9
INDUSTRIA,-13.78
INDUSTRIA,-28.27
REFINERIA,-39.03
INDUSTRIA,-33.48
TRADER,-19.99
TRADER,-6.49
INDUSTRIA,-13.63
REFINERIA,-1.08
INDUSTRIA,-19.21
REFINERIA,-48.35
TRADER,-16.77
TRADER,-26.81
REFINERIA,-5.22
INDUSTRIA,-42.92
INDUSTRIA,-61.4
REFINERIA,-15.07
INDUSTRIA,-41.9
INDUSTRIA,-13.34
TRADER,-19.43
INDUSTRIA,-43.55
INDUSTRIA,-24.19
REFINERIA,-24.98
INDUSTRIA,-23.51
TRADER,-18.29
REFINERIA,-1.03
INDUSTRIA,-42.86
REFINERIA,-16.0
INDUSTRIA,-44.33
TRADER,-14.62
TRADER,-21.84
REFINERIA,-26.22
TRADER,-24.19
INDUSTRIA,-27.79
INDUSTRIA,-11.39
INDUSTRIA,-38.79
INDUSTRIA,8.97
TRADER,-38.29
REFINERIA,-15.17
TRADER,-29.73
TRADER,-29.63
TRADER,-49.97
TRADER,-30.78
INDUSTRIA,-32.42
INDUSTRIA,-43.23
REFINERIA,-21.11
REFINERIA,-27.78
TRADER,-13.53
TRADER,-10.83
TRADER,-37.27
TRADER,-41.73
TRADER,-27.8
TRADER,-5.93
TRADER,-42.02
REFINERIA,-54.01
INDUSTRIA,-28.17
INDUSTRIA,-49.63
TRADER,-41.3
TRADER,5.81
TRADER,-20.71
TRADER,-3.74
INDUSTRIA,-30.63
INDUSTRIA,-40.35
REFINERIA,-43.69
REFINERIA,-23.16
INDUSTRIA,-50.17
REFINERIA,-41.74
TRADER,-20.94
REFINERIA,-46.15
REFINERIA,-21.28
REFINERIA,-33.07
INDUSTRIA,-32.1
INDUSTRIA,-14.09
REFINERIA,-17.79
REFINERIA,-18.63
REFINERIA,-14.81
INDUSTRIA,-42.79
REFINERIA,-43.17
INDUSTRIA,-35.67
REFINERIA,-8.33
REFINERIA,-38.13
REFINERIA,-42.54
INDUSTRIA,-3.55
INDUSTRIA,-14.95
INDUSTRIA,-42.28
TRADER,-34.53
REFINERIA,-43.51
INDUSTRIA,-40.98
INDUSTRIA,-31.61
INDUSTRIA,-37.77
TRADER,-13.72
TRADER,-36.35
TRADER,-36.51
INDUSTRIA,-36.13
TRADER,-24.18
REFINERIA,-48.75
REFINERIA,-39.75
TRADER,-28.48
REFINERIA,-16.23
REFINERIA,-38.3
TRADER,-32.07
INDUSTRIA,-5.78
REFINERIA,-33.12
INDUSTRIA,-41.27
TRADER,-56.43
TRADER,-45.74
INDUSTRIA,-41.93
INDUSTRIA,-17.1
REFINERIA,-37.65
REFINERIA,-24.45
REFINERIA,-45.13
TRADER,-47.08
INDUSTRIA,-26.75
INDUSTRIA,-63.07
TRADER,-5.28
TRADER,-8.63
INDUSTRIA,-49.02
TRADER,-42.85
INDUSTRIA,-28.59
TRADER,-35.52
REFINERIA,-30.67
TRADER,-25.5
INDUSTRIA,-27.72
INDUSTRIA,-31.72
TRADER,-7.79
INDUSTRIA,-31.84
REFINERIA,-30.15
TRADER,-26.14
TRADER,-31.81
REFINERIA,-41.62
INDUSTRIA,-35.31
TRADER,-13.96
REFINERIA,-64.9
INDUSTRIA,-48.06
REFINERIA,-26.9
TRADER,-21.18
REFINERIA,-40.41
TRADER,-36.7
TRADER,-17.68
TRADER,-28.03
INDUSTRIA,-18.88
REFINERIA,-14.04
TRADER,-15.36
INDUSTRIA,-25.55
TRADER,-38.4
REFINERIA,-12.76
INDUSTRIA,-23.48
TRADER,-33.87
TRADER,-33.38
REFINERIA,-39.55
TRADER,-18.92
INDUSTRIA,-36.58
INDUSTRIA,-18.53
INDUSTRIA,-32.83
INDUSTRIA,-26.2
INDUSTRIA,-20.82
REFINERIA,-34.7
REFINERIA,-11.51
REFINERIA,-51.37
TRADER,-37.63
TRADER,-23.35
TRADER,-31.34
TRADER,-33.98
INDUSTRIA,-8.16
TRADER,-22.65
INDUSTRIA,-51.16
REFINERIA,-6.25
INDUSTRIA,-17.13
REFINERIA,-52.19
INDUSTRIA,-7.48
REFINERIA,-33.13
REFINERIA,-22.12
REFINERIA,-17.83
TRADER,-12.29
INDUSTRIA,-1.64
TRADER,-13.17
REFINERIA,-46.23
REFINERIA,-37.55
TRADER,-25.56
INDUSTRIA,-32.71
INDUSTRIA,-29.86
REFINERIA,-66.09
REFINERIA,-16.15
REFINERIA,-27.75
INDUSTRIA,-23.03
INDUSTRIA,-43.96
REFINERIA,-27.07
REFINERIA,-39.76
REFINERIA,-21.77
TRADER,-28.67
TRADER,-23.7
INDUSTRIA,-47.16
TRADER,-39.54
REFINERIA,-40.43
REFINERIA,-25.35
REFINERIA,-10.63
TRADER,-41.46
REFINERIA,-34.37
INDUSTRIA,11.42
INDUSTRIA,-22.13
TRADER,-4.46
INDUSTRIA,-18.72
INDUSTRIA,-34.07
REFINERIA,-34.85
REFINERIA,-23.71
REFINERIA,-27.23
REFINERIA,-28.92
REFINERIA,-40.5
TRADER,-51.15
INDUSTRIA,-23.76
TRADER,-57.45
REFINERIA,-32.71
TRADER,-10.26
TRADER,-31.07
REFINERIA,-15.49
TRADER,-37.95
TRADER,-48.96
INDUSTRIA,-34.34
TRADER,-41.33
REFINERIA,9.81
INDUSTRIA,-49.82
TRADER,-26.74
REFINERIA,-27.08
REFINERIA,-22.69
REFINERIA,-25.03
TRADER,-38.81
REFINERIA,-45.8
INDUSTRIA,-32.28
REFINERIA,-36.49
TRADER,-30.19
INDUSTRIA,-20.74
REFINERIA,21.44
TRADER,-14.17
TRADER,-9.77
REFINERIA,-54.86
REFINERIA,-24.14
REFINERIA,-13.91
INDUSTRIA,-39.91
INDUSTRIA,-41.44
REFINERIA,-46.88
REFINERIA,-30.69
REFINERIA,-38.99
TRADER,-28.9
INDUSTRIA,-29.29
REFINERIA,-37.46
REFINERIA,-26.05
REFINERIA,-41.48
REFINERIA,-23.56
TRADER,-22.36
INDUSTRIA,-30.44
REFINERIA,-11.42
REFINERIA,-28.28
REFINERIA,-32.58
INDUSTRIA,-25.58
TRADER,-11.77
INDUSTRIA,-38.94
REFINERIA,-21.42
INDUSTRIA,2.27
INDUSTRIA,-20.77
REFINERIA,-58.88
INDUSTRIA,-18.32
REFINERIA,-37.02
INDUSTRIA,-32.43
TRADER,-41.28
INDUSTRIA,-33.37
TRADER,-16.66
INDUSTRIA,-28.09
TRADER,-61.66
REFINERIA,-33.92
TRADER,-21.32
TRADER,-43.13
TRADER,-6.27
INDUSTRIA,-34.03
REFINERIA,-29.77
INDUSTRIA,-32.0
TRADER,-35.18
TRADER,-33.03
TRADER,-22.92
INDUSTRIA,0.31
REFINERIA,-36.38
TRADER,-31.01
INDUSTRIA,-31.36
REFINERIA,-10.53
INDUSTRIA,-26.45
REFINERIA,-24.45
TRADER,-77.24
TRADER,-12.88
INDUSTRIA,1.73
INDUSTRIA,-52.93
REFINERIA,-45.82
TRADER,-13.33
INDUSTRIA,-21.24
TRADER,-48.71
REFINERIA,-28.09
TRADER,9.51
INDUSTRIA,-24.92
TRADER,-19.51
INDUSTRIA,-49.81
REFINERIA,-2.36
TRADER,-8.58
INDUSTRIA,-54.88
INDUSTRIA,-39.89
TRADER,-15.71
REFINERIA,-30.81
INDUSTRIA,-41.8
REFINERIA,-28.95
REFINERIA,-14.14
TRADER,-38.52
REFINERIA,-13.61
TRADER,-37.65
TRADER,-55.04
INDUSTRIA,-32.04
INDUSTRIA,-4.82
INDUSTRIA,-36.76
TRADER,-49.38
INDUSTRIA,-61.94
TRADER,-24.83
INDUSTRIA,-48.76
INDUSTRIA,-14.6
TRADER,-42.42
REFINERIA,-53.14
TRADER,-31.77
REFINERIA,-31.1
INDUSTRIA,-18.09
INDUSTRIA,-39.86
INDUSTRIA,-13.28
REFINERIA,-24.68
TRADER,-27.7
TRADER,-18.8
INDUSTRIA,-23.09
REFINERIA,-51.77
INDUSTRIA,-41.05
INDUSTRIA,-48.37
REFINERIA,-32.54
REFINERIA,-61.17
INDUSTRIA,-32.8
REFINERIA,-36.2
INDUSTRIA,7.64
INDUSTRIA,-36.92
INDUSTRIA,-26.39
REFINERIA,1.98
TRADER,-24.15
REFINERIA,-36.73
REFINERIA,-47.95
INDUSTRIA,-32.25
TRADER,-41.05
TRADER,-39.74
REFINERIA,-11.34
TRADER,-17.34
INDUSTRIA,-46.19
INDUSTRIA,-31.77
TRADER,-13.9
TRADER,-27.24
TRADER,-49.04
TRADER,-19.3
TRADER,-51.95
INDUSTRIA,-38.39
INDUSTRIA,-28.66
TRADER,-39.61
TRADER,-44.39
TRADER,-4.28
REFINERIA,-35.73
TRADER,11.84
REFINERIA,-12.54
REFINERIA,-12.01
INDUSTRIA,-45.73
INDUSTRIA,-39.88
REFINERIA,-57.16
INDUSTRIA,-31.66
TRADER,-44.63
REFINERIA,-21.05
REFINERIA,-4.84
REFINERIA,-8.08
REFINERIA,-29.1
TRADER,-20.02
REFINERIA,-51.66
TRADER,-54.25
INDUSTRIA,-10.22
REFINERIA,27.97
REFINERIA,-58.97
INDUSTRIA,-6.91
TRADER,-70.36
TRADER,-18.06
TRADER,-11.19
INDUSTRIA,-59.21
INDUSTRIA,-48.31
REFINERIA,-43.66
TRADER,-44.07
REFINERIA,-36.55
REFINERIA,-14.35
TRADER,-36.19
TRADER,-35.33
INDUSTRIA,-42.53
TRADER,-48.63
TRADER,-27.02
INDUSTRIA,-34.71
REFINERIA,-30.21
REFINERIA,-23.68
INDUSTRIA,-45.03
INDUSTRIA,-9.73
REFINERIA,-51.75
INDUSTRIA,-42.87
INDUSTRIA,-38.81
TRADER,-40.39
TRADER,-1.73
REFINERIA,-19.08
TRADER,8.27
REFINERIA,-34.75
INDUSTRIA,-35.51
TRADER,-32.06
REFINERIA,-18.93
REFINERIA,-22.33
REFINERIA,-18.0
REFINERIA,-45.56
TRADER,-46.2
INDUSTRIA,-47.26
TRADER,-42.75
INDUSTRIA,-18.8
TRADER,-29.55
REFINERIA,-22.81
REFINERIA,-25.8
REFINERIA,-43.0
REFINERIA,-35.68
INDUSTRIA,-35.77
TRADER,-32.55
INDUSTRIA,-43.37
REFINERIA,-12.21
REFINERIA,-9.62
REFINERIA,-33.8
INDUSTRIA,-29.7
INDUSTRIA,-30.83
REFINERIA,-18.11
REFINERIA,-47.63
INDUSTRIA,-17.76
REFINERIA,-34.32
REFINERIA,-22.06
TRADER,-15.58
TRADER,-10.58
TRADER,-30.41
REFINERIA,-20.57
REFINERIA,-21.79
TRADER,-30.32
REFINERIA,8.1
TRADER,-30.4
REFINERIA,-22.49
TRADER,-19.43
INDUSTRIA,-28.01
INDUSTRIA,-27.85
TRADER,-61.8
REFINERIA,-48.17
INDUSTRIA,-56.74
TRADER,-17.76
INDUSTRIA,-42.24
REFINERIA,-21.61
REFINERIA,-25.49
INDUSTRIA,-16.31
INDUSTRIA,-24.06
INDUSTRIA,-28.68
REFINERIA,-25.63
TRADER,-31.71
INDUSTRIA,-43.97
REFINERIA,-44.14
TRADER,-33.23
REFINERIA,-31.55
INDUSTRIA,-12.25
INDUSTRIA,-21.28
REFINERIA,0.86
REFINERIA,-13.97
REFINERIA,-28.63
TRADER,-37.3
REFINERIA,-37.88
REFINERIA,-53.99
TRADER,-30.05
INDUSTRIA,-25.01
TRADER,-34.94
TRADER,-32.5
REFINERIA,-52.41
REFINERIA,-23.03
INDUSTRIA,-35.29
INDUSTRIA,-41.21
INDUSTRIA,-27.48
REFINERIA,-38.36
INDUSTRIA,-0.84
TRADER,-23.88
INDUSTRIA,-14.33
REFINERIA,-39.65
TRADER,-21.99
TRADER,3.31
TRADER,-57.93
INDUSTRIA,-14.53
INDUSTRIA,-18.06
REFINERIA,-30.74
REFINERIA,-32.39
REFINERIA,-21.73
INDUSTRIA,-8.7
INDUSTRIA,-25.94
TRADER,-43.26
TRADER,-31.41
INDUSTRIA,-18.68
REFINERIA,-16.71
INDUSTRIA,-23.89
INDUSTRIA,-8.97
INDUSTRIA,-62.02
REFINERIA,-26.29
TRADER,-11.9
TRADER,-37.16
REFINERIA,-20.79
INDUSTRIA,-47.47
TRADER,-18.1
REFINERIA,-44.23
REFINERIA,-25.21
TRADER,-28.63
TRADER,-14.62
TRADER,-43.88
TRADER,-18.91
TRADER,-30.94
REFINERIA,-27.47
TRADER,-40.09
REFINERIA,-44.94
TRADER,-3.9
INDUSTRIA,-37.71
TRADER,-30.35
REFINERIA,-20.17
TRADER,-34.28
TRADER,-26.45
TRADER,-17.63
INDUSTRIA,-17.47
REFINERIA,-33.95
INDUSTRIA,-25.95
TRADER,-35.36
REFINERIA,-20.0
TRADER,-26.93
REFINERIA,-19.11
TRADER,-34.53
INDUSTRIA,-30.46
TRADER,-21.45
TRADER,-35.79
TRADER,-24.88
TRADER,-8.11
TRADER,6.22
INDUSTRIA,-37.39
TRADER,-29.06
INDUSTRIA,6.7
INDUSTRIA,-36.25
TRADER,-38.16
REFINERIA,-10.46
REFINERIA,-17.85
REFINERIA,-9.82
TRADER,-33.13
REFINERIA,-35.39
INDUSTRIA,-24.02
INDUSTRIA,-43.48
REFINERIA,-50.04
TRADER,-23.43
TRADER,-41.94
REFINERIA,-9.02
TRADER,-31.2
INDUSTRIA,-22.04
REFINERIA,-11.85
INDUSTRIA,-40.76
INDUSTRIA,-39.31
INDUSTRIA,-11.65
TRADER,-27.62
REFINERIA,-17.86
INDUSTRIA,-24.91
INDUSTRIA,-18.79
TRADER,-25.4
REFINERIA,-40.33
TRADER,-59.22
REFINERIA,-56.33
INDUSTRIA,-16.97
INDUSTRIA,-46.51
TRADER,-3.24
REFINERIA,-48.36
TRADER,-33.5
TRADER,-21.36
REFINERIA,-46.48
INDUSTRIA,-43.14
TRADER,-22.3
INDUSTRIA,-38.33
REFINERIA,-13.84
TRADER,-50.67
INDUSTRIA,-19.22
TRADER,-42.31
INDUSTRIA,-28.07
TRADER,-30.89
TRADER,-13.12
REFINERIA,-5.68
INDUSTRIA,-50.06
TRADER,-39.1
REFINERIA,-17.18
TRADER,-38.61
TRADER,-29.86
INDUSTRIA,-19.85
TRADER,-34.91
REFINERIA,-28.14
REFINERIA,-21.37
INDUSTRIA,-53.62
INDUSTRIA,-35.75
INDUSTRIA,-25.25
REFINERIA,-47.39
REFINERIA,-26.42
REFINERIA,-41.34
REFINERIA,-31.45
INDUSTRIA,-24.45
INDUSTRIA,-18.15
REFINERIA,-27.56
INDUSTRIA,-53.03
REFINERIA,1.16
INDUSTRIA,-39.23
INDUSTRIA,-17.26
REFINERIA,-13.73
REFINERIA,-33.07
TRADER,-37.06
INDUSTRIA,-62.37
INDUSTRIA,-39.05
TRADER,-40.72
TRADER,-28.5
INDUSTRIA,-36.59
REFINERIA,-31.03
INDUSTRIA,-54.87
INDUSTRIA,-20.75
TRADER,-28.36
INDUSTRIA,-36.19
REFINERIA,-39.23
REFINERIA,-37.31
INDUSTRIA,-60.76
TRADER,-41.19
INDUSTRIA,-33.03
TRADER,-33.86
INDUSTRIA,-29.84
REFINERIA,-55.07
REFINERIA,-61.74
REFINERIA,-33.31
TRADER,-28.14
TRADER,-38.99
INDUSTRIA,-31.32
REFINERIA,-13.71
TRADER,-30.01
REFINERIA,-17.39
INDUSTRIA,-21.98
REFINERIA,-21.02
TRADER,-39.98
INDUSTRIA,-33.88
TRADER,-46.51
TRADER,-32.82
TRADER,-17.43
TRADER,-14.83
REFINERIA,-29.0
TRADER,-17.96
TRADER,-16.67
INDUSTRIA,-52.33
TRADER,-39.77
REFINERIA,-33.28
TRADER,-34.27
TRADER,-49.32
REFINERIA,-24.36
INDUSTRIA,-30.77
REFINERIA,-37.01
REFINERIA,-21.0
REFINERIA,-16.6
INDUSTRIA,-37.19
TRADER,-33.02
INDUSTRIA,-21.78
INDUSTRIA,-47.28
TRADER,-42.87
INDUSTRIA,-20.08
REFINERIA,-5.54
TRADER,-18.4
REFINERIA,-65.84
TRADER,-2.02
TRADER,-26.38
INDUSTRIA,-40.74
REFINERIA,-45.43
TRADER,-14.65
TRADER,-24.04
INDUSTRIA,-34.25
TRADER,-55.3
TRADER,-21.71
TRADER,-37.32
INDUSTRIA,-28.05
TRADER,-31.44
REFINERIA,-31.94
INDUSTRIA,-25.43
TRADER,-19.6
INDUSTRIA,-37.44
TRADER,-19.99
REFINERIA,-50.12
INDUSTRIA,-36.1
REFINERIA,-21.59
TRADER,-44.13
REFINERIA,-53.92
TRADER,-14.21
INDUSTRIA,-24.69
REFINERIA,-9.77
TRADER,-31.4
INDUSTRIA,-38.62
REFINERIA,-22.45
REFINERIA,-15.07
INDUSTRIA,0.12
INDUSTRIA,-24.44
REFINERIA,-20.6
REFINERIA,-13.32
TRADER,-28.09
INDUSTRIA,-28.41
REFINERIA,-25.88
INDUSTRIA,-6.79
INDUSTRIA,-75.02
TRADER,-53.58
INDUSTRIA,-20.04
TRADER,-9.2
TRADER,-19.29
TRADER,-39.37
INDUSTRIA,-28.38
TRADER,-33.51
TRADER,-54.68
REFINERIA,-22.28
REFINERIA,-34.58
REFINERIA,-2.06
TRADER,-7.76
INDUSTRIA,-12.54
INDUSTRIA,-41.15
REFINERIA,-31.4
TRADER,-42.31
TRADER,-34.64
TRADER,-24.81
INDUSTRIA,-35.82
INDUSTRIA,-17.69
REFINERIA,-36.7
REFINERIA,-9.47
TRADER,-37.55
TRADER,-33.54
INDUSTRIA,-38.23
REFINERIA,-29.18
REFINERIA,-42.82
INDUSTRIA,-34.24
REFINERIA,-26.39
TRADER,-9.24
TRADER,-16.48
REFINERIA,-2.36
INDUSTRIA,-34.5
INDUSTRIA,-48.61
REFINERIA,-52.32
REFINERIA,-46.81
REFINERIA,-35.19
REFINERIA,-25.57
INDUSTRIA,-37.74
INDUSTRIA,-39.83
INDUSTRIA,-19.86
TRADER,-13.83
INDUSTRIA,-23.69
INDUSTRIA,-41.79
TRADER,-38.96
INDUSTRIA,-21.16
INDUSTRIA,-21.41
INDUSTRIA,-24.92
INDUSTRIA,-16.39
TRADER,-70.16
TRADER,-27.33
INDUSTRIA,-48.42
REFINERIA,-46.8
TRADER,-35.18
INDUSTRIA,-33.59
REFINERIA,-35.84
REFINERIA,-31.38
INDUSTRIA,-33.51
INDUSTRIA,-41.62
TRADER,-18.64
REFINERIA,-16.37
INDUSTRIA,-17.35
REFINERIA,-28.01
INDUSTRIA,-39.72
INDUSTRIA,-36.55
TRADER,-7.03
INDUSTRIA,-31.47
TRADER,-55.27
REFINERIA,-31.07
REFINERIA,-36.77
REFINERIA,-17.9
TRADER,-26.66
INDUSTRIA,-28.46
REFINERIA,-17.68
INDUSTRIA,-26.75
TRADER,-21.56
REFINERIA,-41.52
TRADER,-56.59
TRADER,-37.35
REFINERIA,-41.65
TRADER,-40.56
INDUSTRIA,-14.53
REFINERIA,-28.26
REFINERIA,-58.31
TRADER,-27.8
REFINERIA,-25.21
REFINERIA,-49.09
REFINERIA,-49.5
REFINERIA,-29.47
REFINERIA,-39.58
INDUSTRIA,-50.12
TRADER,-16.73
REFINERIA,-28.39
TRADER,-21.37
INDUSTRIA,-29.59
REFINERIA,-40.18
TRADER,-27.82
TRADER,-59.87
INDUSTRIA,-50.52
INDUSTRIA,-17.36
TRADER,-32.99
INDUSTRIA,-3.93
INDUSTRIA,-5.77
INDUSTRIA,-35.95
INDUSTRIA,-15.28
REFINERIA,-41.14
REFINERIA,-46.84
REFINERIA,-54.66
INDUSTRIA,-24.77
TRADER,-45.21
TRADER,-39.08
REFINERIA,-32.08
TRADER,-10.11
REFINERIA,-22.28
TRADER,-29.15
REFINERIA,-49.12
TRADER,-27.08
REFINERIA,-20.7
TRADER,-48.69
REFINERIA,-34.04
REFINERIA,-46.97
TRADER,-25.46
REFINERIA,-26.18
INDUSTRIA,-29.66
REFINERIA,-13.02
REFINERIA,-44.68
REFINERIA,-37.53
TRADER,-59.41
TRADER,-36.74
TRADER,-56.74
INDUSTRIA,-52.64
REFINERIA,-44.64
TRADER,-5.03
INDUSTRIA,-29.99
REFINERIA,-11.49
TRADER,-26.57
TRADER,-21.39
INDUSTRIA,-4.71
INDUSTRIA,-31.1
REFINERIA,-48.79
INDUSTRIA,-33.53
REFINERIA,-6.17
REFINERIA,-24.92
INDUSTRIA,-29.8
REFINERIA,-46.14
REFINERIA,-49.63
INDUSTRIA,-31.45
TRADER,-35.36
TRADER,-2.52
REFINERIA,-27.78
TRADER,-81.94
INDUSTRIA,-26.29
REFINERIA,-17.05
REFINERIA,-50.35
TRADER,-59.01
TRADER,-20.11
INDUSTRIA,-31.89
TRADER,-24.14
TRADER,-34.93
INDUSTRIA,-11.66
REFINERIA,-41.66
REFINERIA,-33.81
TRADER,-48.8
INDUSTRIA,-25.93
REFINERIA,-5.04
INDUSTRIA,-32.1
REFINERIA,-43.39
REFINERIA,-47.02
INDUSTRIA,-21.64
INDUSTRIA,-16.88
TRADER,-32.67
TRADER,-39.58
INDUSTRIA,-17.62
TRADER,3.05
REFINERIA,-34.44
TRADER,-5.77
INDUSTRIA,-21.27
TRADER,-39.39
REFINERIA,-31.06
INDUSTRIA,-31.47
REFINERIA,-23.85
TRADER,-54.62
INDUSTRIA,-18.18
INDUSTRIA,-42.09
INDUSTRIA,-24.44
TRADER,-30.53
REFINERIA,-56.9
REFINERIA,-18.84
TRADER,-6.34
INDUSTRIA,-50.57
INDUSTRIA,-37.6
INDUSTRIA,-12.96
TRADER,-16.89
INDUSTRIA,-40.11
REFINERIA,-24.58
REFINERIA,-24.56
INDUSTRIA,-38.22
INDUSTRIA,-31.81
REFINERIA,-12.5
INDUSTRIA,-54.33
TRADER,-34.8
TRADER,-20.82
INDUSTRIA,-24.02
TRADER,4.27
INDUSTRIA,7.54
TRADER,-28.82
INDUSTRIA,-21.15
INDUSTRIA,-30.93
TRADER,-43.29
TRADER,-10.3
REFINERIA,-39.15
REFINERIA,-14.42
TRADER,-31.58
INDUSTRIA,-42.71
TRADER,-23.56
TRADER,-30.61
REFINERIA,-32.43
REFINERIA,-37.49
TRADER,-34.06
INDUSTRIA,-26.65
INDUSTRIA,-19.6
INDUSTRIA,-43.76
TRADER,-6.96
INDUSTRIA,-17.95
TRADER,-22.11
REFINERIA,-55.26
TRADER,-7.48
REFINERIA,-32.61
TRADER,-61.28
INDUSTRIA,-18.96
INDUSTRIA,-38.51
REFINERIA,-38.34
REFINERIA,-18.21
TRADER,-44.91
TRADER,-63.47
REFINERIA,-47.81
TRADER,-55.25
TRADER,-34.06
TRADER,-21.76
INDUSTRIA,-27.77
INDUSTRIA,-17.02
TRADER,-29.01
REFINERIA,-53.05
TRADER,-43.53
REFINERIA,-23.34
REFINERIA,-26.17
REFINERIA,-38.46
INDUSTRIA,-60.64
INDUSTRIA,-25.9
REFINERIA,-39.09
INDUSTRIA,-11.7
INDUSTRIA,-46.05
TRADER,-35.1
REFINERIA,-22.8
TRADER,-29.62
INDUSTRIA,-22.27
REFINERIA,-53.64
REFINERIA,-23.61
TRADER,-26.11
INDUSTRIA,-27.37
TRADER,-34.52
INDUSTRIA,-43.03
INDUSTRIA,-31.05
REFINERIA,-20.41
TRADER,-28.49
INDUSTRIA,-29.6
TRADER,-43.99
TRADER,-13.78
INDUSTRIA,-41.79
TRADER,-24.82
INDUSTRIA,-15.07
INDUSTRIA,-28.26
REFINERIA,-8.4
REFINERIA,-28.8
REFINERIA,-8.8
TRADER,-4.67
TRADER,-37.25
INDUSTRIA,-12.67
TRADER,-11.16
TRADER,-40.78
INDUSTRIA,-22.06
TRADER,-32.4
TRADER,-7.9
REFINERIA,-25.86
TRADER,-44.66
REFINERIA,-43.63
REFINERIA,-28.61
INDUSTRIA,-19.22
TRADER,-62.73
TRADER,-38.89
INDUSTRIA,-46.91
TRADER,-40.99
REFINERIA,-41.32
REFINERIA,-56.13
INDUSTRIA,-22.73
TRADER,-27.86
TRADER,-44.3
INDUSTRIA,-9.67
TRADER,-27.36
REFINERIA,-20.56
TRADER,-30.67
REFINERIA,-31.18
REFINERIA,-49.37
TRADER,-30.19
INDUSTRIA,-22.05
TRADER,-40.68
REFINERIA,-18.45
REFINERIA,-48.71
TRADER,-36.13
INDUSTRIA,-34.11
REFINERIA,-36.32
INDUSTRIA,-20.58
INDUSTRIA,-27.6
REFINERIA,-39.5
REFINERIA,-51.84
INDUSTRIA,-20.8
INDUSTRIA,-25.89
REFINERIA,-11.88
TRADER,-23.23
TRADER,-33.39
INDUSTRIA,-33.83
REFINERIA,-22.04
INDUSTRIA,-35.12
TRADER,3.46
INDUSTRIA,-23.39
TRADER,-44.95
REFINERIA,-54.07
TRADER,-37.24
REFINERIA,-56.76
REFINERIA,-22.37
TRADER,-43.53
TRADER,-0.37
TRADER,-13.41
INDUSTRIA,-58.45
INDUSTRIA,-45.76
REFINERIA,-35.05
REFINERIA,-46.99
INDUSTRIA,-49.35
TRADER,-12.97
REFINERIA,-60.57
TRADER,-34.66
INDUSTRIA,-24.56
REFINERIA,-16.89
TRADER,-13.18
REFINERIA,4.14
TRADER,-38.74
REFINERIA,-25.06
REFINERIA,-53.95
REFINERIA,-37.32
INDUSTRIA,-42.58
TRADER,-28.59
REFINERIA,-14.33
REFINERIA,-59.92
REFINERIA,-20.11
INDUSTRIA,-38.52
INDUSTRIA,-27.83
TRADER,-25.01
INDUSTRIA,-30.35
TRADER,-40.83
TRADER,0.37
TRADER,-39.29
INDUSTRIA,-30.23
TRADER,-40.12
REFINERIA,-23.98
TRADER,-28.15
REFINERIA,-23.68
INDUSTRIA,-23.75
INDUSTRIA,-24.32
TRADER,-42.04
TRADER,-22.81
TRADER,-16.57
INDUSTRIA,-25.03
TRADER,-1.3
TRADER,-10.55
INDUSTRIA,-30.59
TRADER,-41.1
INDUSTRIA,-31.55
INDUSTRIA,-5.13
REFINERIA,-11.82
INDUSTRIA,-29.02
TRADER,-29.96
INDUSTRIA,-32.8
TRADER,-27.64
INDUSTRIA,-22.0
REFINERIA,-4.94
REFINERIA,-13.69
REFINERIA,-14.15
TRADER,-25.39
REFINERIA,-3.99
REFINERIA,-20.16
INDUSTRIA,-21.3
INDUSTRIA,-12.97
INDUSTRIA,-37.77
TRADER,-60.73
TRADER,-17.31
INDUSTRIA,-31.43
INDUSTRIA,-12.07
REFINERIA,-67.77
REFINERIA,-17.5
REFINERIA,-29.15
REFINERIA,-16.87
TRADER,-10.9
INDUSTRIA,-53.14
TRADER,-41.3
TRADER,-47.78
INDUSTRIA,-50.98
REFINERIA,-32.77
TRADER,-26.46
INDUSTRIA,-37.46
REFINERIA,7.61
TRADER,-46.26
REFINERIA,-29.28
REFINERIA,-38.33
TRADER,-33.9
REFINERIA,-30.94
REFINERIA,-35.12
REFINERIA,-66.2
REFINERIA,-27.79
REFINERIA,-16.53
REFINERIA,-15.73
INDUSTRIA,-34.11
INDUSTRIA,-35.33
TRADER,-73.0
INDUSTRIA,-28.91
TRADER,-21.62
INDUSTRIA,-39.22
REFINERIA,-33.64
INDUSTRIA,-24.37
REFINERIA,-31.93
INDUSTRIA,-52.16
TRADER,-22.23
TRADER,-19.33
REFINERIA,-27.94
INDUSTRIA,-52.97
TRADER,-26.15
REFINERIA,3.73
INDUSTRIA,-37.14
INDUSTRIA,-38.17
TRADER,-20.85
REFINERIA,-44.26
TRADER,-31.35
INDUSTRIA,-25.69
REFINERIA,-45.56
TRADER,-36.35
REFINERIA,-37.41
TRADER,-26.42
INDUSTRIA,-41.2
TRADER,-24.57
INDUSTRIA,-62.19
TRADER,-10.45
INDUSTRIA,-56.09
REFINERIA,-26.93
REFINERIA,-12.59
REFINERIA,-51.81
INDUSTRIA,-6.46
INDUSTRIA,-27.42
TRADER,-56.86
INDUSTRIA,-33.6
INDUSTRIA,-20.07
REFINERIA,-60.98
TRADER,-55.59
TRADER,-22.41
INDUSTRIA,-19.07
INDUSTRIA,-37.53
INDUSTRIA,-41.76
REFINERIA,-30.02
REFINERIA,-7.25
TRADER,-18.27
TRADER,-46.92
TRADER,-44.94
REFINERIA,-38.45
INDUSTRIA,-11.9
INDUSTRIA,-15.31
REFINERIA,-45.24
REFINERIA,-53.69
REFINERIA,-37.22
INDUSTRIA,-20.95
TRADER,-32.03
TRADER,-41.4
REFINERIA,-8.23
TRADER,-17.99
REFINERIA,-19.58
INDUSTRIA,-41.17
REFINERIA,-17.38
TRADER,-45.41
TRADER,-45.29
REFINERIA,-32.64
INDUSTRIA,-55.97
REFINERIA,-2.23
REFINERIA,-20.15
TRADER,-32.32
REFINERIA,-18.01
TRADER,-21.77
INDUSTRIA,-58.1
TRADER,-27.21
INDUSTRIA,-32.22
INDUSTRIA,-31.39
TRADER,-28.86
INDUSTRIA,-47.14
TRADER,-46.84
TRADER,-51.76
TRADER,-21.78
REFINERIA,-6.77
INDUSTRIA,-36.4
TRADER,-8.66
REFINERIA,-16.14
INDUSTRIA,-48.35
TRADER,-26.64
REFINERIA,-33.81
TRADER,-10.84
TRADER,-43.05
REFINERIA,-45.38
TRADER,1.64
TRADER,-12.15
TRADER,-10.49
TRADER,-22.52
REFINERIA,-36.97
REFINERIA,-28.42
TRADER,-24.95
REFINERIA,-23.99
REFINERIA,-54.42
REFINERIA,-33.89
INDUSTRIA,-52.77
INDUSTRIA,-31.16
INDUSTRIA,-35.83
INDUSTRIA,-12.19
REFINERIA,-39.81
INDUSTRIA,-11.48
TRADER,-36.21
INDUSTRIA,-12.29
REFINERIA,-21.01
REFINERIA,-48.01
TRADER,-33.79
INDUSTRIA,4.5
INDUSTRIA,-45.87
INDUSTRIA,0.07
INDUSTRIA,-54.81
INDUSTRIA,-9.14
TRADER,-43.34
TRADER,-31.78
REFINERIA,-29.43
INDUSTRIA,-21.47
REFINERIA,-12.39
REFINERIA,-52.45
TRADER,-25.62
INDUSTRIA,-62.34
INDUSTRIA,-28.82
REFINERIA,-38.11
TRADER,-56.29
TRADER,-36.65
REFINERIA,-37.27
REFINERIA,-55.91
REFINERIA,-53.56
REFINERIA,-40.48
REFINERIA,-6.63
REFINERIA,-28.17
TRADER,-39.87
INDUSTRIA,-25.83
INDUSTRIA,-17.07
INDUSTRIA,-18.84
TRADER,-39.97
REFINERIA,-42.6
INDUSTRIA,-12.47
INDUSTRIA,-50.81
REFINERIA,-39.3
TRADER,-34.88
REFINERIA,-39.07
INDUSTRIA,-38.62
REFINERIA,-28.9
TRADER,4.32
REFINERIA,-42.28
REFINERIA,-20.97
REFINERIA,-17.52
TRADER,-65.41
INDUSTRIA,-53.71
INDUSTRIA,-36.33
TRADER,-36.5
TRADER,-18.81
TRADER,-43.66
REFINERIA,-20.36
INDUSTRIA,-35.66
REFINERIA,-15.13
INDUSTRIA,2.43
REFINERIA,-9.17
INDUSTRIA,-52.19
REFINERIA,-58.74
INDUSTRIA,-77.92
REFINERIA,-12.2
INDUSTRIA,-14.02
TRADER,-23.65
INDUSTRIA,-38.74
REFINERIA,-42.97
TRADER,-33.07
INDUSTRIA,-11.92
TRADER,-28.77
TRADER,-35.68
TRADER,-22.22
TRADER,-33.33
TRADER,-42.71
REFINERIA,-8.5
TRADER,-33.48
INDUSTRIA,-22.17
TRADER,-60.84
TRADER,-23.09
INDUSTRIA,-9.33
INDUSTRIA,-23.01
INDUSTRIA,-40.18
TRADER,-29.27
INDUSTRIA,-39.44
TRADER,-26.55
TRADER,-40.01
TRADER,-43.08
REFINERIA,-27.98
TRADER,-21.59
REFINERIA,-51.87
TRADER,-9.62
REFINERIA,-8.64
TRADER,-19.61
REFINERIA,-32.32
REFINERIA,-20.97
INDUSTRIA,-55.89
INDUSTRIA,-33.27
REFINERIA,-19.66
REFINERIA,-48.1
REFINERIA,-34.54
TRADER,-6.93
INDUSTRIA,-42.68
TRADER,-24.63
TRADER,-49.5
TRADER,-64.91
REFINERIA,-33.04
INDUSTRIA,-33.44
TRADER,-37.67
TRADER,-6.5
INDUSTRIA,-68.25
REFINERIA,-11.62
INDUSTRIA,-37.6
REFINERIA,-36.06
REFINERIA,-48.27
TRADER,-52.8
TRADER,-35.36
TRADER,-48.94
INDUSTRIA,-8.37
INDUSTRIA,-39.12
INDUSTRIA,-9.49
INDUSTRIA,-48.73
TRADER,-53.11
TRADER,-19.74
REFINERIA,-11.35
REFINERIA,-18.68
REFINERIA,-15.27
REFINERIA,-42.23
REFINERIA,-31.29
TRADER,-33.66
REFINERIA,-20.86
REFINERIA,-42.48
INDUSTRIA,-41.15
INDUSTRIA,-35.42
REFINERIA,-47.48
TRADER,-27.93
REFINERIA,-41.64
TRADER,-29.8
REFINERIA,-6.12
REFINERIA,-14.73
TRADER,-34.1
INDUSTRIA,-42.14
TRADER,-10.92
REFINERIA,-43.29
TRADER,2.76
REFINERIA,-18.74
TRADER,-12.44
INDUSTRIA,-13.2
REFINERIA,-32.72
INDUSTRIA,-25.87
INDUSTRIA,-2.32
INDUSTRIA,-4.17
INDUSTRIA,-38.69
INDUSTRIA,-32.18
REFINERIA,-43.76
REFINERIA,-40.19
TRADER,-41.18
REFINERIA,-18.54
REFINERIA,-5.91
TRADER,-21.49
REFINERIA,-6.28
INDUSTRIA,-7.81
TRADER,-31.75
INDUSTRIA,-33.47
REFINERIA,-38.78
TRADER,-49.72
INDUSTRIA,-6.13
TRADER,-47.9
INDUSTRIA,-33.35
INDUSTRIA,-1.82
TRADER,-34.24
REFINERIA,-59.75
INDUSTRIA,-39.78
INDUSTRIA,-35.39
INDUSTRIA,-24.04
REFINERIA,-11.42
INDUSTRIA,-18.25
INDUSTRIA,-43.29
REFINERIA,-33.45
INDUSTRIA,-39.95
INDUSTRIA,-39.2
REFINERIA,-21.78
TRADER,-48.66
INDUSTRIA,-7.09
REFINERIA,-19.96
REFINERIA,-61.16
REFINERIA,-32.43
INDUSTRIA,-34.82
REFINERIA,-36.62
INDUSTRIA,-22.61
INDUSTRIA,-8.61
REFINERIA,-27.4
TRADER,-25.62
INDUSTRIA,-22.25
REFINERIA,-25.26
REFINERIA,-65.17
INDUSTRIA,-4.35
REFINERIA,-59.18
INDUSTRIA,-37.08
INDUSTRIA,-30.45
TRADER,-31.84
TRADER,-22.57
INDUSTRIA,-38.91
TRADER,-0.69
REFINERIA,-28.38
REFINERIA,-10.51
REFINERIA,-44.49
REFINERIA,-41.45
INDUSTRIA,-37.76
REFINERIA,-7.28
TRADER,-30.46
INDUSTRIA,-41.11
REFINERIA,-41.89
INDUSTRIA,-25.91
REFINERIA,-26.31
TRADER,-26.98
REFINERIA,-15.48
TRADER,-40.41
INDUSTRIA,-19.06
INDUSTRIA,-25.63
REFINERIA,-30.15
INDUSTRIA,-35.94
REFINERIA,-22.03
INDUSTRIA,-34.97
TRADER,-32.12
REFINERIA,-44.36
REFINERIA,-21.7
INDUSTRIA,-39.66
INDUSTRIA,-51.33
REFINERIA,-41.0
TRADER,-54.91
REFINERIA,-40.0
INDUSTRIA,-36.22
INDUSTRIA,-24.75
TRADER,-42.69
TRADER,-35.85
REFINERIA,-14.2
INDUSTRIA,-9.85
TRADER,-37.88
TRADER,-35.13
TRADER,-30.32
TRADER,-33.19
INDUSTRIA,-27.34
REFINERIA,-33.74
TRADER,-30.48
REFINERIA,1.18
TRADER,-44.97
REFINERIA,-37.83
REFINERIA,4.57
INDUSTRIA,-30.58
INDUSTRIA,-67.75
REFINERIA,-4.38
TRADER,-29.86
REFINERIA,-33.1
TRADER,-33.8
REFINERIA,-45.82
REFINERIA,-24.03
TRADER,-43.53
REFINERIA,-3.2
INDUSTRIA,-27.69
REFINERIA,11.63
TRADER,-27.08
REFINERIA,-34.18
TRADER,-59.09
REFINERIA,-19.02
INDUSTRIA,-18.54
INDUSTRIA,-18.13
INDUSTRIA,-56.05
REFINERIA,-16.1
REFINERIA,-36.74
INDUSTRIA,5.13
TRADER,-17.79
INDUSTRIA,-40.9
TRADER,-32.24
INDUSTRIA,-39.36
REFINERIA,-33.79
TRADER,-27.37
TRADER,-23.79
TRADER,-35.48
REFINERIA,-21.59
REFINERIA,12.07
INDUSTRIA,-16.34
REFINERIA,-5.35
INDUSTRIA,-10.67
TRADER,-36.21
INDUSTRIA,-46.64
INDUSTRIA,-6.18
REFINERIA,-51.27
TRADER,-14.34
REFINERIA,-20.04
TRADER,-34.17
REFINERIA,-41.11
REFINERIA,-21.48
INDUSTRIA,-8.87
TRADER,-43.46
TRADER,-22.48
REFINERIA,-28.04
TRADER,-36.19
INDUSTRIA,-22.21
TRADER,-39.38
TRADER,-12.99
REFINERIA,-36.43
TRADER,-41.36
INDUSTRIA,-61.96
REFINERIA,-11.03
INDUSTRIA,-40.77
INDUSTRIA,-20.42
REFINERIA,-21.5
INDUSTRIA,-25.62
REFINERIA,-16.91
REFINERIA,-30.45
REFINERIA,-39.52
TRADER,-46.27
INDUSTRIA,-57.64
INDUSTRIA,-26.94
REFINERIA,-10.23
REFINERIA,-39.89
TRADER,-38.47
INDUSTRIA,-20.04
TRADER,-21.67
TRADER,-31.28
INDUSTRIA,-13.04
INDUSTRIA,-37.03
TRADER,-16.64
INDUSTRIA,-30.52
INDUSTRIA,-30.91
TRADER,-36.62
REFINERIA,-55.51
INDUSTRIA,-45.37
INDUSTRIA,-27.79
INDUSTRIA,-56.21
TRADER,-20.68
INDUSTRIA,-28.08
INDUSTRIA,-53.99
REFINERIA,-30.46
REFINERIA,-47.56
REFINERIA,-44.71
REFINERIA,1.86
INDUSTRIA,-42.52
REFINERIA,-12.5
INDUSTRIA,-25.26
REFINERIA,-22.22
REFINERIA,-28.54
INDUSTRIA,-14.13
TRADER,-17.39
TRADER,-26.77
TRADER,-29.45
TRADER,-7.74
INDUSTRIA,-7.19
TRADER,-28.48
REFINERIA,-24.27
INDUSTRIA,-5.34
REFINERIA,-42.05
TRADER,-41.97
TRADER,-48.74
REFINERIA,-50.81
INDUSTRIA,-17.74
INDUSTRIA,-45.75
TRADER,-42.91
REFINERIA,-58.67
REFINERIA,-44.9
TRADER,-36.74
INDUSTRIA,-23.67
TRADER,-50.68
TRADER,-22.67
INDUSTRIA,-35.37
INDUSTRIA,-4.82
REFINERIA,-8.25
INDUSTRIA,-4.33
TRADER,-50.24
REFINERIA,-0.55
REFINERIA,-46.47
REFINERIA,-27.59
INDUSTRIA,-15.24
TRADER,-55.23
TRADER,-27.44
REFINERIA,-27.34
INDUSTRIA,-6.38
INDUSTRIA,-43.13
TRADER,-57.26
REFINERIA,-20.23
TRADER,-2.23
INDUSTRIA,-40.44
REFINERIA,-21.7
REFINERIA,-24.64
TRADER,-13.2
REFINERIA,-52.75
REFINERIA,-25.26
TRADER,-30.3
INDUSTRIA,-31.58
TRADER,-19.17
TRADER,-18.39
TRADER,-25.13
REFINERIA,-34.43
TRADER,-26.05
TRADER,-31.28
REFINERIA,-25.03
INDUSTRIA,-24.18
TRADER,-22.06
TRADER,-40.11
INDUSTRIA,-18.89
REFINERIA,-22.74
TRADER,-42.71
REFINERIA,-18.32
INDUSTRIA,-21.66
TRADER,-12.03
INDUSTRIA,0.03
REFINERIA,-72.45
REFINERIA,-10.54
TRADER,-15.47
TRADER,-35.75
INDUSTRIA,-55.9
INDUSTRIA,-28.32
TRADER,-13.72
REFINERIA,-57.29
REFINERIA,-35.76
REFINERIA,-14.11
REFINERIA,-23.78
TRADER,-43.18
TRADER,-19.6
REFINERIA,-35.04
TRADER,-10.07
INDUSTRIA,-19.86
INDUSTRIA,-39.43
INDUSTRIA,-22.55
INDUSTRIA,-9.74
TRADER,-21.25
INDUSTRIA,-16.95
TRADER,-35.53
REFINERIA,-36.93
REFINERIA,-74.8
TRADER,-33.17
REFINERIA,-48.31
TRADER,-22.15
INDUSTRIA,-69.5
TRADER,-42.07
REFINERIA,-10.62
TRADER,-33.15
INDUSTRIA,-38.02
TRADER,-48.8
TRADER,-28.92
INDUSTRIA,-28.69
TRADER,-18.72
REFINERIA,-31.69
TRADER,-32.42
TRADER,-28.58
INDUSTRIA,-16.27
REFINERIA,-11.33
TRADER,-20.13
REFINERIA,-43.41
TRADER,-16.77
INDUSTRIA,-57.16
INDUSTRIA,-41.11
REFINERIA,-39.87
REFINERIA,-30.96
INDUSTRIA,-51.78
REFINERIA,-66.81
INDUSTRIA,-48.67
INDUSTRIA,-43.72
REFINERIA,-24.7
INDUSTRIA,-34.29
TRADER,-39.04
REFINERIA,-48.44
TRADER,-28.51
REFINERIA,-27.14
INDUSTRIA,-29.14
TRADER,-37.02
INDUSTRIA,-25.44
INDUSTRIA,-42.48
REFINERIA,-34.04
REFINERIA,-41.54
REFINERIA,-22.69
REFINERIA,-22.03
REFINERIA,-67.0
TRADER,-22.31
TRADER,-12.84
TRADER,-6.41
INDUSTRIA,-48.41
INDUSTRIA,-36.24
REFINERIA,-5.94
REFINERIA,-19.06
REFINERIA,-26.04
REFINERIA,-12.95
REFINERIA,-62.74
REFINERIA,-39.56
TRADER,-29.33
INDUSTRIA,-20.73
INDUSTRIA,-55.37
REFINERIA,0.12
TRADER,-39.0
TRADER,-35.69
TRADER,-6.66
TRADER,-13.11
TRADER,-34.81
TRADER,-37.55
INDUSTRIA,-45.65
INDUSTRIA,-34.44
REFINERIA,-23.25
REFINERIA,-40.76
TRADER,-7.78
REFINERIA,-31.62
TRADER,-45.78
TRADER,-36.85
REFINERIA,-41.0
TRADER,-12.4
REFINERIA,-12.07
REFINERIA,-21.35
TRADER,-14.78
REFINERIA,-48.26
TRADER,-45.08
INDUSTRIA,-25.53
REFINERIA,-5.57
TRADER,-24.17
INDUSTRIA,-59.86
TRADER,-17.87
REFINERIA,-47.19
REFINERIA,-15.96
REFINERIA,-39.41
TRADER,-19.86
INDUSTRIA,-27.59
INDUSTRIA,-42.61
INDUSTRIA,-32.06
INDUSTRIA,-19.63
REFINERIA,-5.51
INDUSTRIA,-35.97
INDUSTRIA,-1.21
REFINERIA,-22.68
INDUSTRIA,-8.94
TRADER,-10.33
TRADER,-9.46
TRADER,-36.51
REFINERIA,-31.62
REFINERIA,-22.3
TRADER,-32.55
REFINERIA,-28.12
TRADER,-40.8
TRADER,-21.97
INDUSTRIA,-39.29
REFINERIA,-30.36
INDUSTRIA,-3.5
INDUSTRIA,-19.79
INDUSTRIA,-18.79
INDUSTRIA,-20.4
INDUSTRIA,-24.38
INDUSTRIA,-44.36
TRADER,-31.65
REFINERIA,-35.65
REFINERIA,-20.34
TRADER,-7.23
INDUSTRIA,-28.58
INDUSTRIA,-33.02
TRADER,-39.55
INDUSTRIA,-38.49
REFINERIA,-33.27
REFINERIA,-24.55
INDUSTRIA,-1.72
REFINERIA,-34.78
REFINERIA,9.33
TRADER,-42.1
REFINERIA,-44.92
TRADER,-20.78
REFINERIA,-16.41
REFINERIA,-42.12
TRADER,-16.33
INDUSTRIA,-2.11
TRADER,-36.18
REFINERIA,-26.8
REFINERIA,-44.76
INDUSTRIA,-59.29
REFINERIA,-22.68
INDUSTRIA,-7.7
REFINERIA,0.83
REFINERIA,-34.84
INDUSTRIA,-14.08
TRADER,-39.35
TRADER,-12.77
INDUSTRIA,-20.52
TRADER,19.57
TRADER,-29.4
TRADER,-22.72
TRADER,-23.48
TRADER,-30.63
INDUSTRIA,-41.87
INDUSTRIA,-13.36
REFINERIA,-9.85
REFINERIA,-6.78
REFINERIA,-33.83
INDUSTRIA,5.08
INDUSTRIA,-41.19
TRADER,-31.45
INDUSTRIA,-13.23
REFINERIA,-61.47
TRADER,-32.63
REFINERIA,-25.23
INDUSTRIA,-20.0
REFINERIA,-43.94
TRADER,-24.54
INDUSTRIA,-12.1
INDUSTRIA,-47.56
TRADER,-36.08
REFINERIA,-8.98
INDUSTRIA,-14.63
REFINERIA,-22.48
TRADER,-44.21
REFINERIA,-12.33
REFINERIA,-13.99
TRADER,-34.98
REFINERIA,-31.67
TRADER,-42.44
REFINERIA,-25.7
TRADER,-18.19
INDUSTRIA,-44.06
TRADER,-35.49
TRADER,-46.36
REFINERIA,-34.52
REFINERIA,-27.06
REFINERIA,-47.09
REFINERIA,-51.39
INDUSTRIA,-44.58
REFINERIA,-58.23
TRADER,-42.92
TRADER,-24.57
TRADER,-19.01
REFINERIA,-19.5
REFINERIA,-23.6
REFINERIA,-49.2
TRADER,-25.78
TRADER,-21.81
TRADER,-51.87
INDUSTRIA,-22.32
TRADER,-17.92
TRADER,-34.97
REFINERIA,-6.5
INDUSTRIA,-58.84
REFINERIA,-17.54
INDUSTRIA,-48.16
REFINERIA,-37.02
REFINERIA,-42.43
INDUSTRIA,-25.43
REFINERIA,-27.33
TRADER,-7.58
REFINERIA,-68.42
INDUSTRIA,-35.44
REFINERIA,-6.89
TRADER,-19.32
TRADER,-22.36
INDUSTRIA,-34.68
REFINERIA,-17.69
INDUSTRIA,-26.87
REFINERIA,-28.66
INDUSTRIA,-7.03
REFINERIA,-20.87
REFINERIA,-25.36
INDUSTRIA,-18.54
TRADER,-19.23
REFINERIA,-40.86
REFINERIA,-21.34
INDUSTRIA,-23.97
TRADER,-22.03
INDUSTRIA,-38.03
TRADER,-24.62
INDUSTRIA,-22.04
INDUSTRIA,-39.48
INDUSTRIA,-45.02
INDUSTRIA,-32.93
TRADER,-41.44
INDUSTRIA,-29.63
TRADER,-45.37
INDUSTRIA,-13.26
REFINERIA,-33.89
TRADER,-38.83
INDUSTRIA,-36.15
REFINERIA,-2.66
REFINERIA,-24.61
TRADER,-51.83
INDUSTRIA,-47.49
TRADER,-27.09
TRADER,-31.07
REFINERIA,-20.73
REFINERIA,-19.64
REFINERIA,-16.61
TRADER,-51.47
INDUSTRIA,-20.52
REFINERIA,-16.82
TRADER,3.24
REFINERIA,-40.71
TRADER,-22.22
REFINERIA,-35.59
INDUSTRIA,-25.88
INDUSTRIA,-36.38
REFINERIA,-16.68
INDUSTRIA,-16.09
INDUSTRIA,-36.64
INDUSTRIA,-23.03
TRADER,-33.5
TRADER,-19.19
TRADER,-32.34
INDUSTRIA,-38.42
INDUSTRIA,6.3
REFINERIA,-42.25
INDUSTRIA,-25.99
INDUSTRIA,-12.59
REFINERIA,-51.66
INDUSTRIA,-31.56
TRADER,-32.46
INDUSTRIA,-30.03
INDUSTRIA,-25.48
INDUSTRIA,-66.21
TRADER,-25.11
TRADER,-25.49
REFINERIA,-25.75
REFINERIA,-8.06
REFINERIA,-42.46
INDUSTRIA,-39.32
REFINERIA,-27.79
TRADER,-18.0
REFINERIA,-20.2
INDUSTRIA,-29.15
TRADER,-18.53
INDUSTRIA,-40.62
REFINERIA,-34.98
REFINERIA,-42.14
TRADER,-26.47
TRADER,-40.03
TRADER,-47.27
INDUSTRIA,-19.12
TRADER,-25.71
REFINERIA,-26.98
INDUSTRIA,0.1
INDUSTRIA,-42.87
REFINERIA,-39.89
REFINERIA,-42.97
REFINERIA,-23.89
TRADER,-47.17
REFINERIA,-19.83
INDUSTRIA,-33.05
REFINERIA,-27.24
REFINERIA,-24.18
INDUSTRIA,-50.62
INDUSTRIA,-20.41
REFINERIA,-24.51
REFINERIA,-35.46
INDUSTRIA,-27.06
TRADER,-45.23
REFINERIA,-56.4
TRADER,-29.93
INDUSTRIA,-52.85
REFINERIA,-41.05
REFINERIA,-14.11
INDUSTRIA,-53.38
INDUSTRIA,-3.43
INDUSTRIA,-32.45
INDUSTRIA,-21.73
TRADER,-48.51
INDUSTRIA,-38.55
REFINERIA,-29.9
REFINERIA,-23.1
INDUSTRIA,-13.25
INDUSTRIA,-16.2
TRADER,-35.76
REFINERIA,-36.94
INDUSTRIA,-10.44
REFINERIA,-34.7
REFINERIA,-11.82
INDUSTRIA,-46.8
REFINERIA,-51.47
REFINERIA,-41.44
INDUSTRIA,-45.12
REFINERIA,-23.75
REFINERIA,-27.19
REFINERIA,-25.63
REFINERIA,-30.36
REFINERIA,-35.46
REFINERIA,-28.58
TRADER,-14.8
TRADER,-29.27
INDUSTRIA,-43.66
TRADER,-32.12
TRADER,-37.83
REFINERIA,7.38
INDUSTRIA,-21.08
INDUSTRIA,-18.85
REFINERIA,-4.14
REFINERIA,-21.96
TRADER,-22.07
REFINERIA,-49.46
INDUSTRIA,-33.26
REFINERIA,-11.08
TRADER,-15.97
INDUSTRIA,-31.56
INDUSTRIA,-24.77
INDUSTRIA,-26.71
INDUSTRIA,-33.42
INDUSTRIA,-44.31
REFINERIA,-30.91
TRADER,-49.93
REFINERIA,-44.44
REFINERIA,-35.29
INDUSTRIA,-6.13
TRADER,-25.4
INDUSTRIA,-23.68
INDUSTRIA,-30.5
INDUSTRIA,-40.43
REFINERIA,-48.09
REFINERIA,-14.53
REFINERIA,-28.79
REFINERIA,-23.12
TRADER,-43.96
INDUSTRIA,-35.67
TRADER,-29.32
INDUSTRIA,-19.43
INDUSTRIA,-43.21
INDUSTRIA,-50.44
TRADER,-3.64
TRADER,-25.05
TRADER,-23.7
REFINERIA,-21.2
REFINERIA,-34.69
REFINERIA,-44.61
REFINERIA,-24.48
INDUSTRIA,-34.45
REFINERIA,-25.69
INDUSTRIA,-30.39
TRADER,-64.69
REFINERIA,-32.13
INDUSTRIA,-22.57
TRADER,-22.1
REFINERIA,-19.64
REFINERIA,-15.39
TRADER,-48.39
INDUSTRIA,-48.7
TRADER,-40.8
TRADER,-11.54
INDUSTRIA,-29.66
REFINERIA,-40.29
INDUSTRIA,7.0
INDUSTRIA,-30.48
TRADER,-32.09
TRADER,-39.23
TRADER,-28.29
REFINERIA,-47.9
REFINERIA,-46.23
INDUSTRIA,-9.59
INDUSTRIA,-20.78
TRADER,-34.91
INDUSTRIA,-34.72
TRADER,-30.35
REFINERIA,-23.12
REFINERIA,-22.23
INDUSTRIA,-42.63
INDUSTRIA,-46.22
REFINERIA,-18.14
REFINERIA,-0.1
REFINERIA,-30.45
INDUSTRIA,2.1
REFINERIA,-6.11
TRADER,-55.43
REFINERIA,-45.46
TRADER,-62.51
REFINERIA,-24.28
TRADER,-29.62
TRADER,-36.63
REFINERIA,-37.55
INDUSTRIA,-28.29
INDUSTRIA,-24.84
INDUSTRIA,-29.3
INDUSTRIA,-20.39
REFINERIA,-38.46
REFINERIA,-53.64
REFINERIA,-41.15
INDUSTRIA,-25.85
TRADER,-40.27
TRADER,-12.02
REFINERIA,-50.12
TRADER,-33.79
INDUSTRIA,-23.91
REFINERIA,-61.11
INDUSTRIA,-28.93
INDUSTRIA,-13.86
TRADER,-44.44
INDUSTRIA,-31.0
REFINERIA,-35.61
REFINERIA,-32.86
INDUSTRIA,-25.01
REFINERIA,-55.13
TRADER,-26.74
INDUSTRIA,-19.2
INDUSTRIA,-26.83
TRADER,-32.97
INDUSTRIA,-35.59
INDUSTRIA,-34.77
REFINERIA,-50.45
TRADER,-31.01
REFINERIA,-40.59
REFINERIA,-40.82
INDUSTRIA,-35.78
TRADER,-15.56
INDUSTRIA,-29.02
TRADER,-29.08
REFINERIA,-53.79
REFINERIA,-52.35
REFINERIA,-34.13
REFINERIA,-42.73
REFINERIA,-24.53
INDUSTRIA,-40.48
INDUSTRIA,-24.09
TRADER,-56.63
INDUSTRIA,-22.21
REFINERIA,-4.18
INDUSTRIA,-30.05
REFINERIA,-9.97
REFINERIA,-16.66
INDUSTRIA,-26.23
INDUSTRIA,-9.08
REFINERIA,3.25
TRADER,-27.8
TRADER,-26.66
INDUSTRIA,-20.72
TRADER,-21.05
INDUSTRIA,-17.85
INDUSTRIA,-62.13
TRADER,-52.95
INDUSTRIA,-44.28
INDUSTRIA,-18.21
REFINERIA,-48.58
REFINERIA,-13.22
INDUSTRIA,-41.25
TRADER,-62.0
TRADER,-21.06
REFINERIA,-3.33
REFINERIA,-20.22
TRADER,-37.89
REFINERIA,-29.52
REFINERIA,-33.58
REFINERIA,-19.55
REFINERIA,-42.9
REFINERIA,-43.26
INDUSTRIA,-39.51
REFINERIA,-45.79
INDUSTRIA,-19.44
REFINERIA,-21.82
INDUSTRIA,-24.01
TRADER,-40.38
TRADER,8.84
INDUSTRIA,-24.39
TRADER,-22.88
TRADER,-11.54
TRADER,-48.53
INDUSTRIA,-40.9
TRADER,-50.7
INDUSTRIA,7.97
REFINERIA,-53.81
INDUSTRIA,-24.16
INDUSTRIA,0.02
TRADER,-45.68
TRADER,-45.76
INDUSTRIA,-36.09
TRADER,-20.74
TRADER,-30.1
REFINERIA,-27.14
TRADER,-18.36
TRADER,-44.98
REFINERIA,-31.03
REFINERIA,-31.51
TRADER,-44.43
INDUSTRIA,-36.6
REFINERIA,-43.13
INDUSTRIA,-20.91
REFINERIA,-15.93
REFINERIA,-32.93
TRADER,-40.2
REFINERIA,-23.21
REFINERIA,-46.82
INDUSTRIA,-32.82
TRADER,7.33
REFINERIA,-24.65
INDUSTRIA,-26.1
INDUSTRIA,-23.6
TRADER,-39.93
TRADER,-7.38
REFINERIA,-30.27
REFINERIA,-57.39
TRADER,-12.88
TRADER,-36.34
REFINERIA,-46.64
REFINERIA,-24.91
REFINERIA,-21.74
REFINERIA,-19.96
INDUSTRIA,-38.37
INDUSTRIA,-28.63
INDUSTRIA,-41.77
REFINERIA,-42.29
REFINERIA,-41.38
INDUSTRIA,-39.79
REFINERIA,-17.13
REFINERIA,-53.85
TRADER,-42.37
REFINERIA,-39.01
INDUSTRIA,-26.02
TRADER,-19.57
REFINERIA,-36.23
TRADER,-38.36
REFINERIA,-40.31
TRADER,-34.74
INDUSTRIA,-49.05
TRADER,-23.48
TRADER,-19.88
REFINERIA,-47.17
TRADER,-34.36
REFINERIA,-17.0
REFINERIA,-58.53
TRADER,-38.74
INDUSTRIA,-22.33
REFINERIA,-43.26
TRADER,-4.53
REFINERIA,-33.68
INDUSTRIA,-35.08
TRADER,-61.53
REFINERIA,-41.41
INDUSTRIA,-28.42
INDUSTRIA,-16.96
TRADER,-32.56
TRADER,-27.13
INDUSTRIA,-33.81
TRADER,-3.78
TRADER,-10.57
INDUSTRIA,-34.48
INDUSTRIA,-35.33
REFINERIA,-33.89
TRADER,-35.59
REFINERIA,-47.97
TRADER,-2.0
INDUSTRIA,-42.79
REFINERIA,-36.04
INDUSTRIA,-23.47
TRADER,-47.08
REFINERIA,-40.93
REFINERIA,-1.43
TRADER,3.79
REFINERIA,-29.06
INDUSTRIA,-41.31
TRADER,-28.99
TRADER,-36.3
REFINERIA,-6.43
TRADER,-24.11
REFINERIA,-8.02
REFINERIA,-87.95
TRADER,-28.52
INDUSTRIA,-38.79
REFINERIA,-27.4
REFINERIA,-8.99
TRADER,14.52
TRADER,-17.26
REFINERIA,-24.75
TRADER,-41.86
TRADER,-22.92
REFINERIA,-26.15
REFINERIA,-46.26
INDUSTRIA,-21.52
INDUSTRIA,-17.6
REFINERIA,-24.47
REFINERIA,-35.92
INDUSTRIA,-18.29
REFINERIA,-22.54
REFINERIA,-45.88
INDUSTRIA,-4.66
TRADER,-38.45
REFINERIA,-22.39
INDUSTRIA,-37.45
REFINERIA,-7.73
REFINERIA,-32.79
INDUSTRIA,-35.37
REFINERIA,-25.18
TRADER,-20.68
REFINERIA,-10.65
REFINERIA,2.09
TRADER,-49.83
TRADER,-16.66
TRADER,-5.99
TRADER,-34.1
REFINERIA,-53.48
INDUSTRIA,-33.66
REFINERIA,-4.33
INDUSTRIA,-35.2
TRADER,-37.11
INDUSTRIA,-19.72
TRADER,-25.26
INDUSTRIA,-36.35
TRADER,-34.28
INDUSTRIA,-39.33
INDUSTRIA,-18.52
TRADER,-41.25
INDUSTRIA,-3.38
TRADER,-43.09
REFINERIA,-42.38
TRADER,-29.68
INDUSTRIA,-38.34
REFINERIA,-23.63
INDUSTRIA,-39.78
INDUSTRIA,-40.8
TRADER,-29.93
REFINERIA,-12.22
INDUSTRIA,-30.08
REFINERIA,-32.44
TRADER,-46.45
INDUSTRIA,-44.64
REFINERIA,-38.72
TRADER,-15.64
REFINERIA,-34.11
REFINERIA,-42.39
TRADER,-20.19
REFINERIA,-27.38
REFINERIA,-19.65
REFINERIA,2.85
TRADER,-37.91
REFINERIA,-45.45
INDUSTRIA,-32.8
REFINERIA,-38.31
INDUSTRIA,-22.7
REFINERIA,-16.16
TRADER,23.66
INDUSTRIA,-31.49
TRADER,-28.78
INDUSTRIA,-37.77
TRADER,-23.56
REFINERIA,-16.76
REFINERIA,-37.85
TRADER,-35.3
TRADER,-39.98
REFINERIA,-37.66
REFINERIA,-17.1
INDUSTRIA,-49.8
REFINERIA,-28.67
TRADER,-29.89
TRADER,-35.7
TRADER,-40.24
TRADER,-31.53
TRADER,-9.28
REFINERIA,-19.08
REFINERIA,-15.38
REFINERIA,-4.09
REFINERIA,-29.37
INDUSTRIA,-31.87
REFINERIA,-25.14
INDUSTRIA,-23.68
INDUSTRIA,-26.7
REFINERIA,-7.48
TRADER,-11.69
INDUSTRIA,-40.79
TRADER,-31.34
REFINERIA,-24.09
REFINERIA,-20.07
TRADER,-47.99
REFINERIA,-42.88
REFINERIA,-40.65
TRADER,-8.39
TRADER,-34.44
REFINERIA,-24.13
REFINERIA,-39.56
INDUSTRIA,-32.52
INDUSTRIA,-23.79
INDUSTRIA,-16.78
TRADER,-35.24
REFINERIA,-17.26
TRADER,-29.99
INDUSTRIA,-25.17
TRADER,-31.15
INDUSTRIA,-14.34
TRADER,11.65
TRADER,-32.07
TRADER,-14.56
INDUSTRIA,-43.05
TRADER,-32.96
REFINERIA,-21.83
TRADER,-56.67
INDUSTRIA,-43.67
TRADER,-9.14
INDUSTRIA,-41.32
INDUSTRIA,-48.62
REFINERIA,-51.59
TRADER,-32.54
REFINERIA,-19.54
REFINERIA,-36.45
TRADER,-23.9
REFINERIA,-22.66
REFINERIA,-42.49
INDUSTRIA,-37.68
TRADER,-45.52
REFINERIA,-45.64
REFINERIA,-19.35
REFINERIA,-19.1
TRADER,-30.93
TRADER,-36.88
REFINERIA,-43.64
INDUSTRIA,-39.81
TRADER,-7.63
TRADER,-2.8
TRADER,-18.41
INDUSTRIA,-50.64
INDUSTRIA,-19.64
REFINERIA,-18.83
TRADER,-27.92
TRADER,-45.35
TRADER,-25.92
INDUSTRIA,-19.5
TRADER,-16.28
INDUSTRIA,-12.85
REFINERIA,-19.21
TRADER,-52.23
REFINERIA,-36.71
TRADER,-23.25
REFINERIA,-24.62
TRADER,-48.53
REFINERIA,-57.78
INDUSTRIA,-16.1
INDUSTRIA,-42.75
REFINERIA,-38.16
INDUSTRIA,-35.85
TRADER,-51.57
REFINERIA,-44.78
INDUSTRIA,-19.56
REFINERIA,-25.06
INDUSTRIA,-18.93
TRADER,-39.47
REFINERIA,-28.86
TRADER,-33.84
INDUSTRIA,-35.87
INDUSTRIA,-19.95
TRADER,-39.81
INDUSTRIA,-21.12
REFINERIA,-23.67
TRADER,-11.58
INDUSTRIA,-28.66
INDUSTRIA,-40.77
REFINERIA,-38.87
INDUSTRIA,-18.84
REFINERIA,-18.29
REFINERIA,-19.51
INDUSTRIA,-18.8
INDUSTRIA,-49.04
INDUSTRIA,-30.27
REFINERIA,-24.26
REFINERIA,-25.24
REFINERIA,-55.27
INDUSTRIA,-31.54
TRADER,-40.46
TRADER,-13.87
REFINERIA,-27.72
TRADER,-11.02
TRADER,-36.16
INDUSTRIA,-34.13
TRADER,-25.17
TRADER,-32.84
TRADER,-21.96
TRADER,-7.77
TRADER,-43.11
REFINERIA,-57.2
TRADER,-11.21
REFINERIA,-7.22
INDUSTRIA,-27.95
INDUSTRIA,-36.24
REFINERIA,-33.16
TRADER,-29.13
INDUSTRIA,-43.43
REFINERIA,-51.44
INDUSTRIA,-36.11
TRADER,-17.91
REFINERIA,-27.13
REFINERIA,-70.94
TRADER,-17.06
INDUSTRIA,-69.97
REFINERIA,-3.6
REFINERIA,-11.55
REFINERIA,-36.88
REFINERIA,-32.96
TRADER,-32.27
TRADER,-38.83
REFINERIA,-37.1
REFINERIA,-26.43
REFINERIA,-18.34
REFINERIA,-3.41
INDUSTRIA,-52.03
TRADER,-34.01
TRADER,-26.16
INDUSTRIA,-41.55
INDUSTRIA,-54.32
INDUSTRIA,-12.22
INDUSTRIA,-34.11
INDUSTRIA,-46.87
TRADER,-44.62
REFINERIA,-6.47
INDUSTRIA,-52.37
INDUSTRIA,-13.72
TRADER,3.6
INDUSTRIA,-37.15
INDUSTRIA,-43.37
TRADER,-10.86
REFINERIA,-14.69
INDUSTRIA,-25.39
REFINERIA,-21.27
TRADER,-34.54
REFINERIA,-32.06
TRADER,-54.07
TRADER,-14.61
INDUSTRIA,-26.68
REFINERIA,-34.94
TRADER,-25.13
INDUSTRIA,-4.5
TRADER,-34.22
REFINERIA,-29.65
INDUSTRIA,-28.88
TRADER,-29.8
REFINERIA,-37.48
TRADER,-26.3
INDUSTRIA,-27.92
REFINERIA,-45.71
REFINERIA,-78.04
TRADER,-7.73
REFINERIA,-43.85
REFINERIA,-31.96
TRADER,-21.41
TRADER,-38.51
REFINERIA,-24.05
REFINERIA,-32.53
INDUSTRIA,-45.65
REFINERIA,-17.99
REFINERIA,-23.19
TRADER,-26.66
INDUSTRIA,-29.23
TRADER,-44.97
INDUSTRIA,-43.14
INDUSTRIA,-44.89
TRADER,-45.72
TRADER,-63.52
TRADER,-27.65
REFINERIA,-8.15
REFINERIA,-63.0
REFINERIA,-3.39
TRADER,-41.29
REFINERIA,-25.74
TRADER,-17.21
REFINERIA,-37.62
INDUSTRIA,-24.08
INDUSTRIA,-18.69
TRADER,-23.86
TRADER,-16.99
INDUSTRIA,-62.33
TRADER,-28.99
REFINERIA,-39.74
INDUSTRIA,-8.53
INDUSTRIA,-41.37
INDUSTRIA,-14.89
INDUSTRIA,-51.78
REFINERIA,-33.95
TRADER,-31.74
REFINERIA,-38.62
INDUSTRIA,-24.6
REFINERIA,-20.64
TRADER,-42.6
REFINERIA,-36.16
INDUSTRIA,-80.0
TRADER,-7.21
INDUSTRIA,-21.02
INDUSTRIA,-47.93
TRADER,-39.32
TRADER,-24.64
REFINERIA,-35.96
TRADER,-57.32
INDUSTRIA,-21.68
TRADER,-14.22
REFINERIA,-21.33
TRADER,-25.1
TRADER,-35.58
REFINERIA,-33.58
INDUSTRIA,-11.28
INDUSTRIA,-22.24
INDUSTRIA,-8.22
TRADER,-41.38
REFINERIA,-36.1
INDUSTRIA,-15.54
INDUSTRIA,-2.37
INDUSTRIA,-42.52
REFINERIA,-26.2
INDUSTRIA,-29.84
INDUSTRIA,-55.01
REFINERIA,-22.53
INDUSTRIA,-34.16
REFINERIA,-35.55
REFINERIA,-23.55
REFINERIA,-43.43
INDUSTRIA,-39.2
REFINERIA,-29.29
TRADER,-31.92
REFINERIA,-28.89
TRADER,-21.13
TRADER,-11.69
TRADER,-30.67
REFINERIA,-39.72
TRADER,-11.29
TRADER,-22.02
REFINERIA,-30.06
REFINERIA,-26.19
INDUSTRIA,3.55
INDUSTRIA,-21.6
REFINERIA,-13.82
INDUSTRIA,-16.82
INDUSTRIA,-23.12
REFINERIA,-44.21
INDUSTRIA,-29.55
INDUSTRIA,-17.02
TRADER,-57.94
REFINERIA,-23.76
REFINERIA,-49.45
TRADER,-6.17
INDUSTRIA,-32.98
REFINERIA,-23.79
INDUSTRIA,-14.49
INDUSTRIA,-18.59
INDUSTRIA,-9.39
REFINERIA,-56.21
INDUSTRIA,-16.27
REFINERIA,-35.53
INDUSTRIA,-20.09
TRADER,-30.28
REFINERIA,-4.45
INDUSTRIA,-24.39
TRADER,-42.4
REFINERIA,-49.04
REFINERIA,-12.46
REFINERIA,-45.33
INDUSTRIA,-47.9
REFINERIA,-30.38
INDUSTRIA,-44.21
INDUSTRIA,-32.54
INDUSTRIA,-21.76
REFINERIA,-29.95
TRADER,-50.05
REFINERIA,-16.03
REFINERIA,-20.64
INDUSTRIA,-14.64
INDUSTRIA,-37.54
INDUSTRIA,-48.64
REFINERIA,-33.78
REFINERIA,-13.68
TRADER,-24.87
REFINERIA,-38.05
TRADER,-1.26
INDUSTRIA,-18.16
INDUSTRIA,-35.87
REFINERIA,-55.05
REFINERIA,-48.48
INDUSTRIA,-49.88
REFINERIA,-24.86
REFINERIA,-12.55
REFINERIA,-54.89
INDUSTRIA,-52.97
REFINERIA,-29.94
REFINERIA,-58.43
TRADER,-30.61
REFINERIA,-22.44
TRADER,-46.87
INDUSTRIA,-29.56
INDUSTRIA,-36.25
INDUSTRIA,-20.41
TRADER,-29.33
REFINERIA,-50.75
TRADER,-10.95
INDUSTRIA,-46.67
TRADER,-19.66
INDUSTRIA,-9.85
REFINERIA,-31.63
TRADER,-56.85
INDUSTRIA,-43.08
REFINERIA,-32.42
TRADER,-42.96
REFINERIA,-39.2
REFINERIA,-23.03
REFINERIA,-38.21
REFINERIA,-30.75
REFINERIA,-47.54
TRADER,-50.52
TRADER,7.49
TRADER,-43.85
INDUSTRIA,-0.6
REFINERIA,-29.54
TRADER,-42.82
INDUSTRIA,-57.33
INDUSTRIA,-22.93
REFINERIA,-33.56
TRADER,-30.86
TRADER,-33.64
TRADER,-27.14
INDUSTRIA,-56.21
INDUSTRIA,-21.93
TRADER,-34.15
REFINERIA,-29.94
TRADER,-17.01
REFINERIA,-4.28
REFINERIA,-56.03
REFINERIA,-25.57
TRADER,-28.5
TRADER,-50.03
INDUSTRIA,-20.39
TRADER,-19.37
INDUSTRIA,-16.61
INDUSTRIA,-41.15
INDUSTRIA,-36.9
INDUSTRIA,-41.57
INDUSTRIA,-2.99
INDUSTRIA,-32.43
TRADER,-1.27
INDUSTRIA,-60.23
REFINERIA,-35.37
REFINERIA,-28.69
TRADER,-37.27
INDUSTRIA,-32.86
REFINERIA,-39.17
TRADER,-28.11
TRADER,-42.56
TRADER,-45.29
INDUSTRIA,-18.1
TRADER,-40.55
TRADER,-41.3
REFINERIA,-43.89
TRADER,-1.14
REFINERIA,-21.28
REFINERIA,-39.68
REFINERIA,-47.15
TRADER,-7.84
TRADER,-22.89
TRADER,-54.86
TRADER,12.05
TRADER,-34.69
REFINERIA,-35.09
TRADER,-49.84
REFINERIA,-14.95
REFINERIA,-34.21
TRADER,-17.6
TRADER,-41.53
TRADER,-33.31
INDUSTRIA,-24.06
INDUSTRIA,-47.96
INDUSTRIA,-43.46
REFINERIA,-11.97
INDUSTRIA,-31.87
INDUSTRIA,-12.65
INDUSTRIA,-19.6
TRADER,-23.3
TRADER,-34.61
TRADER,-8.87
INDUSTRIA,-12.21
INDUSTRIA,-8.39
TRADER,-33.13
TRADER,-33.47
INDUSTRIA,-24.45
INDUSTRIA,-34.13
INDUSTRIA,-40.85
TRADER,-42.57
INDUSTRIA,-54.21
TRADER,-31.85
TRADER,-42.7
REFINERIA,-10.98
TRADER,-5.93
INDUSTRIA,-44.71
REFINERIA,-34.64
REFINERIA,-19.73
TRADER,-12.02
INDUSTRIA,-14.58
REFINERIA,-26.09
TRADER,-49.57
INDUSTRIA,-10.34
INDUSTRIA,-38.36
TRADER,-23.26
REFINERIA,-24.95
TRADER,8.18
REFINERIA,-24.06
REFINERIA,-42.77
TRADER,-37.94
REFINERIA,-39.73
REFINERIA,-34.23
TRADER,-25.73
INDUSTRIA,-52.93
TRADER,-28.19
TRADER,-48.86
INDUSTRIA,-22.9
TRADER,-33.81
TRADER,-48.51
INDUSTRIA,-36.4
INDUSTRIA,-27.76
TRADER,-24.28
INDUSTRIA,-29.65
TRADER,-45.09
INDUSTRIA,-15.54
REFINERIA,-53.76
INDUSTRIA,-17.68
TRADER,-30.53
TRADER,-40.13
REFINERIA,-42.81
INDUSTRIA,-33.0
INDUSTRIA,-6.92
TRADER,-48.67
TRADER,-28.1
TRADER,-53.21
TRADER,-34.56
TRADER,-56.02
INDUSTRIA,-35.8
INDUSTRIA,-25.63
REFINERIA,-30.17
TRADER,-8.39
REFINERIA,-46.32
TRADER,-39.59
REFINERIA,-41.27
TRADER,-21.72
REFINERIA,-31.58
REFINERIA,-12.88
REFINERIA,-23.52
INDUSTRIA,-25.03
INDUSTRIA,-32.29
TRADER,-50.69
INDUSTRIA,-23.49
INDUSTRIA,-54.9
INDUSTRIA,-34.24
TRADER,-29.68
INDUSTRIA,-44.07
INDUSTRIA,-45.78
INDUSTRIA,-27.86
INDUSTRIA,-36.48
REFINERIA,-40.48
TRADER,-40.11
TRADER,-39.36
INDUSTRIA,-22.28
INDUSTRIA,-17.3
INDUSTRIA,-36.79
TRADER,-40.5
TRADER,-5.69
INDUSTRIA,-59.44
TRADER,-37.87
INDUSTRIA,-16.88
TRADER,-21.54
TRADER,-8.47
REFINERIA,-46.96
INDUSTRIA,-9.17
INDUSTRIA,-23.87
REFINERIA,-33.14
REFINERIA,-33.2
INDUSTRIA,-19.1
REFINERIA,-2.8
REFINERIA,-40.86
INDUSTRIA,-42.5
TRADER,-27.35
REFINERIA,-63.84
INDUSTRIA,-23.92
INDUSTRIA,-32.74
REFINERIA,-14.11
INDUSTRIA,-14.81
INDUSTRIA,-18.21
INDUSTRIA,-21.58
INDUSTRIA,-36.9
REFINERIA,-20.29
INDUSTRIA,-50.46
TRADER,-17.78
TRADER,-39.31
TRADER,-16.73
REFINERIA,-33.22
REFINERIA,-30.93
TRADER,-22.85
REFINERIA,-15.87
TRADER,-30.96
INDUSTRIA,-30.73
REFINERIA,-13.22
REFINERIA,-33.3
INDUSTRIA,-30.23
INDUSTRIA,-29.07
TRADER,-27.51
TRADER,-35.56
TRADER,-17.18
INDUSTRIA,-34.27
REFINERIA,-14.33
REFINERIA,-37.13
INDUSTRIA,-32.96
INDUSTRIA,-29.63
INDUSTRIA,-81.95
TRADER,-56.78
TRADER,-14.89
INDUSTRIA,-25.95
REFINERIA,-37.18
INDUSTRIA,-23.39
INDUSTRIA,-12.96
REFINERIA,-12.07
TRADER,-43.33
TRADER,-48.01
REFINERIA,-45.47
INDUSTRIA,-21.41
INDUSTRIA,-52.86
REFINERIA,-48.01
TRADER,-44.76
INDUSTRIA,-3.27
REFINERIA,-48.57
INDUSTRIA,-28.74
REFINERIA,-31.14
TRADER,-25.76
REFINERIA,-30.6
INDUSTRIA,-34.08
INDUSTRIA,-35.89
REFINERIA,-6.22
INDUSTRIA,-22.55
REFINERIA,-27.16
REFINERIA,-43.99
INDUSTRIA,-37.27
REFINERIA,-48.82
REFINERIA,-29.33
TRADER,-24.84
TRADER,-42.15
TRADER,-29.07
TRADER,-27.04
TRADER,-27.37
REFINERIA,-15.87
INDUSTRIA,-39.58
REFINERIA,-47.56
INDUSTRIA,-55.31
INDUSTRIA,-20.97
INDUSTRIA,-10.46
REFINERIA,-18.43
TRADER,-38.21
INDUSTRIA,-29.67
TRADER,-47.53
TRADER,-5.13
INDUSTRIA,-45.4
TRADER,-22.84
REFINERIA,-45.32
INDUSTRIA,-6.87
TRADER,-38.84
INDUSTRIA,-59.43
TRADER,-50.29
INDUSTRIA,-60.89
INDUSTRIA,-8.99
REFINERIA,-31.77
REFINERIA,-13.41
INDUSTRIA,-25.58
TRADER,-24.43
TRADER,-29.97
TRADER,-38.16
TRADER,-6.27
REFINERIA,-33.03
REFINERIA,-37.57
REFINERIA,-21.67
TRADER,-38.96
REFINERIA,-31.25
INDUSTRIA,-62.21
INDUSTRIA,-23.02
TRADER,-35.33
INDUSTRIA,-43.17
INDUSTRIA,-30.25
INDUSTRIA,-66.55
REFINERIA,-22.4
TRADER,-6.36
INDUSTRIA,-19.65
TRADER,-37.04
INDUSTRIA,-4.24
INDUSTRIA,-44.54
REFINERIA,-45.16
REFINERIA,-26.36
TRADER,-29.69
REFINERIA,-36.42
TRADER,-25.71
TRADER,-20.05
INDUSTRIA,-13.19
TRADER,-29.54
REFINERIA,-52.05
TRADER,-52.79
INDUSTRIA,-31.88
REFINERIA,-6.76
INDUSTRIA,-10.39
TRADER,-41.17
REFINERIA,-16.3
TRADER,-50.85
INDUSTRIA,-42.97
TRADER,-36.72
TRADER,-31.0
TRADER,-23.91
REFINERIA,-81.64
REFINERIA,-36.17
REFINERIA,-10.66
TRADER,-47.28
REFINERIA,-17.49
TRADER,-50.23
TRADER,-43.12
TRADER,-32.89
REFINERIA,-35.14
INDUSTRIA,-37.1
INDUSTRIA,-28.31
INDUSTRIA,-36.78
REFINERIA,-27.23
INDUSTRIA,-31.68
INDUSTRIA,-20.98
INDUSTRIA,-33.53
INDUSTRIA,-25.15
TRADER,-37.88
REFINERIA,-32.38
REFINERIA,-11.21
REFINERIA,-16.99
TRADER,-26.94
REFINERIA,-44.67
TRADER,-6.52
REFINERIA,-23.16
INDUSTRIA,-9.28
TRADER,-53.97
TRADER,4.14
INDUSTRIA,-16.58
TRADER,-28.7
INDUSTRIA,-32.35
REFINERIA,2.41
INDUSTRIA,-47.49
REFINERIA,-15.62
TRADER,-41.94
TRADER,7.08
TRADER,-23.69
TRADER,-19.04
TRADER,-14.71
TRADER,-58.15
TRADER,-29.18
INDUSTRIA,-17.64
REFINERIA,-46.99
REFINERIA,-18.79
REFINERIA,-42.76
INDUSTRIA,-29.91
REFINERIA,-39.3
TRADER,-43.25
REFINERIA,-52.18
INDUSTRIA,-48.37
TRADER,-53.95
INDUSTRIA,-16.71
INDUSTRIA,-11.16
INDUSTRIA,-44.15
INDUSTRIA,-16.84
REFINERIA,-40.38
TRADER,-25.9
REFINERIA,-32.84
INDUSTRIA,-30.68
INDUSTRIA,-80.66
TRADER,0.18
REFINERIA,-46.54
TRADER,-37.68
REFINERIA,-54.18
INDUSTRIA,-35.26
INDUSTRIA,-55.81
REFINERIA,-52.38
TRADER,-29.23
REFINERIA,-45.5
INDUSTRIA,-56.81
TRADER,-57.68
INDUSTRIA,-26.56
INDUSTRIA,-19.64
REFINERIA,-53.64
INDUSTRIA,-59.08
INDUSTRIA,-41.1
TRADER,-18.37
TRADER,-40.39
REFINERIA,-37.34
TRADER,-28.06
TRADER,-20.48
TRADER,-24.83
TRADER,-25.02
INDUSTRIA,-27.34
REFINERIA,-14.03
INDUSTRIA,-49.62
INDUSTRIA,-5.28
INDUSTRIA,-21.3
REFINERIA,-24.91
INDUSTRIA,-34.75
INDUSTRIA,-24.85
INDUSTRIA,-23.13
INDUSTRIA,-51.25
TRADER,-32.74
INDUSTRIA,-25.06
TRADER,-19.02
TRADER,-39.77
INDUSTRIA,-17.2
TRADER,12.97
INDUSTRIA,-45.0
TRADER,-14.25
INDUSTRIA,-46.4
REFINERIA,-13.63
INDUSTRIA,-29.18
REFINERIA,-57.08
REFINERIA,-40.12
TRADER,-8.21
TRADER,-41.47
INDUSTRIA,-17.15
REFINERIA,-22.55
INDUSTRIA,-21.5
REFINERIA,-41.65
TRADER,-12.86
TRADER,-64.62
REFINERIA,3.1
REFINERIA,-43.42
INDUSTRIA,-29.09
TRADER,-34.63
INDUSTRIA,-2.63
REFINERIA,-21.11
TRADER,-30.23
TRADER,-18.72
REFINERIA,-14.13
REFINERIA,-48.24
REFINERIA,-41.7
TRADER,-25.94
INDUSTRIA,-28.53
REFINERIA,-18.68
INDUSTRIA,-31.87
TRADER,-36.31
INDUSTRIA,-36.77
TRADER,-17.62
REFINERIA,-2.56
REFINERIA,-59.01
INDUSTRIA,-37.83
REFINERIA,-21.7
REFINERIA,-7.56
REFINERIA,-24.17
REFINERIA,-28.55
REFINERIA,-34.09
REFINERIA,-17.66
REFINERIA,-21.17
TRADER,-26.2
REFINERIA,-51.65
INDUSTRIA,-36.94
TRADER,-15.23
INDUSTRIA,-20.02
REFINERIA,-45.32
TRADER,-23.93
INDUSTRIA,-50.24
INDUSTRIA,-20.27
INDUSTRIA,-29.4
INDUSTRIA,1.99
INDUSTRIA,-36.08
TRADER,-31.65
TRADER,-18.91
TRADER,-23.06
INDUSTRIA,-39.89
REFINERIA,-41.44
TRADER,-30.48
INDUSTRIA,-71.85
INDUSTRIA,-35.04
TRADER,-38.53
TRADER,-45.64
REFINERIA,-11.21
INDUSTRIA,-48.09
TRADER,-30.6
REFINERIA,-43.64
TRADER,-20.58
REFINERIA,-25.13
TRADER,-44.69
INDUSTRIA,-33.35
INDUSTRIA,-30.93
TRADER,-17.45
INDUSTRIA,-28.35
TRADER,-55.71
INDUSTRIA,-19.86
TRADER,-23.44
INDUSTRIA,-9.68
TRADER,-29.33
TRADER,-19.78
REFINERIA,-22.24
INDUSTRIA,-36.67
TRADER,-31.15
TRADER,-29.25
INDUSTRIA,-13.62
INDUSTRIA,-57.37
TRADER,-32.69
TRADER,-12.69
TRADER,-28.24
TRADER,10.1
TRADER,-42.63
REFINERIA,-24.45
TRADER,-25.3
REFINERIA,-29.56
INDUSTRIA,-31.4
INDUSTRIA,-56.85
REFINERIA,-19.49
TRADER,-32.01
INDUSTRIA,-31.23
INDUSTRIA,-20.09
INDUSTRIA,-20.57
TRADER,-32.81
INDUSTRIA,-59.95
TRADER,-26.38
INDUSTRIA,-56.59
INDUSTRIA,-33.87
INDUSTRIA,-30.68
TRADER,-50.02
REFINERIA,-28.66
INDUSTRIA,-54.89
REFINERIA,-14.31
REFINERIA,-25.96
TRADER,-48.89
REFINERIA,-24.07
REFINERIA,-15.41
INDUSTRIA,-26.86
INDUSTRIA,-26.33
INDUSTRIA,-45.81
REFINERIA,-34.7
TRADER,-36.69
TRADER,2.23
INDUSTRIA,-32.63
REFINERIA,-25.07
INDUSTRIA,-24.76
INDUSTRIA,-24.29
TRADER,-39.74
INDUSTRIA,-29.43
INDUSTRIA,-44.45
TRADER,-17.68
REFINERIA,-22.0
REFINERIA,-37.81
REFINERIA,-29.69
TRADER,-52.59
INDUSTRIA,-13.64
TRADER,1.26
INDUSTRIA,-14.71
REFINERIA,-34.48
INDUSTRIA,-36.94
TRADER,-36.15
INDUSTRIA,-15.3
INDUSTRIA,-14.05
TRADER,-50.5
TRADER,-39.92
REFINERIA,-53.52
TRADER,-27.98
TRADER,-35.04
INDUSTRIA,-52.29
INDUSTRIA,-23.96
TRADER,-2.6
INDUSTRIA,3.36
TRADER,-21.84
REFINERIA,-16.85
INDUSTRIA,-48.51
TRADER,-35.43
INDUSTRIA,-25.61
INDUSTRIA,-21.13
TRADER,4.76
INDUSTRIA,-32.84
INDUSTRIA,-32.75
TRADER,-32.43
TRADER,-13.4
INDUSTRIA,-55.56
TRADER,-37.26
REFINERIA,-35.91
REFINERIA,-29.64
INDUSTRIA,-15.38
INDUSTRIA,-35.36
TRADER,-60.08
INDUSTRIA,-29.14
REFINERIA,-46.79
TRADER,-37.76
REFINERIA,-34.05
REFINERIA,-29.11
TRADER,-13.98
INDUSTRIA,-41.29
REFINERIA,-27.46
TRADER,-35.33
TRADER,-42.22
REFINERIA,-17.06
REFINERIA,-26.12
REFINERIA,-47.24
REFINERIA,-52.95
REFINERIA,-17.43
INDUSTRIA,-5.02
INDUSTRIA,-6.88
REFINERIA,-21.42
REFINERIA,-39.25
TRADER,-19.36
INDUSTRIA,-38.79
REFINERIA,-22.22
INDUSTRIA,-31.88
INDUSTRIA,-48.25
TRADER,-60.85
INDUSTRIA,-19.05
REFINERIA,-5.66
REFINERIA,-14.82
INDUSTRIA,-10.01
TRADER,-29.61
INDUSTRIA,-9.13
REFINERIA,-15.26
REFINERIA,-12.54
INDUSTRIA,-6.04
REFINERIA,-5.16
TRADER,-38.22
TRADER,-0.95
REFINERIA,-60.39
REFINERIA,-23.12
REFINERIA,-27.12
REFINERIA,-33.02
REFINERIA,-26.11
REFINERIA,-34.72
INDUSTRIA,-16.93
REFINERIA,-29.16
INDUSTRIA,-41.27
REFINERIA,-26.94
REFINERIA,-26.29
INDUSTRIA,-35.78
REFINERIA,-56.91
TRADER,-42.69
INDUSTRIA,-36.77
INDUSTRIA,-2.3
TRADER,-35.12
REFINERIA,6.84
TRADER,-47.26
INDUSTRIA,-46.32
INDUSTRIA,-46.5
TRADER,-14.39
REFINERIA,-20.77
INDUSTRIA,-23.62
INDUSTRIA,-10.25
TRADER,-15.1
TRADER,-40.97
INDUSTRIA,-20.81
TRADER,-32.4
INDUSTRIA,-19.09
TRADER,-16.34
REFINERIA,-39.3
REFINERIA,-18.76
REFINERIA,-19.03
TRADER,-20.15
INDUSTRIA,-14.65
REFINERIA,-36.39
REFINERIA,-31.98
INDUSTRIA,-35.95
REFINERIA,-36.5
REFINERIA,-29.0
TRADER,-17.91
TRADER,-26.97
INDUSTRIA,-22.56
REFINERIA,-24.25
TRADER,-25.55
TRADER,-34.99
INDUSTRIA,-32.48
REFINERIA,-37.08
TRADER,-43.77
TRADER,-28.81
REFINERIA,-23.99
REFINERIA,-28.11
TRADER,-36.04
REFINERIA,-28.57
REFINERIA,-46.43
INDUSTRIA,-12.14
TRADER,-33.74
REFINERIA,-38.05
INDUSTRIA,-53.33
TRADER,-16.31
REFINERIA,-25.83
REFINERIA,-65.21
TRADER,-47.9
INDUSTRIA,-19.91
REFINERIA,-48.98
REFINERIA,-9.57
TRADER,-18.86
TRADER,-6.3
INDUSTRIA,-44.27
TRADER,-30.94
REFINERIA,-25.09
REFINERIA,-13.93
INDUSTRIA,-26.51
REFINERIA,-35.32
TRADER,-23.32
INDUSTRIA,-37.44
INDUSTRIA,-35.69
INDUSTRIA,-28.28
INDUSTRIA,-22.34
INDUSTRIA,-21.19
REFINERIA,-19.11
TRADER,-47.27
INDUSTRIA,-29.0
INDUSTRIA,-19.37
TRADER,-8.57
TRADER,-44.04
TRADER,-39.65
REFINERIA,-28.86
REFINERIA,-16.35
TRADER,-41.13
REFINERIA,-38.48
REFINERIA,-30.72
REFINERIA,-66.27
TRADER,-47.39
REFINERIA,-2.17
INDUSTRIA,-21.1
TRADER,-2.51
INDUSTRIA,-17.6
INDUSTRIA,-23.65
TRADER,-4.3
INDUSTRIA,-46.43
TRADER,-37.41
TRADER,-20.31
INDUSTRIA,-33.81
TRADER,-62.91
INDUSTRIA,-51.65
TRADER,-22.44
INDUSTRIA,14.91
REFINERIA,-28.53
TRADER,-31.55
REFINERIA,-31.6
TRADER,-38.62
REFINERIA,-31.08
INDUSTRIA,-38.8
INDUSTRIA,-17.89
REFINERIA,-25.4
INDUSTRIA,-46.8
INDUSTRIA,-38.65
INDUSTRIA,-23.42
TRADER,-31.16
REFINERIA,-39.51
REFINERIA,-60.95
INDUSTRIA,-39.94
TRADER,-37.39
REFINERIA,-63.39
REFINERIA,-22.25
INDUSTRIA,-22.86
INDUSTRIA,-16.78
REFINERIA,-5.38
INDUSTRIA,-20.87
INDUSTRIA,-32.6
INDUSTRIA,-54.08
INDUSTRIA,-9.91
INDUSTRIA,-32.19
TRADER,-31.01
TRADER,-43.29
INDUSTRIA,-14.11
INDUSTRIA,-23.66
INDUSTRIA,-13.26
REFINERIA,-63.32
INDUSTRIA,-33.33
REFINERIA,-42.88
REFINERIA,-24.79
INDUSTRIA,-22.44
INDUSTRIA,-33.38
REFINERIA,-49.17
INDUSTRIA,-8.88
REFINERIA,-28.61
REFINERIA,-45.44
REFINERIA,-40.09
TRADER,-49.7
REFINERIA,-29.08
REFINERIA,-42.52
TRADER,-19.35
TRADER,-28.06
REFINERIA,-40.39
TRADER,-19.17
TRADER,-36.3
REFINERIA,-15.92
INDUSTRIA,-16.71
TRADER,-33.08
TRADER,-41.35
REFINERIA,-34.07
REFINERIA,-35.68
INDUSTRIA,-27.3
TRADER,-39.92
INDUSTRIA,-43.75
INDUSTRIA,-34.59
INDUSTRIA,-33.91
REFINERIA,-26.92
INDUSTRIA,-23.03
REFINERIA,-49.3
INDUSTRIA,-5.83
TRADER,-48.62
INDUSTRIA,-24.77
TRADER,-24.98
REFINERIA,-22.98
REFINERIA,-17.8
REFINERIA,-32.24
INDUSTRIA,-31.31
TRADER,-35.4
TRADER,-66.34
INDUSTRIA,-22.35
REFINERIA,-21.09
REFINERIA,-72.67
INDUSTRIA,-20.6
INDUSTRIA,-30.89
TRADER,-1.59
INDUSTRIA,-26.6
TRADER,-45.23
TRADER,-4.97
TRADER,-15.82
REFINERIA,-35.74
REFINERIA,-48.31
REFINERIA,-33.14
REFINERIA,-24.43
TRADER,2.17
INDUSTRIA,-4.28
INDUSTRIA,6.99
INDUSTRIA,-46.3
INDUSTRIA,-15.79
TRADER,-30.74
INDUSTRIA,-33.77
REFINERIA,-26.96
INDUSTRIA,-20.61
TRADER,-13.92
TRADER,-27.23
INDUSTRIA,-24.99
INDUSTRIA,-15.66
TRADER,-56.4
INDUSTRIA,-27.52
TRADER,-25.12
TRADER,-29.0
INDUSTRIA,-17.52
REFINERIA,-18.85
REFINERIA,-3.01
INDUSTRIA,-24.09
INDUSTRIA,-35.73
REFINERIA,-18.89
INDUSTRIA,-32.66
INDUSTRIA,-12.14
TRADER,-14.74
TRADER,-19.52
TRADER,-36.54
INDUSTRIA,-22.01
INDUSTRIA,-27.79
TRADER,0.61
REFINERIA,-50.97
TRADER,-20.48
REFINERIA,-24.56
INDUSTRIA,-68.02
REFINERIA,-42.09
TRADER,-54.26
TRADER,-25.19
INDUSTRIA,-20.33
TRADER,-7.41
TRADER,-51.04
INDUSTRIA,-27.85
TRADER,4.34
TRADER,-45.68
INDUSTRIA,-45.47
TRADER,-53.59
REFINERIA,-18.81
TRADER,-28.75
REFINERIA,-42.55
REFINERIA,11.01
TRADER,-36.78
REFINERIA,-39.21
REFINERIA,-8.63
INDUSTRIA,-11.2
REFINERIA,-35.72
TRADER,-18.9
INDUSTRIA,-48.01
INDUSTRIA,-35.41
TRADER,-35.61
TRADER,-53.89
TRADER,-14.33
TRADER,-36.3
REFINERIA,-63.74
TRADER,-25.63
TRADER,-44.6
TRADER,-58.52
INDUSTRIA,-30.81
REFINERIA,-36.44
TRADER,-47.15
REFINERIA,-26.0
REFINERIA,-5.35
INDUSTRIA,-33.82
TRADER,-57.48
INDUSTRIA,-23.87
TRADER,-16.77
TRADER,-41.76
TRADER,-2.81
TRADER,-13.79
TRADER,-45.69
REFINERIA,-20.46
TRADER,-38.02
REFINERIA,-47.36
TRADER,-12.56
REFINERIA,-29.69
INDUSTRIA,-27.47
REFINERIA,-61.46
REFINERIA,-42.04
INDUSTRIA,-32.3
REFINERIA,-22.89
REFINERIA,-19.0
TRADER,-37.35
INDUSTRIA,-18.48
REFINERIA,-29.01
INDUSTRIA,-18.46
TRADER,-15.42
TRADER,-37.87
REFINERIA,-30.68
REFINERIA,-22.87
REFINERIA,-26.43
TRADER,-38.27
TRADER,-23.27
TRADER,-3.7
TRADER,-27.21
TRADER,2.56
INDUSTRIA,-7.21
REFINERIA,-33.44
INDUSTRIA,-2.94
INDUSTRIA,-62.71
TRADER,-75.11
REFINERIA,-49.96
REFINERIA,-33.26
TRADER,-34.15
INDUSTRIA,-33.9
INDUSTRIA,-40.83
TRADER,-25.42
INDUSTRIA,-31.32
REFINERIA,-21.79
INDUSTRIA,-29.57
REFINERIA,0.21
REFINERIA,-21.39
REFINERIA,-55.12
REFINERIA,-9.61
REFINERIA,-43.1
TRADER,-20.58
INDUSTRIA,-24.79
REFINERIA,-24.68
INDUSTRIA,-54.56
TRADER,-47.18
REFINERIA,-35.91
REFINERIA,-28.14
INDUSTRIA,-32.72
TRADER,-33.53
REFINERIA,-35.97
REFINERIA,-28.73
INDUSTRIA,-33.14
REFINERIA,-39.54
INDUSTRIA,-25.33
TRADER,-51.59
REFINERIA,5.98
INDUSTRIA,-28.29
INDUSTRIA,-26.39
INDUSTRIA,-48.16
TRADER,-16.62
REFINERIA,-5.41
INDUSTRIA,-13.35
INDUSTRIA,-30.8
INDUSTRIA,-29.87
REFINERIA,-27.83
REFINERIA,-31.79
REFINERIA,-55.18
REFINERIA,-30.02
INDUSTRIA,-16.29
REFINERIA,-30.28
INDUSTRIA,-20.87
REFINERIA,-14.87
REFINERIA,-18.6
TRADER,1.51
TRADER,-9.07
TRADER,-51.6
INDUSTRIA,-11.47
REFINERIA,-30.91
INDUSTRIA,-26.31
INDUSTRIA,-2.65
TRADER,-21.15
TRADER,-2.25
REFINERIA,1.65
REFINERIA,-39.12
TRADER,-21.59
INDUSTRIA,-16.55
INDUSTRIA,-32.19
INDUSTRIA,-41.39
REFINERIA,-17.76
REFINERIA,-62.61
TRADER,-8.6
INDUSTRIA,-12.84
TRADER,-11.66
REFINERIA,-18.66
REFINERIA,-37.33
INDUSTRIA,-27.49
TRADER,-28.18
REFINERIA,-21.04
INDUSTRIA,-30.02
REFINERIA,-18.48
INDUSTRIA,-13.46
REFINERIA,-32.58
TRADER,2.19
TRADER,-42.87
REFINERIA,-35.24
REFINERIA,-30.08
REFINERIA,-19.78
INDUSTRIA,-28.62
INDUSTRIA,-19.0
TRADER,-40.08
REFINERIA,1.23
INDUSTRIA,-10.03
INDUSTRIA,-40.94
INDUSTRIA,-46.08
TRADER,-23.8
TRADER,-15.96
TRADER,-11.24
REFINERIA,-25.65
REFINERIA,-23.96
INDUSTRIA,-60.27
INDUSTRIA,-5.11
TRADER,-27.5
INDUSTRIA,-17.59
TRADER,-40.07
TRADER,-26.63
REFINERIA,-29.65
TRADER,-42.38
INDUSTRIA,-10.38
REFINERIA,-32.57
REFINERIA,-27.12
TRADER,-38.53
TRADER,-50.89
TRADER,-38.27
TRADER,-22.49
REFINERIA,-31.01
REFINERIA,-50.64
TRADER,-47.6
INDUSTRIA,-38.18
TRADER,-36.04
TRADER,-30.32
REFINERIA,-15.46
REFINERIA,-35.67
TRADER,-38.16
TRADER,-11.48
REFINERIA,-18.42
REFINERIA,-41.55
TRADER,-30.76
TRADER,-16.2
TRADER,-50.76
REFINERIA,-23.13
INDUSTRIA,-18.77
REFINERIA,-30.96
INDUSTRIA,-32.6
INDUSTRIA,-35.7
REFINERIA,-50.48
INDUSTRIA,-48.29
TRADER,-9.03
REFINERIA,-45.04
REFINERIA,-12.1
TRADER,-34.22
REFINERIA,-22.34
TRADER,-31.83
TRADER,-45.28
REFINERIA,-9.5
INDUSTRIA,-4.73
REFINERIA,-28.53
TRADER,-24.37
REFINERIA,-32.92
REFINERIA,-22.33
TRADER,-24.62
INDUSTRIA,-36.01
INDUSTRIA,-36.88
REFINERIA,-24.69
REFINERIA,17.74
INDUSTRIA,-18.85
REFINERIA,-13.01
INDUSTRIA,-32.25
INDUSTRIA,-22.48
TRADER,-36.36
TRADER,-14.52
INDUSTRIA,-13.58
INDUSTRIA,-25.19
TRADER,-15.71
REFINERIA,-36.8
REFINERIA,-12.55
INDUSTRIA,-45.35
REFINERIA,-43.05
REFINERIA,-48.24
INDUSTRIA,-42.45
INDUSTRIA,-31.28
REFINERIA,-39.28
TRADER,-19.18
INDUSTRIA,-28.7
INDUSTRIA,-29.39
INDUSTRIA,-11.79
TRADER,-21.41
TRADER,-28.64
REFINERIA,-24.33
TRADER,-25.4
REFINERIA,-46.63
TRADER,-21.64
INDUSTRIA,-25.13
REFINERIA,-46.49
REFINERIA,-29.3
REFINERIA,-28.01
REFINERIA,-37.47
REFINERIA,-44.84
TRADER,-1.85
TRADER,-50.31
TRADER,-11.0
REFINERIA,-30.31
REFINERIA,-33.56
TRADER,-14.6
REFINERIA,-31.68
INDUSTRIA,-27.2
INDUSTRIA,-31.92
TRADER,-33.03
INDUSTRIA,13.03
TRADER,-25.32
TRADER,-48.56
INDUSTRIA,-31.97
REFINERIA,-27.53
REFINERIA,-47.78
REFINERIA,-55.86
TRADER,-28.16
TRADER,-31.62
INDUSTRIA,-31.75
REFINERIA,-11.37
TRADER,-20.52
REFINERIA,-34.93
INDUSTRIA,-20.5
TRADER,-36.44
REFINERIA,-45.42
TRADER,-40.2
REFINERIA,-35.11
TRADER,-39.91
REFINERIA,-16.05
TRADER,-26.44
TRADER,-15.36
TRADER,-15.03
INDUSTRIA,-41.9
TRADER,-16.25
REFINERIA,-26.77
TRADER,-36.83
TRADER,-45.08
TRADER,-28.46
REFINERIA,-18.35
REFINERIA,-49.79
INDUSTRIA,-28.34
INDUSTRIA,-50.61
INDUSTRIA,-30.63
INDUSTRIA,-46.62
REFINERIA,-14.54
REFINERIA,-20.8
REFINERIA,-40.03
INDUSTRIA,-23.39
TRADER,-19.77
TRADER,-30.95
INDUSTRIA,-26.58
TRADER,-33.89
INDUSTRIA,-25.07
REFINERIA,-47.05
TRADER,3.44
INDUSTRIA,-21.92
REFINERIA,-12.27
INDUSTRIA,-21.39
REFINERIA,3.29
INDUSTRIA,-7.66
INDUSTRIA,-22.1
REFINERIA,-21.54
TRADER,-27.12
INDUSTRIA,-33.31
REFINERIA,-4.85
INDUSTRIA,-32.94
INDUSTRIA,-17.16
REFINERIA,-75.2
REFINERIA,-52.58
INDUSTRIA,-29.64
REFINERIA,-47.89
INDUSTRIA,-23.14
INDUSTRIA,-51.01
INDUSTRIA,-15.3
TRADER,-25.75
REFINERIA,-14.8
REFINERIA,-16.94
INDUSTRIA,-30.95
REFINERIA,-35.77
REFINERIA,-31.13
REFINERIA,-10.93
REFINERIA,-45.84
REFINERIA,-55.66
REFINERIA,1.61
TRADER,-17.95
TRADER,-23.28
TRADER,-10.05
INDUSTRIA,-65.18
TRADER,-19.93
INDUSTRIA,-39.17
REFINERIA,-63.72
REFINERIA,-67.1
REFINERIA,-47.42
TRADER,-26.87
REFINERIA,-15.25
TRADER,-45.54
TRADER,-27.48
INDUSTRIA,-19.25
REFINERIA,-22.63
TRADER,-28.72
TRADER,-25.09
INDUSTRIA,-54.39
TRADER,-36.7
REFINERIA,-35.04
REFINERIA,-55.88
REFINERIA,-24.43
TRADER,-6.32
INDUSTRIA,-21.25
REFINERIA,-11.83
INDUSTRIA,-19.23
REFINERIA,-15.15
REFINERIA,-6.75
INDUSTRIA,-47.13
INDUSTRIA,-22.76
TRADER,-26.25
INDUSTRIA,-25.69
INDUSTRIA,-19.17
TRADER,-43.14
TRADER,-29.3
TRADER,-12.2
TRADER,-7.89
INDUSTRIA,-14.78
REFINERIA,-48.73
INDUSTRIA,-49.87
REFINERIA,-28.09
TRADER,-43.23
TRADER,-22.99
TRADER,-41.3
INDUSTRIA,-16.78
REFINERIA,-20.47
INDUSTRIA,-49.64
TRADER,-46.0
TRADER,-48.45
TRADER,-22.84
REFINERIA,-17.42
INDUSTRIA,-17.74
TRADER,-20.11
REFINERIA,-2.64
REFINERIA,-54.65
TRADER,-36.0
INDUSTRIA,-41.71
INDUSTRIA,-13.91
INDUSTRIA,-22.0
INDUSTRIA,-37.27
TRADER,-15.29
REFINERIA,-63.61
INDUSTRIA,-26.94
INDUSTRIA,-9.05
REFINERIA,-18.98
TRADER,-17.55
TRADER,-31.48
INDUSTRIA,-37.14
INDUSTRIA,-7.42
REFINERIA,-31.31
REFINERIA,-41.26
TRADER,-60.23
REFINERIA,-24.28
TRADER,-35.81
REFINERIA,-19.21
INDUSTRIA,-45.54
TRADER,-39.19
REFINERIA,-42.71
REFINERIA,-39.33
INDUSTRIA,-30.95
TRADER,-45.65
REFINERIA,-34.59
TRADER,-33.57
INDUSTRIA,-29.68
TRADER,-42.54
TRADER,-56.02
TRADER,-31.67
REFINERIA,-26.36
REFINERIA,-13.1
TRADER,-5.76
TRADER,-50.05
REFINERIA,-40.84
TRADER,-25.01
INDUSTRIA,-38.72
REFINERIA,-38.52
REFINERIA,-29.32
TRADER,-54.69
INDUSTRIA,-17.79
REFINERIA,-59.82
INDUSTRIA,-19.44
INDUSTRIA,-24.74
REFINERIA,-34.18
TRADER,-42.04
INDUSTRIA,-17.53
INDUSTRIA,-48.83
REFINERIA,-6.8
REFINERIA,-23.23
INDUSTRIA,1.04
TRADER,-36.15
INDUSTRIA,-24.83
REFINERIA,-26.17
TRADER,5.05
INDUSTRIA,-27.98
REFINERIA,-19.96
TRADER,-73.67
INDUSTRIA,-18.65
INDUSTRIA,-47.2
INDUSTRIA,-30.03
REFINERIA,-58.84
INDUSTRIA,-3.31
INDUSTRIA,-29.87
REFINERIA,-44.31
INDUSTRIA,-43.06
TRADER,-34.98
REFINERIA,-60.95
TRADER,-51.61
REFINERIA,-12.09
TRADER,-31.92
INDUSTRIA,-23.26
REFINERIA,-40.09
INDUSTRIA,-12.59
TRADER,-33.46
REFINERIA,-17.39
INDUSTRIA,-18.26
INDUSTRIA,-35.31
INDUSTRIA,-48.94
TRADER,-7.49
REFINERIA,-3.09
TRADER,-23.37
INDUSTRIA,-47.94
TRADER,2.88
REFINERIA,-35.84
TRADER,-24.21
REFINERIA,-29.71
TRADER,-39.17
REFINERIA,-48.51
TRADER,-17.04
INDUSTRIA,-41.67
INDUSTRIA,-31.21
REFINERIA,-49.94
TRADER,-38.57
INDUSTRIA,-32.3
REFINERIA,-39.79
TRADER,-36.23
REFINERIA,-12.2
TRADER,-3.97
INDUSTRIA,-27.14
REFINERIA,-32.27
REFINERIA,-48.97
INDUSTRIA,-15.97
TRADER,-47.95
INDUSTRIA,-32.42
TRADER,-44.65
TRADER,-41.26
TRADER,-2.24
REFINERIA,-39.01
INDUSTRIA,-24.93
REFINERIA,-39.31
INDUSTRIA,-23.75
TRADER,-22.1
REFINERIA,-20.47
INDUSTRIA,-49.3
INDUSTRIA,-9.47
TRADER,-51.24
INDUSTRIA,-91.88
TRADER,-32.44
INDUSTRIA,-19.92
TRADER,-39.8
TRADER,-38.59
TRADER,-17.88
TRADER,-19.21
TRADER,-29.94
TRADER,-4.89
INDUSTRIA,-34.19
INDUSTRIA,-24.98
REFINERIA,-45.09
INDUSTRIA,-48.88
TRADER,-49.74
TRADER,-42.92
REFINERIA,-8.56
INDUSTRIA,-39.4
TRADER,-41.27
INDUSTRIA,-19.8
INDUSTRIA,-29.23
TRADER,-46.59
TRADER,-38.49
REFINERIA,-42.8
REFINERIA,-53.61
REFINERIA,-14.33
TRADER,-13.79
INDUSTRIA,-37.28
INDUSTRIA,-37.95
TRADER,-32.82
TRADER,-30.1
REFINERIA,-13.01
INDUSTRIA,-16.85
REFINERIA,-50.55
REFINERIA,-22.37
TRADER,-49.69
TRADER,-17.25
TRADER,-15.01
TRADER,-27.65
TRADER,-40.52
TRADER,-42.89
TRADER,-39.23
REFINERIA,-17.57
TRADER,-23.86
INDUSTRIA,-24.99
REFINERIA,-30.23
REFINERIA,-26.61
REFINERIA,-58.75
REFINERIA,-27.03
INDUSTRIA,-38.19
TRADER,-28.79
INDUSTRIA,-31.75
INDUSTRIA,-50.79
TRADER,-19.53
TRADER,-13.43
TRADER,-16.74
INDUSTRIA,-23.73
TRADER,-55.73
TRADER,-29.57
TRADER,-32.26
REFINERIA,-24.89
INDUSTRIA,-14.99
REFINERIA,-56.7
INDUSTRIA,-16.91
TRADER,-39.27
TRADER,-3.73
TRADER,-37.35
REFINERIA,-36.56
TRADER,-15.3
TRADER,-16.75
TRADER,-59.43
INDUSTRIA,-33.35
REFINERIA,-15.44
REFINERIA,-31.67
REFINERIA,-32.65
INDUSTRIA,-22.75
REFINERIA,-41.02
TRADER,-46.89
TRADER,-19.76
TRADER,-40.48
TRADER,-34.53
INDUSTRIA,1.51
REFINERIA,-15.04
TRADER,-17.69
TRADER,-46.82
REFINERIA,-37.36
REFINERIA,-23.95
INDUSTRIA,14.81
TRADER,-11.29
REFINERIA,-28.05
TRADER,-18.23
INDUSTRIA,-21.86
INDUSTRIA,-36.71
TRADER,-46.12
REFINERIA,-39.77
TRADER,-40.33
TRADER,-37.24
TRADER,-9.86
TRADER,-21.79
REFINERIA,-67.27
TRADER,-19.75
INDUSTRIA,-53.94
INDUSTRIA,-13.43
TRADER,-22.61
REFINERIA,-41.53
TRADER,-15.88
INDUSTRIA,-3.57
TRADER,-21.15
REFINERIA,-34.49
REFINERIA,-27.6
INDUSTRIA,-28.02
REFINERIA,-26.22
INDUSTRIA,-47.21
REFINERIA,-26.87
REFINERIA,-25.24
TRADER,-15.08
REFINERIA,-36.68
INDUSTRIA,-11.13
REFINERIA,-38.61
INDUSTRIA,-23.98
REFINERIA,-16.5
TRADER,-11.58
INDUSTRIA,-28.62
REFINERIA,-3.22
REFINERIA,-26.48
TRADER,-42.05
TRADER,-40.47
INDUSTRIA,-40.23
INDUSTRIA,-26.84
INDUSTRIA,-40.3
TRADER,-23.52
TRADER,-30.08
INDUSTRIA,-24.43
INDUSTRIA,-23.71
TRADER,-59.55
REFINERIA,-36.94
REFINERIA,-30.11
TRADER,-33.78
TRADER,-43.99
TRADER,-45.64
TRADER,-41.5
REFINERIA,-5.61
TRADER,-22.11
TRADER,9.79
TRADER,-42.12
INDUSTRIA,-34.42
TRADER,-10.73
TRADER,-56.17
INDUSTRIA,-37.84
TRADER,-26.71
REFINERIA,-27.85
TRADER,-29.66
INDUSTRIA,-21.47
REFINERIA,-21.3
INDUSTRIA,-65.44
TRADER,-19.13
INDUSTRIA,-47.31
REFINERIA,-37.9
TRADER,-40.64
INDUSTRIA,-31.04
REFINERIA,-29.77
INDUSTRIA,-30.91
REFINERIA,0.01
REFINERIA,-26.02
INDUSTRIA,-17.12
INDUSTRIA,-35.14
TRADER,-20.68
REFINERIA,-11.77
REFINERIA,-34.22
REFINERIA,-37.92
REFINERIA,-21.7
TRADER,-57.31
INDUSTRIA,-42.36
INDUSTRIA,-37.1
INDUSTRIA,-50.4
REFINERIA,-55.41
REFINERIA,-19.7
REFINERIA,-34.2
TRADER,-57.99
REFINERIA,-58.19
TRADER,-29.41
TRADER,-37.31
TRADER,-33.46
INDUSTRIA,-10.69
REFINERIA,-33.39
REFINERIA,-14.49
REFINERIA,-25.62
REFINERIA,-26.77
TRADER,-13.49
TRADER,-26.62
TRADER,-35.57
TRADER,-50.64
TRADER,-36.91
REFINERIA,-26.51
TRADER,-39.98
INDUSTRIA,-18.1
TRADER,0.55
TRADER,-41.63
TRADER,-41.05
REFINERIA,-38.1
INDUSTRIA,-22.59
INDUSTRIA,-53.7
TRADER,-8.15
INDUSTRIA,-23.66
REFINERIA,-31.11
TRADER,-60.05
REFINERIA,-37.73
INDUSTRIA,-19.12
TRADER,-20.86
REFINERIA,-33.39
REFINERIA,-10.83
TRADER,-37.54
TRADER,-17.56
REFINERIA,-50.28
REFINERIA,-21.13
INDUSTRIA,-44.49
REFINERIA,-35.39
REFINERIA,-21.54
INDUSTRIA,-7.53
REFINERIA,-26.73
INDUSTRIA,-4.26
REFINERIA,-52.25
INDUSTRIA,-29.92
INDUSTRIA,-55.15
REFINERIA,-20.11
INDUSTRIA,-40.38
INDUSTRIA,-19.51
INDUSTRIA,-21.36
REFINERIA,-32.65
TRADER,-9.83
TRADER,-31.17
REFINERIA,-53.68
TRADER,-24.45
REFINERIA,-29.08
INDUSTRIA,-32.89
TRADER,-34.75
TRADER,-24.26
REFINERIA,-15.81
REFINERIA,-16.3
REFINERIA,-34.21
TRADER,-15.38
INDUSTRIA,-25.94
TRADER,-9.39
TRADER,-53.84
TRADER,-64.35
TRADER,-40.51
REFINERIA,4.47
REFINERIA,-58.07
INDUSTRIA,-28.78
TRADER,-38.5
REFINERIA,-27.37
INDUSTRIA,-11.84
TRADER,-13.52
REFINERIA,-30.15
TRADER,-15.41
INDUSTRIA,-9.36
INDUSTRIA,-19.2
REFINERIA,-24.15
REFINERIA,-31.16
REFINERIA,-23.34
REFINERIA,-43.17
TRADER,-16.55
INDUSTRIA,-34.98
INDUSTRIA,-22.26
TRADER,-19.49
REFINERIA,-9.81
INDUSTRIA,-53.54
REFINERIA,-28.0
TRADER,5.3
TRADER,-46.52
TRADER,-32.96
TRADER,-10.72
REFINERIA,-8.53
TRADER,-21.77
TRADER,-35.53
INDUSTRIA,-21.47
INDUSTRIA,-30.32
INDUSTRIA,-29.22
REFINERIA,-45.64
REFINERIA,-8.09
INDUSTRIA,-40.39
TRADER,-22.3
REFINERIA,-30.15
TRADER,-24.86
INDUSTRIA,-30.48
REFINERIA,-42.41
INDUSTRIA,-25.43
TRADER,-10.62
TRADER,-33.79
REFINERIA,-26.45
INDUSTRIA,-13.53
INDUSTRIA,-34.12
TRADER,-21.36
TRADER,-34.22
TRADER,-54.35
TRADER,-54.87
REFINERIA,-26.33
TRADER,-35.26
TRADER,-33.01
REFINERIA,-26.43
TRADER,-51.18
TRADER,-48.51
TRADER,-23.77
TRADER,-24.39
INDUSTRIA,-29.21
TRADER,-44.8
INDUSTRIA,-19.92
INDUSTRIA,-39.36
TRADER,-37.9
TRADER,-9.22
REFINERIA,-26.24
REFINERIA,-10.89
REFINERIA,-11.24
REFINERIA,-3.08
INDUSTRIA,-13.96
REFINERIA,-31.98
TRADER,-54.61
INDUSTRIA,-44.67
TRADER,-51.81
INDUSTRIA,-37.57
TRADER,-33.11
TRADER,-30.5
INDUSTRIA,-22.73
REFINERIA,-31.76
REFINERIA,-33.61
TRADER,-4.32
INDUSTRIA,-44.91
REFINERIA,-29.37
TRADER,-13.61
INDUSTRIA,-35.13
INDUSTRIA,-44.82
TRADER,-30.54
REFINERIA,-26.02
TRADER,-33.11
INDUSTRIA,-39.9
REFINERIA,-18.9
INDUSTRIA,-33.75
INDUSTRIA,-33.63
TRADER,-26.87
INDUSTRIA,-57.28
REFINERIA,-24.65
TRADER,-11.32
TRADER,-40.26
REFINERIA,-47.74
REFINERIA,-29.52
TRADER,-20.42
TRADER,-34.91
INDUSTRIA,-14.18
INDUSTRIA,-19.3
TRADER,-26.95
REFINERIA,-55.6
INDUSTRIA,-36.14
TRADER,-31.45
TRADER,-25.58
TRADER,-22.17
INDUSTRIA,-29.6
TRADER,0.12
TRADER,-37.19
INDUSTRIA,-11.24
INDUSTRIA,-14.14
REFINERIA,-30.4
TRADER,-24.78
REFINERIA,-34.46
INDUSTRIA,-37.59
TRADER,-37.63
INDUSTRIA,-29.03
INDUSTRIA,-28.47
TRADER,-10.59
REFINERIA,-39.83
REFINERIA,-39.13
TRADER,-41.35
REFINERIA,-13.67
REFINERIA,-46.67
TRADER,9.28
INDUSTRIA,-54.79
TRADER,-51.9
INDUSTRIA,-30.56
TRADER,-16.63
INDUSTRIA,-35.87
TRADER,-32.06
REFINERIA,-22.13
INDUSTRIA,-27.26
REFINERIA,-29.04
TRADER,-56.57
INDUSTRIA,-37.3
TRADER,-26.34
TRADER,-14.51
INDUSTRIA,4.8
INDUSTRIA,-20.46
INDUSTRIA,-37.13
REFINERIA,-41.96
INDUSTRIA,-21.76
TRADER,-35.41
INDUSTRIA,4.02
REFINERIA,-19.61
INDUSTRIA,-22.59
TRADER,-10.58
INDUSTRIA,-55.84
REFINERIA,-52.52
TRADER,-27.84
TRADER,-40.83
TRADER,-51.49
TRADER,-38.84
REFINERIA,-33.72
TRADER,-26.22
TRADER,-26.79
REFINERIA,-30.54
INDUSTRIA,-38.15
REFINERIA,-16.23
INDUSTRIA,-32.7
REFINERIA,-9.51
TRADER,-18.7
INDUSTRIA,-62.21
REFINERIA,-45.9
TRADER,-28.09
INDUSTRIA,-23.71
INDUSTRIA,-35.33
INDUSTRIA,-30.06
TRADER,-50.84
TRADER,-13.08
REFINERIA,-19.35
INDUSTRIA,0.58
TRADER,-22.54
INDUSTRIA,-30.31
TRADER,-49.16
REFINERIA,-27.93
INDUSTRIA,-54.93
TRADER,-32.07
TRADER,-53.98
INDUSTRIA,-46.14
INDUSTRIA,-37.33
REFINERIA,-37.35
TRADER,-1.92
INDUSTRIA,-13.66
TRADER,-12.34
TRADER,-34.27
INDUSTRIA,-54.63
TRADER,-18.46
REFINERIA,-35.32
REFINERIA,1.26
INDUSTRIA,-5.01
REFINERIA,-31.1
INDUSTRIA,-42.41
REFINERIA,-36.66
REFINERIA,-37.27
INDUSTRIA,-45.94
REFINERIA,-36.2
INDUSTRIA,-67.66
TRADER,-19.62
TRADER,-27.37
TRADER,-8.29
TRADER,-37.24
INDUSTRIA,-49.4
TRADER,-31.08
TRADER,-34.94
TRADER,-36.03
TRADER,-4.83
TRADER,-16.15
REFINERIA,-38.08
INDUSTRIA,-52.88
REFINERIA,-8.48
REFINERIA,-40.99
INDUSTRIA,-32.14
REFINERIA,-43.49
INDUSTRIA,-26.79
REFINERIA,-5.83
TRADER,-25.12
INDUSTRIA,-46.57
REFINERIA,-7.11
REFINERIA,-30.64
INDUSTRIA,-40.93
TRADER,-33.6
INDUSTRIA,-39.34
REFINERIA,-33.81
TRADER,-18.52
TRADER,-43.15
TRADER,-31.14
TRADER,-48.46
INDUSTRIA,-13.61
TRADER,-21.78
REFINERIA,-19.99
REFINERIA,-33.54
TRADER,-31.96
TRADER,-5.57
TRADER,-33.9
REFINERIA,-29.76
REFINERIA,-45.11
REFINERIA,-25.08
INDUSTRIA,-16.62
REFINERIA,-34.63
REFINERIA,-44.38
INDUSTRIA,-42.98
TRADER,-38.06
INDUSTRIA,-41.76
INDUSTRIA,-51.61
TRADER,-20.53
INDUSTRIA,-56.01
INDUSTRIA,-48.37
REFINERIA,-9.33
TRADER,-22.11
INDUSTRIA,-36.36
TRADER,-40.27
REFINERIA,-28.69
TRADER,-13.47
REFINERIA,-23.64
INDUSTRIA,-15.99
INDUSTRIA,-12.7
REFINERIA,-39.52
INDUSTRIA,-32.98
TRADER,-17.44
INDUSTRIA,-25.03
REFINERIA,3.47
INDUSTRIA,4.62
TRADER,-20.02
INDUSTRIA,-21.28
INDUSTRIA,-23.03
REFINERIA,-30.84
REFINERIA,-17.29
REFINERIA,-34.23
INDUSTRIA,-21.4
REFINERIA,-40.97
INDUSTRIA,-48.28
TRADER,7.24
REFINERIA,-52.95
INDUSTRIA,-47.3
TRADER,-35.69
REFINERIA,-38.42
INDUSTRIA,-44.49
INDUSTRIA,-48.43
TRADER,-42.8
REFINERIA,-31.11
INDUSTRIA,-24.98
TRADER,-64.78
INDUSTRIA,1.18
TRADER,-29.16
TRADER,-6.96
REFINERIA,-36.64
INDUSTRIA,-7.98
INDUSTRIA,-28.14
TRADER,-48.36
INDUSTRIA,-25.39
REFINERIA,-41.19
TRADER,-17.02
INDUSTRIA,-14.76
INDUSTRIA,-38.59
REFINERIA,-32.17
INDUSTRIA,-9.87
INDUSTRIA,-60.82
REFINERIA,-33.9
INDUSTRIA,-23.69
REFINERIA,-13.25
TRADER,-16.42
REFINERIA,-39.65
REFINERIA,-36.78
REFINERIA,-34.43
REFINERIA,-4.16
REFINERIA,-17.04
REFINERIA,-40.43
REFINERIA,-28.38
INDUSTRIA,-50.2
TRADER,-23.75
TRADER,-48.32
TRADER,-8.55
INDUSTRIA,-25.56
REFINERIA,-2.78
REFINERIA,-17.07
INDUSTRIA,-22.46
INDUSTRIA,-31.32
TRADER,-25.48
INDUSTRIA,-27.55
REFINERIA,-31.01
REFINERIA,-17.78
INDUSTRIA,-44.72
TRADER,-44.77
TRADER,-45.61
TRADER,-21.3
TRADER,-43.81
REFINERIA,-27.42
TRADER,-29.32
TRADER,-9.26
INDUSTRIA,-4.16
TRADER,-26.23
REFINERIA,-2.58
REFINERIA,-4.55
TRADER,-34.36
REFINERIA,-23.77
INDUSTRIA,-45.38
INDUSTRIA,-56.7
INDUSTRIA,-43.8
INDUSTRIA,-45.46
TRADER,-21.01
REFINERIA,-42.26
REFINERIA,-33.66
INDUSTRIA,-26.73
REFINERIA,-22.43
TRADER,-18.93
TRADER,-22.01
TRADER,-40.42
TRADER,-29.18
TRADER,-0.22
REFINERIA,-35.4
REFINERIA,-27.84
REFINERIA,-49.5
REFINERIA,-37.14
INDUSTRIA,-25.0
REFINERIA,-50.93
REFINERIA,-10.58
REFINERIA,-27.48
TRADER,-41.42
REFINERIA,-24.89
TRADER,-38.25
INDUSTRIA,-42.52
INDUSTRIA,-25.23
INDUSTRIA,-23.72
REFINERIA,-52.79
INDUSTRIA,-45.78
TRADER,7.16
TRADER,-20.69
REFINERIA,-24.87
REFINERIA,-11.8
REFINERIA,-45.08
TRADER,-24.06
INDUSTRIA,-43.51
TRADER,-25.22
INDUSTRIA,-15.81
TRADER,-38.66
TRADER,-50.19
INDUSTRIA,-32.77
REFINERIA,-46.75
TRADER,-53.45
INDUSTRIA,-26.84
TRADER,-38.12
INDUSTRIA,-6.81
TRADER,-26.09
INDUSTRIA,-27.36
INDUSTRIA,-42.79
TRADER,-40.3
REFINERIA,-30.72
INDUSTRIA,-24.34
INDUSTRIA,-38.62
TRADER,-38.11
INDUSTRIA,-25.01
TRADER,-18.2
REFINERIA,-33.64
INDUSTRIA,-38.45
TRADER,-38.86
TRADER,-26.35
TRADER,-29.69
TRADER,-25.49
REFINERIA,-17.94
TRADER,-47.77
INDUSTRIA,-60.76
TRADER,-58.17
TRADER,-30.72
INDUSTRIA,-12.22
TRADER,-27.18
INDUSTRIA,-33.38
REFINERIA,-10.01
REFINERIA,-17.76
TRADER,-11.15
REFINERIA,-45.08
INDUSTRIA,-66.12
TRADER,-31.1
INDUSTRIA,-31.09
TRADER,-43.33
TRADER,-32.1
INDUSTRIA,-18.73
INDUSTRIA,-48.82
REFINERIA,-54.35
TRADER,-36.95
REFINERIA,-24.06
TRADER,-17.68
INDUSTRIA,-20.22
REFINERIA,-30.33
INDUSTRIA,-55.2
INDUSTRIA,-45.25
TRADER,-24.45
INDUSTRIA,-28.43
TRADER,-55.19
INDUSTRIA,-34.98
INDUSTRIA,-28.19
TRADER,-39.25
INDUSTRIA,-27.92
REFINERIA,-15.5
TRADER,-29.76
REFINERIA,-15.02
TRADER,-24.05
INDUSTRIA,-40.39
INDUSTRIA,-37.61
REFINERIA,-32.4
INDUSTRIA,-23.36
INDUSTRIA,-9.95
TRADER,-44.18
TRADER,-31.75
REFINERIA,-47.0
INDUSTRIA,-39.34
INDUSTRIA,-33.95
TRADER,-27.76
REFINERIA,-35.49
REFINERIA,-20.53
TRADER,8.01
REFINERIA,-34.27
TRADER,-41.02
TRADER,-20.23
REFINERIA,-40.39
REFINERIA,-45.22
TRADER,-18.04
REFINERIA,-64.1
REFINERIA,-6.66
REFINERIA,-60.42
INDUSTRIA,-18.43
TRADER,-67.14
TRADER,-31.82
TRADER,-33.1
INDUSTRIA,-19.26
REFINERIA,-33.99
REFINERIA,-19.99
REFINERIA,-34.42
TRADER,-35.42
REFINERIA,-33.52
REFINERIA,-24.04
INDUSTRIA,-42.86
TRADER,-56.64
INDUSTRIA,-31.46
TRADER,-22.69
REFINERIA,-2.12
INDUSTRIA,-8.9
TRADER,-26.36
INDUSTRIA,5.56
INDUSTRIA,-31.99
REFINERIA,-14.16
TRADER,-23.85
TRADER,-59.86
TRADER,-47.57
INDUSTRIA,-23.99
REFINERIA,-8.89
TRADER,-51.13
REFINERIA,-7.06
INDUSTRIA,-14.47
REFINERIA,-50.98
TRADER,-50.57
INDUSTRIA,-46.6
TRADER,-31.31
REFINERIA,-39.14
INDUSTRIA,-33.73
TRADER,-27.59
REFINERIA,-9.33
TRADER,-25.73
INDUSTRIA,-32.84
REFINERIA,-29.83
INDUSTRIA,-37.0
TRADER,-46.34
INDUSTRIA,-18.76
TRADER,-36.15
INDUSTRIA,-34.13
REFINERIA,-17.5
REFINERIA,-52.93
REFINERIA,-46.73
TRADER,-26.94
REFINERIA,-36.43
TRADER,-16.98
INDUSTRIA,-14.93
REFINERIA,-25.07
REFINERIA,-43.8
TRADER,-18.07
REFINERIA,-31.85
REFINERIA,-33.76
TRADER,-24.59
TRADER,14.2
INDUSTRIA,-25.59
INDUSTRIA,-39.49
TRADER,-46.83
TRADER,-37.46
TRADER,-24.21
INDUSTRIA,-8.54
TRADER,-22.4
INDUSTRIA,-17.47
REFINERIA,-12.6
REFINERIA,-49.13
TRADER,-13.59
TRADER,-26.72
INDUSTRIA,-14.91
INDUSTRIA,-6.76
INDUSTRIA,-20.44
REFINERIA,-51.06
REFINERIA,-46.54
INDUSTRIA,-39.28
INDUSTRIA,-60.67
REFINERIA,-58.31
TRADER,-60.57
INDUSTRIA,-34.28
REFINERIA,-54.11
TRADER,-10.8
TRADER,-37.83
TRADER,8.12
REFINERIA,-42.77
REFINERIA,-37.13
TRADER,-13.87
INDUSTRIA,-43.24
TRADER,-29.43
INDUSTRIA,-23.73
REFINERIA,-22.9
TRADER,-36.9
REFINERIA,-35.5
TRADER,-15.81
INDUSTRIA,-52.48
INDUSTRIA,-51.5
TRADER,-49.09
TRADER,-24.94
REFINERIA,-25.21
INDUSTRIA,-32.28
INDUSTRIA,-11.29
TRADER,-35.39
REFINERIA,-30.9
REFINERIA,-38.67
REFINERIA,-65.89
INDUSTRIA,-37.4
TRADER,5.08
TRADER,-37.08
REFINERIA,9.0
TRADER,-23.54
INDUSTRIA,-44.6
INDUSTRIA,-49.51
REFINERIA,-29.83
INDUSTRIA,5.81
TRADER,-57.84
REFINERIA,-19.13
INDUSTRIA,-42.43
INDUSTRIA,-30.55
REFINERIA,-30.51
REFINERIA,-13.6
INDUSTRIA,-24.1
INDUSTRIA,-15.4
TRADER,-30.66
INDUSTRIA,-33.14
REFINERIA,-54.41
TRADER,-6.5
TRADER,-25.33
REFINERIA,-31.99
REFINERIA,-48.27
TRADER,-28.14
REFINERIA,-1.05
INDUSTRIA,-41.24
INDUSTRIA,-30.52
TRADER,-34.51
INDUSTRIA,-30.62
REFINERIA,-29.63
TRADER,-24.44
INDUSTRIA,-45.8
INDUSTRIA,-11.65
INDUSTRIA,-20.47
INDUSTRIA,-15.15
TRADER,-42.27
INDUSTRIA,-11.77
TRADER,-17.28
TRADER,-32.44
TRADER,-45.72
REFINERIA,-15.18
INDUSTRIA,-22.23
INDUSTRIA,-39.82
TRADER,-24.05
TRADER,-16.34
INDUSTRIA,-45.99
TRADER,-27.24
REFINERIA,-21.37
INDUSTRIA,-13.37
REFINERIA,-5.22
INDUSTRIA,-36.0
INDUSTRIA,-57.43
TRADER,-59.58
INDUSTRIA,-28.93
INDUSTRIA,-53.82
INDUSTRIA,-42.29
TRADER,-36.83
INDUSTRIA,-7.65
INDUSTRIA,-32.64
INDUSTRIA,-46.79
INDUSTRIA,-28.25
REFINERIA,-40.62
TRADER,-17.16
TRADER,-30.06
INDUSTRIA,-40.52
INDUSTRIA,-39.18
INDUSTRIA,-15.15
TRADER,-34.98
REFINERIA,-13.45
TRADER,-32.52
TRADER,-30.01
INDUSTRIA,-23.56
REFINERIA,-19.02
TRADER,-15.32
REFINERIA,5.03
REFINERIA,-31.49
INDUSTRIA,-34.12
REFINERIA,-41.24
TRADER,-21.46
REFINERIA,-44.59
TRADER,-28.48
TRADER,-36.31
TRADER,-20.32
REFINERIA,-42.8
REFINERIA,-35.54
REFINERIA,-20.0
REFINERIA,-7.93
TRADER,-19.09
TRADER,-12.59
TRADER,-51.58
INDUSTRIA,-50.82
INDUSTRIA,-15.48
INDUSTRIA,-7.97
REFINERIA,-35.32
REFINERIA,-30.18
TRADER,-57.38
TRADER,-33.18
TRADER,-28.99
TRADER,-10.5
TRADER,-43.16
INDUSTRIA,-42.22
INDUSTRIA,-16.1
REFINERIA,-33.96
TRADER,-17.13
TRADER,4.09
INDUSTRIA,-28.8
REFINERIA,-45.0
INDUSTRIA,-12.18
TRADER,-34.0
REFINERIA,-52.77
REFINERIA,-16.18
INDUSTRIA,-22.43
INDUSTRIA,-35.82
REFINERIA,-36.34
TRADER,4.94
INDUSTRIA,-50.37
INDUSTRIA,-23.95
REFINERIA,-28.0
TRADER,-10.9
INDUSTRIA,-40.75
INDUSTRIA,-27.91
INDUSTRIA,-37.95
TRADER,-59.18
TRADER,-48.36
REFINERIA,-21.7
INDUSTRIA,-29.18
TRADER,1.2
REFINERIA,-25.96
TRADER,-29.35
TRADER,-57.08
INDUSTRIA,-28.14
INDUSTRIA,-16.84
TRADER,-36.13
INDUSTRIA,-12.11
INDUSTRIA,-18.34
TRADER,-41.32
INDUSTRIA,-18.39
TRADER,-28.19
TRADER,-61.26
INDUSTRIA,-42.64
TRADER,-35.62
REFINERIA,-34.41
REFINERIA,-50.62
INDUSTRIA,-45.87
TRADER,-35.94
REFINERIA,-36.32
INDUSTRIA,-23.57
INDUSTRIA,-39.75
REFINERIA,-33.69
TRADER,-20.97
REFINERIA,-72.3
REFINERIA,-12.95
INDUSTRIA,-25.62
INDUSTRIA,-7.37
REFINERIA,-42.12
TRADER,-17.61
INDUSTRIA,-29.7
INDUSTRIA,-11.64
INDUSTRIA,-19.64
TRADER,-59.4
INDUSTRIA,-31.74
REFINERIA,-16.13
REFINERIA,-36.88
INDUSTRIA,-43.75
TRADER,-29.8
INDUSTRIA,-36.91
TRADER,-36.31
INDUSTRIA,-1.47
TRADER,-56.48
INDUSTRIA,-29.52
REFINERIA,-26.27
REFINERIA,-41.03
TRADER,-26.51
REFINERIA,-20.16
REFINERIA,-17.17
TRADER,-34.92
REFINERIA,-17.34
INDUSTRIA,-40.41
REFINERIA,-57.96
REFINERIA,-22.79
INDUSTRIA,-27.75
REFINERIA,-24.46
INDUSTRIA,-36.0
TRADER,-28.59
INDUSTRIA,-43.56
INDUSTRIA,-29.36
INDUSTRIA,-16.56
REFINERIA,-45.56
TRADER,-46.38
TRADER,-30.58
TRADER,-26.75
INDUSTRIA,-26.9
TRADER,-33.29
TRADER,-18.03
TRADER,-49.17
TRADER,-40.58
REFINERIA,-30.95
TRADER,-26.15
INDUSTRIA,-13.44
INDUSTRIA,-25.73
INDUSTRIA,-37.3
TRADER,-16.92
REFINERIA,-26.51
REFINERIA,-25.09
INDUSTRIA,-40.07
TRADER,-28.97
INDUSTRIA,-49.17
TRADER,-27.68
REFINERIA,-39.25
TRADER,-36.0
REFINERIA,-1.84
INDUSTRIA,-27.97
REFINERIA,-14.71
INDUSTRIA,-6.88
TRADER,-22.24
TRADER,-29.78
TRADER,9.53
TRADER,-1.06
INDUSTRIA,-36.38
INDUSTRIA,-8.94
REFINERIA,-25.0
REFINERIA,-2.81
TRADER,-37.15
REFINERIA,-12.17
INDUSTRIA,-21.74
REFINERIA,-16.36
TRADER,-12.2
TRADER,-39.41
INDUSTRIA,-29.38
REFINERIA,-29.14
INDUSTRIA,-33.45
TRADER,-40.94
TRADER,-18.58
REFINERIA,-26.58
INDUSTRIA,-16.86
INDUSTRIA,-43.04
REFINERIA,-1.08
INDUSTRIA,-12.89
INDUSTRIA,-0.47
INDUSTRIA,-20.42
TRADER,-29.07
TRADER,-33.95
TRADER,-14.02
INDUSTRIA,-22.3
INDUSTRIA,5.34
INDUSTRIA,-33.91
TRADER,-50.44
INDUSTRIA,-23.36
INDUSTRIA,-25.93
INDUSTRIA,-52.62
REFINERIA,-26.34
REFINERIA,-19.54
REFINERIA,-49.83
INDUSTRIA,-15.9
TRADER,-37.45
INDUSTRIA,-24.1
TRADER,-65.71
INDUSTRIA,-28.2
INDUSTRIA,-5.58
TRADER,-33.07
REFINERIA,-7.15
REFINERIA,-11.89
INDUSTRIA,4.9
TRADER,-38.51
REFINERIA,-35.7
INDUSTRIA,-64.54
INDUSTRIA,-30.96
INDUSTRIA,-48.15
INDUSTRIA,-33.63
INDUSTRIA,-11.82
TRADER,-39.04
TRADER,9.47
TRADER,-25.45
REFINERIA,-17.05
TRADER,-27.28
REFINERIA,-25.05
REFINERIA,-36.59
REFINERIA,-27.8
REFINERIA,-38.6
REFINERIA,-11.32
REFINERIA,-24.99
TRADER,-42.67
REFINERIA,-17.52
TRADER,-52.37
TRADER,-13.47
TRADER,-36.63
TRADER,-29.93
INDUSTRIA,-43.86
TRADER,-55.77
INDUSTRIA,-30.38
REFINERIA,-6.85
REFINERIA,-30.67
INDUSTRIA,-41.32
TRADER,-61.68
TRADER,-13.36
TRADER,-49.43
REFINERIA,-28.53
TRADER,-40.25
TRADER,-3.19
INDUSTRIA,-24.48
TRADER,-12.26
INDUSTRIA,-15.13
INDUSTRIA,-6.49
REFINERIA,-33.77
REFINERIA,-59.9
TRADER,-23.39
INDUSTRIA,-27.85
REFINERIA,-20.57
INDUSTRIA,0.37
REFINERIA,-50.71
TRADER,-51.78
INDUSTRIA,-16.35
TRADER,-30.95
TRADER,-15.24
TRADER,-12.19
REFINERIA,-28.92
TRADER,-45.84
REFINERIA,-30.37
INDUSTRIA,-30.07
INDUSTRIA,-31.81
REFINERIA,-30.9
TRADER,-25.93
REFINERIA,-34.58
TRADER,-28.0
REFINERIA,-27.18
TRADER,-15.48
INDUSTRIA,-58.7
REFINERIA,-16.75
REFINERIA,-37.11
TRADER,-24.29
REFINERIA,-66.8
REFINERIA,-16.27
REFINERIA,-30.58
TRADER,-15.78
REFINERIA,-25.55
REFINERIA,-4.21
TRADER,-15.05
REFINERIA,-48.71
INDUSTRIA,-28.17
INDUSTRIA,-59.3
REFINERIA,-13.07
TRADER,-12.9
REFINERIA,-11.02
INDUSTRIA,-34.36
TRADER,-37.06
TRADER,-40.71
TRADER,-58.2
TRADER,-25.22
TRADER,-35.79
TRADER,-53.92
REFINERIA,-39.02
INDUSTRIA,-20.56
TRADER,-38.08
INDUSTRIA,-22.08
INDUSTRIA,-36.24
TRADER,-24.35
REFINERIA,-28.47
TRADER,-29.68
REFINERIA,-4.21
INDUSTRIA,-28.13
INDUSTRIA,-33.86
REFINERIA,-30.08
TRADER,-37.89
INDUSTRIA,-11.14
TRADER,-36.55
INDUSTRIA,-46.93
INDUSTRIA,-32.04
REFINERIA,-18.77
REFINERIA,-38.07
INDUSTRIA,-32.6
INDUSTRIA,-29.97
TRADER,-38.59
TRADER,-28.05
REFINERIA,-35.55
TRADER,1.7
TRADER,-53.0
INDUSTRIA,-39.02
REFINERIA,-8.94
INDUSTRIA,-43.07
TRADER,-36.53
REFINERIA,-19.36
TRADER,-36.65
TRADER,-30.18
REFINERIA,-40.54
INDUSTRIA,-26.33
TRADER,-15.45
REFINERIA,-19.96
INDUSTRIA,-42.89
TRADER,-39.51
REFINERIA,-10.58
REFINERIA,-34.97
REFINERIA,-15.44
REFINERIA,-36.16
REFINERIA,-0.84
TRADER,-31.2
REFINERIA,-37.68
INDUSTRIA,-62.31
INDUSTRIA,-41.83
REFINERIA,-58.3
INDUSTRIA,-38.65
INDUSTRIA,-27.33
REFINERIA,-33.86
TRADER,-39.72
INDUSTRIA,1.68
INDUSTRIA,-7.85
TRADER,-39.57
TRADER,-14.58
INDUSTRIA,-24.49
REFINERIA,-30.4
INDUSTRIA,-4.08
REFINERIA,-1.02
REFINERIA,-26.09
INDUSTRIA,-30.56
INDUSTRIA,-57.48
TRADER,-34.83
INDUSTRIA,-26.81
TRADER,-41.46
TRADER,-63.07
INDUSTRIA,-21.27
INDUSTRIA,-65.44
REFINERIA,-45.54
REFINERIA,-47.97
INDUSTRIA,-38.71
TRADER,-32.55
TRADER,-23.25
INDUSTRIA,-28.75
INDUSTRIA,-23.24
INDUSTRIA,-31.64
REFINERIA,-22.83
INDUSTRIA,-39.64
TRADER,-38.24
REFINERIA,-29.18
INDUSTRIA,-50.88
INDUSTRIA,-26.84
TRADER,-33.81
REFINERIA,-41.04
INDUSTRIA,-37.83
TRADER,-23.78
INDUSTRIA,-49.21
INDUSTRIA,-34.16
TRADER,-55.52
INDUSTRIA,-4.18
REFINERIA,-10.67
REFINERIA,-19.28
REFINERIA,-32.83
TRADER,-11.03
REFINERIA,-12.78
REFINERIA,-29.43
REFINERIA,19.17
INDUSTRIA,-16.07
REFINERIA,-22.37
INDUSTRIA,-44.54
INDUSTRIA,-40.28
TRADER,-20.33
REFINERIA,-17.08
REFINERIA,-34.25
REFINERIA,-46.53
REFINERIA,-19.41
REFINERIA,-46.01
REFINERIA,-34.13
REFINERIA,-40.17
TRADER,-45.76
REFINERIA,-48.65
INDUSTRIA,-37.09
TRADER,-37.08
TRADER,-30.38
REFINERIA,-27.35
REFINERIA,-22.35
TRADER,-23.3
INDUSTRIA,-30.28
TRADER,-35.29
INDUSTRIA,-40.61
REFINERIA,-38.74
TRADER,-34.75
INDUSTRIA,-40.53
REFINERIA,-39.45
TRADER,-38.37
INDUSTRIA,-25.4
REFINERIA,-29.03
INDUSTRIA,-29.2
REFINERIA,-47.48
TRADER,-53.98
TRADER,-23.56
TRADER,-55.95
TRADER,-34.61
TRADER,-15.6
REFINERIA,-19.67
TRADER,-17.77
TRADER,-43.24
REFINERIA,-42.64
TRADER,-28.98
REFINERIA,-28.92
INDUSTRIA,-45.74
REFINERIA,-34.78
REFINERIA,-14.38
INDUSTRIA,-33.44
TRADER,-40.74
REFINERIA,-27.23
REFINERIA,-26.29
INDUSTRIA,-38.15
REFINERIA,-32.16
TRADER,-8.51
INDUSTRIA,-39.52
REFINERIA,-13.7
TRADER,-30.35
REFINERIA,-35.27
INDUSTRIA,-21.45
TRADER,-12.54
INDUSTRIA,-9.05
INDUSTRIA,-34.09
INDUSTRIA,-56.2
INDUSTRIA,-18.7
INDUSTRIA,-13.45
REFINERIA,-53.25
INDUSTRIA,-37.56
TRADER,-20.86
TRADER,-13.08
REFINERIA,-32.09
INDUSTRIA,-27.13
REFINERIA,-25.6
REFINERIA,-40.67
TRADER,-16.43
TRADER,-46.19
REFINERIA,-15.25
REFINERIA,-17.5
INDUSTRIA,-48.33
INDUSTRIA,-35.4
INDUSTRIA,-44.53
REFINERIA,-32.23
TRADER,-54.77
REFINERIA,-39.93
TRADER,-36.03
REFINERIA,-35.91
INDUSTRIA,-24.83
TRADER,-13.14
REFINERIA,-19.81
INDUSTRIA,-26.16
INDUSTRIA,-41.23
TRADER,-29.45
TRADER,-48.45
INDUSTRIA,-46.69
REFINERIA,-18.46
TRADER,-18.56
TRADER,-6.61
TRADER,-35.8
TRADER,-10.31
INDUSTRIA,-22.52
INDUSTRIA,-6.28
INDUSTRIA,-28.57
REFINERIA,-56.24
TRADER,-37.77
TRADER,-28.57
TRADER,-14.5
REFINERIA,-44.21
REFINERIA,-22.01
REFINERIA,-10.24
TRADER,-14.44
INDUSTRIA,-19.9
REFINERIA,-32.58
REFINERIA,-24.55
TRADER,-66.11
REFINERIA,-27.0
REFINERIA,-31.62
TRADER,-26.36
TRADER,-37.91
INDUSTRIA,-41.0
TRADER,-34.79
TRADER,-17.32
REFINERIA,-32.97
INDUSTRIA,-23.84
INDUSTRIA,-4.65
INDUSTRIA,-21.48
INDUSTRIA,-38.85
INDUSTRIA,-24.49
INDUSTRIA,-30.79
INDUSTRIA,-36.42
REFINERIA,-29.57
TRADER,-21.46
TRADER,-37.38
TRADER,-13.67
TRADER,-35.08
REFINERIA,-56.94
TRADER,-8.4
REFINERIA,-63.59
REFINERIA,-34.5
REFINERIA,-30.43
REFINERIA,-33.32
TRADER,-6.59
TRADER,-44.76
TRADER,-18.68
TRADER,-15.45
TRADER,-0.44
REFINERIA,-35.23
TRADER,-34.38
REFINERIA,-56.73
TRADER,-22.43
REFINERIA,-39.01
REFINERIA,-67.14
REFINERIA,-32.18
INDUSTRIA,-44.94
REFINERIA,-9.67
REFINERIA,-44.36
REFINERIA,-42.81
INDUSTRIA,-15.04
TRADER,-32.28
REFINERIA,-39.34
TRADER,-22.52
REFINERIA,-26.72
INDUSTRIA,-28.9
INDUSTRIA,-32.78
INDUSTRIA,-50.0
TRADER,-6.99
INDUSTRIA,-24.55
REFINERIA,-18.57
TRADER,-50.28
REFINERIA,-43.66
REFINERIA,-15.65
INDUSTRIA,-18.27
REFINERIA,-30.52
TRADER,-21.8
REFINERIA,-36.64
INDUSTRIA,-18.73
INDUSTRIA,-41.62
INDUSTRIA,-57.46
TRADER,-49.65
INDUSTRIA,-12.04
TRADER,-45.46
TRADER,-43.1
TRADER,12.38
INDUSTRIA,-26.25
REFINERIA,-30.6
TRADER,-39.09
REFINERIA,-22.64
INDUSTRIA,-19.55
INDUSTRIA,-37.67
TRADER,-39.45
REFINERIA,-35.56
TRADER,-45.61
REFINERIA,-20.93
TRADER,-39.83
REFINERIA,-17.25
REFINERIA,-30.1
TRADER,-20.03
INDUSTRIA,-33.31
INDUSTRIA,-40.75
INDUSTRIA,-38.6
REFINERIA,-17.95
TRADER,-17.48
TRADER,-17.95
INDUSTRIA,-39.23
TRADER,-35.96
INDUSTRIA,-11.17
TRADER,-15.43
TRADER,-54.64
REFINERIA,-30.95
REFINERIA,-26.67
INDUSTRIA,-28.26
TRADER,-36.43
TRADER,-26.61
TRADER,-33.06
INDUSTRIA,-60.16
TRADER,-36.15
REFINERIA,-48.45
REFINERIA,-37.69
TRADER,-25.4
TRADER,-51.79
REFINERIA,-56.19
INDUSTRIA,-43.33
REFINERIA,-7.57
REFINERIA,-25.08
INDUSTRIA,-0.01
INDUSTRIA,-42.99
REFINERIA,-7.14
INDUSTRIA,-56.47
TRADER,-49.85
REFINERIA,-43.64
REFINERIA,-41.17
INDUSTRIA,-21.46
REFINERIA,-18.6
REFINERIA,-63.79
TRADER,-6.76
INDUSTRIA,-47.01
REFINERIA,-37.24
INDUSTRIA,-39.99
TRADER,-19.82
REFINERIA,-16.07
INDUSTRIA,-47.38
INDUSTRIA,-25.12
INDUSTRIA,-48.9
REFINERIA,-22.27
REFINERIA,-6.72
REFINERIA,-12.54
INDUSTRIA,-16.21
TRADER,-2.99
INDUSTRIA,-24.41
REFINERIA,-45.44
REFINERIA,-23.99
INDUSTRIA,-26.29
INDUSTRIA,-17.56
REFINERIA,-18.21
REFINERIA,0.82
INDUSTRIA,-17.61
TRADER,-9.59
REFINERIA,-38.98
REFINERIA,-22.91
INDUSTRIA,-55.12
TRADER,-44.58
TRADER,-31.74
REFINERIA,-14.17
REFINERIA,-21.58
TRADER,-14.81
REFINERIA,-27.36
TRADER,-16.29
TRADER,-32.18
INDUSTRIA,-32.17
INDUSTRIA,-13.89
TRADER,-20.33
TRADER,-38.38
INDUSTRIA,-33.98
TRADER,-27.18
TRADER,-31.19
REFINERIA,-14.67
REFINERIA,-38.82
REFINERIA,-34.11
TRADER,-29.25
REFINERIA,-40.24
INDUSTRIA,0.76
INDUSTRIA,-35.22
INDUSTRIA,-18.7
INDUSTRIA,-20.16
INDUSTRIA,-50.11
INDUSTRIA,-31.0
TRADER,6.21
TRADER,-53.53
INDUSTRIA,-49.99
INDUSTRIA,-3.5
INDUSTRIA,-52.61
TRADER,-30.65
REFINERIA,-36.12
REFINERIA,-33.03
REFINERIA,-11.3
TRADER,-14.52
REFINERIA,-0.47
REFINERIA,-29.34
INDUSTRIA,-38.53
INDUSTRIA,-27.35
INDUSTRIA,-42.83
TRADER,-67.71
INDUSTRIA,-20.44
TRADER,-26.99
REFINERIA,-6.05
INDUSTRIA,-29.98
REFINERIA,-23.53
INDUSTRIA,-44.11
TRADER,-27.66
INDUSTRIA,-17.38
TRADER,-11.72
INDUSTRIA,-22.08
REFINERIA,-27.96
REFINERIA,-21.55
INDUSTRIA,-22.69
INDUSTRIA,6.16
TRADER,-13.33
TRADER,-8.43
INDUSTRIA,-37.89
TRADER,-62.07
REFINERIA,-45.8
TRADER,-33.55
INDUSTRIA,-43.17
INDUSTRIA,-33.75
INDUSTRIA,-19.25
REFINERIA,-24.3
TRADER,-37.72
INDUSTRIA,-26.61
TRADER,-4.78
INDUSTRIA,-44.09
INDUSTRIA,-36.91
REFINERIA,-54.2
INDUSTRIA,-22.66
REFINERIA,-40.13
TRADER,-59.24
TRADER,-43.84
INDUSTRIA,-9.33
REFINERIA,-9.53
REFINERIA,-20.53
INDUSTRIA,-14.07
TRADER,-16.05
REFINERIA,-44.33
TRADER,-48.77
REFINERIA,-45.39
INDUSTRIA,-19.72
INDUSTRIA,-36.74
INDUSTRIA,-29.34
TRADER,-14.36
TRADER,-21.65
TRADER,-14.16
INDUSTRIA,-19.29
REFINERIA,-10.3
TRADER,-18.15
INDUSTRIA,-31.9
REFINERIA,-7.68
INDUSTRIA,-19.24
REFINERIA,-23.44
REFINERIA,-24.24
INDUSTRIA,-18.19
REFINERIA,-8.95
TRADER,-42.54
TRADER,-16.33
TRADER,-16.2
TRADER,-30.35
TRADER,-51.69
INDUSTRIA,-35.56
TRADER,-31.87
INDUSTRIA,-20.67
INDUSTRIA,-1.64
TRADER,-21.09
REFINERIA,-24.33
TRADER,-35.28
TRADER,-10.85
TRADER,-37.83
REFINERIA,-15.54
TRADER,-33.58
TRADER,-53.83
INDUSTRIA,-50.04
INDUSTRIA,-44.64
TRADER,-25.95
TRADER,-26.27
TRADER,-31.98
REFINERIA,-35.49
TRADER,-17.61
TRADER,-24.88
TRADER,-36.17
REFINERIA,-67.17
TRADER,-26.61
INDUSTRIA,-21.44
INDUSTRIA,-21.79
REFINERIA,-31.19
INDUSTRIA,-23.87
INDUSTRIA,-3.2
TRADER,-38.38
REFINERIA,-42.52
TRADER,-27.42
REFINERIA,-36.73
INDUSTRIA,-40.81
REFINERIA,-41.14
INDUSTRIA,-2.07
TRADER,-51.53
INDUSTRIA,-32.99
INDUSTRIA,-44.6
TRADER,-33.26
REFINERIA,-8.86
TRADER,-20.03
TRADER,-16.87
REFINERIA,-39.28
TRADER,-16.12
INDUSTRIA,-45.27
TRADER,-16.72
REFINERIA,-6.52
TRADER,-35.34
REFINERIA,-21.62
REFINERIA,-4.55
REFINERIA,-47.82
INDUSTRIA,-3.54
INDUSTRIA,-25.17
TRADER,-15.56
REFINERIA,-16.25
INDUSTRIA,-4.8
INDUSTRIA,-5.66
REFINERIA,-2.93
INDUSTRIA,-45.35
INDUSTRIA,-25.35
REFINERIA,-15.3
REFINERIA,-34.93
REFINERIA,-12.96
REFINERIA,-30.35
TRADER,-36.68
INDUSTRIA,-40.86
INDUSTRIA,-35.97
TRADER,-39.26
TRADER,-28.96
REFINERIA,-19.58
TRADER,-7.88
INDUSTRIA,-28.37
REFINERIA,-19.66
INDUSTRIA,-42.01
INDUSTRIA,-34.52
INDUSTRIA,13.25
TRADER,-20.9
INDUSTRIA,-40.29
REFINERIA,1.37
INDUSTRIA,-58.79
REFINERIA,-41.32
INDUSTRIA,-21.18
INDUSTRIA,-43.98
TRADER,-19.57
INDUSTRIA,-34.04
INDUSTRIA,-25.25
INDUSTRIA,-37.62
TRADER,4.7
TRADER,-28.19
TRADER,-41.78
TRADER,-26.43
REFINERIA,-42.01
INDUSTRIA,-21.26
INDUSTRIA,-15.12
REFINERIA,-20.9
INDUSTRIA,-61.73
INDUSTRIA,-13.49
REFINERIA,-26.06
REFINERIA,-44.92
TRADER,-13.21
TRADER,-63.28
INDUSTRIA,-30.41
REFINERIA,-29.22
REFINERIA,-30.46
INDUSTRIA,-41.22
INDUSTRIA,-37.5
TRADER,-23.11
REFINERIA,-54.57
INDUSTRIA,-13.93
INDUSTRIA,-14.69
REFINERIA,-2.0
TRADER,3.16
REFINERIA,-35.7
REFINERIA,-42.0
REFINERIA,-38.48
REFINERIA,-36.39
TRADER,-27.02
REFINERIA,-41.82
TRADER,-30.7
TRADER,-38.35
TRADER,-21.08
INDUSTRIA,-34.55
INDUSTRIA,-36.61
TRADER,-28.49
TRADER,-37.37
INDUSTRIA,-50.12
TRADER,-45.12
TRADER,-45.83
REFINERIA,-37.07
REFINERIA,-56.59
TRADER,-48.84
TRADER,2.61
INDUSTRIA,-29.66
INDUSTRIA,-40.06
INDUSTRIA,-16.89
REFINERIA,-31.71
INDUSTRIA,-39.76
TRADER,-22.76
REFINERIA,-14.18
TRADER,-13.63
REFINERIA,-21.75
TRADER,-30.59
TRADER,-29.67
TRADER,-14.37
REFINERIA,-3.05
INDUSTRIA,-2.81
TRADER,-15.97
INDUSTRIA,-25.17
INDUSTRIA,-51.56
INDUSTRIA,-23.86
INDUSTRIA,-52.81
REFINERIA,-15.4
REFINERIA,-21.78
REFINERIA,-8.26
REFINERIA,-37.22
TRADER,-38.26
REFINERIA,-36.04
INDUSTRIA,-25.58
REFINERIA,-34.4
INDUSTRIA,-15.38
INDUSTRIA,-26.16
TRADER,-35.08
REFINERIA,-11.32
TRADER,-48.21
REFINERIA,-1.34
TRADER,-27.06
TRADER,-7.37
REFINERIA,-60.34
TRADER,-36.28
TRADER,-31.57
INDUSTRIA,-57.32
REFINERIA,-41.06
REFINERIA,-33.63
TRADER,-54.27
REFINERIA,-13.83
REFINERIA,-36.58
TRADER,-21.86
TRADER,-29.79
INDUSTRIA,-13.82
REFINERIA,-12.78
INDUSTRIA,-25.25
INDUSTRIA,-19.3
INDUSTRIA,-25.77
TRADER,-22.72
REFINERIA,-34.02
TRADER,-29.42
INDUSTRIA,-29.25
INDUSTRIA,-39.45
TRADER,-52.35
REFINERIA,-52.47
REFINERIA,-38.16
INDUSTRIA,-9.03
TRADER,-39.34
INDUSTRIA,-64.76
TRADER,-23.34
TRADER,0.33
TRADER,-48.82
INDUSTRIA,-3.42
INDUSTRIA,-29.8
REFINERIA,-60.16
INDUSTRIA,-17.57
REFINERIA,-27.17
TRADER,-14.99
REFINERIA,-14.11
REFINERIA,-44.61
INDUSTRIA,-31.38
REFINERIA,-46.78
TRADER,-37.87
REFINERIA,-47.43
INDUSTRIA,-33.09
TRADER,-4.87
TRADER,-1.9
TRADER,-19.26
INDUSTRIA,-8.09
TRADER,-39.96
REFINERIA,-11.66
REFINERIA,-35.15
REFINERIA,-42.71
TRADER,-47.5
TRADER,-28.42
TRADER,-37.42
REFINERIA,-7.91
TRADER,-28.36
TRADER,-34.17
INDUSTRIA,-38.6
REFINERIA,-26.85
INDUSTRIA,-35.5
TRADER,-59.14
REFINERIA,-26.92
TRADER,-42.44
TRADER,-40.27
REFINERIA,-39.48
TRADER,-22.79
REFINERIA,-35.14
TRADER,-25.42
REFINERIA,1.05
INDUSTRIA,-34.25
REFINERIA,-20.45
TRADER,-24.0
TRADER,-44.0
TRADER,-50.63
TRADER,-5.59
INDUSTRIA,-18.37
INDUSTRIA,-42.51
INDUSTRIA,-17.01
TRADER,-27.19
REFINERIA,-28.42
INDUSTRIA,-26.76
INDUSTRIA,-24.23
INDUSTRIA,-36.74
TRADER,-27.09
REFINERIA,-62.9
INDUSTRIA,-16.85
INDUSTRIA,-15.55
TRADER,-35.86
TRADER,-39.49
REFINERIA,-2.84
TRADER,-29.04
INDUSTRIA,-22.94
INDUSTRIA,-28.64
REFINERIA,-6.77
INDUSTRIA,-39.06
REFINERIA,4.87
REFINERIA,-21.59
TRADER,-14.28
REFINERIA,-9.64
INDUSTRIA,-36.96
REFINERIA,-29.44
INDUSTRIA,-33.78
INDUSTRIA,-25.13
TRADER,-20.87
INDUSTRIA,-31.39
INDUSTRIA,-32.02
REFINERIA,-46.67
INDUSTRIA,-27.45
INDUSTRIA,-12.71
INDUSTRIA,-25.59
INDUSTRIA,-37.34
INDUSTRIA,-43.17
TRADER,-4.78
INDUSTRIA,-22.76
REFINERIA,-71.74
TRADER,-39.91
INDUSTRIA,-40.2
INDUSTRIA,-49.38
TRADER,-43.27
TRADER,-34.09
TRADER,-23.0
INDUSTRIA,-24.59
REFINERIA,-39.83
REFINERIA,-30.9
REFINERIA,-8.48
INDUSTRIA,-16.74
TRADER,-50.69
INDUSTRIA,-44.05
INDUSTRIA,-26.17
REFINERIA,-34.81
REFINERIA,-29.38
INDUSTRIA,-42.51
REFINERIA,1.86
TRADER,-43.08
INDUSTRIA,-59.65
INDUSTRIA,-32.28
TRADER,-43.73
REFINERIA,-61.62
TRADER,-67.28
REFINERIA,-54.33
REFINERIA,-58.07
REFINERIA,-11.55
TRADER,-30.81
TRADER,-43.77
REFINERIA,-18.25
TRADER,-29.36
REFINERIA,-27.62
TRADER,-38.84
REFINERIA,-35.63
REFINERIA,-32.85
REFINERIA,1.91
TRADER,-28.07
INDUSTRIA,-35.84
TRADER,-20.86
INDUSTRIA,-29.19
INDUSTRIA,-37.99
TRADER,-16.16
REFINERIA,-32.71
TRADER,-38.3
REFINERIA,-32.94
TRADER,-16.02
REFINERIA,-35.35
REFINERIA,-0.45
TRADER,-35.04
REFINERIA,-49.15
INDUSTRIA,-42.15
REFINERIA,-53.99
REFINERIA,-14.68
REFINERIA,-5.34
REFINERIA,-22.39
INDUSTRIA,-51.88
INDUSTRIA,-39.37
REFINERIA,-76.12
INDUSTRIA,-30.86
TRADER,-21.34
TRADER,-19.51
INDUSTRIA,-46.29
TRADER,-19.67
TRADER,-26.28
TRADER,-34.49
TRADER,-34.83
INDUSTRIA,-22.74
TRADER,-34.88
INDUSTRIA,-25.11
INDUSTRIA,-26.2
TRADER,-52.14
INDUSTRIA,-16.0
REFINERIA,-11.44
INDUSTRIA,-32.92
TRADER,-0.89
TRADER,-22.92
REFINERIA,-37.62
TRADER,-48.06
INDUSTRIA,-45.15
REFINERIA,-27.76
INDUSTRIA,-52.12
REFINERIA,-25.64
TRADER,-10.78
TRADER,-31.4
TRADER,-46.96
INDUSTRIA,-37.08
REFINERIA,-25.3
TRADER,1.09
REFINERIA,4.95
REFINERIA,-31.99
REFINERIA,-0.28
REFINERIA,-61.27
INDUSTRIA,-24.35
REFINERIA,-19.07
INDUSTRIA,-38.87
INDUSTRIA,-8.8
REFINERIA,-18.92
REFINERIA,-35.1
INDUSTRIA,-67.01
INDUSTRIA,-57.43
TRADER,-28.43
REFINERIA,-34.76
INDUSTRIA,-60.51
INDUSTRIA,-15.35
INDUSTRIA,-21.3
TRADER,-16.89
REFINERIA,-22.79
INDUSTRIA,-31.29
TRADER,-27.62
TRADER,-14.56
REFINERIA,-37.06
INDUSTRIA,-20.24
TRADER,-7.18
REFINERIA,-6.0
REFINERIA,-33.43
INDUSTRIA,-50.81
REFINERIA,-32.41
REFINERIA,-64.38
INDUSTRIA,-43.26
INDUSTRIA,-6.26
REFINERIA,-14.76
INDUSTRIA,-54.73
TRADER,-7.56
REFINERIA,-22.56
INDUSTRIA,-39.39
TRADER,-16.97
INDUSTRIA,-23.95
INDUSTRIA,-52.52
INDUSTRIA,-41.33
REFINERIA,-48.13
TRADER,-42.4
TRADER,-42.8
TRADER,-41.96
TRADER,-16.94
REFINERIA,-55.84
TRADER,-37.66
TRADER,-3.12
TRADER,-21.02
TRADER,-29.55
REFINERIA,-39.02
INDUSTRIA,-21.96
TRADER,-21.27
TRADER,-43.28
INDUSTRIA,-44.74
TRADER,-50.71
INDUSTRIA,-6.15
INDUSTRIA,-33.35
INDUSTRIA,-47.74
TRADER,-12.95
REFINERIA,-14.71
INDUSTRIA,-33.16
REFINERIA,-32.99
INDUSTRIA,-34.14
INDUSTRIA,-24.24
INDUSTRIA,-24.74
INDUSTRIA,-40.39
REFINERIA,-21.89
REFINERIA,2.16
INDUSTRIA,-57.83
INDUSTRIA,-34.78
TRADER,-22.78
REFINERIA,-44.23
INDUSTRIA,-36.68
REFINERIA,-40.25
INDUSTRIA,-2.12
TRADER,-15.25
REFINERIA,-14.82
TRADER,-46.54
INDUSTRIA,-10.46
REFINERIA,-21.26
TRADER,-33.4
INDUSTRIA,-28.83
TRADER,-12.17
TRADER,-38.03
REFINERIA,-18.78
REFINERIA,-23.93
REFINERIA,-23.47
TRADER,-33.43
REFINERIA,-47.85
INDUSTRIA,-3.37
REFINERIA,-8.51
TRADER,-12.89
REFINERIA,-14.87
TRADER,-29.6
INDUSTRIA,-29.79
TRADER,-9.03
INDUSTRIA,-52.09
TRADER,-29.95
TRADER,-82.77
REFINERIA,-52.61
TRADER,-14.89
TRADER,-44.54
TRADER,11.17
TRADER,-27.64
TRADER,-49.63
TRADER,-23.51
TRADER,-38.44
REFINERIA,-33.98
INDUSTRIA,-35.32
REFINERIA,-34.33
REFINERIA,-14.13
TRADER,-32.46
REFINERIA,-17.72
TRADER,-38.34
TRADER,-45.11
INDUSTRIA,-3.64
INDUSTRIA,-39.73
REFINERIA,-46.88
TRADER,-56.11
REFINERIA,-31.66
REFINERIA,-54.86
TRADER,-49.23
TRADER,-35.32
INDUSTRIA,-43.38
TRADER,-26.29
REFINERIA,-49.72
REFINERIA,-27.1
TRADER,-31.08
INDUSTRIA,-19.77
TRADER,-46.16
REFINERIA,-60.92
REFINERIA,-43.12
TRADER,-37.65
INDUSTRIA,-28.48
INDUSTRIA,-29.7
INDUSTRIA,-24.8
INDUSTRIA,-36.59
INDUSTRIA,-13.75
INDUSTRIA,-24.35
TRADER,-35.3
REFINERIA,-36.52
TRADER,-22.07
REFINERIA,6.89
TRADER,-31.52
INDUSTRIA,-28.46
TRADER,-12.61
REFINERIA,-45.36
INDUSTRIA,-33.24
TRADER,-26.22
TRADER,-28.02
REFINERIA,-19.15
REFINERIA,-23.73
REFINERIA,-25.22
TRADER,-29.33
REFINERIA,-20.6
INDUSTRIA,-36.29
TRADER,-8.35
INDUSTRIA,-4.17
REFINERIA,-24.83
INDUSTRIA,-18.3
REFINERIA,-42.69
TRADER,-20.32
INDUSTRIA,-24.43
INDUSTRIA,-39.08
TRADER,-56.55
INDUSTRIA,-3.28
TRADER,-51.47
REFINERIA,-42.72
INDUSTRIA,-50.63
REFINERIA,-35.28
TRADER,-35.79
TRADER,-36.06
REFINERIA,-7.41
TRADER,-2.74
REFINERIA,-25.53
REFINERIA,-35.53
INDUSTRIA,-15.45
REFINERIA,-16.36
REFINERIA,-18.49
REFINERIA,-35.89
TRADER,-21.83
INDUSTRIA,-27.48
INDUSTRIA,-54.89
REFINERIA,-49.4
TRADER,-24.26
TRADER,-39.78
REFINERIA,-30.6
INDUSTRIA,-21.25
REFINERIA,-4.46
INDUSTRIA,-29.57
TRADER,-30.17
REFINERIA,-51.54
INDUSTRIA,-30.44
REFINERIA,-41.0
TRADER,-38.45
INDUSTRIA,-26.91
TRADER,-38.59
TRADER,-17.89
REFINERIA,-56.74
TRADER,-17.23
INDUSTRIA,-28.35
INDUSTRIA,-24.35
REFINERIA,-54.68
INDUSTRIA,-32.26
REFINERIA,-33.9
REFINERIA,-45.32
REFINERIA,-22.16
TRADER,-21.22
TRADER,-13.05
TRADER,-14.39
TRADER,-18.53
INDUSTRIA,-43.48
TRADER,-41.11
REFINERIA,-24.79
TRADER,-31.84
REFINERIA,-25.61
TRADER,-44.54
TRADER,-36.81
INDUSTRIA,-17.82
TRADER,-21.11
TRADER,-26.69
TRADER,-14.39
INDUSTRIA,-26.97
INDUSTRIA,-18.11
TRADER,-34.77
TRADER,-18.69
INDUSTRIA,-12.84
REFINERIA,-12.41
TRADER,-21.62
TRADER,-33.47
TRADER,-29.07
INDUSTRIA,-36.25
INDUSTRIA,-11.68
INDUSTRIA,-50.91
REFINERIA,-3.75
INDUSTRIA,-23.35
REFINERIA,-42.34
TRADER,-5.31
TRADER,-28.75
REFINERIA,-53.76
INDUSTRIA,-29.41
TRADER,-48.88
REFINERIA,-30.17
TRADER,-32.78
INDUSTRIA,-74.45
TRADER,-49.86
TRADER,-30.9
TRADER,-35.04
TRADER,-20.67
INDUSTRIA,-38.01
REFINERIA,-36.6
INDUSTRIA,-51.21
TRADER,-28.8
TRADER,-49.7
INDUSTRIA,-16.78
INDUSTRIA,-32.17
INDUSTRIA,-40.33
REFINERIA,-24.56
REFINERIA,-44.36
TRADER,-44.74
TRADER,-41.81
INDUSTRIA,-48.18
INDUSTRIA,-13.89
INDUSTRIA,-23.87
REFINERIA,-20.04
TRADER,-37.87
TRADER,-16.34
TRADER,-22.63
INDUSTRIA,-28.21
TRADER,-31.79
REFINERIA,-8.53
TRADER,-17.24
INDUSTRIA,-10.32
INDUSTRIA,-39.93
INDUSTRIA,-29.82
REFINERIA,-28.83
TRADER,-18.38
REFINERIA,-43.21
REFINERIA,-53.2
INDUSTRIA,-20.13
REFINERIA,-31.12
INDUSTRIA,-16.39
TRADER,-37.5
INDUSTRIA,-46.39
TRADER,-32.2
INDUSTRIA,-16.9
INDUSTRIA,-40.97
INDUSTRIA,-2.12
TRADER,-34.71
TRADER,-29.91
TRADER,-30.53
INDUSTRIA,-23.02
TRADER,-27.85
TRADER,-41.34
REFINERIA,-35.33
INDUSTRIA,-31.4
INDUSTRIA,-23.6
REFINERIA,-30.02
REFINERIA,-13.77
TRADER,-7.4
INDUSTRIA,-51.59
REFINERIA,-19.59
INDUSTRIA,-2.59
TRADER,-48.5
INDUSTRIA,-34.76
TRADER,-23.48
REFINERIA,-49.46
INDUSTRIA,-17.5
INDUSTRIA,-24.9
REFINERIA,-40.3
REFINERIA,-25.29
TRADER,-26.03
REFINERIA,-16.7
INDUSTRIA,-30.73
INDUSTRIA,-51.1
TRADER,-1.69
TRADER,-22.46
REFINERIA,-28.54
INDUSTRIA,-42.91
TRADER,-21.17
TRADER,-30.87
TRADER,-6.11
TRADER,-44.63
INDUSTRIA,-46.41
TRADER,-38.86
TRADER,-41.48
REFINERIA,-21.87
REFINERIA,-63.76
REFINERIA,-25.7
TRADER,-19.71
REFINERIA,-34.16
TRADER,-35.58
INDUSTRIA,-29.31
REFINERIA,-25.93
REFINERIA,-18.18
TRADER,-25.05
INDUSTRIA,-63.44
INDUSTRIA,-3.56
INDUSTRIA,-22.54
TRADER,-21.17
TRADER,-21.71
TRADER,-13.63
INDUSTRIA,-23.02
INDUSTRIA,-10.14
INDUSTRIA,-28.07
INDUSTRIA,-41.78
REFINERIA,-43.74
REFINERIA,-8.68
INDUSTRIA,-30.39
REFINERIA,-31.36
TRADER,-22.59
INDUSTRIA,-25.96
INDUSTRIA,-25.05
TRADER,-34.53
INDUSTRIA,-16.35
TRADER,-20.68
TRADER,-31.34
REFINERIA,-30.38
INDUSTRIA,-13.73
REFINERIA,-25.04
REFINERIA,-48.38
REFINERIA,-32.96
TRADER,-19.77
REFINERIA,-12.16
REFINERIA,-51.17
INDUSTRIA,-16.79
REFINERIA,-48.77
REFINERIA,-21.22
TRADER,-28.36
REFINERIA,-0.63
TRADER,-14.32
TRADER,-34.6
TRADER,-14.8
TRADER,-22.08
REFINERIA,-50.72
REFINERIA,-36.57
TRADER,-16.39
TRADER,-64.33
REFINERIA,-51.38
REFINERIA,-50.19
INDUSTRIA,-20.47
TRADER,-15.59
TRADER,-2.26
INDUSTRIA,-35.99
INDUSTRIA,-15.68
TRADER,-7.23
REFINERIA,-9.38
REFINERIA,-15.16
TRADER,-28.17
REFINERIA,-48.45
REFINERIA,-47.85
TRADER,-24.61
REFINERIA,-34.87
TRADER,-35.09
REFINERIA,-63.4
REFINERIA,-45.46
TRADER,14.56
REFINERIA,-60.59
TRADER,-12.49
INDUSTRIA,-30.66
INDUSTRIA,-38.04
REFINERIA,-23.21
INDUSTRIA,-11.19
TRADER,-31.34
REFINERIA,-30.72
REFINERIA,-48.15
REFINERIA,-29.65
TRADER,-48.08
REFINERIA,-7.25
TRADER,-52.27
INDUSTRIA,-15.37
TRADER,-35.87
TRADER,-60.46
REFINERIA,-14.39
TRADER,-15.61
REFINERIA,-15.73
TRADER,-43.88
REFINERIA,-32.55
INDUSTRIA,-51.38
TRADER,-9.99
TRADER,-22.83
TRADER,-38.82
REFINERIA,-53.61
TRADER,-43.2
TRADER,-27.38
INDUSTRIA,-2.06
REFINERIA,-18.4
REFINERIA,-18.88
REFINERIA,-21.25
INDUSTRIA,-41.83
REFINERIA,-30.98
TRADER,-24.65
INDUSTRIA,-26.99
TRADER,-20.01
INDUSTRIA,-14.95
REFINERIA,-15.86
INDUSTRIA,-45.0
TRADER,-28.69
TRADER,-30.93
REFINERIA,-49.72
TRADER,-33.03
TRADER,-31.14
REFINERIA,-24.17
REFINERIA,-31.0
TRADER,-19.77
TRADER,-8.34
TRADER,-17.95
INDUSTRIA,-9.76
TRADER,-34.59
REFINERIA,-31.43
REFINERIA,-12.68
TRADER,-48.02
REFINERIA,-55.1
INDUSTRIA,-35.34
INDUSTRIA,-36.42
REFINERIA,-17.67
TRADER,-35.36
REFINERIA,-17.88
REFINERIA,-54.78
REFINERIA,-27.21
TRADER,-47.42
REFINERIA,-33.09
INDUSTRIA,-35.13
TRADER,-46.76
INDUSTRIA,-4.99
INDUSTRIA,-24.51
REFINERIA,-26.75
INDUSTRIA,-59.72
REFINERIA,-35.61
REFINERIA,-37.52
TRADER,-22.64
REFINERIA,-21.02
INDUSTRIA,-27.89
TRADER,-15.34
REFINERIA,-49.88
INDUSTRIA,-23.38
INDUSTRIA,-38.84
TRADER,-12.71
TRADER,-44.57
INDUSTRIA,17.67
REFINERIA,-50.08
REFINERIA,-38.99
TRADER,-28.37
REFINERIA,-6.62
REFINERIA,-28.64
INDUSTRIA,-27.52
INDUSTRIA,-11.6
TRADER,-28.06
REFINERIA,-35.99
TRADER,-46.38
TRADER,-12.52
TRADER,-46.23
TRADER,-46.41
TRADER,-25.94
REFINERIA,-47.79
INDUSTRIA,-37.39
INDUSTRIA,-27.91
INDUSTRIA,-18.01
REFINERIA,-18.09
TRADER,-56.45
REFINERIA,-17.42
INDUSTRIA,-48.07
INDUSTRIA,-47.5
REFINERIA,-31.62
REFINERIA,-19.65
INDUSTRIA,-47.71
INDUSTRIA,-16.36
INDUSTRIA,7.7
TRADER,-8.97
TRADER,-30.07
REFINERIA,-32.57
INDUSTRIA,-9.33
REFINERIA,-42.34
TRADER,-41.61
INDUSTRIA,-41.09
REFINERIA,-32.47
TRADER,-11.98
INDUSTRIA,-20.57
REFINERIA,-20.38
INDUSTRIA,-25.61
TRADER,-12.67
INDUSTRIA,-20.25
INDUSTRIA,-30.67
REFINERIA,-20.54
TRADER,-14.96
TRADER,-39.7
INDUSTRIA,-43.34
INDUSTRIA,-21.83
TRADER,-39.78
REFINERIA,-53.14
TRADER,-42.72
TRADER,-16.98
REFINERIA,-6.38
TRADER,-42.35
REFINERIA,-11.46
INDUSTRIA,-25.52
INDUSTRIA,-28.72
TRADER,-38.3
REFINERIA,-39.07
REFINERIA,-45.34
REFINERIA,-23.39
REFINERIA,-12.11
TRADER,-30.12
INDUSTRIA,-22.28
INDUSTRIA,-46.24
REFINERIA,-33.05
INDUSTRIA,-24.83
REFINERIA,-38.27
TRADER,-57.74
TRADER,1.55
REFINERIA,-37.08
TRADER,-31.39
REFINERIA,-22.96
TRADER,-21.08
REFINERIA,-32.86
INDUSTRIA,-1.44
INDUSTRIA,-38.83
TRADER,-33.99
TRADER,-35.57
INDUSTRIA,-29.2
TRADER,-36.89
TRADER,-37.61
REFINERIA,-12.48
REFINERIA,-39.4
REFINERIA,-27.92
TRADER,-16.81
INDUSTRIA,-42.31
REFINERIA,-22.55
INDUSTRIA,-11.49
REFINERIA,-24.05
REFINERIA,-35.83
INDUSTRIA,-24.89
TRADER,-37.46
INDUSTRIA,-36.92
INDUSTRIA,-50.83
TRADER,-46.22
INDUSTRIA,-22.91
TRADER,-52.51
INDUSTRIA,-28.56
TRADER,-17.47
TRADER,-11.7
TRADER,-65.87
INDUSTRIA,-30.06
TRADER,-35.85
INDUSTRIA,-46.71
REFINERIA,-26.26
TRADER,-43.78
INDUSTRIA,-25.67
TRADER,-48.04
REFINERIA,-20.85
TRADER,-21.33
REFINERIA,-29.19
REFINERIA,-57.44
INDUSTRIA,-42.46
REFINERIA,-53.21
REFINERIA,-42.56
TRADER,-27.95
TRADER,-16.93
REFINERIA,-40.29
REFINERIA,-16.14
REFINERIA,-42.76
REFINERIA,-19.85
TRADER,-35.22
REFINERIA,-35.78
REFINERIA,-50.07
TRADER,-14.24
TRADER,-41.84
TRADER,-43.16
REFINERIA,-33.66
REFINERIA,3.29
TRADER,-20.25
REFINERIA,-31.71
REFINERIA,-15.74
INDUSTRIA,-30.48
TRADER,-38.4
REFINERIA,-33.5
REFINERIA,-49.95
INDUSTRIA,-15.5
TRADER,-22.27
INDUSTRIA,-49.74
INDUSTRIA,-26.65
INDUSTRIA,-17.04
INDUSTRIA,-12.93
TRADER,-36.41
TRADER,-37.2
TRADER,-35.58
TRADER,-37.66
REFINERIA,-49.37
INDUSTRIA,-34.25
TRADER,-62.96
TRADER,-27.06
TRADER,-34.82
TRADER,-35.98
TRADER,-17.72
REFINERIA,-20.44
REFINERIA,-27.53
REFINERIA,-17.71
INDUSTRIA,-20.56
INDUSTRIA,-20.76
INDUSTRIA,-3.05
TRADER,-50.1
INDUSTRIA,-30.96
INDUSTRIA,-33.69
TRADER,-15.95
INDUSTRIA,-21.24
REFINERIA,-27.3
REFINERIA,-35.35
INDUSTRIA,-50.93
REFINERIA,-37.68
TRADER,-51.71
TRADER,-35.3
INDUSTRIA,-44.52
TRADER,-50.62
INDUSTRIA,-21.52
TRADER,-34.75
TRADER,-16.01
TRADER,-25.11
INDUSTRIA,-15.07
TRADER,-31.37
INDUSTRIA,-30.25
INDUSTRIA,-43.59
INDUSTRIA,-38.72
REFINERIA,-28.13
REFINERIA,-30.67
REFINERIA,-23.64
TRADER,-30.16
TRADER,-25.94
TRADER,-25.29
INDUSTRIA,-37.57
TRADER,-33.22
TRADER,-16.03
TRADER,-33.94
TRADER,-5.98
TRADER,-15.72
TRADER,-27.59
TRADER,-31.23
TRADER,-35.01
INDUSTRIA,-35.47
TRADER,-6.05
TRADER,-33.45
TRADER,-65.43
TRADER,-14.67
INDUSTRIA,-64.59
TRADER,-41.89
INDUSTRIA,-5.39
REFINERIA,-36.74
REFINERIA,-10.49
REFINERIA,-26.53
TRADER,-16.5
INDUSTRIA,-47.09
REFINERIA,-35.17
TRADER,-25.82
INDUSTRIA,-4.67
REFINERIA,-35.07
TRADER,-16.0
INDUSTRIA,-13.01
TRADER,-33.1
INDUSTRIA,-14.98
INDUSTRIA,-52.26
TRADER,-28.28
INDUSTRIA,-9.25
REFINERIA,-32.28
INDUSTRIA,-27.92
REFINERIA,-33.07
REFINERIA,-39.89
INDUSTRIA,-30.57
TRADER,-32.32
REFINERIA,-39.55
REFINERIA,-3.67
TRADER,-23.95
TRADER,-7.37
INDUSTRIA,-70.54
REFINERIA,-49.43
REFINERIA,-19.49
TRADER,-20.84
TRADER,-23.56
INDUSTRIA,-32.17
INDUSTRIA,-7.54
REFINERIA,-47.12
REFINERIA,-27.37
REFINERIA,-21.91
INDUSTRIA,-17.68
INDUSTRIA,-50.12
TRADER,-10.8
REFINERIA,-39.7
REFINERIA,-52.3
REFINERIA,-38.59
TRADER,-25.86
TRADER,-30.15
INDUSTRIA,-63.59
INDUSTRIA,-43.5
TRADER,-43.53
INDUSTRIA,-46.95
INDUSTRIA,-16.05
REFINERIA,-33.92
INDUSTRIA,-13.86
REFINERIA,-28.76
INDUSTRIA,-27.07
REFINERIA,-33.37
REFINERIA,-36.79
INDUSTRIA,-44.69
TRADER,-34.24
REFINERIA,-39.81
TRADER,-11.15
REFINERIA,-40.75
INDUSTRIA,-13.35
TRADER,-22.03
INDUSTRIA,5.97
REFINERIA,-40.94
TRADER,-25.85
TRADER,-49.56
REFINERIA,-46.17
REFINERIA,-27.72
TRADER,-32.06
TRADER,-49.6
TRADER,-13.87
TRADER,-43.5
INDUSTRIA,-22.47
TRADER,-15.21
INDUSTRIA,-6.65
REFINERIA,-40.14
REFINERIA,-46.68
TRADER,-37.52
TRADER,-51.11
REFINERIA,2.69
REFINERIA,-32.65
INDUSTRIA,-5.97
INDUSTRIA,-38.1
INDUSTRIA,-2.46
TRADER,-24.64
TRADER,-64.01
INDUSTRIA,-18.97
TRADER,-13.58
INDUSTRIA,-30.2
REFINERIA,-13.33
TRADER,-49.49
REFINERIA,-21.46
REFINERIA,-44.43
INDUSTRIA,-21.63
REFINERIA,-36.35
INDUSTRIA,-44.74
INDUSTRIA,-19.72
TRADER,-10.85
REFINERIA,-41.92
TRADER,-15.81
REFINERIA,-15.4
TRADER,-41.23
TRADER,-26.62
TRADER,-46.23
INDUSTRIA,-32.28
TRADER,-18.2
TRADER,-28.36
INDUSTRIA,-12.68
INDUSTRIA,-30.54
TRADER,-15.26
INDUSTRIA,-53.57
TRADER,-16.08
TRADER,-26.03
TRADER,-36.27
TRADER,4.66
REFINERIA,-14.92
INDUSTRIA,-6.66
REFINERIA,-35.97
REFINERIA,-30.25
INDUSTRIA,-41.68
REFINERIA,11.74
TRADER,-57.62
TRADER,-47.65
INDUSTRIA,-17.48
REFINERIA,-38.36
TRADER,-27.05
REFINERIA,-20.82
TRADER,-25.55
REFINERIA,-26.79
INDUSTRIA,-26.43
TRADER,-29.54
TRADER,-45.79
REFINERIA,-31.11
REFINERIA,-4.1
INDUSTRIA,-27.89
REFINERIA,-36.57
TRADER,-48.27
INDUSTRIA,-27.75
REFINERIA,-53.43
TRADER,-27.82
TRADER,-36.22
INDUSTRIA,-8.24
TRADER,-31.11
INDUSTRIA,-27.18
TRADER,-38.87
REFINERIA,-50.21
TRADER,-43.5
REFINERIA,-15.75
INDUSTRIA,-36.24
REFINERIA,-32.55
INDUSTRIA,-34.25
INDUSTRIA,-30.53
REFINERIA,-51.29
TRADER,-27.7
INDUSTRIA,-20.13
INDUSTRIA,-24.02
REFINERIA,-47.8
TRADER,-21.66
INDUSTRIA,-58.04
TRADER,-16.51
INDUSTRIA,-31.68
TRADER,-56.15
REFINERIA,-36.0
TRADER,-57.76
REFINERIA,-17.64
INDUSTRIA,-21.05
TRADER,-40.28
TRADER,-26.33
REFINERIA,-50.12
TRADER,-33.26
INDUSTRIA,-41.09
TRADER,-22.76
REFINERIA,-27.01
INDUSTRIA,-28.21
TRADER,-9.51
TRADER,-25.6
TRADER,-55.85
TRADER,-31.36
REFINERIA,-38.22
INDUSTRIA,-23.34
TRADER,-41.91
INDUSTRIA,-38.47
REFINERIA,-37.73
REFINERIA,-47.73
INDUSTRIA,-27.12
INDUSTRIA,-17.67
INDUSTRIA,-31.68
TRADER,-38.39
TRADER,-27.33
INDUSTRIA,-26.36
INDUSTRIA,-21.9
REFINERIA,-32.09
INDUSTRIA,-38.87
TRADER,-11.7
REFINERIA,-54.75
TRADER,-65.57
INDUSTRIA,-44.19
TRADER,-28.88
REFINERIA,-31.77
TRADER,-9.87
INDUSTRIA,-35.87
INDUSTRIA,-25.37
INDUSTRIA,-49.26
INDUSTRIA,-33.57
INDUSTRIA,-19.76
REFINERIA,-39.15
INDUSTRIA,-48.26
REFINERIA,-42.38
REFINERIA,-29.24
TRADER,-35.45
REFINERIA,-29.29
TRADER,-47.19
INDUSTRIA,0.05
TRADER,-30.99
TRADER,-10.6
TRADER,-14.46
TRADER,-24.57
TRADER,-27.76
REFINERIA,-31.31
TRADER,-21.95
INDUSTRIA,-34.73
INDUSTRIA,-20.58
INDUSTRIA,-28.54
TRADER,-17.19
TRADER,-38.13
INDUSTRIA,-23.32
TRADER,-37.87
TRADER,-7.77
INDUSTRIA,-16.37
INDUSTRIA,-11.48
TRADER,-33.29
TRADER,-30.64
TRADER,-25.43
INDUSTRIA,-15.61
INDUSTRIA,-67.99
TRADER,-19.72
TRADER,-24.59
REFINERIA,-9.17
REFINERIA,-30.15
INDUSTRIA,-4.72
INDUSTRIA,-25.33
INDUSTRIA,-28.37
TRADER,-36.72
TRADER,-25.09
REFINERIA,-41.87
TRADER,-31.82
REFINERIA,-16.59
TRADER,-23.27
REFINERIA,-32.56
REFINERIA,-36.51
REFINERIA,-40.29
INDUSTRIA,-12.91
REFINERIA,-18.6
TRADER,-40.23
TRADER,-10.52
REFINERIA,-11.37
TRADER,-17.69
REFINERIA,-34.6
INDUSTRIA,-8.62
REFINERIA,-20.12
REFINERIA,-28.12
TRADER,-2.08
TRADER,-30.91
REFINERIA,-28.65
TRADER,-27.88
INDUSTRIA,-25.87
INDUSTRIA,-37.35
REFINERIA,-33.23
REFINERIA,-55.1
TRADER,-48.37
REFINERIA,-31.1
REFINERIA,-4.39
REFINERIA,-58.88
TRADER,-51.19
REFINERIA,-42.5
REFINERIA,-24.58
INDUSTRIA,-32.47
TRADER,-39.85
TRADER,-26.58
TRADER,1.82
TRADER,-48.82
INDUSTRIA,-19.39
INDUSTRIA,-27.01
REFINERIA,-15.38
REFINERIA,-24.48
REFINERIA,-49.26
REFINERIA,-15.65
TRADER,-47.95
INDUSTRIA,-31.6
TRADER,-26.99
REFINERIA,-30.49
INDUSTRIA,-10.89
REFINERIA,-23.84
REFINERIA,-33.69
TRADER,-42.26
TRADER,-33.56
INDUSTRIA,-14.17
INDUSTRIA,-37.3
TRADER,-38.99
INDUSTRIA,-39.87
TRADER,-26.57
REFINERIA,-38.98
TRADER,-45.71
REFINERIA,-29.83
REFINERIA,-7.88
INDUSTRIA,-43.07
INDUSTRIA,-36.96
TRADER,-49.52
INDUSTRIA,-17.98
REFINERIA,-66.79
INDUSTRIA,-27.69
INDUSTRIA,-40.75
REFINERIA,-58.46
REFINERIA,-35.53
REFINERIA,-32.55
INDUSTRIA,-32.24
TRADER,-12.73
INDUSTRIA,5.58
TRADER,-23.18
REFINERIA,-24.01
TRADER,-26.13
INDUSTRIA,-28.5
REFINERIA,-42.32
INDUSTRIA,-11.91
REFINERIA,-11.88
TRADER,-38.28
REFINERIA,-42.23
INDUSTRIA,-51.19
INDUSTRIA,-27.25
TRADER,-51.24
INDUSTRIA,-27.5
INDUSTRIA,-26.2
REFINERIA,-18.56
REFINERIA,-54.48
TRADER,-56.5
TRADER,-29.66
TRADER,-49.83
TRADER,-45.39
TRADER,-27.51
INDUSTRIA,-43.31
TRADER,-28.0
INDUSTRIA,-32.78
TRADER,-28.73
INDUSTRIA,-36.89
INDUSTRIA,-40.74
INDUSTRIA,-51.82
TRADER,-30.2
INDUSTRIA,-37.71
INDUSTRIA,-30.48
REFINERIA,-36.15
TRADER,-21.42
TRADER,-26.24
TRADER,-23.46
TRADER,-35.52
TRADER,-22.54
REFINERIA,-41.87
INDUSTRIA,-6.09
TRADER,-22.69
TRADER,-28.17
REFINERIA,-31.19
REFINERIA,-50.03
REFINERIA,-22.93
TRADER,-2.44
INDUSTRIA,-24.19
TRADER,-2.85
TRADER,-30.29
REFINERIA,-28.81
REFINERIA,-3.64
TRADER,-33.19
REFINERIA,-49.07
INDUSTRIA,-47.69
REFINERIA,-23.78
INDUSTRIA,-37.7
INDUSTRIA,-28.58
REFINERIA,-39.44
TRADER,-21.36
INDUSTRIA,-29.21
INDUSTRIA,-24.11
TRADER,-10.79
TRADER,-24.44
INDUSTRIA,-21.56
TRADER,-32.51
INDUSTRIA,-49.76
REFINERIA,-36.7
TRADER,-27.79
INDUSTRIA,3.38
TRADER,-35.84
TRADER,-29.59
TRADER,-16.75
INDUSTRIA,-26.48
TRADER,-35.01
TRADER,-2.01
TRADER,-26.1
TRADER,-13.97
TRADER,-34.38
INDUSTRIA,-45.47
INDUSTRIA,-49.69
TRADER,-51.26
TRADER,-43.04
INDUSTRIA,-41.62
REFINERIA,-32.7
REFINERIA,-31.91
TRADER,-3.75
INDUSTRIA,-23.99
TRADER,-49.27
INDUSTRIA,-21.62
TRADER,-31.59
TRADER,-47.05
INDUSTRIA,-56.58
TRADER,-26.05
REFINERIA,-21.04
REFINERIA,-43.54
TRADER,-31.46
REFINERIA,-18.75
REFINERIA,-11.94
TRADER,-32.28
INDUSTRIA,-46.43
INDUSTRIA,1.94
INDUSTRIA,-34.19
TRADER,-37.29
INDUSTRIA,-16.36
INDUSTRIA,-28.95
REFINERIA,-17.95
REFINERIA,-20.06
INDUSTRIA,-30.43
INDUSTRIA,-41.58
INDUSTRIA,-52.67
INDUSTRIA,-35.5
INDUSTRIA,-38.53
TRADER,-27.55
REFINERIA,-16.35
INDUSTRIA,-19.11
TRADER,-29.2
REFINERIA,-31.03
INDUSTRIA,-19.45
TRADER,0.91
TRADER,-42.45
TRADER,-21.62
TRADER,-35.42
TRADER,15.62
REFINERIA,-5.84
INDUSTRIA,-7.39
INDUSTRIA,-38.32
REFINERIA,-39.86
INDUSTRIA,-52.65
REFINERIA,-40.16
TRADER,-39.45
INDUSTRIA,-29.41
INDUSTRIA,-45.1
TRADER,-33.41
REFINERIA,-43.02
INDUSTRIA,-30.8
TRADER,-38.17
INDUSTRIA,-36.26
REFINERIA,-23.44
TRADER,-14.83
REFINERIA,-40.84
REFINERIA,-49.13
INDUSTRIA,-39.98
TRADER,-43.13
TRADER,-0.4
REFINERIA,-29.19
TRADER,-18.81
TRADER,-24.63
TRADER,-26.28
INDUSTRIA,-34.94
TRADER,-30.02
TRADER,-1.96
INDUSTRIA,-41.74
TRADER,-35.26
REFINERIA,-42.72
TRADER,-68.23
REFINERIA,-20.58
INDUSTRIA,-30.4
TRADER,-39.06
TRADER,-22.77
TRADER,-62.07
TRADER,-41.47
TRADER,-48.43
TRADER,-25.69
REFINERIA,-42.27
TRADER,-41.58
REFINERIA,-45.86
INDUSTRIA,-23.48
REFINERIA,-26.63
TRADER,-40.18
INDUSTRIA,-16.95
INDUSTRIA,-23.18
REFINERIA,-25.27
TRADER,-45.67
INDUSTRIA,-51.22
TRADER,-43.37
REFINERIA,-50.45
INDUSTRIA,-23.18
TRADER,-42.8
TRADER,-40.9
TRADER,-41.4
INDUSTRIA,-47.09
REFINERIA,-19.0
INDUSTRIA,-24.08
REFINERIA,-41.46
TRADER,-33.25
TRADER,-39.46
INDUSTRIA,-44.58
INDUSTRIA,-40.67
INDUSTRIA,-55.02
TRADER,-13.73
TRADER,-18.3
REFINERIA,-2.64
REFINERIA,-18.0
REFINERIA,-32.31
REFINERIA,-31.58
INDUSTRIA,-14.31
TRADER,-8.56
REFINERIA,-32.79
REFINERIA,-37.58
TRADER,-42.79
TRADER,-15.31
TRADER,-35.25
REFINERIA,-26.91
TRADER,-40.12
TRADER,-40.13
REFINERIA,-39.1
INDUSTRIA,-42.21
INDUSTRIA,-31.63
TRADER,-7.48
TRADER,-48.68
REFINERIA,-17.48
TRADER,-46.06
TRADER,-23.06
TRADER,-45.11
REFINERIA,-46.92
INDUSTRIA,-48.48
INDUSTRIA,-37.66
REFINERIA,-36.77
INDUSTRIA,-20.81
INDUSTRIA,-14.72
INDUSTRIA,-35.21
REFINERIA,-70.32
REFINERIA,-44.32
REFINERIA,-34.79
INDUSTRIA,-29.15
INDUSTRIA,-32.75
TRADER,-25.46
REFINERIA,-24.34
TRADER,-29.95
REFINERIA,-40.68
TRADER,-38.95
INDUSTRIA,-17.26
TRADER,-15.85
REFINERIA,-27.98
INDUSTRIA,-41.83
TRADER,-15.4
REFINERIA,-26.09
INDUSTRIA,-40.85
REFINERIA,-36.71
INDUSTRIA,-15.87
TRADER,-38.1
INDUSTRIA,-38.15
TRADER,-20.14
REFINERIA,-40.84
INDUSTRIA,-13.25
TRADER,-31.78
TRADER,-17.74
REFINERIA,-23.54
REFINERIA,-15.44
TRADER,-23.22
INDUSTRIA,-28.84
REFINERIA,-19.42
TRADER,-37.8
TRADER,-25.97
REFINERIA,-28.07
TRADER,-29.31
REFINERIA,-33.65
REFINERIA,-46.17
TRADER,1.33
INDUSTRIA,-34.21
TRADER,-19.25
TRADER,-10.38
INDUSTRIA,-47.95
INDUSTRIA,-16.63
REFINERIA,-42.57
TRADER,-25.07
INDUSTRIA,-36.43
TRADER,-41.22
REFINERIA,-35.31
REFINERIA,-43.99
INDUSTRIA,-35.41
REFINERIA,-15.0
REFINERIA,-37.52
INDUSTRIA,-26.01
TRADER,-42.21
INDUSTRIA,-30.79
REFINERIA,-19.27
INDUSTRIA,-34.64
INDUSTRIA,-43.61
REFINERIA,-8.32
INDUSTRIA,-82.25
REFINERIA,12.5
REFINERIA,-17.57
INDUSTRIA,-12.89
INDUSTRIA,-16.92
TRADER,-32.17
INDUSTRIA,-36.42
REFINERIA,-42.45
REFINERIA,-47.64
REFINERIA,-10.28
REFINERIA,-14.29
REFINERIA,-19.63
INDUSTRIA,-40.18
INDUSTRIA,-33.43
REFINERIA,-19.02
REFINERIA,-23.94
INDUSTRIA,-31.55
REFINERIA,-66.46
REFINERIA,-40.77
TRADER,-14.46
TRADER,-28.68
TRADER,-39.4
TRADER,-19.89
TRADER,-69.26
INDUSTRIA,-46.57
INDUSTRIA,-18.67
TRADER,-10.69
INDUSTRIA,-24.77
TRADER,-19.93
TRADER,-41.25
TRADER,-58.31
INDUSTRIA,-12.02
TRADER,-38.23
INDUSTRIA,-23.51
TRADER,-32.86
INDUSTRIA,-48.83
INDUSTRIA,-24.08
INDUSTRIA,-15.28
REFINERIA,-46.56
INDUSTRIA,-23.69
INDUSTRIA,-19.6
REFINERIA,-21.56
REFINERIA,-2.98
INDUSTRIA,-32.08
TRADER,-9.84
REFINERIA,-48.85
REFINERIA,-65.75
TRADER,-21.07
INDUSTRIA,-30.2
REFINERIA,-36.74
INDUSTRIA,-66.98
INDUSTRIA,-22.34
REFINERIA,-36.05
REFINERIA,-16.64
INDUSTRIA,-16.88
INDUSTRIA,-12.65
TRADER,-14.39
TRADER,-6.77
TRADER,-54.95
TRADER,-51.82
TRADER,-39.26
REFINERIA,-22.99
REFINERIA,-43.49
TRADER,-34.05
REFINERIA,-15.6
TRADER,-49.31
REFINERIA,-24.96
INDUSTRIA,-36.31
REFINERIA,-19.96
INDUSTRIA,-39.51
REFINERIA,-11.15
INDUSTRIA,-30.1
INDUSTRIA,-15.95
INDUSTRIA,-42.64
TRADER,-22.03
INDUSTRIA,-40.32
INDUSTRIA,-40.8
REFINERIA,-17.41
INDUSTRIA,-30.93
INDUSTRIA,-22.65
REFINERIA,-41.97
TRADER,-31.47
REFINERIA,-48.35
REFINERIA,-37.66
TRADER,-44.22
REFINERIA,-20.83
REFINERIA,-37.76
INDUSTRIA,-12.32
INDUSTRIA,-14.55
REFINERIA,-22.6
REFINERIA,-55.73
REFINERIA,-66.44
INDUSTRIA,-47.8
REFINERIA,-32.35
REFINERIA,-28.06
REFINERIA,-14.23
INDUSTRIA,-27.2
REFINERIA,-46.23
TRADER,-35.34
TRADER,-20.73
INDUSTRIA,-41.82
REFINERIA,-41.36
TRADER,-34.13
TRADER,-38.97
REFINERIA,-49.38
TRADER,-21.47
REFINERIA,-26.55
TRADER,-31.53
TRADER,-21.99
REFINERIA,-29.28
TRADER,-40.08
REFINERIA,-32.5
TRADER,-53.63
TRADER,-33.88
INDUSTRIA,-41.77
TRADER,-45.36
REFINERIA,-25.54
REFINERIA,-31.67
TRADER,-23.35
REFINERIA,-48.42
TRADER,-22.77
REFINERIA,-50.99
TRADER,-28.61
REFINERIA,-31.97
REFINERIA,-40.05
REFINERIA,-21.92
INDUSTRIA,-27.84
REFINERIA,-31.82
INDUSTRIA,-19.9
REFINERIA,-24.06
INDUSTRIA,-49.86
REFINERIA,-30.53
TRADER,-49.16
INDUSTRIA,-11.94
INDUSTRIA,-19.43
INDUSTRIA,-29.14
TRADER,-41.78
TRADER,-17.57
INDUSTRIA,-23.0
INDUSTRIA,-13.54
INDUSTRIA,-19.98
INDUSTRIA,-40.21
INDUSTRIA,-28.8
INDUSTRIA,-11.37
INDUSTRIA,-39.5
INDUSTRIA,-41.16
INDUSTRIA,-35.08
TRADER,-39.84
TRADER,-19.24
INDUSTRIA,3.55
REFINERIA,2.42
TRADER,-27.14
INDUSTRIA,-40.49
INDUSTRIA,-38.43
TRADER,-15.31
INDUSTRIA,-22.85
TRADER,-32.8
INDUSTRIA,-9.3
TRADER,-49.64
INDUSTRIA,-33.93
TRADER,-47.56
TRADER,-29.86
REFINERIA,-10.18
REFINERIA,-32.07
INDUSTRIA,-29.24
REFINERIA,-23.33
TRADER,-47.04
TRADER,-35.92
INDUSTRIA,-30.49
REFINERIA,-12.05
REFINERIA,-29.37
TRADER,-33.67
TRADER,-21.38
REFINERIA,-35.99
TRADER,-35.64
INDUSTRIA,-24.57
TRADER,-31.85
INDUSTRIA,-41.24
TRADER,-48.18
REFINERIA,-25.33
REFINERIA,-18.49
TRADER,-42.4
REFINERIA,-39.59
REFINERIA,-39.74
TRADER,-37.42
TRADER,-37.74
REFINERIA,-54.56
TRADER,-38.69
TRADER,-8.76
TRADER,-21.05
REFINERIA,-17.33
REFINERIA,-28.11
INDUSTRIA,-32.57
TRADER,-59.03
REFINERIA,-50.2
TRADER,-5.5
TRADER,-23.09
INDUSTRIA,-52.0
TRADER,-0.91
TRADER,-28.9
INDUSTRIA,-23.4
REFINERIA,-45.71
INDUSTRIA,-34.93
REFINERIA,-3.98
TRADER,-48.04
REFINERIA,-56.85
TRADER,-55.43
TRADER,-31.32
INDUSTRIA,-9.41
REFINERIA,-58.38
REFINERIA,-18.5
REFINERIA,-4.8
TRADER,-14.71
TRADER,-19.34
REFINERIA,-5.06
TRADER,-29.31
TRADER,-51.46
TRADER,-3.45
INDUSTRIA,-24.66
INDUSTRIA,-1.66
INDUSTRIA,-16.13
INDUSTRIA,-43.2
TRADER,-52.11
INDUSTRIA,-28.64
TRADER,-33.48
REFINERIA,-38.94
REFINERIA,-34.16
REFINERIA,-42.36
REFINERIA,-20.05
TRADER,-12.45
TRADER,-32.76
REFINERIA,-45.91
TRADER,-35.52
INDUSTRIA,3.09
INDUSTRIA,-6.18
INDUSTRIA,-35.4
REFINERIA,-37.59
TRADER,-0.6
REFINERIA,-26.38
INDUSTRIA,-54.42
REFINERIA,-13.84
TRADER,-40.68
REFINERIA,-47.5
INDUSTRIA,-31.54
INDUSTRIA,-51.88
REFINERIA,-35.44
REFINERIA,-47.23
TRADER,-40.29
INDUSTRIA,-47.85
REFINERIA,-55.9
INDUSTRIA,-54.92
REFINERIA,-32.58
REFINERIA,-30.78
REFINERIA,-12.3
INDUSTRIA,-17.09
TRADER,-50.4
TRADER,-26.5
REFINERIA,-33.21
REFINERIA,-35.98
INDUSTRIA,-23.04
REFINERIA,-28.12
INDUSTRIA,-3.02
INDUSTRIA,-30.24
TRADER,-42.32
INDUSTRIA,-54.71
TRADER,-1.34
TRADER,-39.08
TRADER,-31.44
INDUSTRIA,-4.59
INDUSTRIA,-30.75
TRADER,-21.57
INDUSTRIA,-33.16
INDUSTRIA,-51.92
TRADER,-59.24
TRADER,-19.35
INDUSTRIA,-30.49
INDUSTRIA,-38.26
INDUSTRIA,-36.56
INDUSTRIA,-41.75
TRADER,-27.8
REFINERIA,-44.96
TRADER,-49.11
TRADER,-18.07
REFINERIA,-40.38
TRADER,-48.13
TRADER,-38.38
REFINERIA,-38.66
TRADER,-27.65
INDUSTRIA,-16.26
TRADER,-14.91
INDUSTRIA,-40.01
TRADER,-17.21
INDUSTRIA,-17.49
INDUSTRIA,-42.11
INDUSTRIA,-36.88
TRADER,-16.98
INDUSTRIA,-7.62
TRADER,-40.24
TRADER,-27.5
TRADER,-38.98
TRADER,-10.53
TRADER,-42.71
INDUSTRIA,6.61
REFINERIA,-43.72
REFINERIA,-19.84
REFINERIA,-25.83
INDUSTRIA,-34.72
REFINERIA,-21.36
REFINERIA,-38.93
REFINERIA,-33.55
INDUSTRIA,-38.46
TRADER,-11.88
INDUSTRIA,-6.15
INDUSTRIA,-28.03
INDUSTRIA,-37.7
TRADER,-35.69
TRADER,-12.51
TRADER,-47.92
REFINERIA,-27.74
REFINERIA,-27.98
INDUSTRIA,-31.18
INDUSTRIA,-49.11
INDUSTRIA,-11.71
REFINERIA,-38.72
TRADER,-49.98
TRADER,-24.45
INDUSTRIA,-32.02
REFINERIA,-29.97
REFINERIA,-36.75
TRADER,-25.08
TRADER,-45.97
TRADER,-35.53
TRADER,-47.67
TRADER,-29.33
TRADER,-45.32
INDUSTRIA,-27.78
INDUSTRIA,-24.12
INDUSTRIA,-31.66
INDUSTRIA,-47.37
REFINERIA,-32.38
REFINERIA,-24.45
TRADER,-20.87
INDUSTRIA,-58.78
REFINERIA,-47.14
TRADER,-0.13
TRADER,-13.71
REFINERIA,-22.3
REFINERIA,-31.57
TRADER,-30.38
TRADER,-31.68
TRADER,-49.61
INDUSTRIA,-41.53
TRADER,-56.07
INDUSTRIA,-41.66
TRADER,-61.21
REFINERIA,-44.72
TRADER,-43.99
REFINERIA,-75.08
REFINERIA,-19.94
REFINERIA,-4.89
TRADER,-34.95
TRADER,-36.31
INDUSTRIA,-36.85
INDUSTRIA,-31.94
REFINERIA,-19.34
REFINERIA,-48.42
REFINERIA,-13.97
INDUSTRIA,-48.67
INDUSTRIA,-11.52
TRADER,-9.6
REFINERIA,-50.19
REFINERIA,-31.48
TRADER,-1.6
INDUSTRIA,-1.97
TRADER,-44.32
REFINERIA,-49.13
REFINERIA,-35.13
INDUSTRIA,-52.43
INDUSTRIA,-38.56
REFINERIA,-30.3
REFINERIA,-50.89
INDUSTRIA,-40.36
INDUSTRIA,-33.11
TRADER,-27.89
REFINERIA,-23.2
INDUSTRIA,-11.58
TRADER,-59.57
TRADER,-45.88
INDUSTRIA,-33.49
INDUSTRIA,3.37
REFINERIA,-57.08
REFINERIA,-37.98
INDUSTRIA,-30.85
INDUSTRIA,-0.08
REFINERIA,-33.79
INDUSTRIA,-39.87
REFINERIA,-35.95
INDUSTRIA,-22.69
INDUSTRIA,-16.3
INDUSTRIA,-12.84
TRADER,-12.87
TRADER,-18.01
REFINERIA,-57.86
INDUSTRIA,-30.45
TRADER,-30.74
INDUSTRIA,-41.86
REFINERIA,-55.17
TRADER,-24.55
INDUSTRIA,-13.23
INDUSTRIA,-17.32
TRADER,-31.75
REFINERIA,-64.36
REFINERIA,-43.08
REFINERIA,-51.88
INDUSTRIA,-6.21
REFINERIA,-57.5
INDUSTRIA,-15.43
REFINERIA,-27.79
TRADER,-34.77
REFINERIA,-57.52
TRADER,-23.6
REFINERIA,-36.97
INDUSTRIA,-47.42
REFINERIA,-40.38
REFINERIA,-55.96
TRADER,-40.66
TRADER,-34.42
REFINERIA,-11.68
TRADER,-16.01
TRADER,-43.32
TRADER,-42.64
TRADER,-50.2
REFINERIA,-27.62
REFINERIA,-24.76
REFINERIA,-48.91
TRADER,-29.09
TRADER,-44.21
REFINERIA,-5.56
REFINERIA,-34.03
TRADER,-50.43
REFINERIA,-6.29
TRADER,-25.86
INDUSTRIA,-49.36
INDUSTRIA,-22.37
INDUSTRIA,-22.63
TRADER,-21.97
INDUSTRIA,-28.32
REFINERIA,-39.66
TRADER,-24.24
INDUSTRIA,-28.44
INDUSTRIA,-21.53
INDUSTRIA,-39.34
TRADER,-7.52
INDUSTRIA,-10.05
INDUSTRIA,-2.63
INDUSTRIA,7.79
REFINERIA,-33.25
TRADER,-39.64
TRADER,-52.71
REFINERIA,-11.0
TRADER,-42.72
TRADER,-30.72
TRADER,-20.77
TRADER,-40.91
INDUSTRIA,-24.93
REFINERIA,-34.64
REFINERIA,-6.29
INDUSTRIA,-41.84
INDUSTRIA,-62.6
INDUSTRIA,-39.76
TRADER,-21.79
INDUSTRIA,-50.77
TRADER,-25.08
REFINERIA,-39.12
TRADER,-23.64
REFINERIA,-38.1
REFINERIA,-47.2
REFINERIA,-56.17
INDUSTRIA,-32.18
REFINERIA,-37.22
REFINERIA,-33.97
INDUSTRIA,-27.41
INDUSTRIA,-30.73
TRADER,-29.23
INDUSTRIA,-25.24
TRADER,-43.94
TRADER,-28.9
REFINERIA,-35.47
REFINERIA,-43.01
REFINERIA,-57.07
REFINERIA,-13.71
REFINERIA,-29.35
REFINERIA,-29.86
INDUSTRIA,-65.41
REFINERIA,-27.42
TRADER,-32.12
TRADER,-49.55
INDUSTRIA,-37.97
INDUSTRIA,-22.33
INDUSTRIA,-29.75
INDUSTRIA,-30.8
INDUSTRIA,-49.53
TRADER,-4.41
REFINERIA,-37.92
REFINERIA,-35.47
INDUSTRIA,-40.15
INDUSTRIA,-39.93
TRADER,-58.23
INDUSTRIA,-31.97
INDUSTRIA,-26.45
TRADER,-31.58
REFINERIA,-37.49
TRADER,-11.91
TRADER,-28.54
REFINERIA,-41.56
REFINERIA,-34.41
TRADER,-20.02
INDUSTRIA,-16.77
TRADER,-30.09
INDUSTRIA,-28.23
REFINERIA,-51.57
REFINERIA,-5.69
REFINERIA,-35.89
TRADER,-40.19
TRADER,-17.45
REFINERIA,-3.92
TRADER,-46.53
TRADER,-42.55
TRADER,-4.94
INDUSTRIA,-72.82
REFINERIA,-59.75
TRADER,-9.77
TRADER,-56.58
INDUSTRIA,-29.57
TRADER,-9.67
INDUSTRIA,-41.24
INDUSTRIA,-25.3
INDUSTRIA,-25.32
REFINERIA,-22.5
TRADER,-51.59
TRADER,-17.54
INDUSTRIA,-55.0
INDUSTRIA,-30.02
TRADER,-3.28
REFINERIA,-14.14
TRADER,-31.52
INDUSTRIA,-2.95
REFINERIA,-22.77
TRADER,-33.57
REFINERIA,-27.52
TRADER,-47.17
INDUSTRIA,-22.28
INDUSTRIA,-16.38
TRADER,-8.42
INDUSTRIA,-49.86
INDUSTRIA,-38.86
REFINERIA,-29.27
REFINERIA,-32.85
REFINERIA,-56.6
REFINERIA,-43.6
REFINERIA,-52.74
TRADER,-21.81
REFINERIA,-3.61
INDUSTRIA,-52.08
TRADER,-35.45
REFINERIA,-61.17
REFINERIA,-39.28
TRADER,-53.63
TRADER,-36.05
TRADER,-39.87
INDUSTRIA,-0.09
INDUSTRIA,-25.73
REFINERIA,-39.15
INDUSTRIA,-19.25
REFINERIA,-50.68
REFINERIA,-26.23
REFINERIA,-39.79
REFINERIA,-27.09
INDUSTRIA,-7.89
INDUSTRIA,-46.72
REFINERIA,-55.21
REFINERIA,-25.03
TRADER,-21.1
REFINERIA,-40.27
INDUSTRIA,-44.3
TRADER,-20.12
REFINERIA,-2.88
TRADER,-36.99
REFINERIA,-24.0
TRADER,-24.69
TRADER,-35.05
REFINERIA,-38.13
INDUSTRIA,-38.44
TRADER,-32.17
INDUSTRIA,-48.61
INDUSTRIA,-39.1
REFINERIA,-46.64
TRADER,-53.72
REFINERIA,-8.82
TRADER,-18.04
REFINERIA,-46.28
INDUSTRIA,-33.97
INDUSTRIA,-38.87
INDUSTRIA,-41.6
TRADER,-41.17
TRADER,-32.32
TRADER,0.91
TRADER,-24.58
TRADER,-18.02
TRADER,-26.39
REFINERIA,-41.93
TRADER,-38.19
INDUSTRIA,-70.02
TRADER,-23.51
TRADER,-35.35
TRADER,-13.25
REFINERIA,-37.84
INDUSTRIA,-38.09
REFINERIA,-4.26
REFINERIA,-20.69
REFINERIA,-6.03
INDUSTRIA,-29.84
INDUSTRIA,-19.98
INDUSTRIA,-22.3
INDUSTRIA,-42.83
REFINERIA,-44.41
REFINERIA,-42.03
TRADER,-5.79
REFINERIA,-11.05
TRADER,0.66
REFINERIA,-40.72
INDUSTRIA,-28.36
TRADER,-18.17
TRADER,-37.16
INDUSTRIA,-45.37
INDUSTRIA,-30.56
REFINERIA,-23.63
REFINERIA,-14.75
REFINERIA,-18.3
TRADER,-0.46
REFINERIA,-36.97
REFINERIA,-17.45
TRADER,-19.32
INDUSTRIA,4.69
TRADER,-34.23
REFINERIA,-38.8
TRADER,-27.71
INDUSTRIA,7.38
TRADER,-56.7
TRADER,-11.32
INDUSTRIA,-44.64
INDUSTRIA,-5.44
INDUSTRIA,-44.1
TRADER,-27.56
REFINERIA,-23.99
INDUSTRIA,-44.44
TRADER,-52.2
TRADER,-14.97
REFINERIA,4.51
TRADER,-44.87
REFINERIA,-46.47
TRADER,-44.93
TRADER,-28.39
TRADER,-9.66
INDUSTRIA,-21.3
INDUSTRIA,-47.67
INDUSTRIA,-46.06
TRADER,-39.73
REFINERIA,-25.81
TRADER,-45.35
INDUSTRIA,-20.52
TRADER,-51.41
TRADER,-9.69
TRADER,-12.52
INDUSTRIA,-56.1
TRADER,-19.47
REFINERIA,-48.97
REFINERIA,-24.08
REFINERIA,-30.02
INDUSTRIA,-38.68
REFINERIA,-18.36
TRADER,-13.97
INDUSTRIA,-25.1
INDUSTRIA,-46.27
REFINERIA,-34.26
INDUSTRIA,-36.45
REFINERIA,-21.52
INDUSTRIA,-24.23
REFINERIA,-36.55
TRADER,-19.71
TRADER,-40.61
REFINERIA,-38.09
REFINERIA,-23.37
INDUSTRIA,-20.38
REFINERIA,-29.25
REFINERIA,-0.11
INDUSTRIA,-11.51
INDUSTRIA,-52.39
TRADER,0.27
INDUSTRIA,-34.21
TRADER,-49.28
REFINERIA,-26.3
TRADER,-30.93
REFINERIA,-20.62
REFINERIA,-13.0
TRADER,-40.75
TRADER,-29.64
INDUSTRIA,-51.85
REFINERIA,-33.32
REFINERIA,-20.17
TRADER,-19.04
TRADER,-17.06
REFINERIA,-24.18
REFINERIA,-10.81
TRADER,-37.64
INDUSTRIA,-25.03
TRADER,-35.65
REFINERIA,-19.95
REFINERIA,-28.05
INDUSTRIA,-16.46
TRADER,-39.51
TRADER,-34.94
REFINERIA,-51.3
REFINERIA,-16.18
TRADER,-48.28
INDUSTRIA,-41.33
TRADER,-68.73
REFINERIA,-12.8
INDUSTRIA,-12.28
TRADER,-30.2
REFINERIA,-23.57
TRADER,-27.26
REFINERIA,-15.03
REFINERIA,-51.49
INDUSTRIA,-24.16
INDUSTRIA,-27.53
TRADER,-6.82
REFINERIA,-23.83
INDUSTRIA,-12.78
TRADER,-1.17
REFINERIA,-34.86
REFINERIA,-26.71
REFINERIA,-26.5
INDUSTRIA,-66.64
INDUSTRIA,-73.66
REFINERIA,-27.11
TRADER,-30.69
REFINERIA,-28.78
REFINERIA,-29.8
TRADER,-25.83
REFINERIA,-12.39
TRADER,-10.43
TRADER,-33.17
TRADER,-25.42
INDUSTRIA,-39.45
TRADER,-26.96
REFINERIA,-26.96
TRADER,-16.88
REFINERIA,-34.96
INDUSTRIA,-28.39
TRADER,-34.09
REFINERIA,-13.37
TRADER,-5.19
REFINERIA,-50.08
TRADER,0.05
TRADER,-12.99
REFINERIA,-33.06
INDUSTRIA,-26.73
TRADER,-41.5
TRADER,-55.35
REFINERIA,-66.65
TRADER,-23.83
REFINERIA,-3.59
REFINERIA,-19.0
INDUSTRIA,-24.15
TRADER,-26.25
REFINERIA,-32.99
REFINERIA,-56.38
REFINERIA,-29.67
TRADER,-15.89
TRADER,-41.94
INDUSTRIA,-23.65
TRADER,-38.55
REFINERIA,-21.19
REFINERIA,-46.61
INDUSTRIA,-18.57
TRADER,10.43
TRADER,-8.98
TRADER,-59.82
INDUSTRIA,-34.95
REFINERIA,-12.49
REFINERIA,-30.07
INDUSTRIA,-22.03
TRADER,-21.85
TRADER,-34.1
TRADER,-17.15
INDUSTRIA,-7.4
REFINERIA,-23.9
REFINERIA,-37.97
INDUSTRIA,-30.2
INDUSTRIA,-20.27
REFINERIA,-57.39
INDUSTRIA,-28.35
INDUSTRIA,-6.2
TRADER,-15.17
TRADER,-22.15
INDUSTRIA,-51.91
REFINERIA,-32.83
REFINERIA,-30.62
REFINERIA,-14.3
INDUSTRIA,-31.39
TRADER,-16.25
REFINERIA,-28.37
REFINERIA,-24.93
TRADER,-34.29
REFINERIA,-4.6
TRADER,-30.4
REFINERIA,-38.6
TRADER,-25.95
REFINERIA,-56.52
REFINERIA,-40.54
REFINERIA,-40.31
TRADER,-37.54
INDUSTRIA,-35.43
TRADER,-29.87
TRADER,-26.99
TRADER,-20.02
TRADER,-35.66
INDUSTRIA,-31.3
INDUSTRIA,-37.14
INDUSTRIA,-50.06
TRADER,-44.09
REFINERIA,-20.64
TRADER,-36.49
TRADER,-36.08
REFINERIA,-0.76
TRADER,-6.3
REFINERIA,-6.14
REFINERIA,-30.0
TRADER,-17.64
INDUSTRIA,-49.38
REFINERIA,-44.75
INDUSTRIA,-31.71
INDUSTRIA,-45.42
TRADER,-37.55
INDUSTRIA,-28.41
TRADER,-9.61
TRADER,-34.44
REFINERIA,-28.82
TRADER,-35.27
TRADER,-46.18
TRADER,-63.59
TRADER,-27.77
TRADER,-23.27
REFINERIA,-14.71
TRADER,-41.85
TRADER,-57.48
INDUSTRIA,-15.64
REFINERIA,-29.93
TRADER,-21.37
INDUSTRIA,-26.22
REFINERIA,-54.92
INDUSTRIA,-28.86
TRADER,-63.61
INDUSTRIA,-41.34
TRADER,-33.55
INDUSTRIA,-30.63
TRADER,-50.41
TRADER,-20.19
INDUSTRIA,-2.02
REFINERIA,-40.16
REFINERIA,-34.97
INDUSTRIA,-52.96
REFINERIA,-47.54
TRADER,-38.1
REFINERIA,1.61
REFINERIA,-30.54
INDUSTRIA,-30.53
REFINERIA,-21.97
REFINERIA,-14.69
INDUSTRIA,-32.48
TRADER,-13.16
INDUSTRIA,-70.07
INDUSTRIA,-18.5
TRADER,-37.07
TRADER,-15.11
TRADER,-73.52
INDUSTRIA,-18.91
TRADER,-31.84
REFINERIA,-9.46
TRADER,-34.09
INDUSTRIA,-18.57
REFINERIA,-27.84
REFINERIA,-42.77
TRADER,-35.96
REFINERIA,-13.79
INDUSTRIA,-45.58
INDUSTRIA,-24.7
REFINERIA,-27.4
REFINERIA,-27.87
INDUSTRIA,-8.29
REFINERIA,-27.01
INDUSTRIA,-5.74
INDUSTRIA,-41.03
INDUSTRIA,-33.22
REFINERIA,-33.28
REFINERIA,-7.24
REFINERIA,-34.17
TRADER,-50.09
REFINERIA,-30.1
REFINERIA,-14.31
TRADER,-69.52
REFINERIA,-32.94
TRADER,-58.96
REFINERIA,-19.21
REFINERIA,-24.21
TRADER,-51.94
REFINERIA,-20.9
TRADER,-57.73
REFINERIA,-8.04
TRADER,-24.47
INDUSTRIA,-48.2
TRADER,-16.51
INDUSTRIA,-26.08
REFINERIA,-25.09
REFINERIA,-21.88
INDUSTRIA,-23.2
TRADER,-29.94
REFINERIA,-57.85
REFINERIA,-24.87
TRADER,-39.86
INDUSTRIA,-22.37
TRADER,-28.83
REFINERIA,-9.49
INDUSTRIA,-25.55
REFINERIA,-21.16
INDUSTRIA,-51.9
INDUSTRIA,-34.7
TRADER,-65.54
INDUSTRIA,-25.25
TRADER,-11.86
INDUSTRIA,-41.09
REFINERIA,-32.53
INDUSTRIA,-23.46
REFINERIA,-15.22
TRADER,-24.25
TRADER,-37.31
INDUSTRIA,-39.05
INDUSTRIA,-25.75
REFINERIA,-24.43
INDUSTRIA,-17.63
REFINERIA,-24.96
INDUSTRIA,-28.15
INDUSTRIA,-6.23
REFINERIA,-21.23
TRADER,2.27
INDUSTRIA,-45.72
INDUSTRIA,-17.11
REFINERIA,-22.16
REFINERIA,-19.81
TRADER,-27.65
INDUSTRIA,-40.85
INDUSTRIA,-8.1
TRADER,-39.87
TRADER,6.56
TRADER,-9.57
REFINERIA,1.42
TRADER,-21.56
INDUSTRIA,-37.87
REFINERIA,-37.7
REFINERIA,-32.23
INDUSTRIA,-13.2
INDUSTRIA,-44.88
TRADER,-27.19
TRADER,-13.27
REFINERIA,-38.29
TRADER,-36.14
TRADER,-43.75
REFINERIA,-25.08
INDUSTRIA,-5.74
REFINERIA,-44.87
INDUSTRIA,-23.95
INDUSTRIA,-24.44
TRADER,-26.15
INDUSTRIA,-30.83
INDUSTRIA,-24.63
INDUSTRIA,-53.58
TRADER,-29.2
TRADER,-56.44
REFINERIA,-19.48
TRADER,-34.27
REFINERIA,-57.35
REFINERIA,-58.47
TRADER,10.13
REFINERIA,-34.14
REFINERIA,-32.33
INDUSTRIA,-54.01
INDUSTRIA,-24.33
REFINERIA,-29.19
REFINERIA,-46.78
TRADER,-38.04
TRADER,-25.38
INDUSTRIA,-8.32
TRADER,-21.0
TRADER,-14.58
INDUSTRIA,-50.63
TRADER,-47.93
REFINERIA,-31.02
TRADER,-28.05
INDUSTRIA,-37.65
TRADER,-18.06
INDUSTRIA,-47.97
TRADER,-61.08
REFINERIA,-44.74
REFINERIA,-47.89
INDUSTRIA,-23.52
REFINERIA,-37.74
INDUSTRIA,-27.9
REFINERIA,-53.76
INDUSTRIA,-28.77
INDUSTRIA,-23.61
TRADER,-27.84
TRADER,-43.56
REFINERIA,-71.89
REFINERIA,-43.06
REFINERIA,-21.33
INDUSTRIA,-22.29
INDUSTRIA,-39.19
TRADER,-29.5
TRADER,-28.31
INDUSTRIA,-25.08
INDUSTRIA,-19.17
INDUSTRIA,-40.42
REFINERIA,-16.62
REFINERIA,-22.74
REFINERIA,-38.7
INDUSTRIA,-3.4
TRADER,-32.56
REFINERIA,-17.91
TRADER,-11.26
TRADER,-45.33
TRADER,-27.44
REFINERIA,-33.09
REFINERIA,-16.06
REFINERIA,-48.07
INDUSTRIA,-36.09
TRADER,-20.65
INDUSTRIA,-29.3
INDUSTRIA,-7.08
TRADER,-44.55
INDUSTRIA,-34.6
INDUSTRIA,-20.15
TRADER,-8.28
REFINERIA,-17.2
REFINERIA,-25.73
INDUSTRIA,-28.43
TRADER,-21.34
TRADER,-33.44
INDUSTRIA,-22.3
REFINERIA,-16.65
REFINERIA,-3.43
TRADER,-14.37
INDUSTRIA,-33.17
REFINERIA,-14.45
REFINERIA,-26.37
REFINERIA,12.91
REFINERIA,-19.08
TRADER,-28.26
REFINERIA,-24.14
REFINERIA,-31.88
INDUSTRIA,-46.91
TRADER,-45.64
REFINERIA,-42.0
TRADER,-42.04
REFINERIA,-43.98
REFINERIA,-18.29
TRADER,-37.38
REFINERIA,-56.54
TRADER,-19.1
TRADER,-42.23
INDUSTRIA,-1.88
TRADER,-24.1
REFINERIA,-37.44
TRADER,-26.56
REFINERIA,-49.51
TRADER,-19.69
REFINERIA,-18.47
INDUSTRIA,-21.94
INDUSTRIA,-49.68
REFINERIA,-25.48
INDUSTRIA,-26.13
TRADER,-27.25
REFINERIA,-30.41
TRADER,-19.49
INDUSTRIA,-49.8
INDUSTRIA,-14.59
TRADER,-39.18
INDUSTRIA,-41.06
TRADER,-31.03
INDUSTRIA,-34.92
TRADER,-10.43
TRADER,-25.83
INDUSTRIA,-23.73
REFINERIA,-33.84
TRADER,5.59
TRADER,-32.58
REFINERIA,-34.07
REFINERIA,-46.65
INDUSTRIA,-41.79
REFINERIA,-22.93
REFINERIA,-8.85
REFINERIA,-24.83
TRADER,-17.9
REFINERIA,-31.55
TRADER,-2.05
INDUSTRIA,-22.22
INDUSTRIA,-38.57
INDUSTRIA,-19.49
TRADER,-13.19
TRADER,-34.37
REFINERIA,-28.95
REFINERIA,-38.71
INDUSTRIA,-8.01
REFINERIA,-50.41
TRADER,-38.11
TRADER,-43.12
TRADER,-77.62
TRADER,-19.11
TRADER,-37.5
INDUSTRIA,-43.15
INDUSTRIA,-29.15
TRADER,-53.79
INDUSTRIA,-8.48
TRADER,-26.54
TRADER,-6.47
INDUSTRIA,-27.09
TRADER,-33.65
REFINERIA,-18.09
REFINERIA,-28.97
TRADER,-35.62
REFINERIA,-41.77
INDUSTRIA,-22.8
TRADER,-39.7
REFINERIA,-44.71
TRADER,-22.42
INDUSTRIA,-35.75
INDUSTRIA,-35.13
INDUSTRIA,-49.46
TRADER,-39.21
TRADER,-16.92
REFINERIA,-19.72
TRADER,-16.64
INDUSTRIA,-15.7
INDUSTRIA,-43.6
REFINERIA,-51.37
INDUSTRIA,-21.41
TRADER,-13.93
INDUSTRIA,-25.71
INDUSTRIA,-27.67
INDUSTRIA,-43.69
TRADER,-17.72
TRADER,-48.33
TRADER,-19.91
REFINERIA,-22.05
INDUSTRIA,-29.23
INDUSTRIA,-33.72
INDUSTRIA,-38.17
REFINERIA,-33.83
INDUSTRIA,-32.33
REFINERIA,-38.94
INDUSTRIA,-60.53
INDUSTRIA,-5.99
REFINERIA,-39.64
TRADER,-11.41
INDUSTRIA,-40.32
REFINERIA,-6.58
TRADER,-9.35
TRADER,-45.08
REFINERIA,-32.98
INDUSTRIA,5.41
INDUSTRIA,-18.03
INDUSTRIA,-17.54
TRADER,-12.2
INDUSTRIA,20.35
TRADER,-30.13
REFINERIA,-29.38
INDUSTRIA,-48.95
TRADER,-46.43
INDUSTRIA,-14.34
TRADER,-27.97
INDUSTRIA,-16.75
REFINERIA,-22.45
TRADER,-21.98
REFINERIA,-34.18
INDUSTRIA,-24.55
INDUSTRIA,-12.49
INDUSTRIA,-28.09
TRADER,-46.82
REFINERIA,-17.56
INDUSTRIA,-40.12
REFINERIA,-32.16
REFINERIA,-28.9
TRADER,-31.69
REFINERIA,-19.96
TRADER,-9.11
REFINERIA,-18.91
REFINERIA,-55.2
TRADER,-48.28
INDUSTRIA,-45.25
TRADER,-30.97
INDUSTRIA,-35.72
TRADER,-8.7
REFINERIA,-43.86
TRADER,-44.82
REFINERIA,-42.8
INDUSTRIA,-30.19
INDUSTRIA,-39.23
REFINERIA,-37.75
TRADER,-20.34
REFINERIA,6.29
TRADER,-4.49
TRADER,-32.56
REFINERIA,-53.85
TRADER,-29.15
REFINERIA,-29.35
INDUSTRIA,-6.88
INDUSTRIA,-36.27
INDUSTRIA,-32.86
TRADER,-11.58
INDUSTRIA,-33.42
INDUSTRIA,-34.1
REFINERIA,-55.7
REFINERIA,-39.78
REFINERIA,8.02
INDUSTRIA,-60.19
TRADER,-11.47
TRADER,-12.96
TRADER,-30.84
TRADER,-19.47
REFINERIA,-58.32
TRADER,-67.17
TRADER,-37.52
INDUSTRIA,-45.01
TRADER,-35.72
REFINERIA,-23.65
TRADER,-25.21
INDUSTRIA,-42.46
TRADER,-26.16
REFINERIA,-37.51
TRADER,-52.35
REFINERIA,-21.16
REFINERIA,-27.67
TRADER,-25.76
TRADER,-33.96
REFINERIA,-30.75
INDUSTRIA,-19.61
TRADER,-21.79
REFINERIA,-40.16
INDUSTRIA,-22.51
TRADER,-33.31
REFINERIA,-9.77
REFINERIA,-26.63
TRADER,-30.72
INDUSTRIA,-54.75
REFINERIA,-29.95
TRADER,-6.58
TRADER,-29.55
REFINERIA,-31.24
TRADER,-14.26
INDUSTRIA,-2.43
REFINERIA,-42.36
INDUSTRIA,-24.91
INDUSTRIA,-39.56
INDUSTRIA,-13.88
REFINERIA,-38.55
INDUSTRIA,-39.85
REFINERIA,-28.48
INDUSTRIA,-20.52
REFINERIA,-28.69
INDUSTRIA,-56.29
REFINERIA,-26.98
TRADER,-26.3
INDUSTRIA,-63.88
REFINERIA,-4.15
INDUSTRIA,-28.07
TRADER,-25.06
TRADER,-44.24
REFINERIA,-47.64
INDUSTRIA,-9.66
INDUSTRIA,-21.07
INDUSTRIA,-20.59
INDUSTRIA,-17.47
TRADER,-21.27
TRADER,-71.61
INDUSTRIA,-44.17
REFINERIA,-18.54
REFINERIA,-7.03
REFINERIA,-25.35
TRADER,0.47
INDUSTRIA,-20.74
INDUSTRIA,-16.79
REFINERIA,-37.77
REFINERIA,-37.74
TRADER,-16.85
REFINERIA,-26.9
INDUSTRIA,-43.09
INDUSTRIA,-9.84
INDUSTRIA,-28.98
REFINERIA,-24.76
INDUSTRIA,-38.83
TRADER,-29.45
REFINERIA,-61.28
REFINERIA,-26.58
REFINERIA,-28.72
REFINERIA,-33.12
INDUSTRIA,-23.65
INDUSTRIA,-50.01
TRADER,-11.35
TRADER,-24.53
INDUSTRIA,-26.93
REFINERIA,-17.45
REFINERIA,-38.76
REFINERIA,-40.28
INDUSTRIA,-23.46
INDUSTRIA,-32.48
INDUSTRIA,-22.18
REFINERIA,-12.37
INDUSTRIA,-14.66
REFINERIA,-23.65
INDUSTRIA,-36.36
INDUSTRIA,-45.6
INDUSTRIA,-26.83
INDUSTRIA,-25.72
TRADER,-29.49
INDUSTRIA,-36.23
INDUSTRIA,-22.84
REFINERIA,-28.7
REFINERIA,-29.11
REFINERIA,1.41
INDUSTRIA,-54.17
TRADER,-15.51
INDUSTRIA,-61.0
REFINERIA,-28.32
INDUSTRIA,-42.01
INDUSTRIA,-17.6
REFINERIA,-42.65
INDUSTRIA,-27.23
TRADER,-2.91
INDUSTRIA,-18.43
INDUSTRIA,-22.48
INDUSTRIA,-38.99
REFINERIA,-33.95
INDUSTRIA,-40.85
INDUSTRIA,-30.79
INDUSTRIA,-32.85
INDUSTRIA,-28.1
INDUSTRIA,-50.11
TRADER,-30.92
REFINERIA,-8.84
REFINERIA,-18.54
INDUSTRIA,-29.09
INDUSTRIA,-54.42
TRADER,-27.64
REFINERIA,-32.54
INDUSTRIA,-35.37
REFINERIA,-38.12
TRADER,-40.62
REFINERIA,-39.64
INDUSTRIA,-14.14
REFINERIA,-21.51
TRADER,-28.1
INDUSTRIA,-19.21
TRADER,-49.59
TRADER,-58.12
REFINERIA,-50.39
INDUSTRIA,-3.92
TRADER,-28.56
TRADER,-48.17
INDUSTRIA,-37.57
TRADER,-37.19
REFINERIA,-17.54
TRADER,-24.58
INDUSTRIA,-65.85
REFINERIA,-3.83
INDUSTRIA,-39.78
TRADER,-39.83
REFINERIA,-57.58
TRADER,-30.8
INDUSTRIA,-26.37
INDUSTRIA,-45.96
TRADER,-41.18
INDUSTRIA,-21.49
REFINERIA,-14.19
TRADER,-2.13
INDUSTRIA,-36.37
TRADER,-35.51
TRADER,-23.21
REFINERIA,-27.07
TRADER,-42.0
INDUSTRIA,-36.31
INDUSTRIA,-46.44
TRADER,-46.82
REFINERIA,-18.76
TRADER,-24.18
INDUSTRIA,-40.44
TRADER,-24.92
INDUSTRIA,-14.98
INDUSTRIA,-14.67
REFINERIA,-35.11
INDUSTRIA,-3.56
REFINERIA,-24.77
TRADER,-43.46
REFINERIA,-15.67
TRADER,-25.12
REFINERIA,-29.83
REFINERIA,-25.06
INDUSTRIA,-19.11
TRADER,-42.03
TRADER,-44.28
TRADER,-34.64
INDUSTRIA,-26.99
TRADER,-34.8
REFINERIA,-45.01
INDUSTRIA,-36.94
REFINERIA,-36.22
REFINERIA,-46.42
REFINERIA,-7.65
TRADER,-32.54
INDUSTRIA,-37.45
REFINERIA,-21.72
REFINERIA,-21.26
REFINERIA,-26.64
TRADER,-23.72
TRADER,-35.69
TRADER,-33.98
INDUSTRIA,-10.96
REFINERIA,-39.41
TRADER,-58.01
REFINERIA,-19.66
REFINERIA,-27.98
TRADER,-0.53
REFINERIA,1.61
REFINERIA,1.94
TRADER,-40.86
TRADER,-18.97
INDUSTRIA,-36.38
INDUSTRIA,-12.6
REFINERIA,-32.97
TRADER,-37.71
REFINERIA,-23.48
REFINERIA,-28.48
TRADER,-62.26
INDUSTRIA,-39.44
REFINERIA,-39.12
TRADER,-41.32
REFINERIA,-32.56
INDUSTRIA,-21.18
TRADER,-48.21
INDUSTRIA,-53.52
TRADER,-70.53
TRADER,-46.4
TRADER,-34.91
TRADER,-43.53
REFINERIA,6.49
TRADER,-31.49
REFINERIA,-21.72
INDUSTRIA,-26.9
TRADER,-31.16
INDUSTRIA,-30.67
REFINERIA,-53.28
INDUSTRIA,-15.15
REFINERIA,-41.07
INDUSTRIA,-10.16
REFINERIA,-38.88
INDUSTRIA,-14.28
TRADER,-42.64
INDUSTRIA,-26.77
REFINERIA,-37.27
INDUSTRIA,-28.82
INDUSTRIA,-35.8
INDUSTRIA,-14.94
TRADER,-26.12
INDUSTRIA,-24.51
INDUSTRIA,-46.4
TRADER,-21.6
REFINERIA,-4.23
REFINERIA,-31.5
INDUSTRIA,-12.95
REFINERIA,-41.08
TRADER,-34.9
TRADER,-38.85
TRADER,-42.6
TRADER,-23.08
REFINERIA,-58.73
INDUSTRIA,-31.02
TRADER,-2.84
INDUSTRIA,-26.94
TRADER,-37.37
INDUSTRIA,-25.61
TRADER,-31.17
TRADER,-43.43
TRADER,-20.01
INDUSTRIA,-53.57
REFINERIA,-31.72
INDUSTRIA,-31.97
REFINERIA,-35.48
INDUSTRIA,-58.43
TRADER,-33.78
INDUSTRIA,-38.12
INDUSTRIA,-23.43
REFINERIA,-38.25
REFINERIA,-17.38
TRADER,-23.53
TRADER,-41.39
REFINERIA,-38.32
INDUSTRIA,-47.15
INDUSTRIA,-10.84
INDUSTRIA,-24.83
TRADER,-20.88
INDUSTRIA,5.0
INDUSTRIA,-15.68
REFINERIA,-27.19
REFINERIA,-23.47
TRADER,-38.22
TRADER,-41.32
REFINERIA,-14.43
INDUSTRIA,-21.95
TRADER,-31.86
REFINERIA,-31.82
INDUSTRIA,-27.06
INDUSTRIA,-33.48
REFINERIA,-32.39
INDUSTRIA,-23.25
TRADER,-10.31
INDUSTRIA,-44.52
TRADER,-43.1
INDUSTRIA,-30.84
TRADER,-48.67
INDUSTRIA,-32.87
INDUSTRIA,-38.62
REFINERIA,-8.92
REFINERIA,-30.56
TRADER,-46.26
INDUSTRIA,-28.51
TRADER,-44.64
TRADER,-34.26
TRADER,-35.97
REFINERIA,-33.27
TRADER,-6.52
INDUSTRIA,-42.34
REFINERIA,-35.73
TRADER,-38.77
TRADER,-45.39
REFINERIA,-45.92
INDUSTRIA,-21.92
REFINERIA,-18.89
TRADER,-53.41
INDUSTRIA,-18.85
INDUSTRIA,-46.27
TRADER,-12.83
TRADER,-16.79
REFINERIA,-23.14
TRADER,-25.04
INDUSTRIA,-59.27
REFINERIA,-21.13
TRADER,-30.31
TRADER,-16.19
REFINERIA,-48.87
TRADER,-15.52
INDUSTRIA,-43.95
TRADER,-11.41
TRADER,-12.1
INDUSTRIA,-33.46
INDUSTRIA,-30.12
TRADER,-32.4
TRADER,-8.82
TRADER,-32.57
TRADER,-4.13
REFINERIA,-38.84
INDUSTRIA,-47.54
REFINERIA,-20.55
INDUSTRIA,-11.9
TRADER,-50.48
TRADER,-37.95
TRADER,-22.59
INDUSTRIA,-66.51
INDUSTRIA,-50.31
INDUSTRIA,-22.6
REFINERIA,-34.91
TRADER,-22.19
TRADER,-10.3
INDUSTRIA,-36.67
INDUSTRIA,-58.85
REFINERIA,-15.44
INDUSTRIA,-63.97
INDUSTRIA,-14.56
INDUSTRIA,-14.15
TRADER,-14.86
INDUSTRIA,-44.18
TRADER,-38.02
REFINERIA,-25.97
TRADER,-13.65
INDUSTRIA,-23.1
INDUSTRIA,-27.64
INDUSTRIA,-16.42
REFINERIA,-30.96
TRADER,-25.23
TRADER,0.89
TRADER,-28.17
TRADER,-40.02
INDUSTRIA,-38.67
TRADER,-22.09
TRADER,-47.3
TRADER,-39.95
TRADER,-1.01
TRADER,-31.61
REFINERIA,-30.15
TRADER,-31.84
TRADER,-9.56
REFINERIA,-1.5
REFINERIA,-25.71
REFINERIA,-53.5
INDUSTRIA,-31.04
TRADER,-44.51
REFINERIA,-36.68
TRADER,-18.99
INDUSTRIA,-51.09
TRADER,-24.76
TRADER,-35.0
TRADER,-36.51
TRADER,-40.62
REFINERIA,-35.34
TRADER,-28.21
TRADER,-39.57
TRADER,-9.23
INDUSTRIA,-51.86
INDUSTRIA,-11.22
REFINERIA,-43.81
TRADER,-8.47
TRADER,11.42
REFINERIA,-1.46
INDUSTRIA,-34.54
REFINERIA,-17.69
INDUSTRIA,-18.29
TRADER,-18.31
INDUSTRIA,-42.19
INDUSTRIA,-18.4
REFINERIA,-43.08
REFINERIA,-30.91
TRADER,-34.19
REFINERIA,-19.46
REFINERIA,-44.14
REFINERIA,-7.7
INDUSTRIA,-41.81
INDUSTRIA,-41.35
INDUSTRIA,-21.53
REFINERIA,-26.44
REFINERIA,-7.58
REFINERIA,-49.4
TRADER,-37.56
REFINERIA,-28.98
REFINERIA,-47.52
INDUSTRIA,-11.24
INDUSTRIA,-22.42
REFINERIA,-37.35
REFINERIA,-42.49
REFINERIA,-1.88
TRADER,-38.83
INDUSTRIA,-11.28
TRADER,-41.76
INDUSTRIA,-43.58
INDUSTRIA,-16.72
REFINERIA,-30.26
INDUSTRIA,-41.37
TRADER,-10.86
INDUSTRIA,-35.61
INDUSTRIA,-21.81
REFINERIA,-54.03
INDUSTRIA,-20.16
REFINERIA,-13.68
TRADER,-19.0
TRADER,-34.99
REFINERIA,-45.08
TRADER,-30.45
REFINERIA,-27.03
INDUSTRIA,-33.28
REFINERIA,-41.1
TRADER,-23.46
REFINERIA,-31.04
REFINERIA,-20.95
INDUSTRIA,-56.38
TRADER,-30.18
TRADER,-48.95
REFINERIA,-44.46
TRADER,-28.78
TRADER,-37.02
TRADER,-45.95
INDUSTRIA,-16.96
INDUSTRIA,-36.65
TRADER,-33.12
REFINERIA,-14.12
TRADER,-7.65
TRADER,-12.85
REFINERIA,-26.87
TRADER,-30.34
REFINERIA,-35.98
REFINERIA,-48.08
REFINERIA,-12.83
INDUSTRIA,-43.32
INDUSTRIA,-36.28
INDUSTRIA,6.53
INDUSTRIA,-26.94
REFINERIA,-30.68
REFINERIA,-21.25
TRADER,-10.54
REFINERIA,-17.2
TRADER,-16.47
REFINERIA,7.45
INDUSTRIA,-17.06
TRADER,-42.53
REFINERIA,-6.46
TRADER,-20.74
REFINERIA,-33.06
INDUSTRIA,-28.77
REFINERIA,-12.6
TRADER,-17.95
REFINERIA,-11.38
TRADER,-31.72
TRADER,-24.03
TRADER,-36.87
TRADER,-8.86
REFINERIA,-32.0
TRADER,-35.48
REFINERIA,-24.04
TRADER,-20.69
REFINERIA,-21.59
REFINERIA,-9.24
REFINERIA,-23.69
TRADER,-48.69
TRADER,-26.81
INDUSTRIA,-29.04
TRADER,-8.82
INDUSTRIA,-21.19
REFINERIA,-25.4
REFINERIA,-13.07
TRADER,-50.82
TRADER,-41.41
INDUSTRIA,-33.63
REFINERIA,-25.95
TRADER,-33.16
TRADER,-28.97
REFINERIA,-37.91
REFINERIA,-44.35
INDUSTRIA,-44.73
INDUSTRIA,-35.07
INDUSTRIA,-34.52
REFINERIA,-21.91
INDUSTRIA,-14.91
TRADER,-42.96
INDUSTRIA,-24.99
REFINERIA,-30.18
REFINERIA,12.42
INDUSTRIA,-41.4
TRADER,-51.43
INDUSTRIA,-34.74
INDUSTRIA,-25.76
INDUSTRIA,-19.6
INDUSTRIA,-34.08
TRADER,-15.65
TRADER,-12.52
TRADER,-39.51
TRADER,-30.64
TRADER,-48.32
INDUSTRIA,-32.59
TRADER,-23.89
TRADER,-31.46
TRADER,-37.12
INDUSTRIA,-20.33
INDUSTRIA,-40.89
INDUSTRIA,-32.04
INDUSTRIA,-7.99
INDUSTRIA,-6.92
INDUSTRIA,-28.74
INDUSTRIA,-23.72
REFINERIA,-19.23
TRADER,-46.47
REFINERIA,-15.03
INDUSTRIA,-56.02
INDUSTRIA,-64.01
REFINERIA,-40.85
INDUSTRIA,-35.2
REFINERIA,-21.56
REFINERIA,-42.79
INDUSTRIA,-42.85
INDUSTRIA,-20.46
TRADER,-9.61
REFINERIA,-38.81
REFINERIA,-25.1
REFINERIA,-44.7
REFINERIA,-10.55
INDUSTRIA,-33.27
REFINERIA,-37.66
TRADER,-26.77
TRADER,-49.05
REFINERIA,-16.87
REFINERIA,2.9
TRADER,-45.64
TRADER,-39.0
INDUSTRIA,-49.13
TRADER,-36.3
INDUSTRIA,-36.81
TRADER,-42.78
REFINERIA,-21.99
INDUSTRIA,-65.21
REFINERIA,-30.62
TRADER,-37.26
TRADER,-43.51
TRADER,-40.0
TRADER,-35.59
INDUSTRIA,-33.04
TRADER,-46.75
TRADER,2.42
REFINERIA,-50.25
TRADER,-38.66
REFINERIA,-48.44
INDUSTRIA,-50.29
TRADER,-24.79
INDUSTRIA,-16.72
INDUSTRIA,-28.25
REFINERIA,-34.0
TRADER,-18.99
REFINERIA,-57.51
INDUSTRIA,-24.65
REFINERIA,-31.14
TRADER,-50.17
INDUSTRIA,-22.49
REFINERIA,-5.36
REFINERIA,-33.7
REFINERIA,-14.42
REFINERIA,-51.56
REFINERIA,-22.29
REFINERIA,-27.03
INDUSTRIA,-21.86
REFINERIA,-31.42
TRADER,-7.19
TRADER,-37.72
TRADER,-1.95
TRADER,-23.93
REFINERIA,-38.95
REFINERIA,-23.45
INDUSTRIA,-12.12
REFINERIA,-20.71
TRADER,-35.9
INDUSTRIA,11.72
REFINERIA,-33.91
TRADER,-32.83
INDUSTRIA,-20.82
REFINERIA,-41.29
INDUSTRIA,-36.61
TRADER,-12.64
TRADER,-65.84
TRADER,-42.36
TRADER,-33.12
TRADER,-1.36
TRADER,-46.28
TRADER,-55.43
REFINERIA,-22.99
REFINERIA,-34.63
REFINERIA,-38.76
REFINERIA,-31.86
REFINERIA,-34.6
INDUSTRIA,-26.29
INDUSTRIA,-27.02
REFINERIA,-4.63
INDUSTRIA,-40.56
TRADER,-7.6
TRADER,-45.38
INDUSTRIA,-21.7
REFINERIA,-59.51
INDUSTRIA,-10.55
TRADER,-16.23
REFINERIA,-20.7
INDUSTRIA,-44.4
TRADER,-28.01
TRADER,-24.13
INDUSTRIA,-15.53
INDUSTRIA,-61.09
TRADER,-23.35
TRADER,-48.56
INDUSTRIA,-25.88
REFINERIA,-33.34
REFINERIA,-27.6
TRADER,-17.14
INDUSTRIA,-25.98
TRADER,-10.02
INDUSTRIA,-1.91
INDUSTRIA,-51.6
INDUSTRIA,-51.01
INDUSTRIA,-58.76
INDUSTRIA,-21.73
TRADER,-13.87
REFINERIA,-16.08
REFINERIA,-36.44
REFINERIA,-14.86
INDUSTRIA,-14.44
REFINERIA,-34.97
INDUSTRIA,-49.24
REFINERIA,-33.84
TRADER,-38.07
REFINERIA,-45.88
TRADER,-34.75
TRADER,-37.81
TRADER,-31.72
INDUSTRIA,-38.1
REFINERIA,-48.94
REFINERIA,-28.01
TRADER,-42.37
TRADER,-11.38
INDUSTRIA,-20.15
INDUSTRIA,-38.97
REFINERIA,-3.33
INDUSTRIA,-38.03
REFINERIA,-35.22
REFINERIA,-27.36
REFINERIA,-26.52
TRADER,-5.3
REFINERIA,-28.01
INDUSTRIA,-24.39
REFINERIA,-26.1
REFINERIA,-4.63
INDUSTRIA,-72.65
INDUSTRIA,-15.85
REFINERIA,-5.26
REFINERIA,-29.77
REFINERIA,-35.66
INDUSTRIA,-9.69
REFINERIA,-20.58
REFINERIA,-44.5
TRADER,-55.54
INDUSTRIA,-41.98
INDUSTRIA,-10.85
TRADER,-30.48
REFINERIA,-33.72
TRADER,-28.65
TRADER,-19.82
INDUSTRIA,-22.26
INDUSTRIA,-44.76
REFINERIA,-42.44
REFINERIA,0.7
INDUSTRIA,-20.01
TRADER,-42.12
TRADER,-42.37
INDUSTRIA,-41.19
TRADER,-27.39
REFINERIA,-19.64
INDUSTRIA,-13.37
INDUSTRIA,-9.78
TRADER,-43.68
INDUSTRIA,-15.48
TRADER,-27.32
INDUSTRIA,-22.86
REFINERIA,-10.42
TRADER,-46.28
INDUSTRIA,-23.34
REFINERIA,3.8
REFINERIA,-25.97
REFINERIA,-44.25
REFINERIA,-43.99
TRADER,-37.3
REFINERIA,-33.64
TRADER,-38.11
TRADER,-39.09
TRADER,-49.56
INDUSTRIA,-16.1
REFINERIA,-47.26
INDUSTRIA,-23.12
INDUSTRIA,-5.78
REFINERIA,-8.81
TRADER,-38.04
REFINERIA,-34.67
TRADER,-69.83
INDUSTRIA,-5.46
TRADER,-32.68
TRADER,-19.96
REFINERIA,-32.58
REFINERIA,-24.33
INDUSTRIA,-23.7
INDUSTRIA,-43.86
TRADER,-45.48
REFINERIA,-25.33
TRADER,-47.83
INDUSTRIA,-10.37
INDUSTRIA,-24.09
REFINERIA,-54.48
REFINERIA,-50.66
INDUSTRIA,-40.68
TRADER,-51.97
TRADER,-51.38
REFINERIA,-61.51
REFINERIA,-27.72
INDUSTRIA,-35.34
REFINERIA,-20.36
REFINERIA,-10.75
REFINERIA,-27.89
TRADER,-31.51
INDUSTRIA,-3.83
INDUSTRIA,-23.17
INDUSTRIA,-21.45
REFINERIA,-45.77
TRADER,-59.03
REFINERIA,-29.59
REFINERIA,-26.87
INDUSTRIA,4.87
REFINERIA,-41.79
INDUSTRIA,-7.53
REFINERIA,-42.71
REFINERIA,-32.87
TRADER,-31.53
INDUSTRIA,-39.09
INDUSTRIA,-43.51
INDUSTRIA,-27.03
REFINERIA,-34.12
TRADER,-41.39
INDUSTRIA,-37.38
TRADER,-26.48
REFINERIA,-66.27
INDUSTRIA,-43.57
TRADER,-20.61
TRADER,-42.18
TRADER,-45.52
INDUSTRIA,-4.26
REFINERIA,-2.45
TRADER,-27.24
INDUSTRIA,-37.18
TRADER,-13.34
INDUSTRIA,-42.78
TRADER,0.3
TRADER,-50.03
INDUSTRIA,-6.57
TRADER,-28.59
INDUSTRIA,-32.09
REFINERIA,-21.55
REFINERIA,-53.1
TRADER,-32.01
TRADER,-11.35
TRADER,-14.59
INDUSTRIA,-37.97
TRADER,-11.29
TRADER,-29.93
TRADER,-11.22
INDUSTRIA,-20.89
INDUSTRIA,-42.53
INDUSTRIA,-44.45
TRADER,-34.82
REFINERIA,-36.02
TRADER,-4.45
REFINERIA,-59.74
TRADER,-41.5
REFINERIA,-36.43
INDUSTRIA,-13.28
TRADER,-17.08
TRADER,-45.94
REFINERIA,-34.73
INDUSTRIA,-32.52
INDUSTRIA,-52.08
TRADER,-42.0
TRADER,-10.81
TRADER,-31.99
REFINERIA,-68.61
REFINERIA,-15.86
INDUSTRIA,-40.04
TRADER,-29.61
INDUSTRIA,-22.69
REFINERIA,-37.36
INDUSTRIA,-25.44
TRADER,-14.34
TRADER,-8.9
TRADER,-21.46
REFINERIA,-27.41
REFINERIA,-31.44
REFINERIA,-27.28
TRADER,-21.14
REFINERIA,-24.96
REFINERIA,-8.98
INDUSTRIA,-48.99
TRADER,-24.73
TRADER,-48.28
REFINERIA,-40.71
INDUSTRIA,-63.81
INDUSTRIA,-15.89
REFINERIA,-39.63
INDUSTRIA,-31.3
REFINERIA,-47.05
INDUSTRIA,-31.43
INDUSTRIA,-44.25
INDUSTRIA,-19.0
TRADER,-46.5
REFINERIA,-33.95
REFINERIA,-13.78
INDUSTRIA,-26.79
TRADER,-36.92
TRADER,-30.77
INDUSTRIA,-19.28
TRADER,-18.77
REFINERIA,-16.62
TRADER,-14.1
TRADER,-19.82
TRADER,-49.63
INDUSTRIA,-33.99
REFINERIA,-6.2
REFINERIA,-22.56
TRADER,-32.81
REFINERIA,-19.35
INDUSTRIA,-51.72
TRADER,-3.5
TRADER,-23.33
INDUSTRIA,-38.62
REFINERIA,-17.88
INDUSTRIA,-57.04
REFINERIA,-24.17
TRADER,0.47
REFINERIA,-14.9
TRADER,-37.8
INDUSTRIA,-28.42
REFINERIA,-64.9
INDUSTRIA,-36.31
INDUSTRIA,-23.91
REFINERIA,-35.73
TRADER,-53.59
INDUSTRIA,-57.41
INDUSTRIA,-14.78
INDUSTRIA,-15.16
TRADER,-20.41
INDUSTRIA,-32.74
TRADER,-28.4
REFINERIA,-31.5
REFINERIA,-44.86
INDUSTRIA,-30.65
REFINERIA,-35.86
INDUSTRIA,-19.88
TRADER,-41.38
TRADER,-33.82
INDUSTRIA,-22.73
REFINERIA,-14.79
REFINERIA,22.6
INDUSTRIA,-58.35
TRADER,-43.04
REFINERIA,-31.95
INDUSTRIA,-40.6
REFINERIA,-52.0
TRADER,-24.79
TRADER,-26.83
INDUSTRIA,-42.83
TRADER,-36.39
REFINERIA,-24.31
REFINERIA,-42.96
INDUSTRIA,-25.18
TRADER,-32.09
REFINERIA,-32.16
INDUSTRIA,-56.48
INDUSTRIA,-21.77
INDUSTRIA,-42.25
TRADER,-22.79
INDUSTRIA,-59.34
TRADER,-52.05
REFINERIA,-15.98
REFINERIA,-30.45
TRADER,-19.14
INDUSTRIA,-25.0
REFINERIA,-39.86
INDUSTRIA,-32.93
INDUSTRIA,-27.18
REFINERIA,-24.83
REFINERIA,-4.15
REFINERIA,-42.06
REFINERIA,-31.45
TRADER,-25.34
TRADER,-5.15
TRADER,-36.16
INDUSTRIA,-31.14
INDUSTRIA,-20.3
REFINERIA,-36.42
REFINERIA,-46.46
INDUSTRIA,3.54
REFINERIA,-47.23
TRADER,-6.62
INDUSTRIA,-41.55
TRADER,-19.36
TRADER,-32.37
INDUSTRIA,-14.39
REFINERIA,-9.66
TRADER,-23.93
REFINERIA,-13.28
REFINERIA,-22.24
INDUSTRIA,-59.6
REFINERIA,-45.11
INDUSTRIA,-12.1
TRADER,-29.71
INDUSTRIA,-39.96
REFINERIA,-20.02
INDUSTRIA,-15.58
REFINERIA,-19.75
TRADER,-37.39
REFINERIA,-38.48
TRADER,-16.98
TRADER,-19.24
TRADER,-26.63
REFINERIA,-11.07
INDUSTRIA,-33.38
TRADER,-1.19
TRADER,-17.24
TRADER,-25.3
TRADER,-23.23
TRADER,-26.03
INDUSTRIA,-29.1
INDUSTRIA,-30.41
TRADER,-53.0
INDUSTRIA,-32.82
REFINERIA,-42.46
TRADER,-26.02
TRADER,-11.35
REFINERIA,-29.29
REFINERIA,-40.41
INDUSTRIA,-19.62
INDUSTRIA,-42.1
INDUSTRIA,-29.26
INDUSTRIA,-28.01
INDUSTRIA,-35.99
TRADER,-31.41
INDUSTRIA,-23.59
TRADER,-51.73
TRADER,-20.88
REFINERIA,-39.17
REFINERIA,-28.99
TRADER,-2.73
TRADER,-44.83
REFINERIA,-33.03
TRADER,-25.62
INDUSTRIA,-22.6
REFINERIA,-8.54
INDUSTRIA,-51.67
TRADER,-24.96
REFINERIA,-28.22
TRADER,-21.44
TRADER,-20.15
REFINERIA,-45.28
TRADER,-39.67
TRADER,-34.94
INDUSTRIA,-29.53
REFINERIA,-13.25
TRADER,-19.69
REFINERIA,-27.73
TRADER,-29.99
INDUSTRIA,-24.87
INDUSTRIA,-29.39
INDUSTRIA,-29.17
TRADER,-33.29
INDUSTRIA,-35.53
REFINERIA,-39.38
REFINERIA,-36.59
TRADER,-53.5
REFINERIA,-49.17
REFINERIA,-33.57
REFINERIA,-18.17
INDUSTRIA,-24.58
REFINERIA,-42.0
INDUSTRIA,-29.92
INDUSTRIA,-18.29
TRADER,-17.49
TRADER,-26.18
INDUSTRIA,-33.11
INDUSTRIA,-27.0
TRADER,-3.97
TRADER,-29.06
TRADER,-45.22
INDUSTRIA,-11.17
TRADER,-29.23
REFINERIA,-33.05
REFINERIA,-20.46
REFINERIA,-25.41
REFINERIA,-32.99
REFINERIA,-64.43
TRADER,-36.33
REFINERIA,-6.54
TRADER,-24.28
TRADER,-33.13
INDUSTRIA,-44.85
REFINERIA,-24.19
REFINERIA,-52.81
INDUSTRIA,-14.75
REFINERIA,-23.01
TRADER,-24.6
TRADER,-38.41
TRADER,-14.46
TRADER,-32.36
REFINERIA,-41.01
TRADER,-45.03
REFINERIA,-27.77
INDUSTRIA,-45.68
INDUSTRIA,-59.89
INDUSTRIA,-38.71
TRADER,-30.32
TRADER,-65.75
INDUSTRIA,-56.75
TRADER,-21.11
INDUSTRIA,-29.04
REFINERIA,-34.19
REFINERIA,-43.48
TRADER,-48.78
INDUSTRIA,-19.38
REFINERIA,-27.27
REFINERIA,-16.82
TRADER,-46.86
INDUSTRIA,-34.93
TRADER,-39.54
TRADER,-21.54
TRADER,-30.95
INDUSTRIA,-37.35
REFINERIA,-12.49
REFINERIA,-38.3
REFINERIA,-20.0
TRADER,-62.55
TRADER,-37.96
REFINERIA,-31.92
TRADER,-32.13
REFINERIA,-46.23
REFINERIA,-28.34
TRADER,-6.28
TRADER,-39.7
TRADER,-22.05
TRADER,-42.96
REFINERIA,-21.46
REFINERIA,-19.04
INDUSTRIA,-35.49
REFINERIA,-32.21
REFINERIA,-18.39
REFINERIA,-15.91
INDUSTRIA,-29.91
INDUSTRIA,-57.85
REFINERIA,-31.34
INDUSTRIA,-53.83
TRADER,-18.65
INDUSTRIA,-47.56
TRADER,-22.53
INDUSTRIA,-16.21
REFINERIA,-46.01
TRADER,-20.81
TRADER,-15.49
TRADER,-32.66
INDUSTRIA,-31.65
TRADER,-6.84
TRADER,-28.34
INDUSTRIA,-31.67
REFINERIA,-13.59
INDUSTRIA,-45.01
INDUSTRIA,-31.35
INDUSTRIA,-40.17
TRADER,-33.14
REFINERIA,-44.77
REFINERIA,-50.41
INDUSTRIA,-24.23
TRADER,-3.34
REFINERIA,-44.48
TRADER,-37.16
TRADER,-43.02
TRADER,-69.54
INDUSTRIA,-26.78
TRADER,-32.8
INDUSTRIA,-31.8
TRADER,-33.64
INDUSTRIA,-54.87
REFINERIA,-21.67
TRADER,-22.45
TRADER,-37.3
REFINERIA,-39.87
REFINERIA,-20.37
TRADER,-0.91
INDUSTRIA,-29.67
INDUSTRIA,-26.96
INDUSTRIA,-21.45
REFINERIA,-45.24
REFINERIA,-27.36
INDUSTRIA,-14.94
INDUSTRIA,-10.26
TRADER,-5.64
TRADER,-36.22
INDUSTRIA,-57.3
TRADER,-22.29
TRADER,-11.66
TRADER,-44.87
TRADER,-51.66
INDUSTRIA,-41.19
TRADER,-37.92
INDUSTRIA,-62.23
TRADER,-34.19
TRADER,-25.03
INDUSTRIA,-35.1
INDUSTRIA,-27.94
TRADER,-18.55
TRADER,-23.85
TRADER,-35.26
TRADER,-47.18
TRADER,-51.69
TRADER,-18.31
TRADER,-13.88
REFINERIA,-30.27
REFINERIA,-31.73
INDUSTRIA,-39.4
INDUSTRIA,-43.96
TRADER,-29.14
INDUSTRIA,-42.04
TRADER,2.1
TRADER,-23.11
REFINERIA,-16.21
TRADER,-32.89
INDUSTRIA,-20.45
INDUSTRIA,-25.2
REFINERIA,-12.44
INDUSTRIA,-26.48
INDUSTRIA,-22.16
REFINERIA,-41.91
REFINERIA,-2.98
TRADER,-12.48
TRADER,-42.93
TRADER,6.58
TRADER,-18.11
REFINERIA,-49.01
REFINERIA,-14.09
TRADER,-25.73
TRADER,-23.01
INDUSTRIA,-35.84
TRADER,-41.96
REFINERIA,-28.26
REFINERIA,-23.02
TRADER,-39.5
TRADER,-29.81
TRADER,-44.77
REFINERIA,-27.17
TRADER,-61.49
INDUSTRIA,-29.65
TRADER,4.47
INDUSTRIA,-22.63
TRADER,-30.25
INDUSTRIA,-8.02
TRADER,-53.26
TRADER,-43.61
INDUSTRIA,-30.63
REFINERIA,-21.79
INDUSTRIA,-24.88
INDUSTRIA,-11.14
TRADER,-34.72
TRADER,-4.41
REFINERIA,-45.14
TRADER,-23.58
INDUSTRIA,-25.26
TRADER,-36.98
REFINERIA,-21.49
REFINERIA,-38.47
REFINERIA,-17.64
TRADER,-37.13
REFINERIA,-37.16
INDUSTRIA,-17.59
TRADER,-19.38
REFINERIA,-12.74
REFINERIA,-30.42
TRADER,-26.47
INDUSTRIA,-16.87
TRADER,-52.29
INDUSTRIA,-29.47
REFINERIA,-29.2
INDUSTRIA,-23.79
REFINERIA,-47.37
TRADER,-29.94
INDUSTRIA,-12.49
TRADER,-7.1
INDUSTRIA,-26.13
INDUSTRIA,-29.06
INDUSTRIA,-51.61
TRADER,-64.48
INDUSTRIA,-58.84
INDUSTRIA,-5.54
INDUSTRIA,-55.49
REFINERIA,-48.23
TRADER,-35.93
INDUSTRIA,-28.2
REFINERIA,-8.55
INDUSTRIA,-39.12
TRADER,-31.66
REFINERIA,-36.89
TRADER,-54.08
REFINERIA,-36.65
INDUSTRIA,-30.34
TRADER,-37.09
REFINERIA,-41.08
INDUSTRIA,-36.47
INDUSTRIA,-8.22
TRADER,-19.32
INDUSTRIA,-31.99
INDUSTRIA,-45.17
REFINERIA,-27.69
TRADER,-43.93
TRADER,-40.91
INDUSTRIA,-25.98
INDUSTRIA,-21.57
INDUSTRIA,-50.24
INDUSTRIA,-36.48
REFINERIA,-18.31
INDUSTRIA,-12.33
INDUSTRIA,-20.66
REFINERIA,-19.72
TRADER,-27.35
REFINERIA,-72.74
REFINERIA,-11.58
REFINERIA,-50.48
TRADER,-23.31
INDUSTRIA,-29.92
TRADER,-50.14
TRADER,-17.34
TRADER,-48.69
INDUSTRIA,-23.9
REFINERIA,-10.01
INDUSTRIA,-26.81
TRADER,-28.03
REFINERIA,-50.5
REFINERIA,-56.81
TRADER,-31.27
REFINERIA,-14.79
INDUSTRIA,-40.78
REFINERIA,-87.49
REFINERIA,-18.04
TRADER,-28.69
INDUSTRIA,-36.3
INDUSTRIA,-48.76
INDUSTRIA,-32.43
INDUSTRIA,-27.69
REFINERIA,-34.76
REFINERIA,-36.29
REFINERIA,-10.02
INDUSTRIA,-19.34
INDUSTRIA,-37.01
INDUSTRIA,-27.71
TRADER,-39.91
INDUSTRIA,-24.27
REFINERIA,-20.41
INDUSTRIA,-23.41
REFINERIA,-32.78
TRADER,-45.44
REFINERIA,-66.93
INDUSTRIA,-23.43
TRADER,-26.97
REFINERIA,-54.74
REFINERIA,-36.82
INDUSTRIA,-40.65
REFINERIA,-12.91
INDUSTRIA,-52.31
REFINERIA,-27.64
TRADER,-21.5
REFINERIA,-17.68
INDUSTRIA,-51.45
INDUSTRIA,-29.57
INDUSTRIA,-15.8
TRADER,-36.51
TRADER,-18.45
TRADER,-48.56
REFINERIA,-15.81
INDUSTRIA,-36.11
TRADER,-31.82
TRADER,-22.96
INDUSTRIA,-29.88
INDUSTRIA,-35.09
INDUSTRIA,-16.15
REFINERIA,-12.56
TRADER,-20.34
TRADER,-50.18
REFINERIA,-32.49
TRADER,-54.82
INDUSTRIA,-29.25
REFINERIA,-15.86
INDUSTRIA,-53.33
TRADER,-13.07
TRADER,-42.1
INDUSTRIA,-3.82
REFINERIA,-52.22
TRADER,-21.14
INDUSTRIA,-47.52
INDUSTRIA,-23.55
TRADER,-68.99
INDUSTRIA,-50.71
INDUSTRIA,-32.44
INDUSTRIA,-19.43
TRADER,-5.48
REFINERIA,-30.96
REFINERIA,-30.66
TRADER,-35.11
REFINERIA,-38.07
REFINERIA,-36.49
TRADER,-13.9
REFINERIA,-47.52
TRADER,-23.49
TRADER,-26.68
TRADER,-29.6
TRADER,-58.26
REFINERIA,-63.78
INDUSTRIA,-24.7
INDUSTRIA,-50.74
REFINERIA,-6.82
REFINERIA,-25.16
REFINERIA,-25.12
REFINERIA,-15.87
TRADER,-22.97
INDUSTRIA,-36.81
INDUSTRIA,-20.76
TRADER,-45.28
TRADER,-26.0
INDUSTRIA,-13.08
INDUSTRIA,-15.01
TRADER,-17.1
INDUSTRIA,-25.94
REFINERIA,-23.63
TRADER,-31.57
TRADER,-29.08
TRADER,-35.64
TRADER,-32.19
TRADER,-43.86
INDUSTRIA,-39.67
INDUSTRIA,-20.73
TRADER,-23.0
INDUSTRIA,-24.55
INDUSTRIA,-35.5
REFINERIA,-40.89
TRADER,-8.72
REFINERIA,-43.42
REFINERIA,-29.97
TRADER,-38.81
REFINERIA,-27.53
INDUSTRIA,-62.63
REFINERIA,-38.07
INDUSTRIA,-31.91
REFINERIA,-33.33
INDUSTRIA,-14.86
TRADER,-17.44
INDUSTRIA,-57.8
REFINERIA,-15.42
INDUSTRIA,-16.24
INDUSTRIA,-27.28
TRADER,-19.11
TRADER,-48.21
REFINERIA,-6.76
TRADER,-35.4
INDUSTRIA,-21.35
REFINERIA,-37.08
INDUSTRIA,-16.9
REFINERIA,-8.59
TRADER,-27.61
INDUSTRIA,-33.83
INDUSTRIA,-26.59
REFINERIA,-22.95
TRADER,-53.84
REFINERIA,-29.05
TRADER,-24.29
TRADER,-34.9
INDUSTRIA,-22.69
REFINERIA,-42.92
TRADER,-53.98
REFINERIA,-2.15
TRADER,-23.06
TRADER,-57.64
TRADER,-43.33
INDUSTRIA,-36.9
REFINERIA,-20.87
TRADER,-22.73
TRADER,-31.87
INDUSTRIA,-36.87
TRADER,-16.75
TRADER,-14.48
TRADER,-28.14
TRADER,-62.58
INDUSTRIA,-35.95
INDUSTRIA,-8.05
INDUSTRIA,-18.52
REFINERIA,-44.53
REFINERIA,-43.72
REFINERIA,-28.0
INDUSTRIA,-24.65
REFINERIA,-33.11
INDUSTRIA,-22.26
TRADER,-36.83
REFINERIA,-7.62
REFINERIA,-14.75
REFINERIA,-65.56
INDUSTRIA,-29.47
TRADER,-43.37
INDUSTRIA,-30.6
TRADER,-10.41
TRADER,-53.46
INDUSTRIA,-10.69
INDUSTRIA,-9.78
INDUSTRIA,-30.22
INDUSTRIA,-58.64
TRADER,-34.61
INDUSTRIA,-31.36
TRADER,-39.13
REFINERIA,-40.79
TRADER,-38.25
INDUSTRIA,-27.09
REFINERIA,-16.64
TRADER,-37.21
TRADER,-38.19
REFINERIA,-29.63
REFINERIA,-39.39
INDUSTRIA,-8.15
REFINERIA,-27.41
INDUSTRIA,-25.05
REFINERIA,-19.85
TRADER,-24.66
TRADER,-34.51
INDUSTRIA,-41.16
TRADER,-24.4
REFINERIA,-18.67
REFINERIA,-61.99
REFINERIA,-27.07
TRADER,-39.82
TRADER,-23.87
TRADER,-56.6
REFINERIA,-59.34
TRADER,-38.01
INDUSTRIA,-33.58
INDUSTRIA,-53.4
INDUSTRIA,-16.68
REFINERIA,-45.78
INDUSTRIA,-29.24
INDUSTRIA,-35.02
TRADER,-31.82
REFINERIA,-13.75
INDUSTRIA,-38.39
REFINERIA,-17.63
REFINERIA,-54.54
INDUSTRIA,-20.28
REFINERIA,-43.71
REFINERIA,-24.35
TRADER,-44.39
REFINERIA,-25.25
REFINERIA,-41.75
TRADER,-37.9
REFINERIA,-46.25
INDUSTRIA,-28.9
REFINERIA,-30.74
INDUSTRIA,-69.22
REFINERIA,-47.11
INDUSTRIA,-19.45
TRADER,-51.77
REFINERIA,-25.32
INDUSTRIA,-27.25
INDUSTRIA,-45.32
INDUSTRIA,-12.54
TRADER,-28.75
TRADER,-38.67
REFINERIA,-13.16
REFINERIA,-24.85
REFINERIA,-17.37
INDUSTRIA,-39.62
TRADER,-36.18
REFINERIA,-20.11
INDUSTRIA,-3.98
TRADER,-38.54
REFINERIA,-20.87
INDUSTRIA,-33.8
TRADER,-48.42
TRADER,-31.72
INDUSTRIA,-40.65
TRADER,-50.46
REFINERIA,-52.64
TRADER,-10.91
INDUSTRIA,-16.86
TRADER,-26.66
TRADER,-15.86
INDUSTRIA,-3.98
REFINERIA,-46.63
INDUSTRIA,-2.95
REFINERIA,-58.62
INDUSTRIA,18.65
TRADER,-38.14
INDUSTRIA,-47.52
TRADER,-2.16
TRADER,-32.01
INDUSTRIA,-15.1
TRADER,-15.93
INDUSTRIA,-21.43
TRADER,-30.96
INDUSTRIA,-43.41
TRADER,-33.31
TRADER,-29.88
TRADER,-28.91
INDUSTRIA,-46.71
INDUSTRIA,-30.68
TRADER,-46.92
TRADER,-22.34
REFINERIA,-37.78
INDUSTRIA,-33.19
INDUSTRIA,-42.35
INDUSTRIA,-20.31
REFINERIA,-28.15
REFINERIA,-40.61
REFINERIA,-24.46
INDUSTRIA,-29.51
INDUSTRIA,-21.4
INDUSTRIA,-18.23
TRADER,8.21
REFINERIA,-23.37
REFINERIA,-54.8
INDUSTRIA,-30.54
TRADER,-40.92
INDUSTRIA,-50.1
REFINERIA,-20.98
REFINERIA,-35.98
REFINERIA,-44.93
REFINERIA,-17.82
REFINERIA,-29.28
INDUSTRIA,10.19
INDUSTRIA,-30.48
INDUSTRIA,0.91
TRADER,-56.07
INDUSTRIA,-59.02
INDUSTRIA,-15.96
REFINERIA,-57.52
REFINERIA,-20.09
REFINERIA,-27.43
TRADER,-11.89
TRADER,-41.16
REFINERIA,-33.88
TRADER,-16.1
TRADER,-42.64
TRADER,-52.98
TRADER,-15.69
TRADER,-23.74
REFINERIA,-20.42
REFINERIA,-36.34
INDUSTRIA,-13.73
TRADER,-8.15
INDUSTRIA,-15.52
TRADER,-29.58
REFINERIA,-31.4
INDUSTRIA,-18.78
REFINERIA,-33.08
TRADER,-42.71
REFINERIA,-32.54
INDUSTRIA,-18.44
INDUSTRIA,-59.94
TRADER,-13.11
TRADER,-50.79
REFINERIA,-27.91
TRADER,-53.22
TRADER,-10.99
REFINERIA,-14.18
REFINERIA,5.61
REFINERIA,-9.65
REFINERIA,-13.44
TRADER,-35.62
TRADER,-38.61
INDUSTRIA,-6.44
TRADER,-40.28
INDUSTRIA,-8.49
REFINERIA,-32.76
TRADER,-21.14
REFINERIA,-26.69
INDUSTRIA,-25.54
TRADER,-23.91
REFINERIA,7.39
TRADER,-31.66
INDUSTRIA,-28.74
INDUSTRIA,-37.97
TRADER,-24.38
TRADER,-16.93
REFINERIA,-32.83
INDUSTRIA,-35.77
INDUSTRIA,-22.76
INDUSTRIA,-45.49
REFINERIA,-17.74
REFINERIA,-32.75
INDUSTRIA,-36.13
REFINERIA,-55.2
TRADER,-43.9
REFINERIA,-45.19
REFINERIA,-4.73
REFINERIA,-43.67
TRADER,-4.03
REFINERIA,-24.61
REFINERIA,-17.46
REFINERIA,-20.79
TRADER,-13.4
TRADER,-30.77
TRADER,-26.6
INDUSTRIA,-43.02
INDUSTRIA,-30.18
TRADER,-36.03
TRADER,-7.73
REFINERIA,-23.44
REFINERIA,-30.23
TRADER,-28.24
TRADER,-31.54
REFINERIA,-36.31
REFINERIA,-35.93
INDUSTRIA,-35.86
TRADER,-51.94
INDUSTRIA,-43.06
REFINERIA,-72.87
REFINERIA,-13.68
TRADER,-26.78
TRADER,-56.71
REFINERIA,-17.7
TRADER,-3.54
INDUSTRIA,-39.46
REFINERIA,-29.0
INDUSTRIA,-38.23
REFINERIA,-32.78
INDUSTRIA,-35.98
REFINERIA,-44.04
INDUSTRIA,-62.26
INDUSTRIA,-35.57
INDUSTRIA,-37.58
TRADER,-30.38
INDUSTRIA,-4.29
TRADER,-36.69
REFINERIA,-42.35
REFINERIA,-36.88
INDUSTRIA,-41.35
REFINERIA,-36.4
INDUSTRIA,-31.61
INDUSTRIA,-34.72
INDUSTRIA,-46.27
INDUSTRIA,-26.95
REFINERIA,-27.62
INDUSTRIA,-48.16
INDUSTRIA,-34.85
REFINERIA,-9.83
INDUSTRIA,-37.47
TRADER,-27.84
REFINERIA,1.59
TRADER,-35.24
TRADER,-45.07
TRADER,-18.26
REFINERIA,-15.65
REFINERIA,-13.95
INDUSTRIA,-12.67
INDUSTRIA,-35.38
REFINERIA,-10.15
TRADER,-23.66
TRADER,-13.68
TRADER,-22.6
INDUSTRIA,-39.74
TRADER,-18.89
TRADER,-58.44
REFINERIA,-21.94
INDUSTRIA,-24.07
REFINERIA,-38.93
INDUSTRIA,-22.75
TRADER,4.05
INDUSTRIA,-31.14
REFINERIA,-29.99
REFINERIA,-35.98
INDUSTRIA,-35.24
TRADER,-47.07
INDUSTRIA,-31.62
INDUSTRIA,-18.56
REFINERIA,-45.98
TRADER,-46.46
TRADER,-42.77
REFINERIA,-40.18
REFINERIA,-41.16
REFINERIA,-37.11
REFINERIA,-39.71
TRADER,-8.7
INDUSTRIA,-12.08
TRADER,-18.92
REFINERIA,9.06
TRADER,-23.14
TRADER,-52.04
INDUSTRIA,-33.29
TRADER,-5.17
TRADER,-20.66
INDUSTRIA,1.7
REFINERIA,-42.51
INDUSTRIA,-6.07
REFINERIA,-36.39
INDUSTRIA,-15.11
TRADER,-46.87
REFINERIA,-21.66
INDUSTRIA,-27.75
INDUSTRIA,-11.01
REFINERIA,-32.61
TRADER,-30.78
TRADER,-7.31
REFINERIA,-73.47
REFINERIA,-18.25
REFINERIA,-41.87
TRADER,-40.59
TRADER,-37.61
INDUSTRIA,-22.75
TRADER,-33.09
TRADER,-26.87
REFINERIA,-18.94
INDUSTRIA,-19.49
INDUSTRIA,-1.43
REFINERIA,-47.74
REFINERIA,-55.89
INDUSTRIA,-37.92
TRADER,-17.76
INDUSTRIA,-35.9
INDUSTRIA,-25.3
TRADER,-31.93
INDUSTRIA,-30.89
REFINERIA,-27.3
INDUSTRIA,-57.15
INDUSTRIA,-42.67
REFINERIA,-2.37
REFINERIA,-4.95
REFINERIA,-11.69
TRADER,-24.46
INDUSTRIA,-30.55
INDUSTRIA,-29.76
TRADER,-3.65
REFINERIA,-30.55
TRADER,-24.04
REFINERIA,-25.86
INDUSTRIA,-8.02
REFINERIA,-32.21
TRADER,-23.31
INDUSTRIA,-24.75
TRADER,-21.46
INDUSTRIA,-24.57
REFINERIA,-45.33
REFINERIA,-19.49
REFINERIA,-16.11
REFINERIA,-19.88
INDUSTRIA,-1.1
REFINERIA,-31.93
REFINERIA,-28.48
TRADER,-34.15
REFINERIA,-22.86
INDUSTRIA,-2.58
TRADER,-21.33
INDUSTRIA,-3.93
REFINERIA,-17.26
REFINERIA,-43.61
INDUSTRIA,-28.7
TRADER,-59.65
INDUSTRIA,-32.63
REFINERIA,-23.11
REFINERIA,-23.55
TRADER,-5.84
INDUSTRIA,-44.65
INDUSTRIA,-40.59
INDUSTRIA,-37.95
REFINERIA,-32.3
INDUSTRIA,-9.39
TRADER,-33.56
INDUSTRIA,-28.28
REFINERIA,-36.0
INDUSTRIA,-43.93
TRADER,-18.75
TRADER,2.24
TRADER,-28.51
INDUSTRIA,-25.88
REFINERIA,-24.31
INDUSTRIA,-27.04
TRADER,-33.51
TRADER,-14.6
REFINERIA,-29.21
REFINERIA,-2.52
TRADER,-42.24
TRADER,-52.56
INDUSTRIA,-22.02
TRADER,-38.7
TRADER,-14.91
TRADER,-18.75
INDUSTRIA,-12.11
TRADER,-49.45
REFINERIA,-27.93
REFINERIA,-33.78
TRADER,-0.87
TRADER,-46.78
REFINERIA,-30.15
TRADER,-19.55
TRADER,-23.66
INDUSTRIA,-2.16
INDUSTRIA,-38.56
REFINERIA,-62.07
INDUSTRIA,-19.68
REFINERIA,-25.82
TRADER,-31.45
REFINERIA,-16.47
TRADER,-18.79
REFINERIA,-28.23
REFINERIA,-40.66
REFINERIA,-21.03
TRADER,-28.78
INDUSTRIA,-34.59
INDUSTRIA,-23.0
INDUSTRIA,-22.57
TRADER,-30.55
REFINERIA,-9.39
INDUSTRIA,-36.68
INDUSTRIA,-44.47
REFINERIA,-38.82
REFINERIA,-48.44
INDUSTRIA,-34.66
INDUSTRIA,-43.33
TRADER,-51.03
TRADER,-31.29
REFINERIA,-14.77
INDUSTRIA,-48.51
TRADER,-22.3
REFINERIA,-53.4
TRADER,-27.48
REFINERIA,-26.05
TRADER,-29.26
INDUSTRIA,-30.64
INDUSTRIA,-19.91
TRADER,-31.27
INDUSTRIA,-57.16
REFINERIA,-31.51
INDUSTRIA,-18.92
REFINERIA,-47.45
TRADER,-29.03
REFINERIA,-33.05
INDUSTRIA,-17.06
INDUSTRIA,-56.82
TRADER,-19.34
TRADER,-39.08
REFINERIA,-35.45
INDUSTRIA,-28.66
INDUSTRIA,-39.16
INDUSTRIA,-15.89
INDUSTRIA,-56.9
INDUSTRIA,-13.12
TRADER,-29.64
REFINERIA,-27.52
INDUSTRIA,4.18
TRADER,-6.2
TRADER,-27.35
INDUSTRIA,-49.31
TRADER,-14.32
INDUSTRIA,-7.91
TRADER,-40.15
TRADER,-3.48
REFINERIA,-44.42
TRADER,0.31
REFINERIA,5.81
REFINERIA,-15.49
INDUSTRIA,-44.92
REFINERIA,-18.72
REFINERIA,-35.94
INDUSTRIA,-36.87
TRADER,-32.54
TRADER,-47.5
REFINERIA,-46.8
REFINERIA,-42.18
TRADER,-19.81
REFINERIA,-7.16
TRADER,-25.86
TRADER,-26.82
INDUSTRIA,-39.14
INDUSTRIA,-28.61
TRADER,-13.28
REFINERIA,-17.42
INDUSTRIA,-55.47
TRADER,-24.25
INDUSTRIA,-23.96
TRADER,-24.75
REFINERIA,-34.85
REFINERIA,-40.03
REFINERIA,-59.78
REFINERIA,-19.78
INDUSTRIA,-12.02
REFINERIA,-15.56
REFINERIA,-50.33
REFINERIA,-30.88
TRADER,-16.63
REFINERIA,-8.17
REFINERIA,-24.01
TRADER,-15.99
INDUSTRIA,-52.67
TRADER,-23.44
INDUSTRIA,-41.0
TRADER,-3.19
REFINERIA,-41.35
TRADER,-40.39
INDUSTRIA,-16.88
INDUSTRIA,-46.37
TRADER,-30.4
REFINERIA,-30.75
INDUSTRIA,-51.87
REFINERIA,4.3
TRADER,-38.91
TRADER,-46.28
REFINERIA,-44.28
INDUSTRIA,-38.48
TRADER,-35.69
TRADER,-60.2
INDUSTRIA,-41.99
INDUSTRIA,-40.47
INDUSTRIA,-44.51
INDUSTRIA,-42.6
INDUSTRIA,-41.19
TRADER,-52.89
REFINERIA,-32.85
INDUSTRIA,-36.04
TRADER,-32.2
INDUSTRIA,-43.33
REFINERIA,-4.99
TRADER,-20.13
TRADER,-40.25
TRADER,-28.36
INDUSTRIA,-12.92
TRADER,-39.75
REFINERIA,-10.48
INDUSTRIA,-56.72
INDUSTRIA,-62.3
INDUSTRIA,-34.05
INDUSTRIA,-13.36
REFINERIA,-18.82
INDUSTRIA,-28.33
TRADER,-25.18
REFINERIA,-24.17
INDUSTRIA,-12.97
INDUSTRIA,-21.6
TRADER,-31.51
INDUSTRIA,-6.56
REFINERIA,-17.15
TRADER,-15.3
TRADER,-13.18
REFINERIA,-41.6
TRADER,-25.77
INDUSTRIA,-40.71
TRADER,-40.62
TRADER,-37.36
TRADER,-24.0
REFINERIA,-25.59
TRADER,-30.98
REFINERIA,-15.12
INDUSTRIA,-14.11
INDUSTRIA,-30.96
TRADER,-36.41
REFINERIA,-23.36
REFINERIA,-50.49
REFINERIA,-22.93
INDUSTRIA,-33.48
INDUSTRIA,-27.29
TRADER,-39.9
REFINERIA,-21.72
INDUSTRIA,-16.37
TRADER,-37.01
INDUSTRIA,-19.22
REFINERIA,-27.26
REFINERIA,-28.8
INDUSTRIA,-24.47
INDUSTRIA,-37.37
INDUSTRIA,-22.39
REFINERIA,-46.68
REFINERIA,-22.34
INDUSTRIA,-39.46
INDUSTRIA,-38.04
REFINERIA,-13.92
REFINERIA,-14.16
TRADER,-41.21
REFINERIA,-14.85
REFINERIA,-32.19
REFINERIA,-37.51
TRADER,-41.99
TRADER,-20.51
TRADER,-23.71
REFINERIA,-17.44
INDUSTRIA,-28.49
INDUSTRIA,-47.76
TRADER,-37.87
TRADER,-46.88
REFINERIA,-34.56
REFINERIA,-11.79
INDUSTRIA,-16.88
INDUSTRIA,-25.13
INDUSTRIA,-50.93
INDUSTRIA,-45.95
INDUSTRIA,-14.63
INDUSTRIA,-35.95
INDUSTRIA,-32.83
INDUSTRIA,-24.67
TRADER,-7.75
TRADER,-48.05
TRADER,-26.22
INDUSTRIA,-41.08
REFINERIA,-25.13
INDUSTRIA,-11.2
TRADER,-37.66
TRADER,-20.15
REFINERIA,-40.26
INDUSTRIA,-18.69
INDUSTRIA,-39.91
TRADER,-11.02
TRADER,-13.35
REFINERIA,-53.03
TRADER,-39.03
TRADER,-45.98
TRADER,-21.4
TRADER,-41.29
REFINERIA,-4.54
TRADER,-47.55
INDUSTRIA,5.72
INDUSTRIA,-23.62
INDUSTRIA,-34.72
TRADER,-9.44
TRADER,-41.99
REFINERIA,-20.1
INDUSTRIA,-30.91
REFINERIA,-19.09
TRADER,-35.45
INDUSTRIA,-34.3
INDUSTRIA,-33.09
REFINERIA,-42.72
REFINERIA,-26.2
TRADER,-28.76
REFINERIA,-2.87
REFINERIA,-29.3
REFINERIA,-11.96
INDUSTRIA,-30.26
REFINERIA,-38.19
INDUSTRIA,-39.59
INDUSTRIA,-13.36
INDUSTRIA,-30.71
TRADER,-39.93
TRADER,-42.58
TRADER,-41.05
REFINERIA,-49.59
TRADER,-18.27
REFINERIA,-13.25
INDUSTRIA,-42.63
INDUSTRIA,-18.19
INDUSTRIA,-32.15
INDUSTRIA,-32.09
INDUSTRIA,-39.9
INDUSTRIA,-48.51
INDUSTRIA,-19.03
INDUSTRIA,-61.25
TRADER,-29.15
TRADER,-15.52
INDUSTRIA,-24.47
TRADER,-40.33
REFINERIA,-15.56
INDUSTRIA,-20.43
REFINERIA,-40.52
REFINERIA,-46.66
REFINERIA,-50.16
INDUSTRIA,-17.99
TRADER,-25.11
REFINERIA,-19.7
INDUSTRIA,-22.42
REFINERIA,-36.38
REFINERIA,-35.85
REFINERIA,-39.49
INDUSTRIA,-12.27
INDUSTRIA,-46.53
TRADER,-17.32
INDUSTRIA,-30.68
INDUSTRIA,-50.71
TRADER,-19.4
TRADER,-44.18
REFINERIA,-41.2
INDUSTRIA,-29.48
REFINERIA,-40.46
REFINERIA,-40.5
REFINERIA,-5.08
REFINERIA,-26.36
TRADER,-37.41
INDUSTRIA,-24.03
TRADER,-48.1
INDUSTRIA,1.37
INDUSTRIA,-83.53
TRADER,-68.02
REFINERIA,-29.43
TRADER,-20.5
REFINERIA,-32.12
REFINERIA,-13.2
TRADER,-47.59
TRADER,-44.28
TRADER,-23.38
TRADER,-31.56
INDUSTRIA,-24.95
REFINERIA,-36.63
REFINERIA,-26.4
INDUSTRIA,-38.57
TRADER,-30.8
REFINERIA,-40.94
INDUSTRIA,-23.0
INDUSTRIA,-10.15
REFINERIA,-13.93
REFINERIA,-51.23
REFINERIA,-34.19
REFINERIA,-12.23
REFINERIA,-24.93
TRADER,-28.56
TRADER,-14.65
INDUSTRIA,-23.95
REFINERIA,-41.54
TRADER,-44.2
REFINERIA,-37.59
INDUSTRIA,-41.53
TRADER,-43.85
TRADER,-31.62
TRADER,-22.6
REFINERIA,-44.83
TRADER,-19.9
TRADER,-26.21
INDUSTRIA,-35.31
REFINERIA,-31.33
TRADER,-13.45
INDUSTRIA,-22.02
REFINERIA,-34.52
TRADER,-19.06
REFINERIA,-36.42
REFINERIA,-29.33
INDUSTRIA,-4.61
REFINERIA,-31.48
INDUSTRIA,-15.16
INDUSTRIA,-24.31
REFINERIA,-32.2
TRADER,-40.8
TRADER,-10.38
REFINERIA,-22.39
INDUSTRIA,-36.25
TRADER,-10.36
INDUSTRIA,-47.35
REFINERIA,-12.15
INDUSTRIA,-51.91
TRADER,-31.73
TRADER,-46.96
REFINERIA,-15.09
INDUSTRIA,-26.14
REFINERIA,-20.4
REFINERIA,-38.32
TRADER,-18.82
TRADER,-40.77
TRADER,-16.29
TRADER,-42.56
INDUSTRIA,-8.83
INDUSTRIA,-14.38
INDUSTRIA,-39.7
TRADER,-30.02
INDUSTRIA,-32.88
TRADER,-18.8
TRADER,-17.81
INDUSTRIA,-56.41
INDUSTRIA,-42.63
TRADER,-40.14
TRADER,-36.87
REFINERIA,-20.41
REFINERIA,-25.64
REFINERIA,-55.98
REFINERIA,-33.8
INDUSTRIA,-20.28
INDUSTRIA,-10.29
REFINERIA,-24.14
TRADER,-22.19
TRADER,-23.24
INDUSTRIA,-35.56
REFINERIA,-8.48
TRADER,4.93
REFINERIA,-30.93
TRADER,-42.84
INDUSTRIA,-54.88
INDUSTRIA,-23.12
REFINERIA,-32.92
TRADER,-25.72
TRADER,-16.92
REFINERIA,-27.82
TRADER,-29.51
REFINERIA,-27.58
REFINERIA,-27.23
TRADER,-11.52
INDUSTRIA,-10.18
INDUSTRIA,-24.27
REFINERIA,-48.31
TRADER,-17.46
TRADER,-19.21
INDUSTRIA,-34.45
INDUSTRIA,-34.36
TRADER,-56.17
REFINERIA,-28.74
REFINERIA,-33.32
TRADER,-28.92
TRADER,-21.13
TRADER,-20.11
INDUSTRIA,-62.85
REFINERIA,-22.08
REFINERIA,-20.89
REFINERIA,-35.94
INDUSTRIA,-19.06
REFINERIA,-32.81
INDUSTRIA,-24.6
INDUSTRIA,-24.64
REFINERIA,-37.07
REFINERIA,-33.9
TRADER,-9.12
INDUSTRIA,-22.66
TRADER,-30.76
TRADER,-29.24
REFINERIA,-37.34
TRADER,-46.03
REFINERIA,-22.85
INDUSTRIA,-30.88
REFINERIA,-42.27
INDUSTRIA,-23.44
INDUSTRIA,-23.49
TRADER,-31.66
REFINERIA,-31.2
INDUSTRIA,-56.45
REFINERIA,-6.6
TRADER,-20.65
INDUSTRIA,-34.87
TRADER,-13.64
INDUSTRIA,-41.74
REFINERIA,-6.84
TRADER,-39.85
TRADER,-35.47
REFINERIA,-14.28
TRADER,-50.85
TRADER,-22.66
INDUSTRIA,-4.84
INDUSTRIA,-44.51
TRADER,-25.27
INDUSTRIA,-57.4
INDUSTRIA,-36.29
INDUSTRIA,-33.42
INDUSTRIA,-36.48
TRADER,-46.71
TRADER,-41.06
INDUSTRIA,-14.01
REFINERIA,-23.08
REFINERIA,-50.92
INDUSTRIA,-35.73
TRADER,-6.85
INDUSTRIA,-46.3
INDUSTRIA,-38.84
REFINERIA,-29.8
INDUSTRIA,-45.11
REFINERIA,-34.83
TRADER,-40.56
REFINERIA,-37.72
INDUSTRIA,-8.61
TRADER,-11.04
INDUSTRIA,-29.41
REFINERIA,-33.59
TRADER,-24.17
INDUSTRIA,-51.55
TRADER,-18.56
TRADER,-14.04
TRADER,-40.83
TRADER,-50.75
TRADER,-51.58
INDUSTRIA,-48.05
REFINERIA,0.92
REFINERIA,-20.6
TRADER,-45.58
REFINERIA,-24.38
TRADER,-24.42
INDUSTRIA,-39.19
INDUSTRIA,-63.98
REFINERIA,-21.57
TRADER,-40.69
INDUSTRIA,-52.13
INDUSTRIA,-21.48
INDUSTRIA,-29.41
TRADER,-29.31
TRADER,-50.16
INDUSTRIA,-45.72
TRADER,-21.5
TRADER,-26.08
REFINERIA,-18.73
INDUSTRIA,-1.58
TRADER,-37.94
INDUSTRIA,-34.72
TRADER,-28.23
REFINERIA,-26.48
INDUSTRIA,-39.04
TRADER,-21.87
TRADER,-9.68
REFINERIA,-18.83
REFINERIA,-32.92
INDUSTRIA,-47.4
REFINERIA,-59.88
REFINERIA,-11.4
REFINERIA,-5.14
INDUSTRIA,-20.05
INDUSTRIA,-33.01
TRADER,-19.94
REFINERIA,-39.41
REFINERIA,-9.21
TRADER,-36.2
INDUSTRIA,-11.22
REFINERIA,-50.73
INDUSTRIA,-5.91
TRADER,-15.84
REFINERIA,-24.97
INDUSTRIA,-21.37
TRADER,-34.59
INDUSTRIA,-38.54
INDUSTRIA,-43.95
REFINERIA,-26.46
INDUSTRIA,-27.91
TRADER,-35.73
TRADER,-36.98
INDUSTRIA,-49.25
REFINERIA,-26.73
INDUSTRIA,-38.41
REFINERIA,-25.74
INDUSTRIA,-33.78
REFINERIA,-22.29
REFINERIA,-23.69
TRADER,-24.95
TRADER,-44.54
INDUSTRIA,-24.54
TRADER,-35.11
TRADER,-42.6
INDUSTRIA,-35.44
TRADER,-18.19
REFINERIA,-23.79
REFINERIA,-4.63
REFINERIA,-51.61
REFINERIA,-25.08
TRADER,-20.08
TRADER,2.71
INDUSTRIA,-47.68
INDUSTRIA,-45.0
INDUSTRIA,-18.91
TRADER,-30.34
REFINERIA,-27.33
REFINERIA,-4.2
INDUSTRIA,-29.83
REFINERIA,-9.12
INDUSTRIA,-38.64
REFINERIA,-37.35
INDUSTRIA,-34.96
INDUSTRIA,-42.5
TRADER,-20.55
INDUSTRIA,-20.89
INDUSTRIA,-36.88
TRADER,-18.26
INDUSTRIA,-30.49
TRADER,-56.48
REFINERIA,-32.06
REFINERIA,-44.02
INDUSTRIA,-49.56
INDUSTRIA,-61.4
TRADER,-13.74
INDUSTRIA,-32.46
INDUSTRIA,-34.11
REFINERIA,-30.88
INDUSTRIA,-34.82
REFINERIA,-17.6
REFINERIA,-29.77
REFINERIA,-26.3
REFINERIA,-37.46
INDUSTRIA,-53.7
INDUSTRIA,-42.42
REFINERIA,-45.77
TRADER,-16.07
INDUSTRIA,-26.84
REFINERIA,-32.05
INDUSTRIA,-18.0
INDUSTRIA,-27.33
REFINERIA,-29.52
INDUSTRIA,-45.92
INDUSTRIA,-7.57
INDUSTRIA,-35.4
TRADER,-30.82
INDUSTRIA,-17.29
INDUSTRIA,-38.89
INDUSTRIA,-56.6
TRADER,-59.78
TRADER,-32.81
TRADER,-24.49
REFINERIA,-37.98
TRADER,-24.28
INDUSTRIA,-53.83
REFINERIA,-33.83
REFINERIA,2.13
TRADER,-25.97
TRADER,-50.3
TRADER,-28.96
REFINERIA,-2.58
INDUSTRIA,4.49
TRADER,-20.65
TRADER,-11.89
INDUSTRIA,-20.96
TRADER,-37.09
TRADER,-31.22
INDUSTRIA,-41.03
REFINERIA,-32.26
TRADER,-39.32
TRADER,-34.37
TRADER,-23.12
REFINERIA,-26.06
TRADER,-28.4
REFINERIA,-39.98
TRADER,-50.44
REFINERIA,-20.06
TRADER,-35.6
TRADER,-47.11
TRADER,-22.66
TRADER,-44.59
INDUSTRIA,-40.18
TRADER,-46.12
INDUSTRIA,-23.07
REFINERIA,-42.85
INDUSTRIA,-46.72
TRADER,-61.81
REFINERIA,-57.52
TRADER,-13.36
REFINERIA,-15.12
TRADER,-42.06
INDUSTRIA,-28.69
TRADER,-25.65
INDUSTRIA,-36.08
TRADER,-54.9
INDUSTRIA,-40.44
INDUSTRIA,-44.41
REFINERIA,-23.91
REFINERIA,-30.87
INDUSTRIA,-37.4
TRADER,-29.05
INDUSTRIA,-43.74
TRADER,-3.8
TRADER,-40.83
REFINERIA,-37.52
TRADER,-8.86
TRADER,-16.73
TRADER,-31.36
TRADER,-46.44
REFINERIA,-21.5
INDUSTRIA,-52.45
TRADER,-17.03
TRADER,-44.35
INDUSTRIA,-15.14
TRADER,-38.53
REFINERIA,-17.93
INDUSTRIA,-45.66
REFINERIA,-49.74
INDUSTRIA,-26.92
TRADER,-19.7
REFINERIA,-39.3
REFINERIA,-33.43
REFINERIA,-29.5
INDUSTRIA,-18.51
INDUSTRIA,-24.33
INDUSTRIA,-8.32
INDUSTRIA,-37.53
REFINERIA,-41.95
TRADER,-54.39
INDUSTRIA,-24.91
INDUSTRIA,-59.02
INDUSTRIA,-20.95
TRADER,-21.68
INDUSTRIA,-11.58
INDUSTRIA,-38.53
TRADER,-34.09
TRADER,-19.93
REFINERIA,-23.73
INDUSTRIA,-26.89
REFINERIA,-39.14
REFINERIA,-41.33
REFINERIA,-54.73
INDUSTRIA,-70.97
TRADER,-56.68
REFINERIA,-20.01
REFINERIA,-23.56
REFINERIA,-24.86
INDUSTRIA,-83.15
INDUSTRIA,-35.22
INDUSTRIA,-41.7
INDUSTRIA,-41.21
TRADER,-22.44
REFINERIA,-14.02
REFINERIA,-8.87
TRADER,-30.23
TRADER,-55.17
INDUSTRIA,-45.86
REFINERIA,-34.19
INDUSTRIA,-8.02
REFINERIA,-20.57
INDUSTRIA,-29.58
REFINERIA,-33.14
INDUSTRIA,-18.65
REFINERIA,-46.99
INDUSTRIA,-27.01
INDUSTRIA,-59.55
INDUSTRIA,-44.41
TRADER,-31.15
INDUSTRIA,-14.66
INDUSTRIA,-17.2
REFINERIA,-28.62
TRADER,-51.91
REFINERIA,-23.62
REFINERIA,-43.13
REFINERIA,-15.62
TRADER,-13.03
TRADER,-33.24
INDUSTRIA,-38.81
INDUSTRIA,-13.98
INDUSTRIA,-39.94
REFINERIA,-32.69
INDUSTRIA,-14.52
TRADER,-23.09
INDUSTRIA,-31.31
TRADER,-16.7
TRADER,-49.55
INDUSTRIA,-16.3
INDUSTRIA,-44.13
TRADER,-34.42
TRADER,-20.94
TRADER,-1.59
INDUSTRIA,-48.54
INDUSTRIA,-2.39
INDUSTRIA,-25.49
INDUSTRIA,-25.49
INDUSTRIA,-20.62
TRADER,-24.98
TRADER,-32.29
INDUSTRIA,-37.17
INDUSTRIA,-34.93
INDUSTRIA,-67.62
INDUSTRIA,-43.42
REFINERIA,-42.95
REFINERIA,-24.88
REFINERIA,-4.82
TRADER,-32.66
TRADER,-53.58
TRADER,-23.59
REFINERIA,-19.86
REFINERIA,10.55
REFINERIA,-34.63
TRADER,-33.49
INDUSTRIA,-39.5
TRADER,-27.74
TRADER,-22.75
TRADER,-32.21
INDUSTRIA,-20.95
TRADER,-6.77
REFINERIA,-18.86
TRADER,-20.65
TRADER,-17.34
TRADER,-41.48
REFINERIA,-56.27
REFINERIA,-46.31
REFINERIA,-9.44
TRADER,-42.44
TRADER,-38.5
INDUSTRIA,-6.42
TRADER,-40.22
INDUSTRIA,-19.48
INDUSTRIA,-20.26
TRADER,-37.13
TRADER,-35.84
TRADER,-10.41
INDUSTRIA,-26.33
REFINERIA,-18.69
REFINERIA,-35.68
TRADER,-19.45
REFINERIA,-62.92
INDUSTRIA,-43.04
REFINERIA,-39.53
REFINERIA,-47.02
TRADER,-31.63
INDUSTRIA,-32.97
REFINERIA,-19.06
TRADER,-52.07
REFINERIA,-30.29
REFINERIA,-34.74
REFINERIA,-32.52
TRADER,-41.97
REFINERIA,-42.56
INDUSTRIA,-31.77
REFINERIA,-52.12
REFINERIA,-46.84
INDUSTRIA,-34.65
REFINERIA,-27.32
TRADER,-28.52
REFINERIA,-38.57
TRADER,-7.69
TRADER,-48.94
INDUSTRIA,-43.26
INDUSTRIA,-49.97
TRADER,-22.54
TRADER,-15.6
TRADER,-34.69
REFINERIA,-25.69
INDUSTRIA,-25.28
TRADER,-29.11
TRADER,-39.97
TRADER,-31.49
TRADER,-26.11
TRADER,-6.06
INDUSTRIA,-23.32
INDUSTRIA,-26.12
INDUSTRIA,-69.1
REFINERIA,-32.72
TRADER,-6.32
TRADER,-40.72
TRADER,-16.99
REFINERIA,-34.37
TRADER,-44.26
TRADER,-33.59
INDUSTRIA,-59.23
INDUSTRIA,-47.24
INDUSTRIA,-29.92
TRADER,-37.78
REFINERIA,11.29
INDUSTRIA,-36.47
INDUSTRIA,-27.03
REFINERIA,-25.63
INDUSTRIA,-25.16
TRADER,-40.12
INDUSTRIA,-57.73
REFINERIA,-24.1
INDUSTRIA,-42.91
REFINERIA,-33.17
TRADER,-19.18
REFINERIA,-24.03
REFINERIA,-42.57
INDUSTRIA,-26.82
TRADER,-37.47
TRADER,-35.99
INDUSTRIA,-29.58
REFINERIA,-34.15
INDUSTRIA,-1.5
REFINERIA,-33.8
TRADER,-33.54
INDUSTRIA,-60.27
INDUSTRIA,-33.5
REFINERIA,-36.27
INDUSTRIA,-32.49
TRADER,-37.49
TRADER,-26.35
INDUSTRIA,-7.43
INDUSTRIA,-19.8
TRADER,-42.76
REFINERIA,-38.89
REFINERIA,-35.6
REFINERIA,-32.27
TRADER,-39.66
REFINERIA,-26.32
REFINERIA,-50.48
TRADER,0.45
INDUSTRIA,-64.56
TRADER,-25.24
TRADER,-33.72
REFINERIA,-23.76
INDUSTRIA,-19.88
REFINERIA,-27.96
TRADER,-38.18
REFINERIA,-30.9
INDUSTRIA,-22.28
REFINERIA,-17.44
INDUSTRIA,-20.23
TRADER,-38.49
TRADER,-21.93
TRADER,-20.01
REFINERIA,-43.52
REFINERIA,-33.4
REFINERIA,-45.71
TRADER,-26.15
TRADER,-38.42
TRADER,-41.31
TRADER,-38.35
TRADER,-6.72
REFINERIA,-35.08
INDUSTRIA,-45.03
INDUSTRIA,-29.3
INDUSTRIA,9.21
TRADER,-17.03
TRADER,-33.79
REFINERIA,-30.04
REFINERIA,-54.0
INDUSTRIA,-33.55
INDUSTRIA,-22.38
INDUSTRIA,-29.49
TRADER,-49.14
INDUSTRIA,-5.22
REFINERIA,-21.49
TRADER,-29.07
INDUSTRIA,-7.6
TRADER,-12.03
REFINERIA,-13.33
INDUSTRIA,-44.6
INDUSTRIA,-46.24
INDUSTRIA,-27.46
TRADER,-7.04
TRADER,-33.53
TRADER,-36.7
INDUSTRIA,-30.16
TRADER,-18.54
TRADER,-11.41
INDUSTRIA,-18.18
TRADER,-48.44
REFINERIA,-29.46
REFINERIA,-40.17
TRADER,-8.73
INDUSTRIA,-17.03
REFINERIA,-46.04
TRADER,-43.88
REFINERIA,-51.44
REFINERIA,-17.82
INDUSTRIA,-32.81
INDUSTRIA,-19.73
TRADER,-27.52
TRADER,-29.24
REFINERIA,-21.21
REFINERIA,-39.02
REFINERIA,-27.94
INDUSTRIA,-29.68
REFINERIA,-34.04
INDUSTRIA,-52.91
INDUSTRIA,-23.16
TRADER,-35.81
REFINERIA,-25.81
INDUSTRIA,-34.56
INDUSTRIA,-52.51
TRADER,-20.7
INDUSTRIA,-42.8
TRADER,-59.16
REFINERIA,-33.0
INDUSTRIA,-23.5
REFINERIA,-39.86
TRADER,-61.82
INDUSTRIA,-17.25
TRADER,-33.13
TRADER,-51.39
TRADER,-43.96
REFINERIA,-8.66
REFINERIA,-54.3
TRADER,-16.95
TRADER,-18.19
REFINERIA,-6.07
TRADER,-30.56
REFINERIA,-42.77
INDUSTRIA,-35.86
INDUSTRIA,-1.97
REFINERIA,-16.46
INDUSTRIA,-28.51
TRADER,-8.66
REFINERIA,-42.64
TRADER,-41.09
INDUSTRIA,-24.64
REFINERIA,1.42
REFINERIA,-32.64
REFINERIA,-86.23
REFINERIA,-37.75
TRADER,-18.01
INDUSTRIA,-19.52
REFINERIA,-10.57
TRADER,-61.48
TRADER,-7.26
INDUSTRIA,-21.72
REFINERIA,-29.69
REFINERIA,-27.61
REFINERIA,-0.13
REFINERIA,-13.81
INDUSTRIA,-10.49
REFINERIA,-35.27
REFINERIA,-37.23
INDUSTRIA,-35.44
INDUSTRIA,-24.55
REFINERIA,-2.26
INDUSTRIA,-22.05
REFINERIA,-53.58
TRADER,-28.67
REFINERIA,-48.19
REFINERIA,-25.83
INDUSTRIA,-10.84
REFINERIA,-27.91
REFINERIA,-14.91
REFINERIA,-7.58
REFINERIA,-17.58
TRADER,-16.23
INDUSTRIA,-6.04
INDUSTRIA,-28.52
REFINERIA,-49.13
REFINERIA,-41.24
REFINERIA,-58.9
TRADER,-9.71
TRADER,-33.11
TRADER,-7.08
INDUSTRIA,-31.86
TRADER,-39.32
INDUSTRIA,-27.59
REFINERIA,-22.87
REFINERIA,-49.96
REFINERIA,-30.77
TRADER,-40.09
REFINERIA,-60.58
TRADER,-17.42
TRADER,-30.25
REFINERIA,-26.61
REFINERIA,-39.35
REFINERIA,-43.5
TRADER,-35.21
TRADER,-21.9
TRADER,-51.11
INDUSTRIA,-5.21
TRADER,-33.2
INDUSTRIA,-38.48
TRADER,-20.2
REFINERIA,-6.45
TRADER,-12.01
TRADER,-42.48
INDUSTRIA,-20.04
INDUSTRIA,-19.43
INDUSTRIA,-40.08
TRADER,-25.21
INDUSTRIA,-39.03
REFINERIA,-2.65
TRADER,-40.77
TRADER,-29.37
REFINERIA,-74.45
INDUSTRIA,-45.7
TRADER,-30.95
TRADER,-27.28
INDUSTRIA,-2.64
INDUSTRIA,-22.3
REFINERIA,-36.84
REFINERIA,-23.7
INDUSTRIA,-25.36
REFINERIA,-23.54
INDUSTRIA,-12.93
INDUSTRIA,-15.95
TRADER,-13.67
TRADER,-62.28
TRADER,-19.12
REFINERIA,-33.12
REFINERIA,-19.69
INDUSTRIA,-48.73
TRADER,-36.25
REFINERIA,-27.72
TRADER,-18.72
REFINERIA,-45.42
TRADER,-37.38
TRADER,-48.57
TRADER,-24.97
INDUSTRIA,-8.17
TRADER,-36.84
TRADER,-28.72
TRADER,-31.96
TRADER,-24.82
TRADER,-30.26
REFINERIA,-38.44
TRADER,-14.09
INDUSTRIA,2.89
TRADER,0.63
REFINERIA,-24.73
INDUSTRIA,-36.03
REFINERIA,-31.21
TRADER,-15.85
TRADER,-60.7
TRADER,-31.96
REFINERIA,-30.04
REFINERIA,-24.65
TRADER,-0.85
TRADER,-14.8
TRADER,-14.41
INDUSTRIA,-35.24
REFINERIA,-55.15
TRADER,-14.04
TRADER,-18.33
TRADER,-29.9
REFINERIA,-39.06
REFINERIA,-23.52
INDUSTRIA,-26.57
TRADER,-38.18
REFINERIA,-57.14
REFINERIA,-28.46
INDUSTRIA,-42.15
TRADER,-33.7
REFINERIA,-41.78
INDUSTRIA,-47.24
TRADER,-21.63
REFINERIA,-44.76
TRADER,-34.8
TRADER,-47.91
TRADER,-52.86
INDUSTRIA,-65.52
REFINERIA,-17.13
INDUSTRIA,-27.15
TRADER,-32.39
TRADER,-22.27
INDUSTRIA,-38.34
REFINERIA,-17.62
TRADER,-29.6
TRADER,-52.16
REFINERIA,-17.23
REFINERIA,-60.26
REFINERIA,-29.8
TRADER,6.1
INDUSTRIA,-26.29
REFINERIA,-19.74
TRADER,-41.21
REFINERIA,-24.95
TRADER,-18.81
REFINERIA,-24.07
REFINERIA,-22.6
INDUSTRIA,-30.01
INDUSTRIA,-9.2
INDUSTRIA,-26.44
REFINERIA,-55.48
INDUSTRIA,-10.81
REFINERIA,-30.28
TRADER,-28.77
INDUSTRIA,-31.92
REFINERIA,-43.28
REFINERIA,-0.83
TRADER,-27.69
INDUSTRIA,1.87
TRADER,-59.78
TRADER,-30.84
REFINERIA,-18.49
INDUSTRIA,-21.1
INDUSTRIA,-51.03
INDUSTRIA,-39.32
INDUSTRIA,-58.9
TRADER,-34.27
INDUSTRIA,-22.56
REFINERIA,-7.5
TRADER,-53.97
REFINERIA,-64.81
TRADER,-7.13
REFINERIA,-37.79
REFINERIA,-27.8
REFINERIA,-36.31
TRADER,-39.81
INDUSTRIA,-19.19
REFINERIA,-33.36
INDUSTRIA,-24.55
REFINERIA,-18.18
TRADER,-22.05
TRADER,-26.74
INDUSTRIA,-17.17
TRADER,-1.84
REFINERIA,-36.52
TRADER,-33.43
INDUSTRIA,-19.0
TRADER,-48.9
INDUSTRIA,-33.14
INDUSTRIA,-51.91
INDUSTRIA,-13.42
INDUSTRIA,-19.84
INDUSTRIA,-60.36
TRADER,-45.01
REFINERIA,-39.14
INDUSTRIA,-18.83
REFINERIA,-36.48
TRADER,-29.22
TRADER,-31.97
INDUSTRIA,-41.77
TRADER,-42.53
TRADER,-3.18
INDUSTRIA,-23.11
REFINERIA,-12.08
TRADER,-45.05
REFINERIA,-21.2
TRADER,-45.85
INDUSTRIA,-24.55
REFINERIA,-21.16
TRADER,-25.49
TRADER,-20.43
TRADER,-9.72
INDUSTRIA,-29.33
TRADER,-47.06
TRADER,-10.44
TRADER,-20.61
TRADER,-42.76
TRADER,-39.88
TRADER,-35.41
REFINERIA,-40.65
REFINERIA,-20.4
INDUSTRIA,-17.49
REFINERIA,-47.65
REFINERIA,-58.72
INDUSTRIA,-27.18
REFINERIA,-39.83
TRADER,-40.91
REFINERIA,-52.91
REFINERIA,-46.54
TRADER,-26.32
REFINERIA,-21.07
REFINERIA,-47.63
INDUSTRIA,-19.54
TRADER,-27.2
TRADER,-37.5
INDUSTRIA,-23.95
REFINERIA,-47.72
REFINERIA,-29.72
REFINERIA,-45.79
TRADER,-33.28
TRADER,-32.17
TRADER,-16.97
TRADER,-13.72
TRADER,-31.31
REFINERIA,-18.86
REFINERIA,-38.13
TRADER,-25.43
TRADER,-12.24
REFINERIA,-10.89
INDUSTRIA,-4.33
REFINERIA,-49.63
TRADER,-17.2
INDUSTRIA,-34.02
REFINERIA,-45.8
INDUSTRIA,-42.84
TRADER,-15.13
INDUSTRIA,-42.34
REFINERIA,-23.49
REFINERIA,-20.4
TRADER,-35.66
INDUSTRIA,-27.57
REFINERIA,-27.05
REFINERIA,-42.17
REFINERIA,-5.85
TRADER,-39.92
TRADER,-19.69
INDUSTRIA,-36.07
REFINERIA,-27.65
TRADER,-26.14
REFINERIA,-12.11
TRADER,-58.0
REFINERIA,-27.4
REFINERIA,-14.39
REFINERIA,-34.34
TRADER,-60.07
REFINERIA,-45.74
REFINERIA,-41.98
REFINERIA,-26.81
REFINERIA,-6.5
TRADER,0.33
TRADER,-43.21
INDUSTRIA,-49.04
REFINERIA,-39.53
TRADER,-35.11
INDUSTRIA,-25.2
REFINERIA,-53.2
INDUSTRIA,-34.2
INDUSTRIA,-42.77
INDUSTRIA,-50.72
TRADER,-24.04
REFINERIA,1.28
REFINERIA,-21.31
INDUSTRIA,-43.93
REFINERIA,-7.68
TRADER,-19.49
TRADER,-25.28
REFINERIA,-0.17
INDUSTRIA,-44.91
REFINERIA,-24.82
TRADER,-41.39
INDUSTRIA,-44.34
INDUSTRIA,-6.58
REFINERIA,-5.42
TRADER,-20.86
REFINERIA,-40.52
REFINERIA,-37.86
INDUSTRIA,-49.65
INDUSTRIA,-32.64
INDUSTRIA,-37.52
INDUSTRIA,-27.98
REFINERIA,-12.63
INDUSTRIA,-16.17
TRADER,-38.19
INDUSTRIA,-50.18
TRADER,-26.22
TRADER,-33.87
TRADER,-51.6
TRADER,-16.77
INDUSTRIA,-43.87
INDUSTRIA,-48.93
TRADER,-10.55
TRADER,-24.89
INDUSTRIA,-20.27
REFINERIA,-1.97
INDUSTRIA,-35.91
REFINERIA,-23.52
TRADER,-27.59
TRADER,-65.77
REFINERIA,-35.64
TRADER,-39.69
TRADER,-32.14
INDUSTRIA,-34.8
REFINERIA,-51.59
REFINERIA,12.04
REFINERIA,-32.56
REFINERIA,-11.3
INDUSTRIA,-38.65
TRADER,-40.62
REFINERIA,-7.28
INDUSTRIA,-27.23
REFINERIA,-36.82
TRADER,-34.55
REFINERIA,-13.61
TRADER,-30.74
INDUSTRIA,-25.06
REFINERIA,-35.78
TRADER,-51.37
TRADER,-38.58
REFINERIA,-20.76
TRADER,-16.87
INDUSTRIA,-11.35
TRADER,-48.0
REFINERIA,-14.18
TRADER,-35.25
TRADER,-44.53
INDUSTRIA,-34.47
INDUSTRIA,-22.86
TRADER,-32.69
INDUSTRIA,-59.77
TRADER,-14.82
TRADER,-31.13
INDUSTRIA,-48.41
TRADER,-52.94
REFINERIA,-34.8
TRADER,-50.66
TRADER,-38.96
TRADER,-13.73
REFINERIA,1.44
TRADER,-21.51
TRADER,-52.17
REFINERIA,-24.54
INDUSTRIA,-7.12
INDUSTRIA,-50.22
INDUSTRIA,-38.08
REFINERIA,-36.68
INDUSTRIA,-20.72
INDUSTRIA,-10.65
REFINERIA,-57.84
INDUSTRIA,-57.63
REFINERIA,-13.9
REFINERIA,-56.0
REFINERIA,-31.91
TRADER,-20.26
INDUSTRIA,-30.96
REFINERIA,-38.63
TRADER,-33.11
REFINERIA,-30.82
TRADER,-28.39
INDUSTRIA,-15.97
INDUSTRIA,-37.44
REFINERIA,-18.63
TRADER,-54.91
TRADER,-38.51
REFINERIA,-26.14
INDUSTRIA,-29.58
TRADER,-22.67
TRADER,-49.17
REFINERIA,-54.71
TRADER,-32.19
REFINERIA,-40.12
REFINERIA,-4.36
TRADER,-54.07
TRADER,-11.11
TRADER,-2.43
TRADER,-32.44
TRADER,-60.19
TRADER,-15.41
INDUSTRIA,-25.23
TRADER,-37.2
REFINERIA,-21.16
TRADER,3.38
INDUSTRIA,-33.36
TRADER,-9.5
INDUSTRIA,-24.79
REFINERIA,-27.41
TRADER,-29.85
REFINERIA,-28.99
REFINERIA,-3.26
REFINERIA,-30.68
REFINERIA,-28.14
INDUSTRIA,-49.02
INDUSTRIA,-13.85
TRADER,-37.97
TRADER,-14.45
INDUSTRIA,-43.04
INDUSTRIA,-58.73
TRADER,-50.72
REFINERIA,-38.91
REFINERIA,-27.96
TRADER,-40.66
TRADER,-35.95
INDUSTRIA,-35.13
REFINERIA,-51.05
TRADER,-18.56
INDUSTRIA,-47.56
INDUSTRIA,-34.51
TRADER,-1.98
REFINERIA,-45.43
INDUSTRIA,-4.65
INDUSTRIA,-36.61
INDUSTRIA,-16.51
REFINERIA,-20.28
REFINERIA,-35.1
REFINERIA,-46.46
TRADER,-31.59
INDUSTRIA,-18.53
REFINERIA,-37.3
INDUSTRIA,-9.74
REFINERIA,-20.01
TRADER,-38.16
TRADER,-2.9
INDUSTRIA,-7.1
TRADER,-49.22
TRADER,-36.61
INDUSTRIA,-11.33
REFINERIA,-48.69
REFINERIA,-27.14
INDUSTRIA,-4.56
REFINERIA,-39.41
INDUSTRIA,-27.77
INDUSTRIA,-33.01
TRADER,-44.54
INDUSTRIA,-75.25
REFINERIA,-33.97
INDUSTRIA,-26.29
TRADER,-13.13
INDUSTRIA,-19.58
TRADER,-31.0
TRADER,-29.37
TRADER,-20.6
TRADER,-21.63
REFINERIA,-59.73
TRADER,-32.31
INDUSTRIA,-20.36
TRADER,-17.05
TRADER,-19.91
REFINERIA,-37.49
INDUSTRIA,-32.45
INDUSTRIA,-43.64
TRADER,-18.29
INDUSTRIA,-15.27
REFINERIA,-29.36
TRADER,-28.81
INDUSTRIA,-21.11
TRADER,-11.22
REFINERIA,9.43
REFINERIA,-7.92
INDUSTRIA,-26.53
INDUSTRIA,-7.92
REFINERIA,6.45
REFINERIA,-48.46
TRADER,-39.28
REFINERIA,-11.45
INDUSTRIA,-21.19
INDUSTRIA,-1.04
INDUSTRIA,-18.32
REFINERIA,-24.35
INDUSTRIA,-20.58
REFINERIA,-25.24
TRADER,-43.33
TRADER,-31.54
INDUSTRIA,-24.04
TRADER,-25.39
TRADER,-32.05
TRADER,-23.63
TRADER,-35.93
INDUSTRIA,-20.81
REFINERIA,-58.96
INDUSTRIA,-10.62
TRADER,-64.87
TRADER,-31.83
INDUSTRIA,-19.34
INDUSTRIA,-77.42
REFINERIA,-25.07
TRADER,-13.23
INDUSTRIA,-26.34
TRADER,-15.59
INDUSTRIA,-29.86
INDUSTRIA,-16.44
REFINERIA,-11.83
REFINERIA,-2.86
REFINERIA,-38.45
REFINERIA,-51.71
INDUSTRIA,-51.55
REFINERIA,-16.16
INDUSTRIA,-20.44
INDUSTRIA,-31.48
TRADER,-44.63
REFINERIA,-29.58
INDUSTRIA,-36.28
TRADER,-17.43
TRADER,-23.41
INDUSTRIA,-29.41
INDUSTRIA,-22.89
REFINERIA,-29.8
REFINERIA,-31.95
REFINERIA,-28.42
INDUSTRIA,-41.51
REFINERIA,-32.93
TRADER,-55.5
REFINERIA,-41.28
REFINERIA,-20.37
TRADER,-26.92
REFINERIA,-15.22
TRADER,-9.14
INDUSTRIA,8.06
TRADER,-37.85
REFINERIA,-33.66
REFINERIA,-38.81
REFINERIA,-35.84
REFINERIA,-44.25
TRADER,-35.04
TRADER,-25.07
TRADER,-45.89
TRADER,-31.09
INDUSTRIA,-29.23
TRADER,-28.47
TRADER,-28.77
REFINERIA,-30.11
INDUSTRIA,-11.08
REFINERIA,-30.39
TRADER,-14.2
REFINERIA,-32.34
REFINERIA,-35.8
TRADER,-51.97
INDUSTRIA,-20.96
INDUSTRIA,-26.29
TRADER,-41.35
REFINERIA,-50.0
REFINERIA,-17.39
INDUSTRIA,-34.15
REFINERIA,-39.02
REFINERIA,-35.38
REFINERIA,-21.27
INDUSTRIA,-52.54
INDUSTRIA,-32.35
TRADER,-48.78
REFINERIA,-42.16
TRADER,-40.59
REFINERIA,-16.72
TRADER,-11.74
REFINERIA,-7.83
TRADER,-29.65
INDUSTRIA,-23.99
REFINERIA,-33.91
REFINERIA,-35.42
TRADER,-41.67
TRADER,-33.39
INDUSTRIA,-40.85
INDUSTRIA,-44.86
REFINERIA,-17.02
TRADER,-6.55
INDUSTRIA,-36.72
TRADER,-42.3
REFINERIA,-2.28
REFINERIA,-36.51
TRADER,-22.35
TRADER,-15.93
TRADER,-35.43
REFINERIA,-24.08
TRADER,-45.15
REFINERIA,-60.16
REFINERIA,-25.57
TRADER,-25.16
TRADER,-72.85
TRADER,-48.67
TRADER,-28.22
REFINERIA,-38.25
REFINERIA,-26.19
TRADER,-36.62
REFINERIA,-14.49
REFINERIA,-37.18
INDUSTRIA,-10.53
INDUSTRIA,-52.43
REFINERIA,-3.74
REFINERIA,-41.3
INDUSTRIA,-24.72
TRADER,-15.24
INDUSTRIA,-33.06
INDUSTRIA,-48.37
TRADER,-41.05
TRADER,-32.01
INDUSTRIA,-54.31
REFINERIA,-24.26
REFINERIA,-41.55
REFINERIA,-46.72
TRADER,-7.96
INDUSTRIA,-65.66
TRADER,-46.03
REFINERIA,-17.29
TRADER,-27.91
REFINERIA,-33.76
INDUSTRIA,-51.71
INDUSTRIA,-23.69
INDUSTRIA,-58.76
INDUSTRIA,-34.16
REFINERIA,-18.54
REFINERIA,-35.89
TRADER,-5.56
INDUSTRIA,-23.04
INDUSTRIA,6.56
REFINERIA,-26.2
REFINERIA,-54.64
TRADER,-23.98
REFINERIA,-30.13
TRADER,-22.35
REFINERIA,-27.11
REFINERIA,-42.85
TRADER,-36.51
REFINERIA,-28.37
INDUSTRIA,-34.92
INDUSTRIA,-18.6
REFINERIA,-42.2
TRADER,-22.55
TRADER,-34.81
TRADER,-30.23
INDUSTRIA,-46.18
INDUSTRIA,-19.28
REFINERIA,-15.6
INDUSTRIA,-4.87
TRADER,-51.6
REFINERIA,-6.07
REFINERIA,-21.83
INDUSTRIA,-42.78
INDUSTRIA,-41.68
REFINERIA,-26.53
TRADER,-11.98
TRADER,-28.79
TRADER,-24.19
TRADER,-19.39
INDUSTRIA,-55.53
REFINERIA,-34.66
REFINERIA,-48.26
TRADER,-13.07
INDUSTRIA,-34.25
INDUSTRIA,-20.18
REFINERIA,-32.17
TRADER,-24.29
INDUSTRIA,-57.82
TRADER,-40.9
INDUSTRIA,-46.01
TRADER,-21.84
REFINERIA,-3.83
TRADER,-26.42
REFINERIA,-16.49
REFINERIA,9.6
TRADER,-37.65
TRADER,-33.0
INDUSTRIA,3.67
TRADER,-48.86
INDUSTRIA,-46.03
REFINERIA,-34.16
INDUSTRIA,-33.78
TRADER,-26.39
TRADER,-41.19
TRADER,-21.38
TRADER,-30.62
TRADER,-33.3
INDUSTRIA,-38.7
TRADER,-34.95
INDUSTRIA,-38.03
TRADER,-46.62
TRADER,-23.4
TRADER,-30.3
TRADER,-48.58
REFINERIA,1.04
INDUSTRIA,-30.18
TRADER,-8.01
INDUSTRIA,-35.67
TRADER,-47.72
REFINERIA,-20.24
REFINERIA,-39.11
REFINERIA,-27.77
TRADER,-17.52
TRADER,-11.77
INDUSTRIA,-4.06
REFINERIA,-39.6
INDUSTRIA,-51.14
REFINERIA,-27.77
TRADER,-49.22
REFINERIA,-16.53
TRADER,-0.88
REFINERIA,-21.41
TRADER,-12.2
REFINERIA,-35.93
INDUSTRIA,-17.97
INDUSTRIA,-24.83
REFINERIA,-0.52
INDUSTRIA,-48.57
INDUSTRIA,-21.68
INDUSTRIA,-34.44
INDUSTRIA,-32.42
REFINERIA,-25.82
TRADER,-29.88
REFINERIA,-20.17
INDUSTRIA,-33.09
INDUSTRIA,-16.46
INDUSTRIA,-60.28
INDUSTRIA,-45.72
INDUSTRIA,-24.86
TRADER,-30.99
REFINERIA,-22.03
INDUSTRIA,-41.33
REFINERIA,-25.37
TRADER,-14.84
TRADER,-34.95
TRADER,-18.32
TRADER,-27.77
INDUSTRIA,-17.41
INDUSTRIA,-9.28
INDUSTRIA,-25.43
INDUSTRIA,-37.62
INDUSTRIA,-54.38
REFINERIA,-28.94
REFINERIA,-28.48
INDUSTRIA,-27.81
REFINERIA,-11.02
TRADER,-19.66
REFINERIA,-2.32
TRADER,-12.05
TRADER,-31.35
INDUSTRIA,-43.4
TRADER,-39.92
INDUSTRIA,0.38
TRADER,-18.73
TRADER,-48.2
INDUSTRIA,-20.36
INDUSTRIA,-16.34
INDUSTRIA,-49.87
TRADER,-28.94
REFINERIA,-43.31
TRADER,-41.02
TRADER,-26.98
TRADER,-35.84
REFINERIA,-37.14
TRADER,-30.02
REFINERIA,-23.36
REFINERIA,-36.26
REFINERIA,-20.81
REFINERIA,-40.45
INDUSTRIA,-52.26
REFINERIA,-40.22
REFINERIA,-22.18
REFINERIA,-28.31
REFINERIA,-36.01
TRADER,-19.82
TRADER,-65.91
TRADER,-8.42
REFINERIA,-36.34
REFINERIA,-28.03
TRADER,-21.56
INDUSTRIA,-37.61
REFINERIA,-42.34
REFINERIA,-40.52
INDUSTRIA,-4.68
TRADER,-27.81
REFINERIA,-22.86
TRADER,-4.48
REFINERIA,-23.21
INDUSTRIA,-57.9
REFINERIA,-24.77
REFINERIA,-35.95
TRADER,-25.71
REFINERIA,-24.0
TRADER,-32.84
REFINERIA,-11.95
TRADER,-14.82
TRADER,-24.09
INDUSTRIA,-25.0
TRADER,-22.34
TRADER,-69.89
TRADER,-44.4
INDUSTRIA,-3.71
REFINERIA,-38.23
INDUSTRIA,-24.51
TRADER,-29.93
INDUSTRIA,-22.93
TRADER,-42.45
INDUSTRIA,-30.1
REFINERIA,-28.75
INDUSTRIA,-59.57
TRADER,-29.33
TRADER,-35.22
REFINERIA,-1.53
REFINERIA,-15.17
TRADER,-17.3
TRADER,-7.94
REFINERIA,-28.4
INDUSTRIA,-18.09
TRADER,-8.0
REFINERIA,-3.33
TRADER,-32.32
TRADER,-16.95
TRADER,-63.83
REFINERIA,-10.49
REFINERIA,-21.45
REFINERIA,-29.03
INDUSTRIA,-56.24
TRADER,-25.64
INDUSTRIA,0.12
REFINERIA,-18.72
TRADER,-29.7
REFINERIA,-39.39
REFINERIA,-7.28
INDUSTRIA,-19.17
INDUSTRIA,-31.1
INDUSTRIA,-26.27
TRADER,-26.5
INDUSTRIA,-5.98
INDUSTRIA,-9.11
REFINERIA,-12.79
INDUSTRIA,-46.05
REFINERIA,-30.63
INDUSTRIA,-35.07
TRADER,-21.98
TRADER,-32.31
INDUSTRIA,-26.37
TRADER,-43.12
REFINERIA,-26.0
INDUSTRIA,-36.83
TRADER,-14.73
TRADER,-24.45
INDUSTRIA,-31.15
TRADER,-37.07
TRADER,-38.9
TRADER,-28.62
REFINERIA,-54.18
INDUSTRIA,-11.55
INDUSTRIA,-23.86
INDUSTRIA,-43.52
TRADER,-24.13
TRADER,0.32
INDUSTRIA,-33.46
INDUSTRIA,-20.55
INDUSTRIA,-18.95
REFINERIA,-27.33
TRADER,-40.67
INDUSTRIA,-51.91
TRADER,-42.06
INDUSTRIA,-50.21
INDUSTRIA,-43.17
REFINERIA,-53.54
INDUSTRIA,-22.63
REFINERIA,-21.88
REFINERIA,-30.53
INDUSTRIA,-27.68
INDUSTRIA,-15.5
INDUSTRIA,-34.32
REFINERIA,-5.09
REFINERIA,-23.94
INDUSTRIA,-38.78
TRADER,-25.12
TRADER,-4.33
INDUSTRIA,-57.75
INDUSTRIA,-34.18
TRADER,-47.39
TRADER,-32.34
TRADER,-15.29
REFINERIA,-26.07
TRADER,-29.7
INDUSTRIA,-34.15
INDUSTRIA,-15.37
INDUSTRIA,-41.29
INDUSTRIA,-23.76
INDUSTRIA,1.94
INDUSTRIA,-66.96
TRADER,-32.56
INDUSTRIA,-13.41
INDUSTRIA,-33.56
INDUSTRIA,-37.66
INDUSTRIA,-23.33
REFINERIA,-20.72
INDUSTRIA,-38.74
INDUSTRIA,-12.32
INDUSTRIA,-39.15
REFINERIA,-46.57
TRADER,-38.08
REFINERIA,-43.25
TRADER,-24.19
TRADER,-14.2
TRADER,-22.81
REFINERIA,-18.32
INDUSTRIA,-35.74
REFINERIA,-62.5
REFINERIA,-47.69
REFINERIA,-33.48
REFINERIA,-46.89
REFINERIA,-40.98
INDUSTRIA,-6.74
REFINERIA,-40.21
TRADER,7.33
TRADER,-12.64
REFINERIA,-15.45
REFINERIA,-41.19
REFINERIA,-43.11
REFINERIA,-21.71
TRADER,-37.1
REFINERIA,-14.42
INDUSTRIA,-43.37
TRADER,-28.97
INDUSTRIA,-33.45
REFINERIA,-28.76
INDUSTRIA,-47.78
REFINERIA,-37.72
TRADER,-33.32
REFINERIA,-11.82
INDUSTRIA,-56.39
INDUSTRIA,-35.27
REFINERIA,-36.97
TRADER,-53.37
REFINERIA,-26.49
INDUSTRIA,-23.45
TRADER,-31.74
INDUSTRIA,-22.9
TRADER,-31.01
INDUSTRIA,-5.08
REFINERIA,-33.35
TRADER,-21.59
REFINERIA,-7.19
REFINERIA,-42.43
TRADER,-18.91
TRADER,-35.38
INDUSTRIA,-25.96
TRADER,-20.8
REFINERIA,-35.47
INDUSTRIA,-43.08
REFINERIA,-44.86
INDUSTRIA,-35.48
INDUSTRIA,-24.23
INDUSTRIA,-30.14
INDUSTRIA,-23.99
TRADER,-27.34
REFINERIA,-29.19
INDUSTRIA,-19.34
REFINERIA,-32.28
TRADER,-2.32
TRADER,-58.64
TRADER,-24.35
REFINERIA,-20.05
TRADER,-6.01
INDUSTRIA,-28.18
TRADER,-3.59
TRADER,-20.47
REFINERIA,-18.86
TRADER,-0.75
REFINERIA,-12.81
REFINERIA,-34.76
REFINERIA,-46.99
REFINERIA,-51.62
TRADER,-33.77
INDUSTRIA,-40.03
TRADER,-27.99
INDUSTRIA,-24.64
INDUSTRIA,-28.41
REFINERIA,-67.62
TRADER,-28.85
INDUSTRIA,-20.49
TRADER,-47.21
REFINERIA,-22.42
REFINERIA,-22.08
REFINERIA,-27.24
TRADER,-24.39
INDUSTRIA,-28.79
INDUSTRIA,-23.12
REFINERIA,-51.75
REFINERIA,-31.08
REFINERIA,-36.01
REFINERIA,-32.6
REFINERIA,-25.31
REFINERIA,-19.94
INDUSTRIA,-42.55
REFINERIA,-25.16
TRADER,-21.05
REFINERIA,-31.25
REFINERIA,-40.73
TRADER,-29.9
REFINERIA,-22.56
TRADER,-34.51
INDUSTRIA,-41.96
TRADER,-19.98
REFINERIA,-48.06
TRADER,-26.97
INDUSTRIA,-26.83
TRADER,-35.97
INDUSTRIA,-44.33
REFINERIA,-26.79
TRADER,-24.16
INDUSTRIA,-9.62
INDUSTRIA,-32.83
INDUSTRIA,-36.03
TRADER,-22.07
REFINERIA,-17.51
TRADER,-51.53
REFINERIA,-29.8
INDUSTRIA,-16.42
REFINERIA,-46.85
INDUSTRIA,-16.65
INDUSTRIA,-39.26
TRADER,-33.04
TRADER,-61.35
TRADER,-31.09
TRADER,-43.9
REFINERIA,-42.65
INDUSTRIA,-49.31
INDUSTRIA,26.41
INDUSTRIA,-0.52
REFINERIA,-13.66
INDUSTRIA,-11.15
REFINERIA,-23.03
INDUSTRIA,-43.88
REFINERIA,-26.26
TRADER,-33.71
REFINERIA,-47.12
INDUSTRIA,-23.77
TRADER,-43.62
TRADER,-47.43
INDUSTRIA,-57.43
REFINERIA,-21.78
REFINERIA,-47.4
REFINERIA,-16.94
INDUSTRIA,-7.39
TRADER,-41.27
TRADER,-53.01
INDUSTRIA,-22.19
INDUSTRIA,-24.39
TRADER,-20.62
INDUSTRIA,-24.23
INDUSTRIA,-27.13
TRADER,-21.73
REFINERIA,-26.8
TRADER,-35.93
TRADER,-42.96
INDUSTRIA,-15.08
INDUSTRIA,-38.1
INDUSTRIA,-16.23
REFINERIA,-44.7
TRADER,7.04
REFINERIA,-18.54
INDUSTRIA,-28.41
REFINERIA,-10.9
REFINERIA,-51.45
TRADER,-18.33
TRADER,-30.47
INDUSTRIA,-10.2
TRADER,-34.98
REFINERIA,-32.22
REFINERIA,-18.6
REFINERIA,-38.2
INDUSTRIA,-27.8
INDUSTRIA,-44.25
INDUSTRIA,-27.81
REFINERIA,-25.83
TRADER,-0.14
REFINERIA,-28.73
INDUSTRIA,-22.6
INDUSTRIA,-45.26
TRADER,-42.13
INDUSTRIA,-28.59
TRADER,-57.92
TRADER,-14.93
REFINERIA,7.1
TRADER,-45.91
REFINERIA,-43.68
TRADER,-14.34
INDUSTRIA,-59.52
REFINERIA,-35.18
INDUSTRIA,-22.43
TRADER,-53.43
REFINERIA,-28.3
TRADER,-9.12
INDUSTRIA,-36.04
REFINERIA,-32.15
REFINERIA,-65.13
INDUSTRIA,-16.76
TRADER,-50.24
TRADER,-56.92
TRADER,-17.76
REFINERIA,-27.6
REFINERIA,-25.57
INDUSTRIA,-28.85
REFINERIA,-18.61
TRADER,-53.19
TRADER,-27.54
REFINERIA,-38.01
INDUSTRIA,-34.09
TRADER,-12.45
INDUSTRIA,-39.89
TRADER,-39.47
TRADER,-20.06
INDUSTRIA,-19.81
REFINERIA,-22.19
TRADER,-23.31
INDUSTRIA,-22.75
INDUSTRIA,-31.38
TRADER,-0.1
REFINERIA,-28.3
TRADER,-27.01
TRADER,-20.9
TRADER,-17.24
INDUSTRIA,-28.3
REFINERIA,-27.25
REFINERIA,-34.89
TRADER,6.77
TRADER,-29.23
INDUSTRIA,-17.57
REFINERIA,-26.21
REFINERIA,-67.73
INDUSTRIA,-62.72
TRADER,-57.67
TRADER,-46.12
REFINERIA,-54.86
REFINERIA,-21.45
REFINERIA,-24.85
TRADER,-36.3
REFINERIA,-29.75
INDUSTRIA,-4.17
INDUSTRIA,-13.95
INDUSTRIA,-30.34
REFINERIA,-8.21
INDUSTRIA,-25.13
INDUSTRIA,-41.67
INDUSTRIA,-51.17
INDUSTRIA,1.0
TRADER,-19.63
INDUSTRIA,-36.03
REFINERIA,-49.99
INDUSTRIA,-30.49
INDUSTRIA,-32.58
TRADER,-50.02
TRADER,-34.59
REFINERIA,-34.27
TRADER,-21.9
INDUSTRIA,-30.59
REFINERIA,-21.54
INDUSTRIA,-43.38
INDUSTRIA,-11.29
REFINERIA,-23.4
REFINERIA,-26.74
REFINERIA,-24.61
TRADER,-2.8
INDUSTRIA,-22.16
INDUSTRIA,-3.22
TRADER,-15.58
TRADER,-26.7
TRADER,-56.57
REFINERIA,-26.44
TRADER,-41.19
TRADER,-44.34
INDUSTRIA,-1.63
REFINERIA,-49.6
TRADER,-25.7
TRADER,-33.15
REFINERIA,-15.76
TRADER,-52.7
TRADER,-20.91
INDUSTRIA,-35.93
REFINERIA,-15.81
INDUSTRIA,-21.77
INDUSTRIA,-46.94
TRADER,-39.18
TRADER,-24.38
TRADER,-25.94
REFINERIA,-44.48
INDUSTRIA,-48.37
INDUSTRIA,-35.85
TRADER,-71.75
TRADER,-39.49
TRADER,-17.74
REFINERIA,-33.28
REFINERIA,-21.05
INDUSTRIA,-34.77
TRADER,-22.31
INDUSTRIA,-48.68
REFINERIA,-44.24
REFINERIA,-24.35
TRADER,-38.06
TRADER,-30.93
INDUSTRIA,-12.4
INDUSTRIA,-9.21
REFINERIA,-27.66
TRADER,-16.43
REFINERIA,-49.53
TRADER,-13.22
REFINERIA,-36.07
REFINERIA,-31.96
TRADER,-20.26
REFINERIA,-67.2
INDUSTRIA,-2.89
INDUSTRIA,-34.29
REFINERIA,-26.12
TRADER,-26.95
TRADER,-8.5
INDUSTRIA,-22.85
REFINERIA,-26.46
REFINERIA,-19.46
INDUSTRIA,-32.12
INDUSTRIA,-2.13
REFINERIA,-41.38
REFINERIA,-26.86
INDUSTRIA,-27.97
REFINERIA,-41.16
REFINERIA,-14.52
INDUSTRIA,-1.86
TRADER,-10.74
TRADER,-14.91
TRADER,-21.39
INDUSTRIA,-49.41
REFINERIA,-30.03
TRADER,-8.93
TRADER,-31.64
INDUSTRIA,-10.1
REFINERIA,-31.87
TRADER,-26.29
INDUSTRIA,-30.9
INDUSTRIA,-19.98
TRADER,-20.06
TRADER,-36.93
INDUSTRIA,-28.75
REFINERIA,-10.72
REFINERIA,-48.47
TRADER,-21.38
INDUSTRIA,-30.41
REFINERIA,-31.04
REFINERIA,-26.42
TRADER,-11.79
REFINERIA,-1.23
TRADER,-40.27
REFINERIA,-13.33
INDUSTRIA,-21.78
INDUSTRIA,-37.28
INDUSTRIA,-43.74
REFINERIA,-56.1
INDUSTRIA,-37.07
TRADER,-25.65
INDUSTRIA,-43.12
TRADER,-29.44
TRADER,-5.2
TRADER,-32.74
TRADER,-37.36
REFINERIA,-40.73
TRADER,-35.02
REFINERIA,-8.03
TRADER,-18.66
TRADER,-29.55
INDUSTRIA,-25.68
REFINERIA,-53.13
REFINERIA,-55.37
TRADER,-19.71
REFINERIA,-58.44
REFINERIA,-45.19
REFINERIA,-40.57
INDUSTRIA,-17.05
INDUSTRIA,-40.4
REFINERIA,-6.3
INDUSTRIA,-12.62
INDUSTRIA,-7.03
INDUSTRIA,-39.77
INDUSTRIA,-16.05
TRADER,-7.08
TRADER,-43.48
TRADER,-23.94
REFINERIA,-21.83
TRADER,-44.62
REFINERIA,-33.26
INDUSTRIA,-36.46
REFINERIA,-42.57
TRADER,-12.05
INDUSTRIA,-38.59
INDUSTRIA,-7.16
TRADER,-32.9
INDUSTRIA,-22.45
TRADER,-23.1
TRADER,-30.29
REFINERIA,-32.97
TRADER,-44.77
TRADER,-14.23
TRADER,-60.29
INDUSTRIA,-45.1
TRADER,-21.2
TRADER,-22.46
TRADER,-21.53
INDUSTRIA,-48.47
REFINERIA,-48.92
TRADER,-31.71
REFINERIA,-54.26
INDUSTRIA,-34.63
INDUSTRIA,-11.41
REFINERIA,-26.0
REFINERIA,-6.74
REFINERIA,-17.84
INDUSTRIA,-54.76
TRADER,-47.55
INDUSTRIA,-0.75
REFINERIA,-51.2
REFINERIA,-7.45
INDUSTRIA,-61.92
TRADER,-44.36
TRADER,-26.33
INDUSTRIA,-41.53
REFINERIA,-24.63
TRADER,-37.5
TRADER,-43.43
REFINERIA,-30.18
TRADER,-31.96
INDUSTRIA,-12.95
INDUSTRIA,-16.65
TRADER,-34.76
INDUSTRIA,-16.95
REFINERIA,3.74
INDUSTRIA,10.67
TRADER,-36.03
TRADER,-34.37
TRADER,-11.66
INDUSTRIA,-40.84
TRADER,-10.72
REFINERIA,-20.92
REFINERIA,-17.9
REFINERIA,-15.55
TRADER,-14.14
TRADER,-38.6
TRADER,-52.91
INDUSTRIA,-47.32
TRADER,-16.53
INDUSTRIA,-53.94
REFINERIA,-32.38
TRADER,-39.33
INDUSTRIA,-18.78
REFINERIA,-29.38
TRADER,-44.31
INDUSTRIA,-42.74
TRADER,14.28
REFINERIA,-36.81
TRADER,-20.92
TRADER,-53.84
REFINERIA,-38.04
TRADER,-20.94
TRADER,-29.78
REFINERIA,-8.5
INDUSTRIA,-39.63
REFINERIA,-33.94
REFINERIA,-72.46
INDUSTRIA,-39.74
REFINERIA,-28.17
INDUSTRIA,-40.27
REFINERIA,-35.76
REFINERIA,-64.04
TRADER,-47.14
INDUSTRIA,-54.98
INDUSTRIA,-28.99
TRADER,-40.86
INDUSTRIA,-12.16
TRADER,-27.34
REFINERIA,-11.99
REFINERIA,-35.39
TRADER,-24.67
REFINERIA,-38.99
TRADER,-6.71
TRADER,-18.29
TRADER,-32.06
INDUSTRIA,-43.56
REFINERIA,-37.36
REFINERIA,-34.16
REFINERIA,-32.43
INDUSTRIA,-39.23
TRADER,-30.73
TRADER,-55.92
INDUSTRIA,-25.37
REFINERIA,-35.67
TRADER,-29.08
REFINERIA,-33.68
INDUSTRIA,-15.34
INDUSTRIA,-15.65
TRADER,-38.52
REFINERIA,-16.12
INDUSTRIA,-49.38
TRADER,-32.34
INDUSTRIA,-45.01
TRADER,-24.45
REFINERIA,-15.94
TRADER,-15.14
REFINERIA,-28.27
TRADER,-38.63
REFINERIA,18.02
INDUSTRIA,-36.1
INDUSTRIA,-30.85
TRADER,-52.69
INDUSTRIA,-17.09
INDUSTRIA,-34.45
REFINERIA,-34.65
REFINERIA,-19.3
INDUSTRIA,-2.99
TRADER,-23.44
INDUSTRIA,-62.22
INDUSTRIA,-6.58
TRADER,-38.65
TRADER,-44.61
INDUSTRIA,-24.11
REFINERIA,-27.84
TRADER,-55.09
REFINERIA,-31.73
REFINERIA,-41.02
INDUSTRIA,-37.45
REFINERIA,-13.26
TRADER,-39.22
TRADER,-40.68
REFINERIA,-20.81
REFINERIA,-34.41
REFINERIA,-34.8
TRADER,-56.72
REFINERIA,-29.47
TRADER,-31.24
REFINERIA,-14.24
TRADER,-22.11
INDUSTRIA,-25.06
INDUSTRIA,-9.18
TRADER,-12.62
INDUSTRIA,-20.7
INDUSTRIA,-11.19
INDUSTRIA,-52.43
INDUSTRIA,-50.73
INDUSTRIA,-27.86
TRADER,-48.49
REFINERIA,-28.11
INDUSTRIA,-12.56
INDUSTRIA,-17.95
REFINERIA,-20.75
REFINERIA,-30.0
TRADER,-41.47
INDUSTRIA,-48.85
REFINERIA,-29.73
TRADER,-13.98
TRADER,-48.8
INDUSTRIA,-49.18
TRADER,-23.7
REFINERIA,-23.33
INDUSTRIA,-25.71
INDUSTRIA,-29.72
TRADER,-36.02
REFINERIA,-30.68
TRADER,-36.73
TRADER,-32.14
TRADER,-46.26
INDUSTRIA,-39.8
TRADER,-32.91
INDUSTRIA,-51.4
REFINERIA,-36.9
REFINERIA,-47.78
REFINERIA,-14.01
INDUSTRIA,-58.54
REFINERIA,-27.38
INDUSTRIA,-22.41
REFINERIA,-53.82
TRADER,-40.5
TRADER,-44.49
TRADER,-25.36
REFINERIA,-38.59
TRADER,-51.44
TRADER,-47.35
INDUSTRIA,-37.09
INDUSTRIA,-34.6
REFINERIA,-24.08
INDUSTRIA,-42.81
REFINERIA,-45.4
REFINERIA,-15.87
INDUSTRIA,-8.24
REFINERIA,-31.55
INDUSTRIA,-8.61
INDUSTRIA,-17.08
REFINERIA,-37.23
INDUSTRIA,-20.24
REFINERIA,-64.21
REFINERIA,-22.41
TRADER,-48.57
INDUSTRIA,-39.12
TRADER,-33.31
REFINERIA,-19.55
REFINERIA,-27.37
REFINERIA,-32.4
REFINERIA,-40.98
TRADER,-39.12
TRADER,-13.34
TRADER,-37.38
REFINERIA,-30.05
INDUSTRIA,-33.12
INDUSTRIA,-29.26
TRADER,8.55
TRADER,-21.76
TRADER,-35.74
INDUSTRIA,-56.18
REFINERIA,-29.27
REFINERIA,-28.84
INDUSTRIA,-37.43
INDUSTRIA,-18.09
TRADER,-15.75
TRADER,-54.5
TRADER,-22.33
REFINERIA,-25.24
TRADER,-13.9
REFINERIA,-23.46
REFINERIA,-53.1
TRADER,-25.21
REFINERIA,-1.9
TRADER,-38.34
TRADER,-42.43
INDUSTRIA,-9.74
REFINERIA,-9.63
TRADER,-32.64
REFINERIA,-33.31
TRADER,-16.46
TRADER,-23.91
INDUSTRIA,-31.45
REFINERIA,-57.71
REFINERIA,-42.34
REFINERIA,-52.56
TRADER,-47.49
REFINERIA,-34.15
INDUSTRIA,-11.4
INDUSTRIA,-23.18
INDUSTRIA,-37.54
TRADER,-68.34
REFINERIA,-27.42
REFINERIA,-24.81
TRADER,-39.84
REFINERIA,-22.93
INDUSTRIA,-20.82
INDUSTRIA,-23.98
INDUSTRIA,-12.74
REFINERIA,-46.22
INDUSTRIA,-28.69
TRADER,-54.63
INDUSTRIA,-34.41
INDUSTRIA,-30.78
TRADER,-49.85
TRADER,-50.31
INDUSTRIA,-39.52
INDUSTRIA,-24.7
REFINERIA,-49.77
TRADER,-28.54
INDUSTRIA,-40.03
INDUSTRIA,-56.45
REFINERIA,-33.9
REFINERIA,-22.85
TRADER,-61.33
REFINERIA,-18.29
INDUSTRIA,-33.98
INDUSTRIA,-26.17
INDUSTRIA,-49.49
INDUSTRIA,-49.89
REFINERIA,2.96
TRADER,-54.88
REFINERIA,-32.36
REFINERIA,-14.04
INDUSTRIA,-6.67
INDUSTRIA,-6.03
REFINERIA,-78.61
INDUSTRIA,-33.83
INDUSTRIA,-41.83
TRADER,-39.7
REFINERIA,-37.14
INDUSTRIA,-30.92
TRADER,-21.33
REFINERIA,-22.41
INDUSTRIA,-32.18
INDUSTRIA,-37.48
REFINERIA,-52.75
TRADER,-11.36
INDUSTRIA,-18.63
INDUSTRIA,-20.56
INDUSTRIA,-36.55
TRADER,-26.3
REFINERIA,-23.42
TRADER,-9.24
TRADER,-27.57
INDUSTRIA,-46.69
REFINERIA,10.78
TRADER,-52.01
REFINERIA,-38.2
TRADER,-41.03
TRADER,-27.29
REFINERIA,-48.33
INDUSTRIA,-17.91
REFINERIA,-28.72
REFINERIA,-26.07
INDUSTRIA,-24.54
REFINERIA,-19.68
INDUSTRIA,-45.48
INDUSTRIA,-7.96
TRADER,-4.33
TRADER,-28.33
INDUSTRIA,-55.65
INDUSTRIA,-48.41
TRADER,4.22
INDUSTRIA,-16.2
REFINERIA,-23.69
TRADER,-44.05
REFINERIA,-11.57
TRADER,-65.51
INDUSTRIA,-59.17
REFINERIA,-18.04
INDUSTRIA,-33.42
REFINERIA,-31.85
REFINERIA,-32.16
INDUSTRIA,-27.11
REFINERIA,-37.53
REFINERIA,-37.54
TRADER,-47.95
REFINERIA,-38.02
INDUSTRIA,-20.95
TRADER,-43.87
REFINERIA,-5.49
INDUSTRIA,-34.6
INDUSTRIA,-36.1
REFINERIA,-29.5
INDUSTRIA,-22.36
REFINERIA,-41.47
TRADER,-24.39
TRADER,-17.49
REFINERIA,-0.1
INDUSTRIA,-27.28
REFINERIA,-46.21
INDUSTRIA,-23.34
TRADER,-23.71
REFINERIA,-23.98
REFINERIA,-38.29
TRADER,-21.9
TRADER,-4.04
REFINERIA,-26.73
INDUSTRIA,-35.57
INDUSTRIA,-13.23
INDUSTRIA,-37.12
INDUSTRIA,9.52
REFINERIA,-24.79
INDUSTRIA,-47.49
TRADER,-15.59
TRADER,-1.55
INDUSTRIA,-54.2
TRADER,-30.97
REFINERIA,-24.16
TRADER,-13.59
INDUSTRIA,-44.09
TRADER,-7.64
INDUSTRIA,-27.22
TRADER,-36.64
REFINERIA,-33.09
INDUSTRIA,-44.78
TRADER,-39.5
REFINERIA,-37.21
TRADER,-42.21
INDUSTRIA,-34.34
REFINERIA,-21.32
TRADER,-35.59
INDUSTRIA,-45.47
INDUSTRIA,-6.91
TRADER,-54.12
REFINERIA,-41.04
TRADER,-23.94
INDUSTRIA,-40.75
TRADER,-44.93
TRADER,-50.17
REFINERIA,-34.92
TRADER,-24.06
INDUSTRIA,-66.21
TRADER,-31.61
TRADER,-25.42
REFINERIA,-42.85
REFINERIA,-13.8
TRADER,-11.42
REFINERIA,-9.5
INDUSTRIA,-26.5
TRADER,-6.66
INDUSTRIA,-18.53
TRADER,-38.34
INDUSTRIA,-36.7
REFINERIA,-16.14
TRADER,-42.38
TRADER,-43.06
INDUSTRIA,-34.75
TRADER,-9.12
INDUSTRIA,-23.66
TRADER,-25.57
REFINERIA,-9.22
TRADER,-21.26
REFINERIA,-30.99
REFINERIA,-17.53
INDUSTRIA,-42.54
REFINERIA,-9.13
REFINERIA,-27.83
TRADER,-20.9
REFINERIA,-16.7
TRADER,-36.56
REFINERIA,-30.66
INDUSTRIA,-23.12
TRADER,-36.09
INDUSTRIA,-55.63
TRADER,-5.07
TRADER,-35.95
INDUSTRIA,-28.63
TRADER,-21.06
TRADER,-49.27
INDUSTRIA,-44.91
INDUSTRIA,-39.36
TRADER,-18.1
TRADER,-47.26
INDUSTRIA,-17.91
REFINERIA,-32.3
TRADER,-20.09
TRADER,-23.67
TRADER,-46.66
REFINERIA,-17.54
INDUSTRIA,-25.32
TRADER,-40.29
REFINERIA,-14.5
REFINERIA,-36.32
INDUSTRIA,-54.01
REFINERIA,-5.31
INDUSTRIA,-17.18
INDUSTRIA,-14.55
INDUSTRIA,-15.95
INDUSTRIA,-37.76
INDUSTRIA,-23.8
REFINERIA,-51.04
TRADER,-25.58
TRADER,-6.9
INDUSTRIA,-19.7
TRADER,-20.59
REFINERIA,-34.18
TRADER,-10.22
REFINERIA,-38.77
TRADER,-31.85
REFINERIA,-30.76
TRADER,-46.94
INDUSTRIA,-27.85
INDUSTRIA,-57.53
INDUSTRIA,-18.92
TRADER,-41.39
INDUSTRIA,-29.17
INDUSTRIA,-25.26
REFINERIA,-20.05
TRADER,-20.69
INDUSTRIA,-14.4
INDUSTRIA,-39.77
REFINERIA,-23.72
REFINERIA,-7.36
REFINERIA,-48.71
INDUSTRIA,-39.64
TRADER,-19.81
TRADER,-33.16
INDUSTRIA,-25.6
REFINERIA,-26.23
REFINERIA,-37.92
REFINERIA,-31.27
REFINERIA,-45.29
TRADER,-18.98
INDUSTRIA,-29.01
REFINERIA,-23.76
INDUSTRIA,-9.57
INDUSTRIA,-24.75
INDUSTRIA,-33.76
TRADER,-57.28
INDUSTRIA,-42.88
TRADER,-31.24
REFINERIA,0.83
REFINERIA,-29.1
REFINERIA,-5.55
INDUSTRIA,-34.35
REFINERIA,1.87
REFINERIA,-57.52
TRADER,-15.82
INDUSTRIA,-42.57
REFINERIA,-39.29
REFINERIA,-25.43
REFINERIA,-15.46
REFINERIA,-42.74
TRADER,-35.73
INDUSTRIA,-26.43
REFINERIA,-14.12
TRADER,-32.32
REFINERIA,-71.8
INDUSTRIA,-23.16
TRADER,-3.45
INDUSTRIA,-47.68
TRADER,-32.02
REFINERIA,-17.47
REFINERIA,5.99
REFINERIA,-41.24
TRADER,-16.32
REFINERIA,-34.7
REFINERIA,-18.91
REFINERIA,-24.21
INDUSTRIA,-23.16
INDUSTRIA,-39.2
REFINERIA,-68.83
TRADER,-25.21
REFINERIA,-20.28
INDUSTRIA,-48.43
TRADER,-47.98
REFINERIA,-34.08
REFINERIA,-60.68
TRADER,-19.56
REFINERIA,-41.63
TRADER,-52.65
REFINERIA,-24.93
TRADER,-49.53
INDUSTRIA,-13.64
REFINERIA,-45.8
TRADER,-40.74
REFINERIA,-10.68
TRADER,-33.15
TRADER,-33.73
TRADER,-25.56
INDUSTRIA,-11.02
REFINERIA,-5.91
INDUSTRIA,-38.17
REFINERIA,-34.82
REFINERIA,-65.17
TRADER,-50.83
INDUSTRIA,-36.93
TRADER,-19.86
REFINERIA,-43.12
REFINERIA,-38.85
TRADER,-12.57
INDUSTRIA,-44.45
INDUSTRIA,-40.67
TRADER,-31.86
INDUSTRIA,-36.1
INDUSTRIA,-20.77
TRADER,-41.4
TRADER,-14.45
REFINERIA,-34.37
REFINERIA,-26.64
INDUSTRIA,-21.21
TRADER,-32.66
INDUSTRIA,-40.62
INDUSTRIA,-43.15
INDUSTRIA,-57.42
TRADER,-48.86
TRADER,-23.87
INDUSTRIA,-26.77
REFINERIA,-25.71
REFINERIA,-31.18
TRADER,-25.72
INDUSTRIA,-13.2
REFINERIA,-10.94
INDUSTRIA,-36.03
TRADER,-69.58
INDUSTRIA,-26.89
REFINERIA,-29.54
TRADER,-24.06
INDUSTRIA,-45.63
INDUSTRIA,0.44
REFINERIA,-20.03
TRADER,-55.5
INDUSTRIA,-26.97
REFINERIA,-38.52
TRADER,-10.98
INDUSTRIA,-9.11
INDUSTRIA,-38.48
TRADER,-33.44
INDUSTRIA,-32.9
REFINERIA,-49.09
INDUSTRIA,-52.82
REFINERIA,-28.83
INDUSTRIA,-45.37
TRADER,-35.52
REFINERIA,-44.2
REFINERIA,-37.0
INDUSTRIA,-24.94
TRADER,-52.55
TRADER,-36.0
REFINERIA,-10.93
INDUSTRIA,-43.36
INDUSTRIA,-19.24
TRADER,-27.2
TRADER,-43.4
REFINERIA,-39.71
REFINERIA,-3.49
REFINERIA,-52.49
REFINERIA,-24.05
REFINERIA,-27.52
TRADER,-36.67
TRADER,-7.16
TRADER,-45.48
TRADER,-21.77
REFINERIA,-39.14
TRADER,-25.3
TRADER,-27.12
INDUSTRIA,-3.04
TRADER,-32.45
TRADER,-54.0
REFINERIA,-37.63
REFINERIA,-57.69
TRADER,-29.04
REFINERIA,-34.47
INDUSTRIA,-11.79
INDUSTRIA,-34.97
REFINERIA,-57.09
REFINERIA,-37.55
REFINERIA,-0.17
INDUSTRIA,-8.13
REFINERIA,-32.2
INDUSTRIA,-13.95
INDUSTRIA,-63.13
REFINERIA,-17.21
TRADER,-25.94
REFINERIA,-33.05
TRADER,1.49
REFINERIA,-45.93
TRADER,-26.26
INDUSTRIA,-43.54
REFINERIA,-26.73
INDUSTRIA,-18.92
REFINERIA,-37.65
REFINERIA,-21.78
REFINERIA,-32.72
INDUSTRIA,-35.78
INDUSTRIA,-50.85
INDUSTRIA,-32.77
REFINERIA,-32.71
REFINERIA,-19.96
INDUSTRIA,-47.0
INDUSTRIA,-31.43
TRADER,-11.38
TRADER,-30.7
REFINERIA,-36.35
REFINERIA,-20.17
REFINERIA,-0.06
REFINERIA,-37.86
REFINERIA,-34.7
REFINERIA,-24.93
TRADER,-22.63
TRADER,-20.49
REFINERIA,-42.33
INDUSTRIA,-34.56
TRADER,-27.56
INDUSTRIA,-44.04
TRADER,-25.9
INDUSTRIA,-43.76
INDUSTRIA,-28.87
REFINERIA,-36.54
TRADER,-31.1
TRADER,-6.73
TRADER,-28.0
INDUSTRIA,-47.11
REFINERIA,-18.13
REFINERIA,-26.9
TRADER,-46.75
TRADER,-18.69
REFINERIA,-29.11
INDUSTRIA,-46.63
TRADER,-30.13
INDUSTRIA,-7.1
REFINERIA,-27.87
TRADER,-30.65
REFINERIA,-33.2
REFINERIA,-23.94
INDUSTRIA,-41.13
INDUSTRIA,-34.42
REFINERIA,-19.77
INDUSTRIA,-11.09
TRADER,-18.95
REFINERIA,-52.4
REFINERIA,-11.44
INDUSTRIA,-21.82
REFINERIA,-21.96
TRADER,-9.03
REFINERIA,-32.22
TRADER,-49.54
TRADER,-56.91
INDUSTRIA,-19.81
REFINERIA,-38.79
TRADER,-37.54
TRADER,-46.6
REFINERIA,-7.36
TRADER,-26.88
REFINERIA,-41.17
INDUSTRIA,-29.65
TRADER,-8.89
INDUSTRIA,-35.47
REFINERIA,-39.92
INDUSTRIA,-33.35
REFINERIA,-11.1
INDUSTRIA,-15.98
REFINERIA,-46.14
INDUSTRIA,-49.97
TRADER,-37.23
INDUSTRIA,-40.96
REFINERIA,-36.43
TRADER,-24.07
INDUSTRIA,-3.34
TRADER,-41.18
REFINERIA,-4.37
TRADER,-41.91
REFINERIA,-22.94
TRADER,-53.9
TRADER,-27.78
INDUSTRIA,-30.69
REFINERIA,-59.41
TRADER,-15.9
REFINERIA,-46.62
INDUSTRIA,-16.42
REFINERIA,5.77
INDUSTRIA,-25.88
TRADER,-43.92
TRADER,-29.93
INDUSTRIA,-32.86
REFINERIA,-35.49
REFINERIA,-23.94
TRADER,-45.66
INDUSTRIA,-26.73
INDUSTRIA,-15.91
TRADER,-42.79
REFINERIA,-9.57
INDUSTRIA,-16.76
REFINERIA,-14.48
REFINERIA,-14.94
REFINERIA,-35.87
INDUSTRIA,-53.97
REFINERIA,-17.3
TRADER,-35.6
TRADER,-27.39
INDUSTRIA,-24.61
REFINERIA,-23.12
REFINERIA,-27.39
REFINERIA,-31.7
INDUSTRIA,-37.88
REFINERIA,-8.09
REFINERIA,-6.29
REFINERIA,-69.45
TRADER,-20.48
INDUSTRIA,-14.1
TRADER,-35.24
TRADER,-43.94
TRADER,-44.26
INDUSTRIA,-32.69
TRADER,-34.13
INDUSTRIA,-24.43
REFINERIA,-58.74
REFINERIA,-0.98
INDUSTRIA,-28.84
INDUSTRIA,-46.35
REFINERIA,-26.59
REFINERIA,-14.98
INDUSTRIA,-39.77
REFINERIA,-24.42
INDUSTRIA,-61.84
TRADER,-35.53
INDUSTRIA,-22.7
TRADER,-39.36
REFINERIA,-27.31
INDUSTRIA,-31.96
TRADER,-36.89
TRADER,-27.83
TRADER,-13.33
INDUSTRIA,-33.4
INDUSTRIA,-2.25
TRADER,-28.74
REFINERIA,-26.09
INDUSTRIA,-27.28
REFINERIA,-27.99
INDUSTRIA,-39.78
TRADER,-15.26
INDUSTRIA,-39.86
INDUSTRIA,-35.03
REFINERIA,-8.88
REFINERIA,-41.77
INDUSTRIA,-39.43
TRADER,-28.63
TRADER,-21.34
REFINERIA,-47.57
REFINERIA,-21.11
INDUSTRIA,-39.25
TRADER,-23.63
REFINERIA,-44.73
INDUSTRIA,-17.98
REFINERIA,-24.58
REFINERIA,-22.79
INDUSTRIA,-57.0
INDUSTRIA,-41.7
REFINERIA,-10.97
REFINERIA,-37.17
INDUSTRIA,-21.81
INDUSTRIA,-41.52
REFINERIA,-43.72
INDUSTRIA,-34.55
INDUSTRIA,-54.99
INDUSTRIA,-22.12
TRADER,-30.62
TRADER,-21.54
TRADER,-46.58
REFINERIA,-17.17
TRADER,-15.68
REFINERIA,-18.74
TRADER,-28.93
REFINERIA,-17.26
INDUSTRIA,-19.84
INDUSTRIA,-26.76
REFINERIA,-50.26
REFINERIA,-14.73
REFINERIA,-52.77
INDUSTRIA,-48.2
TRADER,-50.25
REFINERIA,-23.54
REFINERIA,-6.68
TRADER,-65.18
INDUSTRIA,-20.08
INDUSTRIA,-35.67
INDUSTRIA,-30.64
INDUSTRIA,-13.01
INDUSTRIA,-19.75
TRADER,-35.9
REFINERIA,-31.5
TRADER,-42.34
REFINERIA,-42.24
REFINERIA,-35.69
REFINERIA,-31.94
REFINERIA,-26.5
REFINERIA,-20.43
REFINERIA,-36.31
REFINERIA,5.13
INDUSTRIA,-55.42
REFINERIA,-27.48
TRADER,-44.76
REFINERIA,-27.18
TRADER,-46.18
TRADER,-28.8
REFINERIA,-3.25
TRADER,-17.38
REFINERIA,-33.21
TRADER,-19.22
INDUSTRIA,-25.65
TRADER,-45.03
TRADER,-36.95
TRADER,-31.24
REFINERIA,-17.87
INDUSTRIA,-38.26
REFINERIA,-51.05
TRADER,-43.32
REFINERIA,-48.72
INDUSTRIA,-11.46
REFINERIA,-47.37
TRADER,0.61
TRADER,-42.23
REFINERIA,-12.56
TRADER,-33.92
REFINERIA,-17.96
TRADER,-23.08
INDUSTRIA,-38.14
REFINERIA,-17.91
TRADER,-19.98
INDUSTRIA,-0.48
TRADER,-9.13
TRADER,-15.81
TRADER,-27.55
TRADER,-37.64
INDUSTRIA,-26.96
INDUSTRIA,-24.46
REFINERIA,-36.81
REFINERIA,-40.21
TRADER,-41.61
REFINERIA,-17.45
REFINERIA,-22.66
TRADER,-45.26
INDUSTRIA,-45.26
REFINERIA,-39.48
INDUSTRIA,-27.7
INDUSTRIA,-37.15
INDUSTRIA,-27.87
REFINERIA,-28.62
REFINERIA,-39.29
REFINERIA,-47.76
INDUSTRIA,-47.74
REFINERIA,-56.04
TRADER,-26.68
REFINERIA,2.44
REFINERIA,-23.66
TRADER,-45.7
REFINERIA,-27.62
TRADER,-4.6
REFINERIA,-17.11
INDUSTRIA,-14.55
TRADER,-23.83
TRADER,-24.96
INDUSTRIA,-41.33
INDUSTRIA,-44.31
REFINERIA,-10.09
INDUSTRIA,-37.64
REFINERIA,-16.29
REFINERIA,-19.85
REFINERIA,-38.49
TRADER,-15.98
INDUSTRIA,-8.72
TRADER,-68.74
INDUSTRIA,-17.99
INDUSTRIA,-26.62
INDUSTRIA,-7.74
TRADER,-6.69
REFINERIA,-46.8
REFINERIA,-51.33
TRADER,-47.49
INDUSTRIA,-36.5
REFINERIA,-13.96
TRADER,-27.25
TRADER,-58.21
INDUSTRIA,-49.95
REFINERIA,-3.53
INDUSTRIA,-13.46
REFINERIA,-27.46
REFINERIA,-40.89
REFINERIA,-15.93
TRADER,-11.84
REFINERIA,-27.73
TRADER,-11.84
REFINERIA,-2.22
REFINERIA,-14.2
INDUSTRIA,-53.59
INDUSTRIA,-20.6
REFINERIA,-45.59
TRADER,-30.93
REFINERIA,-70.5
REFINERIA,-23.27
REFINERIA,-48.99
INDUSTRIA,-35.78
TRADER,-24.67
INDUSTRIA,-26.27
REFINERIA,-20.6
INDUSTRIA,-48.86
REFINERIA,-12.86
INDUSTRIA,-52.25
REFINERIA,-20.02
TRADER,-49.96
INDUSTRIA,-3.19
INDUSTRIA,-15.6
REFINERIA,-33.84
TRADER,-49.21
TRADER,-52.02
REFINERIA,-35.27
TRADER,-36.41
TRADER,-24.76
INDUSTRIA,-62.45
REFINERIA,-46.02
REFINERIA,-23.24
TRADER,-40.7
INDUSTRIA,-27.5
REFINERIA,-32.2
TRADER,-14.94
TRADER,-45.26
REFINERIA,-29.24
INDUSTRIA,-14.14
TRADER,-54.3
TRADER,-44.73
REFINERIA,-38.03
TRADER,-5.15
TRADER,-36.42
REFINERIA,-41.68
INDUSTRIA,-46.96
REFINERIA,-29.94
REFINERIA,-33.38
TRADER,-9.23
TRADER,-35.22
REFINERIA,-35.77
REFINERIA,-1.74
INDUSTRIA,-23.35
INDUSTRIA,-14.0
TRADER,-18.5
INDUSTRIA,-27.84
INDUSTRIA,-28.16
TRADER,-41.24
INDUSTRIA,-32.57
REFINERIA,-52.28
INDUSTRIA,-21.95
REFINERIA,-9.77
INDUSTRIA,-33.78
REFINERIA,-35.86
INDUSTRIA,-45.79
REFINERIA,-17.77
INDUSTRIA,-17.85
TRADER,-17.92
TRADER,-28.13
REFINERIA,-27.92
REFINERIA,-22.65
INDUSTRIA,-29.23
INDUSTRIA,-16.69
INDUSTRIA,-35.99
TRADER,-59.59
REFINERIA,-13.31
TRADER,-21.45
TRADER,-31.98
INDUSTRIA,-33.85
REFINERIA,-8.45
TRADER,-14.89
INDUSTRIA,-52.26
INDUSTRIA,-21.98
TRADER,-21.95
TRADER,-12.36
TRADER,-26.8
INDUSTRIA,-37.83
INDUSTRIA,-39.75
TRADER,-16.96
INDUSTRIA,-11.29
TRADER,-27.23
REFINERIA,-23.48
TRADER,-10.89
TRADER,-34.04
INDUSTRIA,-55.13
REFINERIA,-17.61
TRADER,-45.11
TRADER,-45.88
INDUSTRIA,-49.25
INDUSTRIA,-18.31
REFINERIA,-25.16
INDUSTRIA,-23.99
REFINERIA,-57.57
TRADER,-24.8
INDUSTRIA,-8.45
INDUSTRIA,-36.31
TRADER,-6.03
TRADER,-27.41
INDUSTRIA,-40.79
TRADER,-22.04
TRADER,-36.61
TRADER,-25.43
REFINERIA,-26.29
TRADER,-39.2
INDUSTRIA,-27.69
TRADER,-18.88
REFINERIA,-25.31
TRADER,-47.79
TRADER,-38.06
INDUSTRIA,-20.79
REFINERIA,-49.28
TRADER,-17.72
INDUSTRIA,-48.14
REFINERIA,-5.08
INDUSTRIA,-38.5
TRADER,-50.0
INDUSTRIA,-26.95
INDUSTRIA,-23.61
TRADER,-19.97
REFINERIA,-19.11
TRADER,-20.69
REFINERIA,-59.95
INDUSTRIA,-7.92
INDUSTRIA,-9.06
REFINERIA,-31.62
REFINERIA,-10.55
INDUSTRIA,-37.14
REFINERIA,-21.96
INDUSTRIA,-5.33
INDUSTRIA,-19.92
TRADER,-49.14
REFINERIA,-48.7
REFINERIA,-42.47
TRADER,-26.29
TRADER,-24.28
REFINERIA,-48.27
TRADER,-27.02
TRADER,-36.27
REFINERIA,-30.99
REFINERIA,-15.28
TRADER,-34.94
REFINERIA,-7.49
INDUSTRIA,-44.26
INDUSTRIA,1.06
TRADER,-20.39
TRADER,-53.45
TRADER,-10.5
INDUSTRIA,-25.59
INDUSTRIA,-53.16
INDUSTRIA,-44.55
INDUSTRIA,-18.54
INDUSTRIA,-10.04
INDUSTRIA,-48.11
REFINERIA,-24.59
REFINERIA,-53.09
TRADER,-36.7
INDUSTRIA,-43.14
TRADER,-49.26
TRADER,-20.87
REFINERIA,1.25
TRADER,-26.54
TRADER,-34.45
REFINERIA,-18.81
REFINERIA,-17.48
REFINERIA,-37.17
TRADER,-33.24
TRADER,2.35
REFINERIA,-41.31
TRADER,-19.99
REFINERIA,-22.62
INDUSTRIA,-23.98
TRADER,-14.0
INDUSTRIA,-59.82
REFINERIA,-43.79
TRADER,-24.7
TRADER,-9.74
TRADER,-27.46
REFINERIA,-27.36
REFINERIA,-38.21
REFINERIA,-20.96
REFINERIA,-10.47
INDUSTRIA,-22.98
INDUSTRIA,-18.78
TRADER,-7.51
REFINERIA,-26.3
REFINERIA,-25.83
INDUSTRIA,-14.76
TRADER,-29.19
INDUSTRIA,-7.91
INDUSTRIA,-22.8
REFINERIA,-10.93
INDUSTRIA,-25.24
TRADER,-27.53
TRADER,-55.07
INDUSTRIA,-21.31
REFINERIA,-16.25
INDUSTRIA,-32.45
REFINERIA,-17.49
TRADER,-53.95
INDUSTRIA,-14.75
TRADER,-46.07
REFINERIA,-18.99
INDUSTRIA,-20.39
REFINERIA,-39.56
TRADER,-42.62
TRADER,10.82
REFINERIA,-0.58
REFINERIA,-17.8
REFINERIA,-31.0
INDUSTRIA,-5.95
TRADER,-30.12
TRADER,-53.37
INDUSTRIA,18.4
REFINERIA,-33.25
REFINERIA,-2.15
INDUSTRIA,-1.44
TRADER,-29.96
REFINERIA,-52.46
REFINERIA,-47.04
REFINERIA,-64.2
INDUSTRIA,-27.32
REFINERIA,-49.25
REFINERIA,-25.89
TRADER,-10.24
TRADER,-49.17
INDUSTRIA,-29.79
INDUSTRIA,-32.14
REFINERIA,-1.11
REFINERIA,-47.22
REFINERIA,-33.93
INDUSTRIA,-17.54
REFINERIA,-27.37
INDUSTRIA,-2.4
INDUSTRIA,-49.87
TRADER,-34.86
REFINERIA,-42.42
REFINERIA,-14.92
INDUSTRIA,-30.07
TRADER,-46.94
TRADER,-23.83
TRADER,-32.23
TRADER,-31.97
TRADER,-0.69
REFINERIA,-62.4
REFINERIA,-27.26
TRADER,-22.93
TRADER,-23.7
INDUSTRIA,-48.35
REFINERIA,-59.96
REFINERIA,-24.22
TRADER,8.22
REFINERIA,-44.86
TRADER,-44.78
INDUSTRIA,-56.86
TRADER,-36.66
TRADER,-38.56
TRADER,-21.04
TRADER,-10.13
TRADER,-21.21
TRADER,-18.18
INDUSTRIA,-1.47
TRADER,-28.87
INDUSTRIA,-38.89
INDUSTRIA,-49.34
INDUSTRIA,-35.35
TRADER,-17.56
REFINERIA,-28.4
REFINERIA,-58.49
REFINERIA,-40.25
INDUSTRIA,-50.54
INDUSTRIA,-22.39
TRADER,-57.79
INDUSTRIA,-67.66
TRADER,-29.41
REFINERIA,-55.08
TRADER,-61.67
TRADER,-54.97
REFINERIA,-24.88
TRADER,-28.5
TRADER,-18.54
INDUSTRIA,-47.53
REFINERIA,-41.42
TRADER,-23.91
INDUSTRIA,-27.81
INDUSTRIA,-32.42
TRADER,-51.29
INDUSTRIA,-27.66
TRADER,-33.02
INDUSTRIA,-25.85
REFINERIA,-35.42
INDUSTRIA,-38.41
REFINERIA,-10.96
REFINERIA,-17.94
REFINERIA,-32.38
TRADER,-50.81
REFINERIA,-42.85
TRADER,-43.31
INDUSTRIA,-49.71
TRADER,-35.65
REFINERIA,-4.52
INDUSTRIA,-39.17
INDUSTRIA,-47.09
REFINERIA,-39.31
TRADER,-20.91
REFINERIA,-20.92
TRADER,-20.26
TRADER,-36.25
REFINERIA,-29.78
REFINERIA,-27.33
INDUSTRIA,-13.5
INDUSTRIA,-22.87
INDUSTRIA,-21.44
INDUSTRIA,-66.3
REFINERIA,-17.18
INDUSTRIA,-30.46
REFINERIA,-29.86
REFINERIA,-33.23
REFINERIA,-49.03
TRADER,-22.54
INDUSTRIA,-38.89
TRADER,-14.37
TRADER,-4.67
REFINERIA,-12.99
TRADER,-18.66
REFINERIA,-39.28
TRADER,-35.55
REFINERIA,-36.98
REFINERIA,-48.31
INDUSTRIA,-17.53
TRADER,-32.97
INDUSTRIA,-36.91
INDUSTRIA,-17.37
INDUSTRIA,-29.69
TRADER,-17.2
REFINERIA,-23.6
TRADER,-8.08
REFINERIA,-33.68
REFINERIA,-12.12
TRADER,-52.04
REFINERIA,-38.09
TRADER,-64.1
REFINERIA,-30.92
REFINERIA,-29.26
INDUSTRIA,-20.85
TRADER,-18.05
TRADER,-6.92
TRADER,0.82
REFINERIA,-21.22
REFINERIA,-40.06
TRADER,-41.08
INDUSTRIA,-20.93
REFINERIA,-76.14
TRADER,-23.59
TRADER,-32.58
INDUSTRIA,-55.62
TRADER,-29.61
TRADER,-34.69
TRADER,-32.27
TRADER,-46.22
INDUSTRIA,-47.16
TRADER,-54.43
TRADER,-34.27
INDUSTRIA,-9.04
REFINERIA,-17.91
REFINERIA,-47.13
INDUSTRIA,-15.72
INDUSTRIA,-52.8
INDUSTRIA,-35.26
REFINERIA,-15.87
INDUSTRIA,-4.52
REFINERIA,-23.66
TRADER,-11.61
INDUSTRIA,-38.28
TRADER,-20.34
INDUSTRIA,-46.9
TRADER,-47.39
REFINERIA,-27.54
TRADER,-31.08
INDUSTRIA,-6.62
TRADER,-26.43
REFINERIA,-26.54
TRADER,-41.24
INDUSTRIA,-37.53
TRADER,-55.21
INDUSTRIA,-32.28
REFINERIA,-47.9
TRADER,-57.6
TRADER,-45.13
INDUSTRIA,-44.08
REFINERIA,1.91
INDUSTRIA,-28.81
INDUSTRIA,-31.03
REFINERIA,-22.78
TRADER,-37.1
TRADER,-26.07
REFINERIA,-13.72
TRADER,-42.06
REFINERIA,-23.32
INDUSTRIA,1.19
TRADER,-19.85
REFINERIA,-38.81
TRADER,-9.01
REFINERIA,-24.83
REFINERIA,-42.39
INDUSTRIA,20.37
REFINERIA,-20.95
REFINERIA,-34.36
TRADER,-15.57
TRADER,-38.66
TRADER,-43.33
REFINERIA,-30.03
REFINERIA,-48.55
REFINERIA,-42.39
REFINERIA,-45.0
INDUSTRIA,-13.02
TRADER,-7.63
TRADER,-37.38
REFINERIA,-45.25
TRADER,-26.52
REFINERIA,-43.5
REFINERIA,-35.83
TRADER,-35.39
REFINERIA,-45.1
TRADER,-42.95
TRADER,-29.0
INDUSTRIA,-23.22
REFINERIA,-18.81
REFINERIA,-37.85
TRADER,-47.25
TRADER,-23.07
INDUSTRIA,-40.98
REFINERIA,-26.92
INDUSTRIA,-24.68
TRADER,-12.05
TRADER,-50.77
REFINERIA,-70.26
TRADER,-30.2
TRADER,-28.35
TRADER,-43.06
TRADER,-31.49
INDUSTRIA,-37.09
TRADER,-15.56
REFINERIA,-26.17
TRADER,-29.44
INDUSTRIA,-46.88
REFINERIA,-46.77
INDUSTRIA,-30.61
TRADER,-65.36
TRADER,-43.79
TRADER,-37.87
TRADER,-40.36
TRADER,-30.07
REFINERIA,-44.03
INDUSTRIA,-34.95
REFINERIA,-40.72
INDUSTRIA,-41.81
INDUSTRIA,-46.18
REFINERIA,-26.16
INDUSTRIA,-29.77
INDUSTRIA,-39.71
INDUSTRIA,-14.15
TRADER,-5.39
TRADER,-33.35
TRADER,-43.88
REFINERIA,-25.6
INDUSTRIA,-21.1
INDUSTRIA,-36.61
TRADER,-45.28
REFINERIA,-10.17
REFINERIA,-19.51
TRADER,-34.66
REFINERIA,-33.49
TRADER,-13.42
REFINERIA,-32.38
TRADER,-34.18
REFINERIA,-37.33
INDUSTRIA,-21.04
REFINERIA,-35.78
REFINERIA,-41.65
INDUSTRIA,-31.47
TRADER,-13.88
REFINERIA,-49.19
TRADER,-16.09
INDUSTRIA,8.53
REFINERIA,7.03
TRADER,-15.2
REFINERIA,-37.85
INDUSTRIA,21.65
REFINERIA,-39.43
REFINERIA,-17.19
INDUSTRIA,-18.74
REFINERIA,-32.46
TRADER,-59.85
REFINERIA,-30.76
INDUSTRIA,-15.66
REFINERIA,-17.85
INDUSTRIA,-5.7
REFINERIA,-42.28
INDUSTRIA,-10.57
REFINERIA,-30.97
TRADER,-22.5
INDUSTRIA,-25.38
TRADER,-50.86
TRADER,-21.26
INDUSTRIA,-47.48
REFINERIA,-39.54
TRADER,-47.87
TRADER,-24.03
TRADER,-41.6
REFINERIA,-34.11
REFINERIA,-26.97
TRADER,-22.49
TRADER,-11.08
REFINERIA,-60.08
TRADER,-38.05
REFINERIA,-44.2
INDUSTRIA,-26.35
REFINERIA,-51.83
TRADER,-26.61
REFINERIA,-39.2
TRADER,-26.84
REFINERIA,-30.0
REFINERIA,-50.06
REFINERIA,-49.12
TRADER,-9.64
TRADER,15.56
TRADER,-22.67
TRADER,-9.2
INDUSTRIA,-35.2
TRADER,-29.61
INDUSTRIA,-29.44
TRADER,-22.4
TRADER,-64.55
INDUSTRIA,-51.87
TRADER,-10.01
REFINERIA,-10.18
INDUSTRIA,-37.23
INDUSTRIA,-43.52
TRADER,-50.13
REFINERIA,-48.31
INDUSTRIA,-38.07
INDUSTRIA,-28.36
TRADER,-22.48
INDUSTRIA,-41.66
REFINERIA,-29.74
REFINERIA,-8.55
TRADER,-26.84
REFINERIA,-36.8
REFINERIA,-36.25
TRADER,-30.06
TRADER,-62.27
INDUSTRIA,-48.15
TRADER,-33.37
REFINERIA,-11.76
REFINERIA,-43.09
INDUSTRIA,-25.22
INDUSTRIA,-51.43
REFINERIA,-34.99
INDUSTRIA,-12.63
TRADER,-25.28
REFINERIA,-55.59
INDUSTRIA,-41.45
TRADER,-30.13
TRADER,-46.56
INDUSTRIA,-36.93
TRADER,-43.77
INDUSTRIA,-28.94
REFINERIA,-19.88
INDUSTRIA,-22.76
REFINERIA,-38.47
INDUSTRIA,-15.97
INDUSTRIA,-60.73
TRADER,-49.51
INDUSTRIA,-38.67
INDUSTRIA,-21.03
TRADER,-27.23
REFINERIA,-39.61
INDUSTRIA,-35.49
TRADER,-2.97
INDUSTRIA,-46.72
REFINERIA,-9.44
INDUSTRIA,-9.6
REFINERIA,-45.24
REFINERIA,-62.1
INDUSTRIA,-27.91
INDUSTRIA,-40.21
REFINERIA,-39.58
TRADER,-44.41
TRADER,-41.6
INDUSTRIA,-33.21
INDUSTRIA,-19.43
TRADER,-24.72
INDUSTRIA,-10.17
INDUSTRIA,-16.47
REFINERIA,-31.28
TRADER,-16.72
REFINERIA,-21.07
REFINERIA,-12.3
TRADER,-48.94
REFINERIA,-44.69
TRADER,-39.86
INDUSTRIA,-28.02
INDUSTRIA,-37.68
REFINERIA,-18.06
TRADER,-33.86
INDUSTRIA,-33.73
REFINERIA,-32.36
REFINERIA,-30.47
TRADER,-27.6
INDUSTRIA,-3.3
INDUSTRIA,-56.04
TRADER,-27.72
TRADER,-25.72
REFINERIA,-40.74
REFINERIA,-47.93
REFINERIA,-35.05
INDUSTRIA,-22.62
REFINERIA,-50.03
REFINERIA,-15.32
REFINERIA,-37.24
TRADER,-24.81
INDUSTRIA,-24.03
REFINERIA,-27.21
REFINERIA,-5.48
REFINERIA,-15.01
REFINERIA,-6.67
REFINERIA,-49.59
TRADER,-27.15
INDUSTRIA,14.05
INDUSTRIA,-53.99
INDUSTRIA,-69.04
TRADER,-42.02
REFINERIA,-52.27
REFINERIA,-43.47
REFINERIA,-47.68
TRADER,-35.6
TRADER,-21.13
REFINERIA,-29.07
TRADER,-62.8
REFINERIA,-19.02
INDUSTRIA,-28.76
INDUSTRIA,-45.83
REFINERIA,-42.15
INDUSTRIA,-31.42
REFINERIA,-52.7
TRADER,-53.58
INDUSTRIA,-5.04
INDUSTRIA,-21.76
INDUSTRIA,-38.9
INDUSTRIA,-53.12
TRADER,-24.21
REFINERIA,-23.4
REFINERIA,-57.89
REFINERIA,-43.15
REFINERIA,-4.7
TRADER,-27.39
TRADER,-24.25
INDUSTRIA,-37.94
REFINERIA,-28.7
INDUSTRIA,-50.24
INDUSTRIA,-24.17
INDUSTRIA,-19.01
INDUSTRIA,-26.31
TRADER,-20.84
TRADER,-25.55
REFINERIA,-23.3
REFINERIA,-25.2
INDUSTRIA,-29.77
REFINERIA,-31.74
TRADER,-51.38
REFINERIA,-26.81
REFINERIA,-24.47
REFINERIA,-13.25
REFINERIA,-12.82
TRADER,-26.46
REFINERIA,-24.95
TRADER,-21.91
INDUSTRIA,-24.15
TRADER,-60.81
REFINERIA,-45.32
INDUSTRIA,-41.75
INDUSTRIA,-0.83
TRADER,-35.41
TRADER,-37.09
TRADER,-31.32
TRADER,-31.91
REFINERIA,-32.24
TRADER,-9.65
TRADER,-15.54
REFINERIA,-43.3
REFINERIA,-49.24
TRADER,-4.45
TRADER,-25.6
REFINERIA,-30.19
INDUSTRIA,-39.38
TRADER,-33.97
INDUSTRIA,-46.46
REFINERIA,-0.27
REFINERIA,-31.96
TRADER,8.07
REFINERIA,-33.93
TRADER,-5.65
INDUSTRIA,-21.27
REFINERIA,-4.69
INDUSTRIA,-19.35
INDUSTRIA,-27.38
INDUSTRIA,-41.18
TRADER,-45.48
REFINERIA,-13.42
REFINERIA,-28.34
REFINERIA,-27.94
TRADER,-38.61
REFINERIA,-51.93
TRADER,-46.77
TRADER,-7.77
REFINERIA,-28.65
REFINERIA,-39.42
TRADER,-4.06
TRADER,-39.28
TRADER,-34.15
REFINERIA,-19.21
REFINERIA,-47.47
INDUSTRIA,-41.96
REFINERIA,-19.14
REFINERIA,-29.17
REFINERIA,-30.81
REFINERIA,-33.53
TRADER,-33.83
INDUSTRIA,-25.41
REFINERIA,-21.69
REFINERIA,-26.31
INDUSTRIA,-46.38
REFINERIA,-27.09
INDUSTRIA,-24.2
REFINERIA,-42.16
REFINERIA,-50.46
INDUSTRIA,-49.83
INDUSTRIA,-26.88
TRADER,-20.2
REFINERIA,-27.37
REFINERIA,1.3
TRADER,-34.57
TRADER,-23.86
TRADER,-17.39
REFINERIA,-23.21
REFINERIA,-26.79
INDUSTRIA,0.55
TRADER,-22.09
INDUSTRIA,-27.67
TRADER,-52.64
REFINERIA,-48.64
REFINERIA,-26.02
INDUSTRIA,-35.43
TRADER,-19.65
TRADER,-40.97
INDUSTRIA,-27.69
TRADER,-26.28
TRADER,-23.32
INDUSTRIA,-34.78
TRADER,-7.25
REFINERIA,-8.33
INDUSTRIA,-9.11
REFINERIA,-33.84
REFINERIA,-7.19
TRADER,-28.6
TRADER,-44.45
TRADER,-39.39
INDUSTRIA,-11.67
INDUSTRIA,-28.23
REFINERIA,-28.8
REFINERIA,-24.76
INDUSTRIA,-49.23
TRADER,-35.25
TRADER,-13.15
REFINERIA,-36.73
TRADER,-34.69
INDUSTRIA,-5.16
TRADER,-8.06
INDUSTRIA,-33.36
REFINERIA,-40.28
INDUSTRIA,-40.68
TRADER,-27.72
INDUSTRIA,-50.53
REFINERIA,-17.02
TRADER,-46.0
REFINERIA,-30.47
REFINERIA,-18.42
REFINERIA,-6.08
REFINERIA,-43.74
REFINERIA,-35.56
TRADER,6.11
TRADER,-61.57
TRADER,-25.36
INDUSTRIA,-36.9
TRADER,-23.99
TRADER,-15.34
INDUSTRIA,-64.78
TRADER,7.93
TRADER,-38.91
REFINERIA,-8.0
TRADER,-29.92
INDUSTRIA,-47.86
TRADER,-34.84
REFINERIA,-46.5
TRADER,-32.09
REFINERIA,-29.62
INDUSTRIA,-13.99
INDUSTRIA,-29.62
REFINERIA,-23.95
TRADER,-55.8
INDUSTRIA,-28.83
INDUSTRIA,-40.81
INDUSTRIA,-17.64
INDUSTRIA,-29.4
INDUSTRIA,-15.53
TRADER,-68.5
INDUSTRIA,-33.47
INDUSTRIA,-50.96
REFINERIA,-39.42
REFINERIA,-48.37
TRADER,-25.17
TRADER,-40.49
TRADER,-17.0
REFINERIA,-31.52
INDUSTRIA,-13.37
REFINERIA,-39.91
REFINERIA,-60.33
INDUSTRIA,-51.31
TRADER,-23.35
INDUSTRIA,-45.59
INDUSTRIA,-14.5
REFINERIA,-52.74
TRADER,-41.57
TRADER,-22.45
TRADER,-49.71
REFINERIA,-23.48
INDUSTRIA,-36.06
INDUSTRIA,-24.03
REFINERIA,-16.91
REFINERIA,-44.64
INDUSTRIA,-35.54
REFINERIA,-23.17
INDUSTRIA,-6.6
REFINERIA,-31.64
TRADER,-45.7
INDUSTRIA,-23.39
TRADER,-22.98
INDUSTRIA,-5.76
INDUSTRIA,-8.8
TRADER,-37.77
REFINERIA,-35.45
INDUSTRIA,-53.59
TRADER,-27.24
TRADER,-54.1
TRADER,-47.98
TRADER,-29.82
REFINERIA,-5.97
REFINERIA,-18.08
REFINERIA,-26.63
REFINERIA,-38.06
INDUSTRIA,-19.18
INDUSTRIA,-42.51
INDUSTRIA,-26.25
INDUSTRIA,-38.32
INDUSTRIA,-24.43
INDUSTRIA,-19.05
INDUSTRIA,-41.65
REFINERIA,-8.8
INDUSTRIA,-36.77
INDUSTRIA,-9.68
REFINERIA,-25.91
TRADER,-3.08
TRADER,-36.96
INDUSTRIA,-29.64
REFINERIA,-31.58
REFINERIA,-44.5
INDUSTRIA,-39.71
TRADER,-39.73
REFINERIA,-26.8
REFINERIA,-65.21
REFINERIA,-31.37
TRADER,-22.39
TRADER,-7.62
REFINERIA,-34.96
TRADER,-30.49
INDUSTRIA,-20.03
TRADER,-23.69
TRADER,-20.39
REFINERIA,-24.72
REFINERIA,-8.1
INDUSTRIA,-26.87
INDUSTRIA,-29.16
TRADER,-45.12
TRADER,-57.42
INDUSTRIA,-11.19
TRADER,-40.2
REFINERIA,-39.83
INDUSTRIA,-53.72
REFINERIA,-37.61
INDUSTRIA,-17.77
INDUSTRIA,-34.38
REFINERIA,-35.18
REFINERIA,-16.19
TRADER,-25.28
TRADER,-46.61
INDUSTRIA,-27.5
REFINERIA,-29.22
TRADER,-42.57
INDUSTRIA,-28.2
TRADER,-31.8
REFINERIA,14.47
INDUSTRIA,-34.66
TRADER,-28.55
INDUSTRIA,-55.54
TRADER,-27.03
TRADER,-25.61
INDUSTRIA,-38.04
REFINERIA,-47.35
TRADER,-37.5
INDUSTRIA,-48.1
INDUSTRIA,-14.23
TRADER,-42.99
REFINERIA,-17.74
REFINERIA,-54.92
TRADER,-57.3
INDUSTRIA,-24.63
REFINERIA,-18.63
INDUSTRIA,-38.0
INDUSTRIA,-10.63
INDUSTRIA,-20.91
REFINERIA,-39.8
TRADER,-21.02
TRADER,-32.04
REFINERIA,-34.7
INDUSTRIA,-49.67
INDUSTRIA,-35.32
REFINERIA,-35.39
INDUSTRIA,-50.38
REFINERIA,-20.86
INDUSTRIA,-2.42
REFINERIA,-4.82
TRADER,-12.9
TRADER,-43.85
REFINERIA,-38.32
TRADER,-36.13
REFINERIA,-4.0
REFINERIA,-12.71
REFINERIA,-41.06
REFINERIA,-14.24
TRADER,-36.33
TRADER,-41.25
REFINERIA,-38.26
INDUSTRIA,-16.64
REFINERIA,-20.95
INDUSTRIA,-35.36
REFINERIA,-3.89
REFINERIA,-22.09
REFINERIA,-6.91
TRADER,-52.71
INDUSTRIA,-29.07
TRADER,-16.37
REFINERIA,-68.05
INDUSTRIA,-20.45
INDUSTRIA,-27.23
TRADER,-43.65
REFINERIA,-32.94
INDUSTRIA,-27.62
TRADER,-12.3
REFINERIA,-30.88
INDUSTRIA,-52.7
TRADER,-39.53
REFINERIA,-22.07
REFINERIA,5.73
TRADER,24.11
REFINERIA,-0.89
INDUSTRIA,-6.07
TRADER,-38.01
TRADER,-19.66
REFINERIA,-27.13
INDUSTRIA,-28.48
INDUSTRIA,-27.21
INDUSTRIA,-28.66
TRADER,-28.68
TRADER,-46.35
TRADER,-3.19
REFINERIA,-34.08
REFINERIA,-38.09
TRADER,-17.38
INDUSTRIA,-17.14
TRADER,-39.38
REFINERIA,-40.6
INDUSTRIA,-29.08
TRADER,-27.46
REFINERIA,-26.49
INDUSTRIA,-32.33
INDUSTRIA,-16.68
TRADER,-19.43
REFINERIA,-28.81
REFINERIA,-10.48
INDUSTRIA,-29.55
REFINERIA,-24.0
INDUSTRIA,-19.49
REFINERIA,-36.62
TRADER,-7.26
TRADER,-33.52
TRADER,-26.13
REFINERIA,-13.28
TRADER,-25.1
REFINERIA,-35.17
REFINERIA,-51.73
TRADER,-11.85
TRADER,-38.61
TRADER,-30.22
INDUSTRIA,-24.41
TRADER,-25.57
REFINERIA,-6.28
INDUSTRIA,-35.42
INDUSTRIA,-12.44
REFINERIA,-22.97
TRADER,-13.46
INDUSTRIA,-49.46
INDUSTRIA,-42.39
INDUSTRIA,-38.26
REFINERIA,-17.15
REFINERIA,-37.18
INDUSTRIA,-43.48
TRADER,-26.81
INDUSTRIA,-23.39
INDUSTRIA,-36.37
REFINERIA,-4.69
INDUSTRIA,-28.93
REFINERIA,-49.62
REFINERIA,-24.37
REFINERIA,-25.22
REFINERIA,-24.1
INDUSTRIA,-22.54
INDUSTRIA,-45.59
TRADER,-37.75
TRADER,-44.96
TRADER,-12.93
TRADER,-18.64
REFINERIA,-24.65
TRADER,-35.45
TRADER,-25.93
INDUSTRIA,-29.89
REFINERIA,-21.56
REFINERIA,-38.2
TRADER,-37.34
INDUSTRIA,-31.61
TRADER,-39.02
TRADER,-47.98
INDUSTRIA,-31.7
REFINERIA,-28.41
TRADER,-15.35
INDUSTRIA,-48.62
TRADER,-28.24
INDUSTRIA,-22.68
REFINERIA,-25.0
TRADER,-22.98
INDUSTRIA,-31.9
INDUSTRIA,-44.54
INDUSTRIA,-28.49
INDUSTRIA,-32.21
TRADER,-23.31
INDUSTRIA,-29.25
INDUSTRIA,-71.96
REFINERIA,-24.47
INDUSTRIA,-18.41
REFINERIA,-25.74
TRADER,-30.94
TRADER,-16.05
INDUSTRIA,-33.6
TRADER,-36.99
INDUSTRIA,-28.44
INDUSTRIA,-55.73
TRADER,-6.75
TRADER,-48.02
INDUSTRIA,-45.44
REFINERIA,-21.34
TRADER,-21.2
INDUSTRIA,-13.1
REFINERIA,-28.53
TRADER,-19.99
REFINERIA,-27.81
TRADER,-11.41
INDUSTRIA,-54.32
TRADER,-25.31
REFINERIA,-14.03
REFINERIA,-20.53
TRADER,-47.99
INDUSTRIA,-46.6
TRADER,-20.82
REFINERIA,-17.31
TRADER,-30.22
TRADER,-22.97
TRADER,-11.13
INDUSTRIA,-20.7
REFINERIA,-54.09
REFINERIA,-27.93
TRADER,-21.56
TRADER,-36.63
TRADER,-18.33
TRADER,-53.95
INDUSTRIA,-60.04
TRADER,-13.16
TRADER,-65.53
TRADER,-20.72
REFINERIA,-18.65
INDUSTRIA,-10.49
REFINERIA,-23.69
TRADER,-55.19
TRADER,-30.25
REFINERIA,-70.52
REFINERIA,-50.33
INDUSTRIA,-29.64
INDUSTRIA,-27.14
INDUSTRIA,-34.17
REFINERIA,-10.43
INDUSTRIA,-25.53
TRADER,-23.31
REFINERIA,-47.26
TRADER,-11.96
TRADER,-17.92
REFINERIA,-58.83
INDUSTRIA,-37.88
REFINERIA,-31.3
TRADER,-45.07
REFINERIA,-46.07
INDUSTRIA,-3.96
TRADER,-51.36
REFINERIA,-29.35
TRADER,-45.87
INDUSTRIA,-26.27
TRADER,-45.69
REFINERIA,-24.77
TRADER,-49.3
INDUSTRIA,-22.33
REFINERIA,-47.9
TRADER,-45.62
TRADER,-42.71
REFINERIA,-25.18
REFINERIA,-56.39
REFINERIA,-24.45
REFINERIA,-43.14
INDUSTRIA,-18.14
INDUSTRIA,-7.78
INDUSTRIA,-20.7
TRADER,-52.44
INDUSTRIA,-47.84
TRADER,-10.45
TRADER,-46.96
TRADER,-46.5
INDUSTRIA,-20.57
REFINERIA,-14.12
REFINERIA,-41.59
INDUSTRIA,-29.95
REFINERIA,-32.18
INDUSTRIA,-5.85
REFINERIA,-65.5
REFINERIA,-44.12
INDUSTRIA,-67.28
REFINERIA,-24.63
REFINERIA,-50.55
INDUSTRIA,-33.88
TRADER,-26.89
TRADER,-56.24
INDUSTRIA,13.48
REFINERIA,-50.66
REFINERIA,-23.77
REFINERIA,-41.43
REFINERIA,0.94
REFINERIA,-20.62
REFINERIA,-11.25
TRADER,-28.73
INDUSTRIA,-43.86
REFINERIA,-44.51
TRADER,-38.54
TRADER,-62.46
TRADER,6.99
TRADER,-51.11
INDUSTRIA,-37.8
TRADER,-43.4
INDUSTRIA,-24.49
REFINERIA,-40.15
INDUSTRIA,-2.76
TRADER,-14.09
REFINERIA,-24.1
TRADER,-43.59
INDUSTRIA,-18.96
TRADER,-24.62
TRADER,-27.14
INDUSTRIA,-48.12
TRADER,13.57
REFINERIA,-33.81
REFINERIA,-26.68
TRADER,-16.63
TRADER,-38.33
REFINERIA,-17.88
TRADER,-33.77
INDUSTRIA,-30.52
TRADER,-46.21
TRADER,-33.14
TRADER,-64.68
INDUSTRIA,-14.49
TRADER,8.87
TRADER,-41.73
REFINERIA,-42.33
TRADER,-36.46
REFINERIA,-13.69
TRADER,-23.54
REFINERIA,-24.64
TRADER,-22.61
INDUSTRIA,-57.0
INDUSTRIA,-41.73
TRADER,-26.66
REFINERIA,-20.57
INDUSTRIA,-12.93
TRADER,-21.12
REFINERIA,-64.5
INDUSTRIA,-19.41
TRADER,-45.67
REFINERIA,-61.86
TRADER,-13.75
TRADER,-17.12
REFINERIA,-30.72
REFINERIA,-40.93
TRADER,-4.49
INDUSTRIA,-33.17
TRADER,-5.83
INDUSTRIA,-22.04
TRADER,-26.7
INDUSTRIA,-22.29
TRADER,-33.81
REFINERIA,-40.47
REFINERIA,-19.36
INDUSTRIA,-35.92
INDUSTRIA,-23.52
TRADER,-23.13
INDUSTRIA,-32.18
REFINERIA,-48.03
REFINERIA,4.11
REFINERIA,-53.5
TRADER,-6.61
INDUSTRIA,-34.58
INDUSTRIA,-35.22
INDUSTRIA,-20.19
REFINERIA,-11.45
REFINERIA,-24.65
TRADER,-62.42
TRADER,-21.29
TRADER,-11.28
TRADER,5.57
TRADER,-14.14
REFINERIA,-35.1
INDUSTRIA,-57.47
INDUSTRIA,-3.36
REFINERIA,-8.08
REFINERIA,-30.19
TRADER,-40.24
INDUSTRIA,-12.44
TRADER,-56.24
INDUSTRIA,-2.25
INDUSTRIA,-33.61
INDUSTRIA,-14.33
REFINERIA,-25.05
INDUSTRIA,-26.82
INDUSTRIA,-44.16
REFINERIA,-44.27
INDUSTRIA,-48.34
REFINERIA,-37.66
INDUSTRIA,-23.77
TRADER,-24.62
INDUSTRIA,-44.12
TRADER,-26.27
INDUSTRIA,-42.6
REFINERIA,-9.73
REFINERIA,-30.19
TRADER,-42.39
TRADER,-17.94
INDUSTRIA,-20.78
REFINERIA,-30.33
TRADER,-25.08
TRADER,-24.02
INDUSTRIA,-34.22
INDUSTRIA,-35.67
INDUSTRIA,-41.78
TRADER,-41.45
INDUSTRIA,-10.43
TRADER,-22.12
TRADER,-49.66
TRADER,-39.54
TRADER,-18.94
TRADER,-25.3
TRADER,-26.16
INDUSTRIA,-20.01
INDUSTRIA,-23.25
REFINERIA,-43.75
INDUSTRIA,-32.19
REFINERIA,-9.47
TRADER,-32.78
REFINERIA,-42.67
INDUSTRIA,-24.66
REFINERIA,-44.3
REFINERIA,-8.15
REFINERIA,-35.43
INDUSTRIA,-9.52
TRADER,-46.23
INDUSTRIA,-0.78
TRADER,-20.58
REFINERIA,-32.48
INDUSTRIA,-5.56
INDUSTRIA,-27.16
INDUSTRIA,-19.06
INDUSTRIA,-42.65
REFINERIA,-33.87
TRADER,-16.5
REFINERIA,-22.69
INDUSTRIA,-29.95
REFINERIA,-37.45
TRADER,-2.9
INDUSTRIA,-27.01
TRADER,-21.31
TRADER,-31.23
REFINERIA,-19.1
INDUSTRIA,-30.52
TRADER,5.83
TRADER,-34.74
INDUSTRIA,-12.86
REFINERIA,-32.42
TRADER,-31.25
INDUSTRIA,-8.78
INDUSTRIA,-20.55
REFINERIA,-50.88
INDUSTRIA,-70.28
TRADER,-15.15
REFINERIA,-26.01
INDUSTRIA,-46.3
INDUSTRIA,-31.35
REFINERIA,-34.33
TRADER,-24.49
REFINERIA,-26.79
INDUSTRIA,-28.69
REFINERIA,-22.17
TRADER,-11.19
TRADER,-9.88
REFINERIA,-25.13
TRADER,-46.74
TRADER,-40.58
TRADER,-26.66
REFINERIA,-28.96
INDUSTRIA,-15.67
TRADER,-31.71
TRADER,-28.67
INDUSTRIA,-18.0
TRADER,-39.94
INDUSTRIA,-40.89
TRADER,-26.25
REFINERIA,-25.68
REFINERIA,-38.25
INDUSTRIA,-25.41
REFINERIA,-20.59
TRADER,-48.15
REFINERIA,-58.13
REFINERIA,-34.06
REFINERIA,-23.59
REFINERIA,-5.09
REFINERIA,-19.64
TRADER,-27.16
INDUSTRIA,-4.16
TRADER,-32.09
REFINERIA,-37.36
REFINERIA,-18.09
INDUSTRIA,-27.16
REFINERIA,-31.51
TRADER,-18.19
INDUSTRIA,-23.83
INDUSTRIA,-39.99
INDUSTRIA,-24.09
TRADER,6.39
TRADER,-41.27
REFINERIA,-39.67
REFINERIA,-17.94
INDUSTRIA,-11.82
REFINERIA,-26.01
INDUSTRIA,-34.18
TRADER,-36.01
TRADER,-36.53
REFINERIA,-24.17
INDUSTRIA,-21.41
INDUSTRIA,-19.21
TRADER,-21.36
INDUSTRIA,-29.48
REFINERIA,-16.05
REFINERIA,-24.16
INDUSTRIA,-7.17
INDUSTRIA,-50.95
INDUSTRIA,-22.49
INDUSTRIA,-46.87
REFINERIA,-10.73
REFINERIA,-18.01
TRADER,-49.79
TRADER,-29.04
TRADER,-29.64
REFINERIA,-22.22
REFINERIA,-54.49
REFINERIA,-22.79
REFINERIA,-20.09
REFINERIA,-23.02
TRADER,-18.24
INDUSTRIA,-29.68
REFINERIA,-22.27
INDUSTRIA,-21.24
REFINERIA,-37.91
TRADER,-22.05
TRADER,-30.36
TRADER,-42.62
INDUSTRIA,-26.41
INDUSTRIA,-33.62
REFINERIA,-43.34
REFINERIA,-51.57
INDUSTRIA,-23.68
TRADER,-38.13
TRADER,-43.4
INDUSTRIA,-62.48
REFINERIA,-50.11
REFINERIA,-39.63
REFINERIA,-37.18
INDUSTRIA,-31.84
REFINERIA,-28.65
REFINERIA,-30.35
TRADER,-23.52
TRADER,-8.92
REFINERIA,12.23
TRADER,-35.46
TRADER,-47.71
INDUSTRIA,-11.59
INDUSTRIA,-17.03
TRADER,-21.83
TRADER,-33.33
INDUSTRIA,-27.75
REFINERIA,-63.1
TRADER,-39.13
TRADER,-39.03
REFINERIA,-7.72
TRADER,-47.07
INDUSTRIA,-50.78
REFINERIA,-4.66
TRADER,-45.05
TRADER,-21.68
INDUSTRIA,-27.34
REFINERIA,-17.35
TRADER,-43.57
INDUSTRIA,-24.25
REFINERIA,-30.05
REFINERIA,-44.47
REFINERIA,-11.31
TRADER,-30.39
INDUSTRIA,-46.77
INDUSTRIA,-55.38
TRADER,-11.63
TRADER,-33.36
INDUSTRIA,-36.62
INDUSTRIA,-20.1
INDUSTRIA,-33.14
TRADER,-20.24
INDUSTRIA,-28.38
REFINERIA,-6.99
TRADER,-44.82
REFINERIA,-41.51
TRADER,-18.42
TRADER,-7.4
REFINERIA,-48.5
REFINERIA,-45.03
REFINERIA,-20.31
REFINERIA,-7.25
REFINERIA,-20.72
TRADER,-27.96
TRADER,-35.33
INDUSTRIA,-9.01
INDUSTRIA,-32.63
REFINERIA,-19.84
REFINERIA,-32.81
INDUSTRIA,-32.71
TRADER,-53.32
TRADER,-25.48
INDUSTRIA,-26.7
REFINERIA,-35.61
INDUSTRIA,-28.11
TRADER,-47.51
INDUSTRIA,-18.38
TRADER,-27.56
TRADER,-56.33
INDUSTRIA,-21.51
INDUSTRIA,-13.12
INDUSTRIA,-34.45
REFINERIA,-31.0
REFINERIA,-42.9
REFINERIA,-29.84
REFINERIA,-22.32
INDUSTRIA,-28.84
REFINERIA,-38.34
INDUSTRIA,-27.73
TRADER,-20.97
INDUSTRIA,-36.41
INDUSTRIA,-22.26
TRADER,-38.72
REFINERIA,-49.86
TRADER,-23.0
INDUSTRIA,-47.33
TRADER,-36.22
INDUSTRIA,-54.74
INDUSTRIA,-34.35
INDUSTRIA,-25.77
TRADER,-22.37
INDUSTRIA,-28.57
TRADER,-60.82
TRADER,-23.18
TRADER,-22.87
INDUSTRIA,-19.6
INDUSTRIA,-38.28
REFINERIA,-34.91
TRADER,-14.17
REFINERIA,-19.64
INDUSTRIA,-28.94
REFINERIA,-44.28
INDUSTRIA,-47.33
TRADER,-26.64
INDUSTRIA,-26.63
TRADER,-42.53
TRADER,-51.66
INDUSTRIA,-22.06
TRADER,-32.31
REFINERIA,-20.28
TRADER,-73.82
TRADER,-4.11
REFINERIA,-44.65
INDUSTRIA,-46.08
INDUSTRIA,-30.07
REFINERIA,-23.09
REFINERIA,-14.52
REFINERIA,-32.64
INDUSTRIA,-48.39
REFINERIA,-39.43
REFINERIA,-1.39
REFINERIA,-27.7
REFINERIA,-55.75
INDUSTRIA,-20.82
INDUSTRIA,-23.55
INDUSTRIA,-28.83
REFINERIA,-15.57
REFINERIA,-29.93
INDUSTRIA,-35.08
TRADER,-41.22
INDUSTRIA,-28.94
INDUSTRIA,-16.72
TRADER,-52.93
REFINERIA,-34.8
TRADER,-10.94
TRADER,-15.06
TRADER,-16.69
REFINERIA,-31.8
INDUSTRIA,-38.58
TRADER,-26.25
REFINERIA,-32.83
REFINERIA,-38.33
REFINERIA,-33.42
REFINERIA,-38.9
INDUSTRIA,-33.91
TRADER,-29.25
TRADER,-40.85
INDUSTRIA,-32.06
TRADER,-43.99
TRADER,-30.45
INDUSTRIA,-10.86
REFINERIA,-45.17
REFINERIA,-39.1
TRADER,-23.25
TRADER,-55.17
REFINERIA,-14.88
TRADER,-32.68
TRADER,-31.62
REFINERIA,-16.38
INDUSTRIA,-30.07
REFINERIA,-15.9
INDUSTRIA,-53.4
INDUSTRIA,-14.76
INDUSTRIA,-42.62
REFINERIA,-43.39
TRADER,-21.14
REFINERIA,-35.4
REFINERIA,-16.36
TRADER,-14.24
REFINERIA,-53.04
TRADER,18.33
INDUSTRIA,-71.12
INDUSTRIA,-13.09
INDUSTRIA,-7.62
INDUSTRIA,-31.26
REFINERIA,-17.38
TRADER,-23.85
INDUSTRIA,-25.73
REFINERIA,-72.77
INDUSTRIA,-31.37
REFINERIA,-17.9
REFINERIA,-22.57
INDUSTRIA,-43.37
REFINERIA,-26.19
INDUSTRIA,-24.32
TRADER,-36.62
REFINERIA,-49.17
REFINERIA,-12.52
TRADER,-8.65
REFINERIA,-32.98
TRADER,-55.75
TRADER,-2.36
REFINERIA,-24.96
INDUSTRIA,-10.86
REFINERIA,-15.44
REFINERIA,-37.3
INDUSTRIA,-18.86
REFINERIA,-26.49
INDUSTRIA,-12.55
REFINERIA,-25.18
REFINERIA,-3.16
INDUSTRIA,-24.02
REFINERIA,-25.93
TRADER,-30.17
TRADER,-25.65
TRADER,-53.56
INDUSTRIA,-38.03
INDUSTRIA,-16.12
TRADER,-18.74
INDUSTRIA,-21.66
INDUSTRIA,-8.01
REFINERIA,-26.31
INDUSTRIA,-25.72
TRADER,-43.51
INDUSTRIA,-0.93
INDUSTRIA,-14.38
REFINERIA,-31.23
REFINERIA,-46.69
TRADER,-36.45
INDUSTRIA,-64.7
TRADER,-42.77
INDUSTRIA,-45.51
TRADER,-34.18
REFINERIA,-35.63
INDUSTRIA,-41.54
INDUSTRIA,-40.55
REFINERIA,-50.8
TRADER,-45.58
TRADER,-34.71
INDUSTRIA,-35.49
INDUSTRIA,-29.25
REFINERIA,-32.14
INDUSTRIA,-48.89
REFINERIA,-31.76
REFINERIA,-30.26
TRADER,-52.78
INDUSTRIA,-23.06
INDUSTRIA,-19.23
INDUSTRIA,-36.11
INDUSTRIA,-24.66
REFINERIA,-33.27
INDUSTRIA,-20.48
INDUSTRIA,-32.66
INDUSTRIA,-28.93
INDUSTRIA,-18.33
INDUSTRIA,-13.12
TRADER,-43.07
TRADER,-27.22
TRADER,-0.59
REFINERIA,-44.76
REFINERIA,-16.89
TRADER,-16.21
REFINERIA,-32.05
INDUSTRIA,-53.54
INDUSTRIA,-27.34
INDUSTRIA,-57.12
REFINERIA,-23.9
INDUSTRIA,-20.27
INDUSTRIA,-33.94
INDUSTRIA,-60.64
REFINERIA,-37.77
TRADER,-26.7
INDUSTRIA,-69.84
INDUSTRIA,-36.59
REFINERIA,-44.91
REFINERIA,-23.03
REFINERIA,-46.28
REFINERIA,-37.26
TRADER,-34.14
INDUSTRIA,-18.39
TRADER,-18.99
REFINERIA,-14.45
INDUSTRIA,-64.63
REFINERIA,-25.51
TRADER,-50.69
TRADER,-37.47
REFINERIA,-20.31
REFINERIA,-20.93
INDUSTRIA,-13.85
INDUSTRIA,-17.02
TRADER,-47.11
REFINERIA,-45.59
TRADER,-2.97
TRADER,-47.62
TRADER,-30.05
REFINERIA,-23.57
TRADER,-16.49
REFINERIA,-34.01
TRADER,-15.5
TRADER,-19.61
INDUSTRIA,-27.79
TRADER,-32.25
REFINERIA,-31.29
TRADER,-19.36
INDUSTRIA,8.74
TRADER,-9.03
INDUSTRIA,-37.75
REFINERIA,-33.47
TRADER,-22.98
TRADER,-25.14
TRADER,-25.42
INDUSTRIA,-37.79
REFINERIA,-44.33
TRADER,-28.79
REFINERIA,-39.6
INDUSTRIA,-34.89
INDUSTRIA,-8.11
TRADER,-22.11
REFINERIA,-51.36
INDUSTRIA,-29.02
REFINERIA,-30.05
REFINERIA,-26.93
TRADER,-29.85
INDUSTRIA,-39.69
TRADER,-7.98
INDUSTRIA,-19.53
TRADER,-5.29
REFINERIA,-35.97
REFINERIA,-19.93
INDUSTRIA,-38.8
TRADER,-17.13
REFINERIA,-26.68
TRADER,-18.85
REFINERIA,-16.68
INDUSTRIA,-39.4
INDUSTRIA,-17.24
REFINERIA,-34.21
REFINERIA,-15.57
REFINERIA,-50.45
REFINERIA,-36.4
REFINERIA,-44.77
TRADER,-34.19
INDUSTRIA,-49.38
TRADER,-23.87
INDUSTRIA,-66.94
INDUSTRIA,-40.01
TRADER,-54.3
TRADER,-24.74
REFINERIA,-69.01
TRADER,-26.72
REFINERIA,-30.56
TRADER,-40.23
TRADER,-54.38
TRADER,-18.57
INDUSTRIA,-50.6
REFINERIA,-40.14
TRADER,-13.0
TRADER,-27.96
TRADER,-44.13
TRADER,-39.29
INDUSTRIA,-17.65
TRADER,-4.11
REFINERIA,-35.26
REFINERIA,-36.16
INDUSTRIA,-16.81
INDUSTRIA,-19.89
INDUSTRIA,-27.53
TRADER,-29.63
TRADER,-24.45
INDUSTRIA,-38.92
TRADER,-23.96
INDUSTRIA,-43.28
REFINERIA,-60.47
INDUSTRIA,-35.72
REFINERIA,-20.26
REFINERIA,-11.07
TRADER,-32.98
INDUSTRIA,-47.26
TRADER,-44.96
REFINERIA,-45.52
REFINERIA,-37.99
REFINERIA,-64.08
REFINERIA,-55.42
TRADER,-39.64
REFINERIA,-29.83
INDUSTRIA,-28.35
TRADER,-57.88
TRADER,-20.87
INDUSTRIA,-35.0
INDUSTRIA,-46.43
TRADER,-32.96
INDUSTRIA,-31.41
REFINERIA,-31.8
TRADER,-19.66
REFINERIA,-31.91
INDUSTRIA,-41.86
REFINERIA,-32.89
REFINERIA,-7.33
TRADER,-15.23
REFINERIA,-35.54
REFINERIA,-21.17
INDUSTRIA,-32.66
TRADER,-38.17
INDUSTRIA,-3.83
REFINERIA,0.13
TRADER,-40.94
INDUSTRIA,-39.81
TRADER,-15.82
INDUSTRIA,-38.05
INDUSTRIA,-47.77
REFINERIA,-16.5
INDUSTRIA,-69.51
INDUSTRIA,-26.13
REFINERIA,-52.65
REFINERIA,-44.56
REFINERIA,4.87
REFINERIA,-31.17
REFINERIA,-51.53
INDUSTRIA,-49.65
INDUSTRIA,-19.16
INDUSTRIA,-11.26
INDUSTRIA,-11.31
INDUSTRIA,-32.35
REFINERIA,-32.78
INDUSTRIA,-17.09
REFINERIA,-42.38
REFINERIA,-16.48
INDUSTRIA,-52.65
TRADER,-42.3
REFINERIA,-46.46
TRADER,-34.73
INDUSTRIA,-17.93
INDUSTRIA,-25.83
TRADER,-11.83
TRADER,8.75
REFINERIA,-42.93
TRADER,-40.91
TRADER,-33.96
TRADER,-34.17
INDUSTRIA,-27.9
REFINERIA,-7.23
REFINERIA,-48.04
TRADER,-21.48
INDUSTRIA,-36.13
INDUSTRIA,-30.25
INDUSTRIA,-0.57
INDUSTRIA,-39.62
INDUSTRIA,-19.57
INDUSTRIA,-11.84
REFINERIA,-37.59
INDUSTRIA,-32.94
INDUSTRIA,3.13
REFINERIA,-24.79
REFINERIA,-24.71
TRADER,-19.4
REFINERIA,-27.4
INDUSTRIA,-34.57
TRADER,-32.92
REFINERIA,-25.02
REFINERIA,-27.22
REFINERIA,-20.07
TRADER,-36.17
TRADER,-22.67
INDUSTRIA,-26.3
INDUSTRIA,-29.22
INDUSTRIA,-13.08
TRADER,-31.81
REFINERIA,-20.65
TRADER,-44.13
TRADER,-35.09
REFINERIA,-10.77
INDUSTRIA,-45.55
TRADER,-34.21
REFINERIA,-14.22
TRADER,-28.02
TRADER,-33.01
TRADER,-57.14
TRADER,-24.82
INDUSTRIA,-22.59
TRADER,-39.28
INDUSTRIA,-36.58
TRADER,-19.74
TRADER,-41.72
REFINERIA,-19.3
REFINERIA,-41.6
TRADER,-21.11
TRADER,-32.25
REFINERIA,-38.28
TRADER,-20.52
INDUSTRIA,-18.0
TRADER,-29.06
REFINERIA,-64.91
REFINERIA,-37.18
REFINERIA,-23.1
REFINERIA,-40.95
INDUSTRIA,-26.05
TRADER,-27.03
TRADER,-8.11
INDUSTRIA,-31.43
INDUSTRIA,-13.97
TRADER,-21.44
REFINERIA,-9.72
TRADER,-32.0
REFINERIA,-44.87
INDUSTRIA,-24.94
TRADER,-23.25
INDUSTRIA,-21.82
TRADER,-5.76
TRADER,-31.93
REFINERIA,-42.65
REFINERIA,-18.77
REFINERIA,-38.96
REFINERIA,-23.03
TRADER,-51.2
TRADER,-33.5
REFINERIA,-22.42
INDUSTRIA,-27.99
INDUSTRIA,-21.8
TRADER,-45.77
TRADER,-31.68
TRADER,-54.5
INDUSTRIA,-35.77
INDUSTRIA,-35.68
REFINERIA,-33.31
INDUSTRIA,-29.11
REFINERIA,-40.13
INDUSTRIA,-32.59
REFINERIA,-16.83
TRADER,-53.65
INDUSTRIA,-32.38
REFINERIA,-20.98
INDUSTRIA,-29.52
INDUSTRIA,-39.17
TRADER,-21.25
REFINERIA,-39.97
INDUSTRIA,-36.44
TRADER,-9.86
REFINERIA,-34.99
INDUSTRIA,-27.61
TRADER,-11.73
TRADER,-35.62
TRADER,-21.11
INDUSTRIA,-34.61
INDUSTRIA,-56.27
TRADER,-5.22
INDUSTRIA,-32.41
TRADER,-20.02
REFINERIA,-1.06
TRADER,-24.32
REFINERIA,-18.43
REFINERIA,-22.05
TRADER,-41.3
REFINERIA,-55.74
REFINERIA,-25.27
INDUSTRIA,-39.81
INDUSTRIA,-16.15
REFINERIA,-34.21
TRADER,-25.68
REFINERIA,-16.27
TRADER,-30.87
INDUSTRIA,-29.59
REFINERIA,-26.77
INDUSTRIA,-12.37
TRADER,-19.34
REFINERIA,-29.18
REFINERIA,-5.95
INDUSTRIA,-36.43
REFINERIA,-33.77
INDUSTRIA,-31.93
INDUSTRIA,-35.38
INDUSTRIA,-35.13
INDUSTRIA,-23.9
REFINERIA,-43.86
TRADER,-4.39
INDUSTRIA,-32.86
TRADER,-14.7
INDUSTRIA,-13.35
INDUSTRIA,-21.53
TRADER,-31.01
REFINERIA,-57.65
INDUSTRIA,-14.96
INDUSTRIA,-50.43
REFINERIA,-44.28
INDUSTRIA,-41.83
TRADER,-29.05
INDUSTRIA,-33.78
INDUSTRIA,-44.81
TRADER,-30.81
REFINERIA,-47.49
TRADER,-25.42
INDUSTRIA,-34.08
REFINERIA,-47.59
INDUSTRIA,-43.92
INDUSTRIA,-32.14
REFINERIA,-24.88
REFINERIA,-39.4
INDUSTRIA,-39.55
TRADER,-8.83
REFINERIA,-21.15
REFINERIA,-38.5
INDUSTRIA,-6.75
INDUSTRIA,-62.48
TRADER,-16.53
REFINERIA,-33.84
TRADER,-35.41
INDUSTRIA,-41.8
INDUSTRIA,-25.7
REFINERIA,-19.95
TRADER,-34.34
TRADER,10.28
INDUSTRIA,-6.38
REFINERIA,-1.55
TRADER,-28.57
REFINERIA,-31.65
TRADER,-38.35
INDUSTRIA,-17.7
REFINERIA,-4.16
REFINERIA,-40.66
INDUSTRIA,-1.39
INDUSTRIA,-20.81
INDUSTRIA,-55.69
TRADER,-33.01
INDUSTRIA,-27.0
REFINERIA,-7.67
REFINERIA,-13.91
INDUSTRIA,-14.7
REFINERIA,-51.98
TRADER,-61.75
REFINERIA,-58.63
INDUSTRIA,-2.04
TRADER,-22.25
TRADER,-31.27
INDUSTRIA,-42.09
INDUSTRIA,-41.63
TRADER,-23.79
REFINERIA,-26.23
REFINERIA,-30.36
TRADER,-33.51
TRADER,-47.82
REFINERIA,-24.72
REFINERIA,-20.94
REFINERIA,-9.93
REFINERIA,-19.07
REFINERIA,-33.53
REFINERIA,-49.12
TRADER,-37.91
INDUSTRIA,-20.87
REFINERIA,-26.84
REFINERIA,-33.24
TRADER,-46.87
REFINERIA,-17.97
INDUSTRIA,-42.4
REFINERIA,-18.38
INDUSTRIA,-33.16
INDUSTRIA,-15.21
INDUSTRIA,-23.0
TRADER,-34.21
INDUSTRIA,-26.7
REFINERIA,-53.41
TRADER,-20.91
INDUSTRIA,-33.68
REFINERIA,-37.34
TRADER,-33.84
INDUSTRIA,2.91
INDUSTRIA,-25.09
TRADER,-35.31
INDUSTRIA,-39.97
INDUSTRIA,-36.32
REFINERIA,-37.21
INDUSTRIA,-20.22
INDUSTRIA,-54.71
INDUSTRIA,-32.37
INDUSTRIA,-16.74
REFINERIA,-6.53
REFINERIA,-26.72
REFINERIA,-31.79
REFINERIA,-47.97
INDUSTRIA,-44.98
REFINERIA,-25.12
REFINERIA,-36.08
INDUSTRIA,-18.19
TRADER,-30.32
TRADER,-41.08
REFINERIA,-38.28
REFINERIA,-3.63
INDUSTRIA,-32.06
TRADER,-48.63
TRADER,-50.95
REFINERIA,-26.08
INDUSTRIA,-38.59
INDUSTRIA,-46.73
TRADER,-5.72
INDUSTRIA,-25.21
REFINERIA,-41.03
REFINERIA,-35.9
TRADER,-30.09
INDUSTRIA,-36.62
INDUSTRIA,-39.32
INDUSTRIA,-38.54
INDUSTRIA,-39.1
TRADER,-42.28
INDUSTRIA,-64.84
TRADER,-48.98
INDUSTRIA,-37.01
TRADER,-60.88
REFINERIA,-22.1
TRADER,-15.06
INDUSTRIA,-35.06
INDUSTRIA,-28.56
REFINERIA,-27.11
REFINERIA,-33.29
TRADER,-40.73
INDUSTRIA,-25.56
REFINERIA,-24.29
TRADER,-21.41
REFINERIA,-23.95
TRADER,-40.49
INDUSTRIA,-19.17
REFINERIA,-37.59
TRADER,-5.92
INDUSTRIA,-43.04
REFINERIA,-18.51
REFINERIA,-18.48
INDUSTRIA,-10.51
TRADER,-33.61
TRADER,-41.4
INDUSTRIA,-50.0
TRADER,-27.61
TRADER,-29.37
TRADER,-33.69
TRADER,-26.67
TRADER,-35.68
TRADER,-29.38
INDUSTRIA,-21.72
TRADER,-29.83
INDUSTRIA,-59.08
REFINERIA,-13.43
TRADER,-22.25
TRADER,-21.9
INDUSTRIA,-23.04
TRADER,-17.22
REFINERIA,-21.08
TRADER,-52.24
REFINERIA,-31.39
INDUSTRIA,-6.96
INDUSTRIA,-41.97
REFINERIA,-46.44
REFINERIA,-33.67
TRADER,-47.63
REFINERIA,-20.94
INDUSTRIA,-33.71
TRADER,-10.64
TRADER,3.21
INDUSTRIA,-28.1
TRADER,-19.89
TRADER,-22.05
INDUSTRIA,-35.6
TRADER,-22.96
REFINERIA,-33.87
INDUSTRIA,-19.16
INDUSTRIA,-6.77
REFINERIA,-26.85
REFINERIA,-0.43
REFINERIA,-58.6
INDUSTRIA,-53.56
INDUSTRIA,-4.51
TRADER,-15.39
TRADER,-40.58
INDUSTRIA,-30.8
TRADER,-34.38
TRADER,-51.52
REFINERIA,-19.49
TRADER,-53.55
TRADER,-53.87
REFINERIA,-46.47
TRADER,-44.03
INDUSTRIA,-25.61
REFINERIA,-30.59
TRADER,-46.68
INDUSTRIA,-59.07
INDUSTRIA,-51.56
TRADER,-39.4
TRADER,-41.11
TRADER,-31.52
INDUSTRIA,-41.52
REFINERIA,-16.26
INDUSTRIA,-20.89
INDUSTRIA,-39.27
REFINERIA,-37.2
TRADER,-29.7
INDUSTRIA,-30.74
INDUSTRIA,-38.09
TRADER,-40.55
TRADER,-35.59
INDUSTRIA,-28.91
INDUSTRIA,-19.37
REFINERIA,-32.53
REFINERIA,-40.41
REFINERIA,-40.04
TRADER,-18.56
TRADER,-33.76
TRADER,-10.63
TRADER,-41.64
INDUSTRIA,-11.8
INDUSTRIA,-43.17
TRADER,-6.3
INDUSTRIA,-19.53
INDUSTRIA,-44.23
INDUSTRIA,-25.68
TRADER,-17.09
REFINERIA,-30.97
INDUSTRIA,-33.57
INDUSTRIA,-45.96
INDUSTRIA,-28.99
TRADER,-0.02
REFINERIA,-16.89
REFINERIA,-53.38
TRADER,-17.37
TRADER,-24.02
TRADER,-20.48
REFINERIA,-20.73
REFINERIA,-8.01
REFINERIA,-31.14
INDUSTRIA,-33.41
REFINERIA,-34.44
TRADER,-22.83
REFINERIA,-41.55
INDUSTRIA,-23.95
TRADER,-21.69
REFINERIA,-28.14
INDUSTRIA,-31.77
INDUSTRIA,-21.09
REFINERIA,-56.0
INDUSTRIA,6.69
TRADER,-38.74
INDUSTRIA,-49.84
INDUSTRIA,-9.24
INDUSTRIA,-19.07
TRADER,-23.14
REFINERIA,-55.96
REFINERIA,-50.07
REFINERIA,-25.16
INDUSTRIA,-43.25
REFINERIA,-21.0
INDUSTRIA,-37.82
TRADER,-12.13
REFINERIA,-48.66
REFINERIA,-5.17
TRADER,-45.46
REFINERIA,-50.0
INDUSTRIA,-45.66
REFINERIA,-21.24
REFINERIA,-11.5
INDUSTRIA,-15.66
INDUSTRIA,3.82
REFINERIA,-25.18
INDUSTRIA,-12.47
REFINERIA,-26.02
REFINERIA,-35.21
REFINERIA,-29.4
TRADER,-18.31
INDUSTRIA,-33.35
TRADER,-18.59
TRADER,-26.09
INDUSTRIA,-47.18
TRADER,-39.5
INDUSTRIA,-0.71
TRADER,-36.0
REFINERIA,-18.08
REFINERIA,-44.26
TRADER,-24.36
REFINERIA,-21.95
REFINERIA,-35.49
INDUSTRIA,-19.66
REFINERIA,-11.83
TRADER,-55.36
INDUSTRIA,-9.17
TRADER,-11.61
INDUSTRIA,-45.32
INDUSTRIA,-25.69
INDUSTRIA,-52.13
TRADER,-20.37
INDUSTRIA,-31.34
INDUSTRIA,-23.37
TRADER,-41.07
REFINERIA,-75.72
INDUSTRIA,-46.37
TRADER,-1.94
INDUSTRIA,-7.5
REFINERIA,-14.69
INDUSTRIA,-52.41
INDUSTRIA,-24.08
REFINERIA,-37.53
TRADER,-23.47
REFINERIA,-6.48
TRADER,-26.48
INDUSTRIA,-35.86
INDUSTRIA,-47.78
INDUSTRIA,-36.8
REFINERIA,-39.49
INDUSTRIA,-1.33
TRADER,-19.25
INDUSTRIA,-42.01
REFINERIA,-46.87
REFINERIA,-23.31
TRADER,-29.59
INDUSTRIA,-2.45
INDUSTRIA,-35.26
TRADER,-35.26
REFINERIA,-38.39
TRADER,-42.75
REFINERIA,-45.28
TRADER,-10.75
INDUSTRIA,-71.09
TRADER,-13.4
REFINERIA,-35.49
REFINERIA,-41.6
INDUSTRIA,-30.69
INDUSTRIA,-31.81
REFINERIA,-33.58
REFINERIA,-33.5
INDUSTRIA,-36.87
INDUSTRIA,-20.99
INDUSTRIA,-25.66
REFINERIA,-11.21
INDUSTRIA,-52.22
INDUSTRIA,-2.63
REFINERIA,-55.33
TRADER,-30.96
REFINERIA,-40.2
TRADER,-20.86
TRADER,-16.43
INDUSTRIA,-38.29
REFINERIA,-36.54
INDUSTRIA,-36.42
INDUSTRIA,-18.64
REFINERIA,-7.69
INDUSTRIA,-3.28
INDUSTRIA,-24.32
INDUSTRIA,-16.43
TRADER,-39.04
TRADER,-44.32
REFINERIA,-23.78
REFINERIA,-21.9
INDUSTRIA,-15.01
INDUSTRIA,-42.48
REFINERIA,-2.75
REFINERIA,-31.27
TRADER,-35.65
TRADER,-4.92
TRADER,-33.95
TRADER,-64.54
REFINERIA,-34.14
INDUSTRIA,-38.87
REFINERIA,-42.18
INDUSTRIA,-35.5
INDUSTRIA,-30.01
TRADER,-19.22
TRADER,-28.37
INDUSTRIA,-42.62
REFINERIA,-12.57
REFINERIA,-33.48
REFINERIA,-36.91
TRADER,-30.77
INDUSTRIA,-48.55
INDUSTRIA,-11.8
INDUSTRIA,-19.32
REFINERIA,-18.66
TRADER,-4.95
REFINERIA,-42.37
TRADER,-15.6
TRADER,-37.93
TRADER,-39.09
REFINERIA,-9.3
TRADER,-49.12
INDUSTRIA,-32.06
TRADER,-8.57
INDUSTRIA,-42.88
INDUSTRIA,-4.29
INDUSTRIA,-32.15
INDUSTRIA,-44.83
REFINERIA,-21.64
TRADER,-2.91
INDUSTRIA,-58.85
TRADER,-31.03
TRADER,-0.48
TRADER,-39.69
TRADER,-48.18
INDUSTRIA,-11.4
TRADER,-5.94
TRADER,-24.6
TRADER,-40.52
TRADER,-46.35
TRADER,-43.33
REFINERIA,-17.14
TRADER,-28.18
REFINERIA,-44.37
INDUSTRIA,-14.77
INDUSTRIA,-5.56
REFINERIA,-55.19
REFINERIA,-38.22
INDUSTRIA,-36.23
TRADER,-33.73
INDUSTRIA,-23.53
TRADER,-72.01
INDUSTRIA,-39.53
INDUSTRIA,-46.35
REFINERIA,-16.86
REFINERIA,-53.02
TRADER,1.37
REFINERIA,-42.59
REFINERIA,-4.5
INDUSTRIA,-22.67
REFINERIA,-27.64
INDUSTRIA,-29.92
INDUSTRIA,0.62
TRADER,-26.23
INDUSTRIA,-14.83
TRADER,-36.0
INDUSTRIA,-49.4
REFINERIA,-11.26
REFINERIA,-48.36
TRADER,-18.44
TRADER,-25.75
TRADER,-36.85
REFINERIA,-2.79
REFINERIA,-33.15
TRADER,-36.1
REFINERIA,-18.66
INDUSTRIA,-29.15
INDUSTRIA,-32.69
TRADER,-40.31
TRADER,-46.37
REFINERIA,-19.38
INDUSTRIA,-30.45
REFINERIA,-31.05
REFINERIA,-37.1
REFINERIA,-0.9
INDUSTRIA,-46.81
TRADER,-29.87
TRADER,-42.18
TRADER,-20.13
INDUSTRIA,-26.74
REFINERIA,-34.88
INDUSTRIA,-2.62
INDUSTRIA,-31.58
TRADER,4.77
INDUSTRIA,-26.49
TRADER,-26.83
TRADER,-59.5
TRADER,-52.18
REFINERIA,-31.32
INDUSTRIA,-27.81
INDUSTRIA,-27.74
TRADER,-48.42
INDUSTRIA,-5.74
REFINERIA,-37.79
TRADER,-50.7
INDUSTRIA,-33.85
TRADER,-46.93
INDUSTRIA,-51.6
TRADER,-14.71
TRADER,-17.65
TRADER,-41.23
INDUSTRIA,-43.23
TRADER,-15.32
REFINERIA,-43.19
REFINERIA,-14.8
INDUSTRIA,-28.45
REFINERIA,-13.67
TRADER,-35.78
INDUSTRIA,-52.12
TRADER,-15.62
INDUSTRIA,-32.2
TRADER,-19.82
TRADER,-35.49
TRADER,-42.36
REFINERIA,-40.38
TRADER,-34.91
TRADER,-7.12
INDUSTRIA,-34.29
INDUSTRIA,-51.46
TRADER,-24.94
TRADER,-47.71
REFINERIA,-25.94
REFINERIA,-29.95
TRADER,-4.34
INDUSTRIA,-41.85
INDUSTRIA,-49.28
REFINERIA,-29.85
TRADER,-4.09
INDUSTRIA,-17.21
TRADER,-50.45
REFINERIA,-37.89
TRADER,-31.84
REFINERIA,-27.28
INDUSTRIA,-37.14
INDUSTRIA,-4.52
TRADER,-51.38
INDUSTRIA,-25.41
REFINERIA,-8.08
TRADER,-46.81
TRADER,-32.48
INDUSTRIA,-16.54
TRADER,-42.85
INDUSTRIA,-27.07
INDUSTRIA,-58.93
INDUSTRIA,-19.62
REFINERIA,-73.67
REFINERIA,-31.11
INDUSTRIA,-18.57
TRADER,-43.53
REFINERIA,-42.24
TRADER,-23.94
TRADER,-27.54
REFINERIA,-34.47
INDUSTRIA,-24.72
INDUSTRIA,-43.44
TRADER,-35.65
REFINERIA,-37.8
TRADER,-4.74
TRADER,-23.81
TRADER,-35.31
REFINERIA,-19.75
INDUSTRIA,-7.44
INDUSTRIA,-21.72
TRADER,-42.21
TRADER,-29.1
TRADER,-24.36
INDUSTRIA,-40.2
TRADER,-45.59
INDUSTRIA,-43.38
REFINERIA,-13.24
TRADER,-4.7
INDUSTRIA,-10.97
INDUSTRIA,-20.35
REFINERIA,-16.08
TRADER,-34.52
TRADER,-36.42
INDUSTRIA,-36.2
INDUSTRIA,-35.85
INDUSTRIA,-38.33
TRADER,-27.55
INDUSTRIA,-1.81
REFINERIA,-42.46
TRADER,-25.52
TRADER,-40.98
INDUSTRIA,-43.67
INDUSTRIA,-43.59
TRADER,-57.76
TRADER,-41.77
TRADER,-20.11
INDUSTRIA,-18.8
TRADER,-12.31
INDUSTRIA,-26.06
INDUSTRIA,-39.4
TRADER,-7.24
INDUSTRIA,-15.13
INDUSTRIA,-43.57
TRADER,-30.72
REFINERIA,-55.74
REFINERIA,-31.9
REFINERIA,-20.52
REFINERIA,-43.98
REFINERIA,-18.99
TRADER,-56.45
TRADER,-34.29
TRADER,-25.8
TRADER,-3.96
TRADER,-1.9
TRADER,-34.51
INDUSTRIA,-25.61
REFINERIA,-15.83
REFINERIA,-26.33
TRADER,-38.28
TRADER,-41.38
REFINERIA,-23.2
INDUSTRIA,-12.62
REFINERIA,-12.68
REFINERIA,-16.65
REFINERIA,-49.12
INDUSTRIA,-61.49
INDUSTRIA,-30.4
INDUSTRIA,-20.67
REFINERIA,-37.9
REFINERIA,-25.7
REFINERIA,-35.36
TRADER,-6.22
TRADER,-15.81
TRADER,10.76
TRADER,-31.71
REFINERIA,-21.94
TRADER,-36.38
INDUSTRIA,-22.45
TRADER,-26.92
REFINERIA,-27.96
INDUSTRIA,-11.38
INDUSTRIA,-22.55
REFINERIA,-18.14
TRADER,-39.08
INDUSTRIA,-24.67
REFINERIA,-51.16
TRADER,-11.61
INDUSTRIA,-39.49
TRADER,-14.41
TRADER,-23.53
REFINERIA,-41.09
INDUSTRIA,-21.42
TRADER,-12.55
REFINERIA,-33.28
REFINERIA,-13.34
INDUSTRIA,-12.61
REFINERIA,-32.15
REFINERIA,-37.42
INDUSTRIA,-3.43
INDUSTRIA,-41.92
INDUSTRIA,-20.81
TRADER,-37.53
TRADER,-25.84
REFINERIA,-10.77
TRADER,-33.19
INDUSTRIA,-22.84
REFINERIA,-29.6
TRADER,-39.98
INDUSTRIA,-27.08
REFINERIA,-30.44
INDUSTRIA,-34.97
TRADER,-5.18
INDUSTRIA,-33.95
TRADER,-41.55
TRADER,-25.44
REFINERIA,-42.94
TRADER,-26.77
TRADER,-35.2
TRADER,-14.42
REFINERIA,-32.57
INDUSTRIA,-25.93
REFINERIA,-18.39
INDUSTRIA,-20.81
TRADER,-40.98
INDUSTRIA,-23.69
REFINERIA,-35.62
TRADER,-30.31
INDUSTRIA,-17.9
REFINERIA,-26.5
INDUSTRIA,-26.96
TRADER,-13.23
INDUSTRIA,-48.31
REFINERIA,-40.92
INDUSTRIA,-59.35
TRADER,-36.45
TRADER,-31.88
INDUSTRIA,-39.91
INDUSTRIA,-44.5
INDUSTRIA,-2.07
INDUSTRIA,-25.77
REFINERIA,-20.13
INDUSTRIA,-41.67
TRADER,-31.66
TRADER,-28.5
TRADER,-35.66
INDUSTRIA,-43.09
REFINERIA,-39.38
TRADER,-36.12
TRADER,-40.99
REFINERIA,-35.86
REFINERIA,-15.96
REFINERIA,-35.44
REFINERIA,-50.83
TRADER,6.2
TRADER,-32.92
INDUSTRIA,-53.39
TRADER,-14.77
REFINERIA,-39.66
TRADER,-27.91
REFINERIA,-32.49
INDUSTRIA,-34.74
INDUSTRIA,-47.14
INDUSTRIA,-31.71
INDUSTRIA,-23.93
INDUSTRIA,-27.11
REFINERIA,-2.39
REFINERIA,-58.22
TRADER,-41.43
REFINERIA,-28.65
REFINERIA,1.33
REFINERIA,-12.56
TRADER,-46.13
TRADER,-12.4
TRADER,-46.21
INDUSTRIA,-30.33
REFINERIA,-29.5
REFINERIA,-22.17
REFINERIA,-3.29
INDUSTRIA,-7.38
REFINERIA,-38.52
TRADER,-51.61
TRADER,-52.22
REFINERIA,-51.44
INDUSTRIA,-46.92
REFINERIA,-27.9
INDUSTRIA,2.17
INDUSTRIA,-13.36
REFINERIA,-33.11
TRADER,-23.9
TRADER,-28.77
INDUSTRIA,-29.72
TRADER,-18.57
REFINERIA,-45.26
INDUSTRIA,-8.96
INDUSTRIA,-34.03
TRADER,-7.06
INDUSTRIA,-9.3
TRADER,-49.76
REFINERIA,-36.43
TRADER,-7.2
INDUSTRIA,-1.02
INDUSTRIA,-31.41
TRADER,-33.23
REFINERIA,-63.67
REFINERIA,-54.03
INDUSTRIA,-15.32
REFINERIA,-12.94
TRADER,-6.6
REFINERIA,-26.51
TRADER,-29.35
TRADER,-11.06
INDUSTRIA,-26.14
INDUSTRIA,-14.9
TRADER,-32.11
INDUSTRIA,-9.73
INDUSTRIA,-17.15
TRADER,-4.21
INDUSTRIA,-43.08
REFINERIA,-56.85
INDUSTRIA,-12.18
TRADER,3.48
TRADER,-33.38
TRADER,-37.73
INDUSTRIA,9.29
INDUSTRIA,-30.77
REFINERIA,-14.66
INDUSTRIA,-45.13
INDUSTRIA,-17.99
TRADER,-36.98
REFINERIA,-36.29
REFINERIA,3.09
TRADER,-40.93
INDUSTRIA,-21.2
TRADER,-37.11
TRADER,-28.33
INDUSTRIA,-53.97
TRADER,-25.22
INDUSTRIA,-27.77
INDUSTRIA,-44.72
REFINERIA,-46.83
REFINERIA,-11.0
INDUSTRIA,-32.13
REFINERIA,-25.65
TRADER,-44.37
INDUSTRIA,-46.09
INDUSTRIA,-37.13
TRADER,-41.93
TRADER,-22.22
REFINERIA,-19.96
TRADER,-39.41
INDUSTRIA,-30.33
INDUSTRIA,-23.39
TRADER,-54.9
INDUSTRIA,-41.8
INDUSTRIA,-32.28
INDUSTRIA,-32.99
INDUSTRIA,1.34
REFINERIA,-6.06
INDUSTRIA,-25.77
INDUSTRIA,-19.09
INDUSTRIA,-21.93
TRADER,-40.99
TRADER,-42.2
TRADER,-42.95
REFINERIA,-81.79
INDUSTRIA,-40.09
REFINERIA,-36.06
REFINERIA,-30.29
INDUSTRIA,-20.15
INDUSTRIA,-49.37
REFINERIA,-13.14
TRADER,-28.26
INDUSTRIA,-11.12
TRADER,-45.56
TRADER,-14.34
INDUSTRIA,-38.02
REFINERIA,-33.19
TRADER,-23.18
TRADER,-44.61
TRADER,1.35
TRADER,-27.46
REFINERIA,-26.25
TRADER,-15.14
REFINERIA,-63.94
REFINERIA,-39.46
REFINERIA,-39.92
INDUSTRIA,-51.63
INDUSTRIA,-38.41
REFINERIA,-30.86
INDUSTRIA,-47.14
REFINERIA,-38.09
TRADER,-33.32
INDUSTRIA,-31.36
INDUSTRIA,-32.55
TRADER,-40.05
REFINERIA,-24.6
REFINERIA,-32.84
REFINERIA,-18.27
TRADER,-36.34
TRADER,-13.4
TRADER,-23.34
TRADER,-27.13
REFINERIA,-22.55
TRADER,-45.92
TRADER,-26.67
TRADER,-32.18
TRADER,-28.97
INDUSTRIA,-62.34
REFINERIA,-9.9
TRADER,-9.39
TRADER,-48.6
INDUSTRIA,-13.42
REFINERIA,-34.65
TRADER,-22.02
REFINERIA,-14.68
TRADER,-4.37
TRADER,-22.85
REFINERIA,-11.93
INDUSTRIA,-21.66
INDUSTRIA,-24.34
REFINERIA,-18.24
REFINERIA,-8.8
REFINERIA,-50.96
TRADER,-43.72
TRADER,-32.52
INDUSTRIA,-37.73
REFINERIA,-18.81
INDUSTRIA,-3.44
REFINERIA,-20.3
TRADER,-24.28
REFINERIA,-32.1
REFINERIA,-52.17
INDUSTRIA,-52.43
TRADER,3.17
TRADER,-37.09
INDUSTRIA,-15.22
REFINERIA,-48.28
INDUSTRIA,-24.34
REFINERIA,-36.81
TRADER,-59.62
INDUSTRIA,-43.85
INDUSTRIA,-5.09
INDUSTRIA,-30.84
INDUSTRIA,-20.58
TRADER,-17.98
REFINERIA,-13.15
REFINERIA,-34.08
REFINERIA,-17.82
INDUSTRIA,-6.05
REFINERIA,-32.93
TRADER,-43.29
REFINERIA,-37.87
INDUSTRIA,-33.22
TRADER,-28.32
TRADER,-51.02
REFINERIA,-41.34
REFINERIA,-19.19
INDUSTRIA,-46.91
INDUSTRIA,-37.53
INDUSTRIA,-30.38
TRADER,-23.1
INDUSTRIA,-14.15
TRADER,-12.98
INDUSTRIA,-51.39
REFINERIA,-21.04
REFINERIA,-20.92
INDUSTRIA,-23.5
TRADER,-44.01
REFINERIA,-47.2
INDUSTRIA,3.65
INDUSTRIA,-22.83
INDUSTRIA,-23.06
INDUSTRIA,-49.37
INDUSTRIA,-59.14
TRADER,-37.21
REFINERIA,-54.01
TRADER,-29.9
TRADER,-24.54
TRADER,-27.57
REFINERIA,-25.15
TRADER,-32.52
REFINERIA,-44.48
INDUSTRIA,-37.25
INDUSTRIA,-15.61
REFINERIA,-30.45
TRADER,-45.47
TRADER,-42.26
INDUSTRIA,-19.5
INDUSTRIA,-36.66
INDUSTRIA,-6.22
TRADER,-50.22
REFINERIA,-37.62
INDUSTRIA,-34.04
REFINERIA,-43.05
TRADER,-42.49
TRADER,-37.79
REFINERIA,-21.37
TRADER,-29.8
REFINERIA,-26.86
REFINERIA,-15.29
INDUSTRIA,-47.37
REFINERIA,-26.74
REFINERIA,-38.37
TRADER,-33.08
TRADER,-29.21
TRADER,-13.94
INDUSTRIA,-26.49
TRADER,-19.37
REFINERIA,-14.14
INDUSTRIA,-44.94
REFINERIA,-15.99
REFINERIA,-25.37
INDUSTRIA,-29.12
TRADER,-51.58
INDUSTRIA,-18.82
REFINERIA,-26.17
REFINERIA,-28.23
INDUSTRIA,-11.16
TRADER,-21.62
TRADER,-42.56
TRADER,-40.51
REFINERIA,-33.56
INDUSTRIA,-41.73
TRADER,-2.26
TRADER,-20.41
REFINERIA,-10.25
REFINERIA,-45.43
INDUSTRIA,-22.58
REFINERIA,-26.36
REFINERIA,-30.84
REFINERIA,-27.65
REFINERIA,-6.81
REFINERIA,-45.63
INDUSTRIA,-29.86
TRADER,-28.43
REFINERIA,-35.24
TRADER,-8.04
REFINERIA,-47.95
TRADER,-16.08
REFINERIA,-13.15
INDUSTRIA,-27.48
INDUSTRIA,-52.65
TRADER,-22.88
REFINERIA,-25.14
REFINERIA,-42.02
REFINERIA,-36.1
INDUSTRIA,-28.62
REFINERIA,-15.99
REFINERIA,-3.36
REFINERIA,-3.55
REFINERIA,-22.23
TRADER,-11.75
REFINERIA,-21.7
TRADER,-15.32
INDUSTRIA,-36.92
INDUSTRIA,-32.82
REFINERIA,-29.6
INDUSTRIA,-48.75
REFINERIA,-24.99
INDUSTRIA,-26.39
TRADER,-25.34
INDUSTRIA,-18.63
INDUSTRIA,-8.88
TRADER,-42.43
REFINERIA,-22.49
TRADER,-31.48
REFINERIA,-25.58
REFINERIA,-19.73
TRADER,-26.6
INDUSTRIA,-38.06
INDUSTRIA,-21.62
REFINERIA,-31.55
TRADER,-37.27
REFINERIA,-19.04
INDUSTRIA,-45.12
TRADER,-48.9
REFINERIA,-34.41
INDUSTRIA,-21.14
INDUSTRIA,7.14
TRADER,-28.68
REFINERIA,-22.79
TRADER,-40.87
TRADER,-25.66
TRADER,-10.26
INDUSTRIA,-39.18
INDUSTRIA,-25.34
TRADER,-4.77
REFINERIA,-34.07
TRADER,-43.19
INDUSTRIA,-29.53
INDUSTRIA,-41.13
INDUSTRIA,-15.53
REFINERIA,-27.35
INDUSTRIA,-23.85
TRADER,-25.1
INDUSTRIA,-25.82
REFINERIA,-40.44
INDUSTRIA,-47.16
REFINERIA,-24.67
REFINERIA,-7.16
REFINERIA,-21.63
INDUSTRIA,-36.1
TRADER,-18.16
REFINERIA,-53.21
TRADER,-25.27
REFINERIA,-42.87
REFINERIA,-17.07
INDUSTRIA,-22.01
REFINERIA,-31.08
REFINERIA,-29.53
TRADER,-25.74
TRADER,-21.31
TRADER,-39.36
INDUSTRIA,-21.13
TRADER,-14.16
REFINERIA,-53.97
TRADER,-29.05
INDUSTRIA,-39.13
INDUSTRIA,-3.92
TRADER,-49.65
INDUSTRIA,-67.57
REFINERIA,-45.58
REFINERIA,-14.72
REFINERIA,-48.42
REFINERIA,-29.92
INDUSTRIA,-32.15
REFINERIA,-11.64
TRADER,-45.72
TRADER,-39.9
INDUSTRIA,-11.77
TRADER,-29.84
INDUSTRIA,-40.72
TRADER,-24.01
REFINERIA,-42.45
INDUSTRIA,-23.31
REFINERIA,-13.03
TRADER,-41.07
INDUSTRIA,-12.24
TRADER,3.01
REFINERIA,-39.57
INDUSTRIA,-19.47
INDUSTRIA,-45.2
REFINERIA,-25.56
TRADER,-20.05
REFINERIA,0.0
REFINERIA,-27.96
TRADER,-38.88
TRADER,-22.14
TRADER,-4.83
REFINERIA,3.07
INDUSTRIA,-37.63
TRADER,-52.74
INDUSTRIA,-15.05
REFINERIA,-42.2
REFINERIA,-14.71
REFINERIA,-34.55
INDUSTRIA,-37.47
INDUSTRIA,-44.5
INDUSTRIA,-33.0
TRADER,-41.09
INDUSTRIA,-26.54
REFINERIA,-28.46
INDUSTRIA,-5.95
REFINERIA,-49.4
TRADER,-16.02
REFINERIA,-10.46
TRADER,-14.98
INDUSTRIA,-26.94
REFINERIA,-9.13
REFINERIA,-40.4
INDUSTRIA,-46.76
TRADER,-37.35
INDUSTRIA,-13.9
INDUSTRIA,-14.0
INDUSTRIA,-52.74
TRADER,-27.58
REFINERIA,-70.49
TRADER,-58.22
TRADER,-46.54
REFINERIA,-16.41
REFINERIA,-28.31
INDUSTRIA,-28.25
INDUSTRIA,-49.27
INDUSTRIA,-18.45
INDUSTRIA,-9.83
TRADER,-21.83
REFINERIA,-11.43
INDUSTRIA,-31.42
INDUSTRIA,-10.9
TRADER,-18.21
TRADER,-40.79
REFINERIA,-53.45
TRADER,-38.53
INDUSTRIA,-32.55
REFINERIA,-44.42
REFINERIA,-19.06
REFINERIA,-19.99
INDUSTRIA,-29.66
INDUSTRIA,-31.85
REFINERIA,-16.85
REFINERIA,-60.18
TRADER,-42.57
TRADER,-61.58
INDUSTRIA,-27.78
REFINERIA,-43.25
TRADER,-10.8
REFINERIA,-37.77
REFINERIA,-34.73
REFINERIA,-22.33
TRADER,-43.37
INDUSTRIA,-38.88
INDUSTRIA,-16.83
INDUSTRIA,-28.45
REFINERIA,-9.43
REFINERIA,-14.06
TRADER,-15.81
INDUSTRIA,-35.55
INDUSTRIA,-26.38
REFINERIA,-29.34
REFINERIA,-9.76
INDUSTRIA,-39.93
TRADER,-48.97
TRADER,-50.32
INDUSTRIA,-34.63
REFINERIA,-24.94
TRADER,-11.37
TRADER,-40.75
INDUSTRIA,-12.93
INDUSTRIA,-21.13
TRADER,0.75
REFINERIA,-24.31
INDUSTRIA,-52.14
REFINERIA,-47.14
INDUSTRIA,-25.53
REFINERIA,-56.66
TRADER,-9.71
TRADER,-20.84
INDUSTRIA,-46.77
INDUSTRIA,-12.98
REFINERIA,-17.99
REFINERIA,-30.1
REFINERIA,-15.09
INDUSTRIA,-10.05
REFINERIA,-39.39
INDUSTRIA,-29.86
REFINERIA,-33.04
TRADER,-23.85
REFINERIA,-52.01
REFINERIA,-30.39
REFINERIA,-38.7
TRADER,-55.41
TRADER,-29.46
INDUSTRIA,-53.63
REFINERIA,-52.3
REFINERIA,-24.49
INDUSTRIA,-15.97
TRADER,-35.03
INDUSTRIA,-24.02
TRADER,-18.39
REFINERIA,-36.14
INDUSTRIA,-9.29
TRADER,-21.54
REFINERIA,-49.0
REFINERIA,-2.03
INDUSTRIA,-14.07
TRADER,2.07
INDUSTRIA,-26.05
REFINERIA,10.22
TRADER,-46.02
TRADER,-11.11
REFINERIA,-31.59
REFINERIA,-48.23
INDUSTRIA,-12.3
INDUSTRIA,-2.51
TRADER,-14.74
INDUSTRIA,-35.06
INDUSTRIA,-8.6
REFINERIA,-30.47
TRADER,-32.52
INDUSTRIA,-16.15
TRADER,-32.38
INDUSTRIA,-45.32
TRADER,-12.26
REFINERIA,-20.77
TRADER,-15.35
TRADER,-48.94
INDUSTRIA,-38.78
INDUSTRIA,-10.57
REFINERIA,-41.63
INDUSTRIA,-23.67
INDUSTRIA,9.8
INDUSTRIA,-26.5
TRADER,-38.46
REFINERIA,-41.67
REFINERIA,-25.18
INDUSTRIA,-41.15
REFINERIA,-60.85
TRADER,-11.3
TRADER,-29.94
INDUSTRIA,-13.14
TRADER,-55.33
INDUSTRIA,-24.52
TRADER,-23.63
REFINERIA,-12.76
INDUSTRIA,-22.78
INDUSTRIA,-45.53
INDUSTRIA,-20.49
TRADER,-45.24
INDUSTRIA,-38.9
INDUSTRIA,-28.28
TRADER,-41.61
INDUSTRIA,-51.65
INDUSTRIA,-48.48
REFINERIA,-70.58
REFINERIA,-30.41
INDUSTRIA,-43.5
REFINERIA,-17.89
TRADER,-16.57
REFINERIA,-29.57
REFINERIA,-9.37
REFINERIA,-15.74
REFINERIA,-24.13
TRADER,-25.08
REFINERIA,-26.48
REFINERIA,-32.29
REFINERIA,-27.54
INDUSTRIA,-31.31
TRADER,-33.15
TRADER,-27.11
INDUSTRIA,-11.55
INDUSTRIA,-35.02
INDUSTRIA,-9.74
INDUSTRIA,-48.28
INDUSTRIA,-51.84
INDUSTRIA,2.52
TRADER,-34.08
REFINERIA,-33.29
REFINERIA,-46.65
REFINERIA,-17.28
REFINERIA,-44.62
TRADER,-6.92
TRADER,-46.31
TRADER,-28.44
INDUSTRIA,-40.44
TRADER,-61.01
INDUSTRIA,-50.43
INDUSTRIA,-58.16
REFINERIA,-25.16
INDUSTRIA,-14.71
TRADER,-46.8
REFINERIA,-47.48
REFINERIA,-38.23
INDUSTRIA,-29.35
TRADER,-36.74
TRADER,-44.83
INDUSTRIA,-20.18
TRADER,-46.81
INDUSTRIA,-34.0
REFINERIA,-39.67
INDUSTRIA,-6.19
TRADER,-44.19
TRADER,-48.42
INDUSTRIA,-26.63
TRADER,-36.97
TRADER,-37.36
REFINERIA,-14.98
TRADER,-60.01
TRADER,-57.22
INDUSTRIA,-34.66
REFINERIA,-32.66
TRADER,-62.22
REFINERIA,-9.18
TRADER,-40.99
REFINERIA,-44.99
REFINERIA,-13.64
TRADER,-22.88
TRADER,-44.04
TRADER,-36.92
REFINERIA,-29.99
REFINERIA,-47.88
REFINERIA,-44.27
INDUSTRIA,-31.07
INDUSTRIA,-43.98
TRADER,-23.45
REFINERIA,-1.15
REFINERIA,-39.48
REFINERIA,-42.98
TRADER,-27.26
REFINERIA,4.56
INDUSTRIA,-47.8
REFINERIA,-23.87
TRADER,-59.32
INDUSTRIA,-55.16
INDUSTRIA,4.45
REFINERIA,-45.41
TRADER,-47.88
TRADER,-18.9
INDUSTRIA,-38.37
TRADER,-46.79
TRADER,-22.86
TRADER,-23.52
TRADER,-42.6
TRADER,-21.71
INDUSTRIA,-34.71
TRADER,-35.43
INDUSTRIA,-50.03
INDUSTRIA,-25.76
TRADER,-21.82
TRADER,-33.68
INDUSTRIA,-22.37
REFINERIA,-53.1
TRADER,-43.17
TRADER,-20.61
REFINERIA,-35.88
TRADER,-11.96
REFINERIA,-3.78
REFINERIA,-16.92
INDUSTRIA,-40.31
TRADER,-30.9
TRADER,-23.04
REFINERIA,-19.64
REFINERIA,-11.52
REFINERIA,-10.48
INDUSTRIA,-36.46
TRADER,-51.31
INDUSTRIA,5.47
REFINERIA,-20.01
INDUSTRIA,-25.61
REFINERIA,-24.56
REFINERIA,-11.59
TRADER,-21.45
TRADER,-68.18
REFINERIA,-10.9
REFINERIA,-53.25
REFINERIA,-17.5
TRADER,-37.42
INDUSTRIA,-25.2
REFINERIA,-49.96
TRADER,-32.1
REFINERIA,-47.93
INDUSTRIA,-29.1
INDUSTRIA,-6.03
REFINERIA,-33.07
INDUSTRIA,-16.84
REFINERIA,-36.68
TRADER,-17.72
REFINERIA,-27.2
REFINERIA,-27.47
TRADER,-32.76
INDUSTRIA,-46.89
INDUSTRIA,-37.95
REFINERIA,-33.99
REFINERIA,-21.72
TRADER,-33.61
REFINERIA,-17.98
INDUSTRIA,-8.65
TRADER,-25.65
REFINERIA,-40.1
REFINERIA,-17.89
TRADER,-29.47
TRADER,-19.98
TRADER,-26.08
TRADER,-40.27
INDUSTRIA,-38.72
INDUSTRIA,-8.58
REFINERIA,-4.52
REFINERIA,-17.91
INDUSTRIA,-12.71
TRADER,-0.43
REFINERIA,-22.13
REFINERIA,-4.8
INDUSTRIA,-40.39
REFINERIA,-36.0
INDUSTRIA,-31.58
REFINERIA,-44.02
REFINERIA,-29.14
TRADER,-45.8
TRADER,-17.06
TRADER,-31.46
INDUSTRIA,-11.15
INDUSTRIA,-20.66
INDUSTRIA,-27.04
INDUSTRIA,-42.16
REFINERIA,-39.51
TRADER,-45.19
TRADER,-6.16
TRADER,-16.87
INDUSTRIA,-29.98
INDUSTRIA,2.48
TRADER,-32.65
INDUSTRIA,-24.44
TRADER,-21.48
INDUSTRIA,-11.93
REFINERIA,-44.61
REFINERIA,-40.07
INDUSTRIA,-5.06
TRADER,-45.61
TRADER,-5.62
INDUSTRIA,-27.77
REFINERIA,-31.22
TRADER,-43.39
INDUSTRIA,-35.75
TRADER,-39.44
TRADER,-43.49
INDUSTRIA,0.92
REFINERIA,-51.85
INDUSTRIA,-21.3
TRADER,-33.53
REFINERIA,-31.94
REFINERIA,-17.74
REFINERIA,-33.35
REFINERIA,-27.92
INDUSTRIA,-35.63
REFINERIA,-36.66
REFINERIA,-31.1
TRADER,-47.65
TRADER,-35.95
TRADER,-43.84
INDUSTRIA,-17.45
INDUSTRIA,-31.78
INDUSTRIA,-19.42
REFINERIA,-36.47
TRADER,-33.48
REFINERIA,-44.33
REFINERIA,-25.21
INDUSTRIA,-26.3
TRADER,-42.98
REFINERIA,-28.94
INDUSTRIA,-17.67
TRADER,-12.32
TRADER,-7.71
REFINERIA,-43.99
REFINERIA,-5.79
REFINERIA,-23.63
REFINERIA,-21.91
INDUSTRIA,-37.31
INDUSTRIA,-32.89
TRADER,-25.37
INDUSTRIA,-35.87
TRADER,-31.76
TRADER,-39.03
INDUSTRIA,-18.63
TRADER,-35.92
INDUSTRIA,-4.6
TRADER,-9.04
REFINERIA,-28.12
TRADER,-44.6
INDUSTRIA,-34.92
REFINERIA,-49.93
REFINERIA,-28.08
REFINERIA,-32.68
INDUSTRIA,-34.05
REFINERIA,-45.6
TRADER,-38.69
INDUSTRIA,-20.09
TRADER,-7.03
INDUSTRIA,-6.26
REFINERIA,-58.53
INDUSTRIA,-7.48
TRADER,-44.6
INDUSTRIA,-55.11
INDUSTRIA,-16.78
REFINERIA,-54.71
REFINERIA,-34.2
TRADER,-31.01
INDUSTRIA,-41.37
INDUSTRIA,-61.25
REFINERIA,-43.16
REFINERIA,-59.14
REFINERIA,-30.29
REFINERIA,-16.28
INDUSTRIA,-53.78
REFINERIA,-36.43
INDUSTRIA,-32.68
REFINERIA,-52.29
INDUSTRIA,-46.42
INDUSTRIA,-37.45
REFINERIA,-20.06
INDUSTRIA,-19.67
INDUSTRIA,-33.9
REFINERIA,-39.57
REFINERIA,-34.84
REFINERIA,-25.63
TRADER,-43.26
INDUSTRIA,-21.97
TRADER,-21.15
TRADER,-50.2
TRADER,-7.76
TRADER,-16.99
TRADER,-14.98
INDUSTRIA,-36.73
REFINERIA,-9.26
REFINERIA,-13.41
REFINERIA,-29.65
TRADER,-9.1
INDUSTRIA,-42.88
TRADER,-33.31
TRADER,-29.1
REFINERIA,-57.14
INDUSTRIA,-38.64
INDUSTRIA,-41.43
REFINERIA,-33.22
TRADER,-41.4
TRADER,-31.19
INDUSTRIA,-35.9
REFINERIA,-37.84
TRADER,-18.3
INDUSTRIA,-20.49
REFINERIA,-29.87
REFINERIA,-15.53
REFINERIA,-17.88
TRADER,-32.26
INDUSTRIA,-42.55
TRADER,-37.04
REFINERIA,-0.65
INDUSTRIA,-42.02
INDUSTRIA,-1.81
TRADER,-46.73
TRADER,-32.04
INDUSTRIA,-38.23
REFINERIA,-40.93
REFINERIA,-36.93
REFINERIA,-27.89
INDUSTRIA,-35.4
TRADER,-14.4
TRADER,-41.57
INDUSTRIA,-15.3
TRADER,-51.33
TRADER,-34.62
REFINERIA,-32.64
REFINERIA,-47.97
TRADER,-9.07
INDUSTRIA,-32.44
INDUSTRIA,-66.07
REFINERIA,-21.99
REFINERIA,-31.7
INDUSTRIA,-37.84
INDUSTRIA,-38.98
INDUSTRIA,-23.62
TRADER,-49.83
TRADER,-71.59
INDUSTRIA,-24.4
TRADER,-33.41
TRADER,-16.16
INDUSTRIA,-10.75
INDUSTRIA,-14.16
REFINERIA,-36.63
TRADER,-34.59
REFINERIA,-45.52
TRADER,11.29
TRADER,-68.24
REFINERIA,-45.23
INDUSTRIA,-33.8
INDUSTRIA,-12.38
INDUSTRIA,-24.22
REFINERIA,-15.91
REFINERIA,-15.31
INDUSTRIA,-41.98
TRADER,-59.38
TRADER,-29.41
INDUSTRIA,-13.07
TRADER,-23.96
REFINERIA,-20.75
REFINERIA,-28.33
REFINERIA,-45.6
REFINERIA,-29.19
REFINERIA,-21.44
INDUSTRIA,-22.47
INDUSTRIA,-4.69
TRADER,-27.32
REFINERIA,-13.11
TRADER,-27.51
TRADER,-21.74
REFINERIA,-19.02
REFINERIA,-31.78
INDUSTRIA,-33.69
REFINERIA,-50.0
REFINERIA,-8.85
REFINERIA,-22.36
TRADER,-49.75
REFINERIA,-28.51
REFINERIA,-37.49
INDUSTRIA,-38.95
TRADER,-20.1
INDUSTRIA,-34.37
INDUSTRIA,-49.14
INDUSTRIA,-14.86
INDUSTRIA,-50.6
TRADER,-38.26
REFINERIA,-33.61
INDUSTRIA,-29.6
REFINERIA,-25.04
TRADER,-40.59
REFINERIA,-38.7
INDUSTRIA,-37.31
INDUSTRIA,-20.38
TRADER,-46.21
TRADER,-37.29
TRADER,-18.41
TRADER,-46.78
REFINERIA,-21.73
TRADER,-5.37
REFINERIA,-15.1
REFINERIA,-41.11
TRADER,-25.36
REFINERIA,-34.53
REFINERIA,-34.85
REFINERIA,-43.72
INDUSTRIA,-6.27
REFINERIA,-28.97
TRADER,-23.96
INDUSTRIA,-27.46
INDUSTRIA,-30.48
REFINERIA,-37.42
TRADER,-13.59
INDUSTRIA,-9.37
REFINERIA,-36.47
INDUSTRIA,-32.04
TRADER,-31.01
REFINERIA,-6.56
INDUSTRIA,-47.52
TRADER,-20.47
REFINERIA,-33.87
INDUSTRIA,-27.4
TRADER,-33.02
TRADER,-24.52
REFINERIA,-22.62
INDUSTRIA,-39.2
REFINERIA,-12.27
REFINERIA,-15.52
TRADER,-50.52
TRADER,-17.35
TRADER,-40.84
INDUSTRIA,-58.1
REFINERIA,-28.26
INDUSTRIA,-53.83
INDUSTRIA,-15.75
TRADER,-21.97
REFINERIA,-34.14
TRADER,-38.66
REFINERIA,-45.95
REFINERIA,-20.79
TRADER,-23.57
REFINERIA,-18.48
REFINERIA,-13.22
TRADER,-41.06
INDUSTRIA,-34.46
REFINERIA,-34.53
REFINERIA,-15.58
INDUSTRIA,-19.4
REFINERIA,-61.73
TRADER,-17.0
REFINERIA,-39.13
REFINERIA,-27.41
INDUSTRIA,-27.3
TRADER,-37.09
TRADER,-50.78
INDUSTRIA,-13.5
INDUSTRIA,-34.69
INDUSTRIA,-19.83
REFINERIA,-34.31
REFINERIA,-19.57
TRADER,-35.24
REFINERIA,-38.08
REFINERIA,-31.59
REFINERIA,-27.32
INDUSTRIA,-31.25
REFINERIA,-35.21
TRADER,-18.66
REFINERIA,-53.89
REFINERIA,-3.45
TRADER,-42.51
REFINERIA,-25.54
TRADER,-40.95
INDUSTRIA,-46.84
REFINERIA,-30.61
INDUSTRIA,-41.57
TRADER,-3.1
TRADER,-38.61
TRADER,-21.97
REFINERIA,-35.05
TRADER,-24.99
TRADER,-38.54
INDUSTRIA,-33.51
REFINERIA,-44.09
TRADER,-25.66
TRADER,-54.87
INDUSTRIA,-32.84
REFINERIA,-15.62
TRADER,-41.23
INDUSTRIA,-36.56
INDUSTRIA,-20.33
TRADER,-20.2
TRADER,-39.47
TRADER,-37.39
REFINERIA,-20.71
TRADER,-7.55
INDUSTRIA,-0.09
TRADER,-37.48
INDUSTRIA,-45.62
INDUSTRIA,-30.74
REFINERIA,-29.16
TRADER,-16.4
TRADER,-33.75
TRADER,-35.83
REFINERIA,-36.23
REFINERIA,-11.35
REFINERIA,-2.72
INDUSTRIA,-37.13
INDUSTRIA,-27.89
INDUSTRIA,-29.5
INDUSTRIA,-39.98
INDUSTRIA,-31.34
INDUSTRIA,-44.91
INDUSTRIA,-48.23
TRADER,-35.85
REFINERIA,-18.65
TRADER,-43.29
TRADER,-37.86
INDUSTRIA,-26.97
TRADER,-22.11
REFINERIA,-23.81
INDUSTRIA,-22.72
INDUSTRIA,-48.86
INDUSTRIA,-38.27
REFINERIA,-22.08
REFINERIA,-32.97
REFINERIA,-29.85
INDUSTRIA,-13.97
REFINERIA,-11.52
REFINERIA,-35.24
REFINERIA,-7.57
INDUSTRIA,-57.34
INDUSTRIA,-39.93
INDUSTRIA,-29.01
REFINERIA,-33.83
TRADER,-25.32
REFINERIA,-38.58
REFINERIA,-26.99
REFINERIA,-55.28
REFINERIA,-24.2
TRADER,-51.73
REFINERIA,-36.14
INDUSTRIA,-21.11
TRADER,-22.6
INDUSTRIA,-2.5
REFINERIA,-31.2
TRADER,-20.13
TRADER,-28.5
INDUSTRIA,-28.41
REFINERIA,-23.26
TRADER,-51.61
TRADER,-38.3
INDUSTRIA,-41.33
REFINERIA,-43.62
INDUSTRIA,-32.93
REFINERIA,-24.07
TRADER,-60.02
TRADER,-51.96
TRADER,-19.55
TRADER,-37.64
TRADER,-11.01
REFINERIA,-18.35
INDUSTRIA,-13.34
INDUSTRIA,-28.66
INDUSTRIA,-47.07
TRADER,-31.38
INDUSTRIA,-21.46
INDUSTRIA,-29.3
REFINERIA,-23.46
TRADER,-14.95
REFINERIA,-61.75
INDUSTRIA,-54.32
TRADER,-22.21
TRADER,-23.27
INDUSTRIA,-31.77
REFINERIA,-26.77
INDUSTRIA,-48.65
INDUSTRIA,-19.74
TRADER,-40.69
REFINERIA,-20.9
REFINERIA,-32.38
INDUSTRIA,-39.32
TRADER,-18.08
TRADER,-27.47
TRADER,-43.58
INDUSTRIA,-23.68
REFINERIA,-16.53
INDUSTRIA,-46.37
INDUSTRIA,-27.41
TRADER,-48.51
INDUSTRIA,-28.35
TRADER,-12.12
INDUSTRIA,-32.9
INDUSTRIA,-30.56
REFINERIA,-29.33
INDUSTRIA,-26.62
REFINERIA,-5.68
TRADER,-50.98
TRADER,-30.83
INDUSTRIA,-43.61
INDUSTRIA,-22.44
INDUSTRIA,-47.31
REFINERIA,-39.48
INDUSTRIA,-39.57
INDUSTRIA,-31.02
INDUSTRIA,-58.91
REFINERIA,-44.88
TRADER,-54.16
TRADER,-17.61
TRADER,-76.72
REFINERIA,-35.41
REFINERIA,-56.22
INDUSTRIA,-51.57
INDUSTRIA,-60.56
INDUSTRIA,-52.61
INDUSTRIA,-18.46
TRADER,-37.37
TRADER,20.8
TRADER,-26.28
INDUSTRIA,-32.68
REFINERIA,-8.66
TRADER,-8.8
TRADER,-14.35
REFINERIA,-25.91
TRADER,-30.7
REFINERIA,-42.48
REFINERIA,-17.64
REFINERIA,4.05
INDUSTRIA,-17.14
REFINERIA,-38.46
REFINERIA,-2.68
INDUSTRIA,-18.86
TRADER,-21.74
INDUSTRIA,-43.98
TRADER,-21.52
TRADER,-35.02
TRADER,-39.24
REFINERIA,-19.67
TRADER,-0.44
TRADER,-38.85
TRADER,-54.29
REFINERIA,-41.71
TRADER,-29.09
TRADER,-31.97
REFINERIA,-24.21
TRADER,-13.6
INDUSTRIA,-45.8
INDUSTRIA,-57.16
REFINERIA,-23.19
REFINERIA,-15.36
TRADER,-38.46
INDUSTRIA,-32.72
INDUSTRIA,-40.62
REFINERIA,-27.55
TRADER,-44.43
INDUSTRIA,-21.84
REFINERIA,-46.02
INDUSTRIA,-29.39
TRADER,-19.95
REFINERIA,-44.41
TRADER,-26.85
INDUSTRIA,-30.1
TRADER,-37.1
INDUSTRIA,-4.02
TRADER,-20.64
INDUSTRIA,-10.17
TRADER,-16.99
TRADER,-25.02
REFINERIA,-23.35
TRADER,-17.9
INDUSTRIA,-25.67
INDUSTRIA,-46.76
TRADER,-1.88
TRADER,-18.2
REFINERIA,-49.05
TRADER,-15.79
INDUSTRIA,-34.17
TRADER,-6.49
INDUSTRIA,-13.06
REFINERIA,-2.4
REFINERIA,-26.27
INDUSTRIA,-12.25
REFINERIA,-31.18
TRADER,-33.36
REFINERIA,-19.17
INDUSTRIA,-9.62
INDUSTRIA,-17.7
REFINERIA,-18.07
REFINERIA,-64.69
INDUSTRIA,-36.92
REFINERIA,-18.96
TRADER,-19.53
INDUSTRIA,-34.17
REFINERIA,-18.69
TRADER,-39.24
TRADER,-35.77
INDUSTRIA,-43.88
REFINERIA,-60.03
REFINERIA,-41.81
INDUSTRIA,-29.29
INDUSTRIA,-12.74
REFINERIA,-21.12
TRADER,-48.12
INDUSTRIA,-67.6
TRADER,-26.52
TRADER,-46.3
REFINERIA,-43.07
REFINERIA,-32.79
TRADER,-13.36
TRADER,-40.81
REFINERIA,-25.88
REFINERIA,-33.07
TRADER,-53.51
TRADER,-8.38
INDUSTRIA,-63.02
INDUSTRIA,-13.89
REFINERIA,-19.07
TRADER,-31.82
INDUSTRIA,-9.3
TRADER,-55.79
TRADER,-25.7
REFINERIA,-31.1
TRADER,-24.57
TRADER,-36.86
REFINERIA,-29.32
REFINERIA,-38.88
REFINERIA,-51.55
TRADER,-9.28
TRADER,-61.03
INDUSTRIA,-29.96
REFINERIA,-31.2
REFINERIA,-42.52
INDUSTRIA,-16.55
INDUSTRIA,-29.57
TRADER,-22.71
TRADER,-29.96
TRADER,-50.73
REFINERIA,-48.06
INDUSTRIA,-13.99
INDUSTRIA,-42.75
INDUSTRIA,-21.13
REFINERIA,-34.4
REFINERIA,-19.97
TRADER,-24.65
TRADER,-11.1
INDUSTRIA,5.25
INDUSTRIA,-42.79
TRADER,-50.31
REFINERIA,-35.15
TRADER,-10.65
INDUSTRIA,-15.61
INDUSTRIA,-56.45
REFINERIA,2.65
TRADER,-30.52
REFINERIA,-11.23
REFINERIA,-21.14
INDUSTRIA,-24.31
REFINERIA,-43.65
REFINERIA,-29.17
INDUSTRIA,-37.03
TRADER,-21.04
INDUSTRIA,-19.19
INDUSTRIA,-6.46
REFINERIA,-43.58
TRADER,-32.98
INDUSTRIA,-1.03
INDUSTRIA,-14.0
TRADER,-14.55
TRADER,-48.17
TRADER,-35.01
INDUSTRIA,-29.0
TRADER,-29.53
REFINERIA,-16.93
INDUSTRIA,-26.25
INDUSTRIA,-27.86
INDUSTRIA,-32.45
INDUSTRIA,-24.59
INDUSTRIA,-47.93
INDUSTRIA,-36.1
TRADER,-41.27
INDUSTRIA,-23.72
REFINERIA,-43.02
REFINERIA,-28.57
INDUSTRIA,-26.64
TRADER,-10.02
INDUSTRIA,-24.76
TRADER,-55.38
INDUSTRIA,-22.52
INDUSTRIA,-53.29
REFINERIA,-18.93
INDUSTRIA,-30.91
TRADER,-34.18
TRADER,-61.78
INDUSTRIA,-49.44
INDUSTRIA,-32.9
INDUSTRIA,-38.04
TRADER,-18.85
TRADER,-22.76
REFINERIA,-17.37
TRADER,-34.54
REFINERIA,-29.18
TRADER,-27.04
INDUSTRIA,-44.11
INDUSTRIA,-49.39
REFINERIA,-46.1
TRADER,-27.99
TRADER,-2.99
TRADER,-35.66
TRADER,-27.94
TRADER,-32.16
REFINERIA,-28.15
INDUSTRIA,-38.39
INDUSTRIA,-46.88
TRADER,-28.32
REFINERIA,-24.96
REFINERIA,-7.93
REFINERIA,0.11
INDUSTRIA,14.5
INDUSTRIA,-31.22
TRADER,-47.79
INDUSTRIA,-14.64
INDUSTRIA,-36.91
TRADER,-20.4
REFINERIA,-43.15
INDUSTRIA,-32.11
REFINERIA,-47.52
TRADER,-16.76
TRADER,-21.79
REFINERIA,-42.8
REFINERIA,-1.93
REFINERIA,-41.81
TRADER,-15.98
TRADER,-41.76
TRADER,-53.07
TRADER,-13.29
INDUSTRIA,-24.14
INDUSTRIA,-23.14
TRADER,-42.08
TRADER,-34.54
REFINERIA,-37.8
INDUSTRIA,-14.07
TRADER,-39.75
TRADER,-36.62
INDUSTRIA,-49.18
INDUSTRIA,-18.74
REFINERIA,-43.33
INDUSTRIA,-31.11
INDUSTRIA,-54.02
REFINERIA,-21.96
TRADER,1.27
TRADER,-20.8
TRADER,-29.95
INDUSTRIA,-46.47
REFINERIA,-23.26
INDUSTRIA,-13.0
REFINERIA,-21.99
TRADER,-51.49
INDUSTRIA,-45.14
INDUSTRIA,-29.24
INDUSTRIA,-45.75
TRADER,-21.63
REFINERIA,-23.08
INDUSTRIA,-29.71
REFINERIA,-30.0
REFINERIA,-46.04
TRADER,-18.69
INDUSTRIA,-40.38
INDUSTRIA,-45.35
REFINERIA,-29.05
REFINERIA,-35.1
INDUSTRIA,-53.81
INDUSTRIA,-27.82
TRADER,-21.45
INDUSTRIA,-40.9
REFINERIA,-43.46
INDUSTRIA,-7.32
REFINERIA,-30.01
REFINERIA,-38.86
REFINERIA,-19.69
TRADER,-50.03
INDUSTRIA,-17.43
TRADER,-34.83
TRADER,-37.95
REFINERIA,-43.26
REFINERIA,-46.24
TRADER,-35.73
TRADER,-3.91
INDUSTRIA,-48.45
INDUSTRIA,-11.08
TRADER,-6.72
REFINERIA,-12.21
TRADER,-20.13
TRADER,-16.85
REFINERIA,-45.27
INDUSTRIA,1.38
TRADER,-27.69
INDUSTRIA,-8.24
INDUSTRIA,-27.7
INDUSTRIA,-8.31
TRADER,-28.12
INDUSTRIA,-45.89
TRADER,-54.1
TRADER,-46.22
REFINERIA,-28.06
INDUSTRIA,-54.18
REFINERIA,-45.39
INDUSTRIA,-31.06
INDUSTRIA,-15.14
REFINERIA,-29.74
INDUSTRIA,-42.45
REFINERIA,-28.78
TRADER,-19.27
TRADER,-7.97
INDUSTRIA,-18.57
TRADER,-27.3
INDUSTRIA,-27.95
REFINERIA,-37.47
TRADER,-50.52
TRADER,-54.41
INDUSTRIA,-4.98
INDUSTRIA,-18.84
REFINERIA,-11.31
TRADER,-47.69
REFINERIA,-35.73
TRADER,-25.12
TRADER,-45.5
REFINERIA,-2.62
REFINERIA,-7.23
TRADER,-28.33
REFINERIA,-38.31
TRADER,-17.62
TRADER,-62.65
REFINERIA,-18.56
TRADER,-13.33
TRADER,-19.74
REFINERIA,-43.39
INDUSTRIA,-39.3
INDUSTRIA,-57.9
INDUSTRIA,-34.94
REFINERIA,-21.1
INDUSTRIA,-24.34
INDUSTRIA,-19.2
TRADER,-25.03
REFINERIA,-23.5
TRADER,-22.74
REFINERIA,-33.02
REFINERIA,-48.2
TRADER,-13.43
TRADER,-9.96
TRADER,-23.78
INDUSTRIA,-49.75
TRADER,-38.84
REFINERIA,-39.53
REFINERIA,-47.15
REFINERIA,-31.9
REFINERIA,-23.66
REFINERIA,-34.47
TRADER,-9.47
TRADER,-22.79
TRADER,-46.51
TRADER,-30.62
REFINERIA,-30.56
INDUSTRIA,-40.58
REFINERIA,-30.41
REFINERIA,-16.96
INDUSTRIA,-32.35
TRADER,-16.59
INDUSTRIA,-37.81
TRADER,-36.82
REFINERIA,-28.97
INDUSTRIA,-5.23
REFINERIA,-46.07
INDUSTRIA,-23.48
INDUSTRIA,-55.92
REFINERIA,-30.67
INDUSTRIA,-33.79
INDUSTRIA,-38.25
INDUSTRIA,-53.31
TRADER,-32.25
REFINERIA,-32.83
REFINERIA,-33.73
TRADER,-44.18
TRADER,-55.74
TRADER,-50.03
TRADER,-32.75
REFINERIA,-46.27
TRADER,-14.36
INDUSTRIA,-18.38
TRADER,-41.05
TRADER,-34.73
REFINERIA,-24.97
INDUSTRIA,-14.67
INDUSTRIA,-27.75
REFINERIA,-36.85
TRADER,-47.34
INDUSTRIA,-30.03
TRADER,-62.9
REFINERIA,-12.38
REFINERIA,-49.54
REFINERIA,-65.31
REFINERIA,-20.03
INDUSTRIA,-33.51
TRADER,-24.25
TRADER,-14.2
TRADER,-34.23
REFINERIA,-50.05
INDUSTRIA,0.33
REFINERIA,-45.03
TRADER,-9.59
TRADER,-46.51
TRADER,-20.27
INDUSTRIA,-35.92
INDUSTRIA,-42.24
INDUSTRIA,9.91
INDUSTRIA,-22.23
TRADER,-46.1
INDUSTRIA,-25.09
TRADER,-25.1
REFINERIA,-46.73
REFINERIA,-43.56
REFINERIA,-33.8
TRADER,-63.06
INDUSTRIA,-16.83
REFINERIA,-44.84
REFINERIA,-20.72
TRADER,-32.15
REFINERIA,-50.72
REFINERIA,-26.31
INDUSTRIA,-17.35
TRADER,-28.02
REFINERIA,-16.12
INDUSTRIA,-33.37
REFINERIA,-14.7
INDUSTRIA,-36.72
TRADER,-6.57
REFINERIA,-38.86
REFINERIA,-18.76
REFINERIA,-42.59
REFINERIA,-36.24
INDUSTRIA,-20.65
REFINERIA,-46.03
INDUSTRIA,-28.44
TRADER,-61.25
TRADER,-47.85
INDUSTRIA,-33.01
INDUSTRIA,-62.63
TRADER,-39.72
TRADER,3.34
TRADER,-49.06
INDUSTRIA,-26.23
INDUSTRIA,-30.26
REFINERIA,-33.18
TRADER,-53.16
TRADER,-30.35
TRADER,-51.91
TRADER,-17.62
INDUSTRIA,-44.15
REFINERIA,-22.19
REFINERIA,-16.02
TRADER,-29.43
INDUSTRIA,-28.19
REFINERIA,-4.65
TRADER,-24.37
REFINERIA,-23.83
TRADER,-23.78
REFINERIA,-34.87
REFINERIA,-41.19
REFINERIA,-28.61
INDUSTRIA,-14.83
INDUSTRIA,2.27
REFINERIA,-35.46
TRADER,-7.78
REFINERIA,-10.29
INDUSTRIA,-31.59
TRADER,-14.67
TRADER,-25.62
TRADER,-32.57
TRADER,-39.34
REFINERIA,13.63
INDUSTRIA,-16.95
REFINERIA,-28.66
TRADER,-17.56
REFINERIA,-47.44
TRADER,-40.07
REFINERIA,-16.95
TRADER,-38.39
TRADER,-32.76
REFINERIA,-55.42
REFINERIA,-17.23
REFINERIA,-35.32
TRADER,-35.69
REFINERIA,-27.18
TRADER,-22.76
TRADER,-35.83
REFINERIA,-40.28
INDUSTRIA,-56.13
INDUSTRIA,-47.05
INDUSTRIA,-34.73
TRADER,-70.68
TRADER,-54.42
INDUSTRIA,-49.42
INDUSTRIA,-33.2
TRADER,-34.37
INDUSTRIA,-10.99
TRADER,-23.82
TRADER,-37.35
REFINERIA,-32.97
TRADER,-16.78
INDUSTRIA,-41.11
INDUSTRIA,-47.0
TRADER,-20.26
INDUSTRIA,-30.41
TRADER,-27.25
REFINERIA,-39.17
INDUSTRIA,-46.43
REFINERIA,-34.07
TRADER,-28.42
REFINERIA,-28.89
TRADER,-10.7
INDUSTRIA,-22.26
INDUSTRIA,-27.89
TRADER,-39.81
TRADER,-15.33
INDUSTRIA,-24.9
REFINERIA,-45.51
INDUSTRIA,-14.81
TRADER,-22.84
INDUSTRIA,-46.31
TRADER,-23.6
INDUSTRIA,-35.98
REFINERIA,-41.39
REFINERIA,-39.8
REFINERIA,-57.44
REFINERIA,-30.17
REFINERIA,-35.69
INDUSTRIA,-17.27
REFINERIA,-41.81
TRADER,-11.36
INDUSTRIA,-27.76
TRADER,-35.13
INDUSTRIA,-65.96
INDUSTRIA,-42.11
INDUSTRIA,-15.48
TRADER,-42.62
REFINERIA,-24.45
TRADER,-13.12
REFINERIA,-25.16
INDUSTRIA,-49.15
TRADER,-6.76
INDUSTRIA,-38.57
INDUSTRIA,-45.37
REFINERIA,-43.02
TRADER,-14.79
TRADER,-20.75
INDUSTRIA,-35.46
TRADER,-39.97
TRADER,-38.86
REFINERIA,-13.78
INDUSTRIA,-40.59
REFINERIA,-29.03
REFINERIA,-56.05
INDUSTRIA,-34.11
INDUSTRIA,-59.03
TRADER,-32.88
REFINERIA,-28.99
TRADER,-64.92
TRADER,-62.75
INDUSTRIA,-20.87
INDUSTRIA,-30.41
REFINERIA,6.79
REFINERIA,-18.37
TRADER,-12.62
INDUSTRIA,-9.54
TRADER,-26.7
REFINERIA,-28.71
INDUSTRIA,-5.06
INDUSTRIA,-52.07
INDUSTRIA,3.08
TRADER,-48.07
TRADER,-29.72
REFINERIA,-17.95
REFINERIA,-54.54
REFINERIA,-28.98
TRADER,13.53
INDUSTRIA,-56.94
TRADER,-37.2
REFINERIA,-0.32
TRADER,-29.97
TRADER,-31.79
REFINERIA,-40.35
REFINERIA,-31.89
INDUSTRIA,-27.61
TRADER,-33.57
TRADER,-19.11
TRADER,-26.84
REFINERIA,-12.0
REFINERIA,-14.68
TRADER,-25.9
REFINERIA,-27.31
REFINERIA,-41.78
REFINERIA,-21.26
TRADER,-26.52
REFINERIA,-16.2
TRADER,-17.25
REFINERIA,-41.63
TRADER,6.41
INDUSTRIA,-39.11
INDUSTRIA,-42.62
TRADER,-29.77
TRADER,-16.91
TRADER,-11.77
INDUSTRIA,-21.92
INDUSTRIA,-22.68
REFINERIA,-20.94
REFINERIA,-47.02
TRADER,-36.46
INDUSTRIA,-17.33
INDUSTRIA,-31.72
INDUSTRIA,-33.41
REFINERIA,-33.43
INDUSTRIA,-38.55
INDUSTRIA,-3.51
TRADER,-46.93
REFINERIA,-24.81
INDUSTRIA,-24.68
INDUSTRIA,-60.55
INDUSTRIA,-44.56
REFINERIA,-25.37
REFINERIA,-33.83
INDUSTRIA,-5.97
TRADER,-23.18
REFINERIA,-28.7
TRADER,-28.38
REFINERIA,-15.74
TRADER,-42.19
INDUSTRIA,-30.41
INDUSTRIA,-42.34
REFINERIA,-43.46
INDUSTRIA,-41.65
REFINERIA,-28.23
INDUSTRIA,-41.96
TRADER,-41.64
INDUSTRIA,-51.33
REFINERIA,-44.77
REFINERIA,-26.5
TRADER,-27.32
REFINERIA,-25.33
INDUSTRIA,-11.32
TRADER,-36.13
INDUSTRIA,-51.78
INDUSTRIA,-41.67
TRADER,-39.66
INDUSTRIA,-25.57
INDUSTRIA,-16.91
TRADER,-27.0
REFINERIA,-35.69
INDUSTRIA,-13.28
REFINERIA,-42.71
INDUSTRIA,-34.28
REFINERIA,-8.72
INDUSTRIA,-20.57
REFINERIA,-26.91
TRADER,-25.04
TRADER,-29.01
INDUSTRIA,3.81
REFINERIA,-28.74
REFINERIA,-32.73
REFINERIA,-21.95
REFINERIA,-26.3
INDUSTRIA,-64.72
INDUSTRIA,-27.76
INDUSTRIA,-31.6
REFINERIA,-11.16
REFINERIA,-34.13
REFINERIA,-0.65
REFINERIA,-35.39
TRADER,-7.96
TRADER,-43.82
INDUSTRIA,-10.94
INDUSTRIA,-40.11
REFINERIA,-47.66
TRADER,-45.37
TRADER,-6.79
REFINERIA,-34.61
INDUSTRIA,-19.14
INDUSTRIA,-40.41
INDUSTRIA,-26.78
TRADER,-25.57
TRADER,-29.91
TRADER,-19.75
TRADER,-24.18
REFINERIA,-39.25
TRADER,-42.22
TRADER,-65.15
REFINERIA,-13.74
TRADER,-26.29
REFINERIA,-56.28
TRADER,-25.94
INDUSTRIA,-51.47
INDUSTRIA,-31.6
REFINERIA,-7.85
REFINERIA,-42.2
INDUSTRIA,-7.07
TRADER,-24.16
INDUSTRIA,-35.12
TRADER,-30.09
REFINERIA,-21.82
REFINERIA,-16.14
REFINERIA,-46.42
INDUSTRIA,-31.3
INDUSTRIA,-9.03
TRADER,-50.14
REFINERIA,-18.18
TRADER,-30.86
INDUSTRIA,-21.82
REFINERIA,-43.65
REFINERIA,-12.34
REFINERIA,-17.32
TRADER,-21.13
TRADER,0.88
INDUSTRIA,-37.3
TRADER,-37.04
REFINERIA,-22.83
INDUSTRIA,-29.55
TRADER,-25.53
INDUSTRIA,-28.6
REFINERIA,-49.66
REFINERIA,-36.42
TRADER,-43.84
REFINERIA,-9.62
INDUSTRIA,-38.36
TRADER,-51.57
REFINERIA,-28.32
TRADER,1.35
TRADER,-27.46
INDUSTRIA,-19.05
TRADER,-24.32
REFINERIA,-38.0
REFINERIA,-54.57
INDUSTRIA,-13.79
TRADER,-18.98
TRADER,-18.95
TRADER,-29.96
INDUSTRIA,-8.64
REFINERIA,-35.89
TRADER,-29.63
REFINERIA,-40.45
INDUSTRIA,-11.28
REFINERIA,-29.61
REFINERIA,-52.06
TRADER,-16.44
INDUSTRIA,-28.04
INDUSTRIA,-13.36
REFINERIA,-48.8
TRADER,-71.8
REFINERIA,-25.2
REFINERIA,-33.45
TRADER,-40.07
TRADER,-56.64
INDUSTRIA,-52.11
REFINERIA,-37.05
INDUSTRIA,3.02
INDUSTRIA,-2.53
REFINERIA,-5.65
REFINERIA,4.44
TRADER,-62.37
TRADER,-14.29
REFINERIA,-61.42
INDUSTRIA,-10.41
INDUSTRIA,-36.69
TRADER,-38.49
REFINERIA,-52.27
INDUSTRIA,-18.67
TRADER,-21.3
REFINERIA,-10.19
REFINERIA,-39.96
REFINERIA,-38.73
INDUSTRIA,-27.47
INDUSTRIA,-43.6
INDUSTRIA,-17.69
INDUSTRIA,-14.7
REFINERIA,-26.22
TRADER,-21.62
REFINERIA,-33.66
INDUSTRIA,-15.28
REFINERIA,-41.44
TRADER,-53.99
TRADER,-22.13
TRADER,-24.56
TRADER,-37.48
REFINERIA,-41.4
REFINERIA,-51.75
REFINERIA,-36.23
TRADER,-45.8
INDUSTRIA,-35.52
INDUSTRIA,-46.99
TRADER,-24.81
REFINERIA,-31.44
TRADER,-12.44
INDUSTRIA,-48.37
INDUSTRIA,-30.29
TRADER,-52.87
INDUSTRIA,-55.96
REFINERIA,-33.66
TRADER,-0.78
INDUSTRIA,-20.56
REFINERIA,-11.05
INDUSTRIA,-40.8
TRADER,-29.14
REFINERIA,-35.69
REFINERIA,-24.53
INDUSTRIA,-29.8
INDUSTRIA,-48.14
INDUSTRIA,-46.45
INDUSTRIA,-24.9
TRADER,-13.04
TRADER,-35.0
REFINERIA,-32.93
INDUSTRIA,-29.42
INDUSTRIA,-39.66
TRADER,-34.55
TRADER,-55.69
TRADER,-15.65
INDUSTRIA,-14.1
TRADER,-31.03
REFINERIA,-14.99
INDUSTRIA,-42.22
INDUSTRIA,-15.93
TRADER,-14.92
REFINERIA,-42.06
TRADER,-6.45
REFINERIA,-21.79
REFINERIA,-21.33
INDUSTRIA,-21.03
TRADER,-53.9
INDUSTRIA,-21.01
INDUSTRIA,-5.72
REFINERIA,-34.72
TRADER,-14.23
TRADER,-48.11
REFINERIA,-28.83
TRADER,-24.36
TRADER,-35.23
TRADER,-45.45
REFINERIA,-26.6
TRADER,-52.94
REFINERIA,-8.09
INDUSTRIA,-42.09
INDUSTRIA,-29.61
REFINERIA,-25.75
REFINERIA,-41.37
TRADER,-33.68
REFINERIA,-24.18
INDUSTRIA,-44.36
TRADER,-72.8
INDUSTRIA,-53.23
INDUSTRIA,-26.84
INDUSTRIA,-54.92
TRADER,-33.98
INDUSTRIA,-32.84
INDUSTRIA,-33.17
INDUSTRIA,-12.06
INDUSTRIA,-23.63
REFINERIA,-47.04
INDUSTRIA,-43.37
INDUSTRIA,-15.03
INDUSTRIA,-75.11
TRADER,-27.02
REFINERIA,-34.74
INDUSTRIA,-29.05
REFINERIA,-20.05
TRADER,-11.07
REFINERIA,-31.28
REFINERIA,-4.99
REFINERIA,-51.77
INDUSTRIA,-36.69
REFINERIA,8.83
TRADER,-24.2
INDUSTRIA,-38.15
TRADER,-40.01
INDUSTRIA,-28.05
TRADER,-14.31
INDUSTRIA,-31.14
REFINERIA,-25.28
INDUSTRIA,-4.47
TRADER,-47.51
TRADER,-23.26
TRADER,-11.89
INDUSTRIA,-27.59
INDUSTRIA,-29.09
INDUSTRIA,-49.76
REFINERIA,-24.57
TRADER,-18.54
TRADER,-53.79
TRADER,-49.64
TRADER,-8.4
INDUSTRIA,-5.17
INDUSTRIA,-22.0
TRADER,-44.77
REFINERIA,-26.92
TRADER,-35.99
INDUSTRIA,-15.91
TRADER,-19.83
TRADER,-30.61
TRADER,-31.82
REFINERIA,-34.85
REFINERIA,-8.0
TRADER,-35.72
TRADER,-17.32
INDUSTRIA,-13.54
REFINERIA,-27.5
TRADER,-13.92
INDUSTRIA,-14.36
REFINERIA,-21.39
TRADER,-17.25
TRADER,-23.22
TRADER,-28.1
REFINERIA,-34.38
REFINERIA,-12.82
REFINERIA,-30.79
INDUSTRIA,-7.86
TRADER,-25.86
REFINERIA,-33.38
REFINERIA,-29.63
TRADER,-52.32
REFINERIA,-50.74
REFINERIA,-45.32
REFINERIA,-54.12
INDUSTRIA,-55.23
TRADER,-16.18
TRADER,-44.18
INDUSTRIA,-44.61
TRADER,-31.89
REFINERIA,-27.6
REFINERIA,-21.22
REFINERIA,-3.82
INDUSTRIA,-25.53
TRADER,-29.44
TRADER,-24.93
REFINERIA,-65.76
REFINERIA,-10.88
INDUSTRIA,-25.62
TRADER,-15.3
TRADER,-5.59
TRADER,-33.61
INDUSTRIA,-48.45
INDUSTRIA,-29.65
INDUSTRIA,-42.26
REFINERIA,-35.43
INDUSTRIA,-3.73
INDUSTRIA,-33.91
REFINERIA,-42.37
TRADER,-9.95
REFINERIA,-16.25
INDUSTRIA,-35.05
INDUSTRIA,-28.83
REFINERIA,-40.34
TRADER,-0.39
REFINERIA,-25.4
REFINERIA,-21.31
INDUSTRIA,-3.75
TRADER,-42.28
REFINERIA,-27.08
INDUSTRIA,-13.24
TRADER,-46.03
REFINERIA,-37.35
TRADER,-24.82
TRADER,-19.69
TRADER,9.03
INDUSTRIA,-45.33
REFINERIA,-30.99
TRADER,-27.58
INDUSTRIA,-41.07
TRADER,-51.0
INDUSTRIA,-14.98
TRADER,-29.14
INDUSTRIA,-66.76
REFINERIA,-39.13
INDUSTRIA,-39.44
INDUSTRIA,-38.84
REFINERIA,-31.71
REFINERIA,-44.79
REFINERIA,-56.32
INDUSTRIA,-21.75
REFINERIA,-44.13
REFINERIA,-36.48
REFINERIA,-56.37
INDUSTRIA,-30.6
INDUSTRIA,8.04
TRADER,-42.07
REFINERIA,-29.29
TRADER,-29.64
REFINERIA,-35.88
TRADER,-8.85
REFINERIA,-34.88
INDUSTRIA,-33.9
REFINERIA,-1.72
INDUSTRIA,-13.32
REFINERIA,-18.98
TRADER,-45.08
TRADER,-32.48
TRADER,7.44
TRADER,-8.35
TRADER,-12.03
REFINERIA,2.67
REFINERIA,-6.29
INDUSTRIA,-14.4
REFINERIA,-33.5
REFINERIA,-23.19
TRADER,-30.97
TRADER,-25.54
TRADER,-39.37
REFINERIA,-47.41
REFINERIA,-38.05
INDUSTRIA,-33.35
REFINERIA,-22.57
REFINERIA,-36.79
TRADER,-14.23
REFINERIA,-41.01
INDUSTRIA,-40.32
INDUSTRIA,-24.61
REFINERIA,-16.1
INDUSTRIA,-37.53
REFINERIA,-14.05
REFINERIA,-50.18
INDUSTRIA,-20.65
INDUSTRIA,-35.36
TRADER,-41.28
INDUSTRIA,-38.6
INDUSTRIA,-25.62
INDUSTRIA,-45.44
TRADER,-2.08
INDUSTRIA,-35.75
INDUSTRIA,-36.64
REFINERIA,-23.79
INDUSTRIA,-25.68
REFINERIA,13.96
TRADER,-29.28
TRADER,-42.13
REFINERIA,-45.52
REFINERIA,-55.09
TRADER,-48.96
REFINERIA,-65.65
TRADER,-31.6
TRADER,-35.12
INDUSTRIA,-39.1
INDUSTRIA,-41.13
TRADER,-41.14
REFINERIA,-32.1
REFINERIA,-35.59
REFINERIA,-29.85
REFINERIA,-40.69
TRADER,-41.57
INDUSTRIA,-31.33
TRADER,-22.79
TRADER,-49.76
REFINERIA,-21.05
REFINERIA,-48.48
TRADER,-24.25
REFINERIA,-41.63
TRADER,-51.56
INDUSTRIA,-24.41
REFINERIA,-17.42
TRADER,-32.32
INDUSTRIA,-32.1
TRADER,-30.96
TRADER,-8.95
TRADER,-30.49
INDUSTRIA,-23.35
INDUSTRIA,-14.95
TRADER,-29.68
INDUSTRIA,-32.72
INDUSTRIA,-51.53
TRADER,-25.14
INDUSTRIA,-12.74
REFINERIA,-15.08
TRADER,-24.9
REFINERIA,-40.65
TRADER,-26.36
REFINERIA,-41.16
INDUSTRIA,-48.81
INDUSTRIA,-17.33
TRADER,-41.36
TRADER,-15.09
INDUSTRIA,-25.55
INDUSTRIA,-49.31
TRADER,-19.6
INDUSTRIA,-42.49
REFINERIA,-38.76
TRADER,-0.27
TRADER,-20.3
REFINERIA,-10.22
REFINERIA,-23.67
INDUSTRIA,-23.46
INDUSTRIA,-16.94
INDUSTRIA,-38.09
REFINERIA,-43.79
TRADER,-15.35
INDUSTRIA,-22.31
INDUSTRIA,-10.04
TRADER,-47.08
INDUSTRIA,-32.16
REFINERIA,-37.41
TRADER,-17.4
TRADER,-22.84
INDUSTRIA,-22.16
TRADER,-36.09
INDUSTRIA,-30.8
REFINERIA,-18.62
INDUSTRIA,-37.61
REFINERIA,-14.79
INDUSTRIA,-36.07
TRADER,-57.47
REFINERIA,-40.4
REFINERIA,-31.05
INDUSTRIA,-34.57
TRADER,-47.12
INDUSTRIA,-73.14
INDUSTRIA,-13.17
INDUSTRIA,-5.82
TRADER,-54.76
TRADER,-24.18
REFINERIA,-7.08
REFINERIA,-40.47
INDUSTRIA,-23.43
REFINERIA,-26.44
TRADER,-25.39
REFINERIA,-9.63
REFINERIA,-28.1
TRADER,-59.79
TRADER,-15.43
INDUSTRIA,-53.31
REFINERIA,-32.38
TRADER,-18.76
TRADER,-39.41
REFINERIA,-45.1
TRADER,-36.91
TRADER,-42.95
INDUSTRIA,-28.2
TRADER,-38.42
REFINERIA,1.84
TRADER,-30.19
REFINERIA,-49.58
REFINERIA,-20.78
TRADER,-61.4
TRADER,-26.32
INDUSTRIA,-23.21
REFINERIA,-32.64
INDUSTRIA,-32.72
INDUSTRIA,-19.53
TRADER,-2.84
REFINERIA,-55.88
TRADER,-16.59
TRADER,-13.87
TRADER,-12.29
INDUSTRIA,-19.28
REFINERIA,-19.52
TRADER,-5.75
INDUSTRIA,-41.89
TRADER,-48.12
REFINERIA,-50.76
INDUSTRIA,-12.51
INDUSTRIA,-7.51
INDUSTRIA,-26.76
INDUSTRIA,-48.58
INDUSTRIA,-45.61
INDUSTRIA,-23.59
INDUSTRIA,-34.79
INDUSTRIA,-25.51
REFINERIA,-48.3
REFINERIA,-60.29
INDUSTRIA,-29.85
TRADER,-3.43
TRADER,-23.12
TRADER,-53.31
INDUSTRIA,-48.59
INDUSTRIA,-53.67
TRADER,-46.54
TRADER,-60.86
INDUSTRIA,-27.39
REFINERIA,-13.74
INDUSTRIA,6.54
INDUSTRIA,-34.36
INDUSTRIA,-38.66
INDUSTRIA,-54.59
INDUSTRIA,-41.14
INDUSTRIA,-29.48
TRADER,-10.11
INDUSTRIA,-30.23
REFINERIA,-24.05
TRADER,-37.53
INDUSTRIA,-12.14
REFINERIA,-33.72
INDUSTRIA,-21.16
TRADER,-22.49
INDUSTRIA,-38.23
TRADER,-28.87
REFINERIA,-39.51
REFINERIA,-10.29
REFINERIA,-55.47
INDUSTRIA,-16.94
TRADER,-31.54
REFINERIA,-20.87
TRADER,-25.16
INDUSTRIA,-2.25
INDUSTRIA,6.27
REFINERIA,-57.85
REFINERIA,-18.09
REFINERIA,-32.45
REFINERIA,-30.07
INDUSTRIA,-31.18
INDUSTRIA,-28.16
INDUSTRIA,-41.56
REFINERIA,-6.35
INDUSTRIA,-12.0
INDUSTRIA,-40.73
TRADER,-56.9
REFINERIA,-69.62
REFINERIA,-11.11
REFINERIA,-12.75
TRADER,-25.86
REFINERIA,-11.82
REFINERIA,-49.05
REFINERIA,-33.0
TRADER,-55.05
TRADER,-38.1
TRADER,-33.47
REFINERIA,-50.53
INDUSTRIA,-33.51
INDUSTRIA,-19.55
REFINERIA,-45.91
TRADER,-40.35
TRADER,-38.21
INDUSTRIA,-15.85
INDUSTRIA,-46.55
REFINERIA,-33.74
INDUSTRIA,-41.4
TRADER,-35.2
TRADER,-22.81
TRADER,-5.94
INDUSTRIA,-54.37
REFINERIA,-19.87
TRADER,-6.05
REFINERIA,-34.38
INDUSTRIA,-34.38
TRADER,-35.71
INDUSTRIA,-3.61
TRADER,-32.33
REFINERIA,-41.38
TRADER,-21.81
REFINERIA,-21.45
TRADER,-38.52
REFINERIA,-4.7
REFINERIA,-45.2
REFINERIA,-44.31
TRADER,-43.11
REFINERIA,-34.05
INDUSTRIA,-29.02
TRADER,-15.52
INDUSTRIA,-16.07
REFINERIA,-20.0
TRADER,-33.24
TRADER,-29.15
INDUSTRIA,-23.31
INDUSTRIA,-22.42
INDUSTRIA,-42.99
REFINERIA,-24.46
REFINERIA,-37.63
TRADER,-33.55
REFINERIA,-12.91
INDUSTRIA,-35.02
REFINERIA,-2.53
TRADER,-34.48
REFINERIA,8.72
REFINERIA,-26.07
INDUSTRIA,-21.97
TRADER,-44.54
TRADER,-42.17
TRADER,-22.52
REFINERIA,0.38
INDUSTRIA,-45.71
TRADER,-40.03
INDUSTRIA,-22.3
TRADER,-42.84
INDUSTRIA,-24.8
REFINERIA,-44.18
TRADER,-22.74
REFINERIA,-30.32
INDUSTRIA,-35.9
INDUSTRIA,-50.31
TRADER,-41.66
REFINERIA,-26.0
TRADER,-42.2
REFINERIA,-33.24
REFINERIA,-41.95
REFINERIA,14.23
REFINERIA,-64.51
INDUSTRIA,-2.19
TRADER,-5.11
INDUSTRIA,-34.92
REFINERIA,-33.05
TRADER,-37.69
REFINERIA,-17.83
INDUSTRIA,-26.0
REFINERIA,-33.02
TRADER,-13.68
TRADER,-47.48
TRADER,-31.45
INDUSTRIA,-52.92
TRADER,-47.53
TRADER,-45.09
INDUSTRIA,-30.37
INDUSTRIA,-17.71
INDUSTRIA,-31.97
TRADER,-53.11
INDUSTRIA,-11.36
REFINERIA,-12.62
INDUSTRIA,-37.93
REFINERIA,-31.3
REFINERIA,-21.63
TRADER,-27.29
INDUSTRIA,-26.91
TRADER,-20.13
REFINERIA,-27.41
INDUSTRIA,-34.95
REFINERIA,-7.57
INDUSTRIA,-54.82
INDUSTRIA,-44.27
INDUSTRIA,-26.25
TRADER,-12.2
REFINERIA,-42.06
REFINERIA,-59.46
REFINERIA,-47.26
REFINERIA,-30.75
TRADER,-24.82
INDUSTRIA,-3.7
INDUSTRIA,-25.29
INDUSTRIA,-44.52
INDUSTRIA,-5.01
REFINERIA,-7.61
REFINERIA,-44.25
TRADER,-41.03
TRADER,-34.48
INDUSTRIA,-51.76
REFINERIA,-32.43
TRADER,-40.93
TRADER,-32.3
INDUSTRIA,-34.22
REFINERIA,-17.04
INDUSTRIA,-19.11
REFINERIA,-46.36
TRADER,-12.34
INDUSTRIA,-53.03
TRADER,-25.1
REFINERIA,-32.78
REFINERIA,-27.22
INDUSTRIA,-8.11
TRADER,-22.01
TRADER,-44.55
INDUSTRIA,-35.52
INDUSTRIA,-60.64
INDUSTRIA,-39.61
REFINERIA,-36.72
INDUSTRIA,-27.05
INDUSTRIA,-30.02
INDUSTRIA,-18.74
REFINERIA,-25.81
INDUSTRIA,-39.41
INDUSTRIA,-27.14
TRADER,-38.63
INDUSTRIA,-41.86
REFINERIA,-29.34
TRADER,-30.09
TRADER,-54.16
REFINERIA,-38.73
INDUSTRIA,-66.8
TRADER,-59.14
TRADER,-17.51
TRADER,-31.51
INDUSTRIA,-45.55
TRADER,-33.87
REFINERIA,-3.1
TRADER,-33.87
REFINERIA,-12.53
REFINERIA,-26.12
TRADER,-40.13
REFINERIA,-8.24
INDUSTRIA,-35.24
REFINERIA,-12.02
TRADER,-73.25
REFINERIA,-34.39
REFINERIA,-55.57
REFINERIA,-6.98
REFINERIA,-28.93
INDUSTRIA,-13.22
REFINERIA,-45.64
TRADER,-15.02
REFINERIA,-73.93
TRADER,-20.74
INDUSTRIA,-22.32
INDUSTRIA,-37.64
TRADER,-28.44
INDUSTRIA,-13.48
REFINERIA,-36.32
INDUSTRIA,-7.79
REFINERIA,-33.07
TRADER,-19.17
TRADER,-30.85
REFINERIA,-16.49
TRADER,17.29
INDUSTRIA,-30.83
INDUSTRIA,-23.62
REFINERIA,-44.54
TRADER,-39.89
INDUSTRIA,-30.45
INDUSTRIA,-27.37
INDUSTRIA,-52.55
TRADER,-22.92
REFINERIA,-5.9
INDUSTRIA,-27.98
TRADER,-30.14
REFINERIA,-41.72
INDUSTRIA,-18.37
INDUSTRIA,-18.42
TRADER,-25.43
INDUSTRIA,-25.51
TRADER,-17.5
INDUSTRIA,-10.1
INDUSTRIA,-44.05
INDUSTRIA,-28.75
REFINERIA,-24.48
REFINERIA,-34.86
INDUSTRIA,-25.54
INDUSTRIA,-56.9
TRADER,-46.94
INDUSTRIA,-8.08
INDUSTRIA,-45.93
TRADER,-45.58
REFINERIA,-26.54
INDUSTRIA,-6.5
TRADER,-32.57
REFINERIA,-28.63
REFINERIA,-24.88
TRADER,-45.63
INDUSTRIA,-43.08
INDUSTRIA,0.83
TRADER,-17.22
REFINERIA,-25.6
REFINERIA,-3.88
INDUSTRIA,-45.4
INDUSTRIA,-57.49
REFINERIA,-27.38
REFINERIA,-9.35
REFINERIA,-26.28
TRADER,-10.8
INDUSTRIA,-6.2
INDUSTRIA,-58.94
INDUSTRIA,-37.76
TRADER,-26.63
INDUSTRIA,-15.62
REFINERIA,-37.37
REFINERIA,-3.92
REFINERIA,-17.41
REFINERIA,-8.92
REFINERIA,-46.79
INDUSTRIA,-27.81
REFINERIA,-0.35
REFINERIA,-14.38
INDUSTRIA,-39.07
INDUSTRIA,-19.15
INDUSTRIA,-21.88
INDUSTRIA,-31.0
TRADER,-32.48
REFINERIA,-34.77
INDUSTRIA,-16.41
TRADER,-25.79
REFINERIA,-40.26
REFINERIA,-11.11
INDUSTRIA,-41.78
TRADER,-47.74
TRADER,-40.17
TRADER,-24.18
INDUSTRIA,-27.5
REFINERIA,-12.33
TRADER,-47.94
INDUSTRIA,-4.18
TRADER,-39.41
REFINERIA,-34.35
TRADER,-28.97
INDUSTRIA,-20.11
TRADER,-37.22
TRADER,-23.14
INDUSTRIA,-31.09
TRADER,-32.92
TRADER,-24.95
REFINERIA,-34.95
INDUSTRIA,-36.21
INDUSTRIA,-60.53
INDUSTRIA,-32.19
TRADER,-24.83
REFINERIA,-12.76
REFINERIA,-48.45
REFINERIA,-25.08
TRADER,-42.11
REFINERIA,-52.2
REFINERIA,-31.81
REFINERIA,-34.54
INDUSTRIA,-41.65
TRADER,-48.57
REFINERIA,-42.37
REFINERIA,-27.23
REFINERIA,-30.83
INDUSTRIA,-50.95
TRADER,2.59
INDUSTRIA,-18.57
TRADER,-9.77
INDUSTRIA,-38.85
TRADER,-34.89
REFINERIA,-11.87
INDUSTRIA,-6.88
INDUSTRIA,-23.4
REFINERIA,-40.69
REFINERIA,-40.62
INDUSTRIA,-18.13
TRADER,-43.16
REFINERIA,-20.96
INDUSTRIA,-28.89
TRADER,-28.79
TRADER,-14.01
INDUSTRIA,-41.41
REFINERIA,-51.59
TRADER,-17.47
TRADER,-15.06
TRADER,-47.95
REFINERIA,-30.09
TRADER,-34.73
TRADER,-22.99
REFINERIA,-30.96
TRADER,-19.11
INDUSTRIA,-29.31
TRADER,-40.25
INDUSTRIA,-23.72
TRADER,-20.34
REFINERIA,-76.59
TRADER,-17.01
INDUSTRIA,-29.53
REFINERIA,-28.51
REFINERIA,-22.06
REFINERIA,-21.19
TRADER,-56.42
TRADER,-16.56
REFINERIA,-33.78
TRADER,-55.65
INDUSTRIA,-9.36
INDUSTRIA,-18.48
REFINERIA,-32.89
TRADER,-48.89
TRADER,-10.11
REFINERIA,-17.7
TRADER,-27.9
REFINERIA,-28.9
TRADER,-6.18
REFINERIA,-46.78
TRADER,-45.63
INDUSTRIA,-14.85
INDUSTRIA,-27.04
TRADER,-10.65
INDUSTRIA,-31.68
REFINERIA,-28.17
TRADER,-38.0
TRADER,-24.42
INDUSTRIA,-19.74
TRADER,-40.8
TRADER,-37.78
TRADER,-28.62
REFINERIA,-52.8
REFINERIA,-46.01
INDUSTRIA,-36.8
REFINERIA,-40.81
INDUSTRIA,-27.61
INDUSTRIA,-46.61
REFINERIA,-18.33
TRADER,-53.73
INDUSTRIA,-28.25
INDUSTRIA,-23.38
REFINERIA,-41.2
TRADER,-50.51
INDUSTRIA,-54.68
TRADER,-32.79
TRADER,-41.69
REFINERIA,-10.8
REFINERIA,-57.89
TRADER,-17.08
TRADER,-40.06
REFINERIA,-6.78
REFINERIA,-23.79
TRADER,-55.22
TRADER,-30.79
TRADER,-36.88
TRADER,-56.54
TRADER,-21.98
INDUSTRIA,-38.83
TRADER,-0.46
INDUSTRIA,-13.24
INDUSTRIA,-14.6
INDUSTRIA,-52.87
TRADER,-55.09
TRADER,-32.77
INDUSTRIA,-29.53
REFINERIA,-48.96
INDUSTRIA,-37.28
REFINERIA,-44.83
INDUSTRIA,-20.6
REFINERIA,-41.75
INDUSTRIA,-42.46
REFINERIA,-28.39
TRADER,-40.15
INDUSTRIA,-21.72
REFINERIA,-35.93
INDUSTRIA,-17.89
REFINERIA,-49.0
REFINERIA,-45.97
REFINERIA,-5.61
TRADER,-20.07
REFINERIA,-6.68
TRADER,-38.84
REFINERIA,-27.68
INDUSTRIA,-32.48
TRADER,-17.08
REFINERIA,-25.3
TRADER,-35.68
TRADER,-25.9
REFINERIA,-2.5
TRADER,-26.46
INDUSTRIA,-51.54
TRADER,-38.69
REFINERIA,-36.51
TRADER,-47.54
TRADER,-34.81
TRADER,-40.88
INDUSTRIA,-41.43
TRADER,-14.78
INDUSTRIA,-46.96
REFINERIA,-73.42
REFINERIA,-21.25
REFINERIA,-30.84
TRADER,-10.56
INDUSTRIA,-34.29
INDUSTRIA,-39.62
TRADER,-11.73
INDUSTRIA,-41.53
INDUSTRIA,-20.41
TRADER,-47.81
TRADER,-24.59
INDUSTRIA,-17.88
INDUSTRIA,-1.1
INDUSTRIA,-33.57
REFINERIA,-25.65
TRADER,-20.57
REFINERIA,-36.95
REFINERIA,-33.15
REFINERIA,-30.13
INDUSTRIA,-25.02
TRADER,-32.39
INDUSTRIA,-40.44
TRADER,-5.95
REFINERIA,-15.74
REFINERIA,-32.6
REFINERIA,-7.35
TRADER,-29.9
REFINERIA,-37.52
INDUSTRIA,-38.31
INDUSTRIA,-36.82
REFINERIA,-14.67
TRADER,-28.04
REFINERIA,-1.46
INDUSTRIA,-26.5
INDUSTRIA,-41.29
INDUSTRIA,4.11
TRADER,-41.4
REFINERIA,-37.94
INDUSTRIA,-36.31
INDUSTRIA,-33.8
INDUSTRIA,-55.29
TRADER,-41.93
TRADER,-10.98
REFINERIA,-24.76
REFINERIA,-4.94
TRADER,-31.22
TRADER,-43.64
INDUSTRIA,-36.11
INDUSTRIA,-47.04
INDUSTRIA,-12.07
INDUSTRIA,-48.24
TRADER,-38.04
REFINERIA,-63.47
TRADER,-10.17
INDUSTRIA,-29.23
TRADER,-52.21
REFINERIA,-55.98
REFINERIA,-14.45
INDUSTRIA,-18.11
REFINERIA,-14.69
TRADER,-33.98
TRADER,-33.62
REFINERIA,-28.61
REFINERIA,-20.57
REFINERIA,-55.84
REFINERIA,-22.84
REFINERIA,-34.68
TRADER,-44.99
INDUSTRIA,-34.82
INDUSTRIA,-32.54
TRADER,-41.85
TRADER,-39.76
TRADER,-31.83
TRADER,-41.45
INDUSTRIA,-34.04
INDUSTRIA,-12.61
REFINERIA,-33.21
REFINERIA,-34.83
INDUSTRIA,-33.58
REFINERIA,-21.42
REFINERIA,-5.76
REFINERIA,-24.93
TRADER,-39.14
INDUSTRIA,-36.85
INDUSTRIA,-10.7
REFINERIA,-39.31
TRADER,-8.94
INDUSTRIA,-49.69
TRADER,-29.65
INDUSTRIA,-37.74
TRADER,-5.94
INDUSTRIA,-5.51
TRADER,-12.71
REFINERIA,-52.96
REFINERIA,-23.05
TRADER,-33.5
INDUSTRIA,-40.38
INDUSTRIA,-28.72
TRADER,-14.73
REFINERIA,-41.85
REFINERIA,-1.52
TRADER,-45.56
REFINERIA,-21.72
INDUSTRIA,-30.07
REFINERIA,8.39
TRADER,-50.64
INDUSTRIA,-31.63
REFINERIA,-3.55
INDUSTRIA,5.42
REFINERIA,-27.08
TRADER,-11.07
TRADER,-14.17
INDUSTRIA,-39.77
REFINERIA,-25.45
TRADER,-54.04
REFINERIA,-33.46
TRADER,-32.9
REFINERIA,-23.73
INDUSTRIA,-20.45
TRADER,-26.06
TRADER,-41.44
REFINERIA,-8.74
REFINERIA,-19.4
REFINERIA,-17.49
TRADER,-35.25
TRADER,-24.61
TRADER,-24.83
INDUSTRIA,-26.76
INDUSTRIA,-52.55
REFINERIA,-29.92
INDUSTRIA,-22.18
INDUSTRIA,-11.19
TRADER,-35.75
REFINERIA,-19.76
REFINERIA,-37.79
REFINERIA,-22.15
REFINERIA,-27.24
INDUSTRIA,-30.69
INDUSTRIA,-26.53
TRADER,-40.81
TRADER,-32.86
INDUSTRIA,-11.93
REFINERIA,-20.55
REFINERIA,-29.73
TRADER,-37.53
TRADER,-36.89
REFINERIA,-22.38
TRADER,-3.22
REFINERIA,-41.53
TRADER,-41.28
TRADER,-20.16
INDUSTRIA,-48.4
INDUSTRIA,-30.72
INDUSTRIA,-10.72
REFINERIA,-43.72
REFINERIA,-63.54
REFINERIA,-44.56
TRADER,-32.39
TRADER,-16.9
INDUSTRIA,-19.48
INDUSTRIA,-12.3
INDUSTRIA,-24.27
TRADER,-22.62
INDUSTRIA,-37.88
TRADER,-29.5
TRADER,-34.17
INDUSTRIA,-39.2
REFINERIA,-50.74
INDUSTRIA,-13.07
INDUSTRIA,-41.44
INDUSTRIA,-23.69
INDUSTRIA,0.14
TRADER,-39.04
TRADER,-42.08
REFINERIA,-38.15
TRADER,-47.04
TRADER,-43.82
INDUSTRIA,-18.14
REFINERIA,-7.53
TRADER,-43.85
TRADER,-46.31
REFINERIA,-77.1
TRADER,-32.75
TRADER,-46.52
INDUSTRIA,-45.32
REFINERIA,-26.56
INDUSTRIA,-45.56
REFINERIA,-41.07
INDUSTRIA,-47.28
TRADER,-32.77
INDUSTRIA,-23.53
REFINERIA,-0.21
INDUSTRIA,-13.65
INDUSTRIA,-19.35
REFINERIA,-9.49
TRADER,-5.61
INDUSTRIA,-45.11
TRADER,-38.34
INDUSTRIA,-10.77
INDUSTRIA,-29.75
REFINERIA,-29.58
TRADER,-49.83
REFINERIA,-11.78
REFINERIA,-25.45
INDUSTRIA,-41.91
INDUSTRIA,-17.73
INDUSTRIA,-30.8
REFINERIA,-45.18
REFINERIA,-33.32
TRADER,-24.25
TRADER,-28.11
TRADER,-11.94
REFINERIA,-37.81
REFINERIA,-6.25
TRADER,-73.92
INDUSTRIA,-25.07
INDUSTRIA,-40.26
TRADER,-25.68
INDUSTRIA,-35.59
INDUSTRIA,-50.41
TRADER,-6.47
REFINERIA,-29.42
TRADER,-30.76
REFINERIA,-47.0
TRADER,-25.16
INDUSTRIA,-30.02
INDUSTRIA,-17.18
TRADER,-28.86
INDUSTRIA,-34.32
INDUSTRIA,-16.72
INDUSTRIA,-56.03
TRADER,-8.45
INDUSTRIA,-11.42
INDUSTRIA,-57.64
INDUSTRIA,-25.43
INDUSTRIA,-25.43
TRADER,-20.02
REFINERIA,-41.66
REFINERIA,-10.79
REFINERIA,-42.42
INDUSTRIA,-11.41
INDUSTRIA,-38.61
INDUSTRIA,-52.35
REFINERIA,-38.33
REFINERIA,-36.98
INDUSTRIA,-19.74
REFINERIA,-23.87
INDUSTRIA,-27.12
TRADER,-41.49
TRADER,-30.48
TRADER,-29.82
TRADER,-29.31
REFINERIA,-49.19
INDUSTRIA,-42.87
REFINERIA,-22.35
REFINERIA,-27.32
TRADER,-24.41
REFINERIA,-51.27
TRADER,-11.56
INDUSTRIA,-16.13
REFINERIA,-40.4
REFINERIA,-35.87
INDUSTRIA,-38.7
TRADER,-1.38
INDUSTRIA,-21.89
TRADER,-56.91
REFINERIA,-40.15
INDUSTRIA,-37.36
INDUSTRIA,-11.77
INDUSTRIA,-0.14
TRADER,-25.57
TRADER,-40.03
REFINERIA,-3.88
REFINERIA,-44.92
REFINERIA,-21.68
TRADER,-42.56
REFINERIA,-31.39
REFINERIA,-30.08
TRADER,-50.27
REFINERIA,-33.55
INDUSTRIA,-46.92
TRADER,-48.88
REFINERIA,-41.64
TRADER,-23.0
INDUSTRIA,12.58
TRADER,-32.48
INDUSTRIA,-37.23
REFINERIA,-19.35
TRADER,-17.46
REFINERIA,-27.14
INDUSTRIA,-43.8
INDUSTRIA,-11.58
TRADER,-20.79
TRADER,-38.4
INDUSTRIA,-21.37
INDUSTRIA,-31.96
INDUSTRIA,-37.02
TRADER,-46.91
TRADER,-40.85
TRADER,-17.26
REFINERIA,-25.59
TRADER,-61.73
REFINERIA,-15.08
TRADER,-17.18
REFINERIA,-41.35
REFINERIA,-28.3
INDUSTRIA,-32.94
REFINERIA,-15.98
REFINERIA,-44.42
INDUSTRIA,-3.13
REFINERIA,-40.17
REFINERIA,-13.19
TRADER,-22.4
REFINERIA,-1.14
TRADER,-21.42
REFINERIA,-12.46
INDUSTRIA,-17.67
INDUSTRIA,-45.48
TRADER,-39.61
REFINERIA,-37.9
INDUSTRIA,-52.42
INDUSTRIA,-53.12
TRADER,-0.04
REFINERIA,0.57
REFINERIA,-27.84
TRADER,-23.95
INDUSTRIA,-30.95
INDUSTRIA,-17.63
INDUSTRIA,-45.2
REFINERIA,-36.21
REFINERIA,-24.16
REFINERIA,-43.86
TRADER,-59.05
INDUSTRIA,-16.44
INDUSTRIA,-27.8
TRADER,-39.92
INDUSTRIA,-43.29
REFINERIA,-24.33
REFINERIA,-27.42
TRADER,-30.28
REFINERIA,-22.44
TRADER,-49.54
REFINERIA,-26.12
TRADER,-41.73
REFINERIA,-30.84
REFINERIA,-20.59
TRADER,-37.27
INDUSTRIA,-35.81
TRADER,-12.85
TRADER,-42.76
INDUSTRIA,-66.53
TRADER,-21.87
INDUSTRIA,-57.88
TRADER,-9.93
INDUSTRIA,-37.7
TRADER,-39.66
INDUSTRIA,-29.07
REFINERIA,-23.11
REFINERIA,-18.54
INDUSTRIA,-44.86
INDUSTRIA,-15.46
TRADER,-39.17
TRADER,-50.88
TRADER,-49.38
REFINERIA,-68.79
INDUSTRIA,-36.54
TRADER,-40.91
INDUSTRIA,2.13
INDUSTRIA,-47.46
REFINERIA,-33.21
REFINERIA,-57.55
INDUSTRIA,-38.74
TRADER,-8.88
REFINERIA,-11.89
INDUSTRIA,-35.87
TRADER,-32.65
REFINERIA,-11.73
REFINERIA,-20.44
REFINERIA,-16.82
REFINERIA,-21.69
INDUSTRIA,-30.11
TRADER,-25.17
REFINERIA,-29.48
INDUSTRIA,4.16
TRADER,-57.45
TRADER,-46.06
REFINERIA,-15.19
TRADER,-40.74
INDUSTRIA,-30.68
TRADER,-34.93
TRADER,-21.19
REFINERIA,-48.05
REFINERIA,-21.04
INDUSTRIA,-28.94
REFINERIA,-9.11
INDUSTRIA,-15.58
REFINERIA,-28.7
TRADER,-53.64
TRADER,-24.49
TRADER,-12.01
REFINERIA,-26.05
REFINERIA,-29.64
REFINERIA,-40.25
REFINERIA,-45.91
REFINERIA,-22.55
REFINERIA,-46.98
INDUSTRIA,-28.91
INDUSTRIA,-13.72
TRADER,-25.68
TRADER,-68.61
TRADER,-48.55
REFINERIA,-38.17
TRADER,-24.88
REFINERIA,-17.56
REFINERIA,-19.31
REFINERIA,-60.03
INDUSTRIA,-16.22
INDUSTRIA,-33.59
TRADER,-16.76
TRADER,-40.24
REFINERIA,11.1
INDUSTRIA,-54.82
REFINERIA,-26.97
TRADER,-45.93
REFINERIA,-16.01
REFINERIA,-27.25
REFINERIA,-35.85
REFINERIA,-60.91
INDUSTRIA,-45.02
REFINERIA,-32.0
REFINERIA,-38.33
INDUSTRIA,-50.84
REFINERIA,-24.83
REFINERIA,-25.49
TRADER,-35.33
INDUSTRIA,-27.22
REFINERIA,-37.08
TRADER,-55.21
REFINERIA,-32.2
TRADER,-43.28
TRADER,-20.1
INDUSTRIA,-34.66
INDUSTRIA,-22.83
INDUSTRIA,-33.38
TRADER,-43.4
TRADER,-56.5
TRADER,-16.03
REFINERIA,6.14
TRADER,-42.91
REFINERIA,-9.08
REFINERIA,-34.6
INDUSTRIA,-27.95
INDUSTRIA,-25.58
INDUSTRIA,-12.03
INDUSTRIA,-17.43
TRADER,-25.66
REFINERIA,-38.69
TRADER,-9.44
REFINERIA,-38.82
TRADER,-21.82
REFINERIA,-34.57
REFINERIA,-30.77
INDUSTRIA,-55.7
TRADER,-29.19
INDUSTRIA,-28.45
INDUSTRIA,-29.86
TRADER,-25.54
REFINERIA,-37.35
INDUSTRIA,-58.21
TRADER,-26.39
REFINERIA,-38.62
TRADER,-22.58
REFINERIA,-21.9
TRADER,-51.52
TRADER,-22.39
REFINERIA,-31.72
INDUSTRIA,-16.34
REFINERIA,-34.64
REFINERIA,-22.18
INDUSTRIA,-65.78
INDUSTRIA,-13.58
REFINERIA,-21.56
REFINERIA,-36.44
TRADER,-0.06
INDUSTRIA,-26.2
TRADER,-26.74
TRADER,-23.95
INDUSTRIA,-30.33
INDUSTRIA,-29.07
TRADER,-18.24
INDUSTRIA,-19.04
REFINERIA,-42.84
REFINERIA,-11.4
REFINERIA,-49.66
REFINERIA,-38.06
INDUSTRIA,-15.59
TRADER,-8.82
TRADER,-32.26
REFINERIA,-24.22
TRADER,-45.78
INDUSTRIA,-30.9
TRADER,-24.4
INDUSTRIA,-50.84
TRADER,-36.0
INDUSTRIA,-28.47
INDUSTRIA,-41.31
REFINERIA,-35.5
INDUSTRIA,-15.66
INDUSTRIA,-21.98
REFINERIA,-26.3
REFINERIA,-37.29
INDUSTRIA,-29.84
TRADER,-34.91
INDUSTRIA,1.89
INDUSTRIA,-20.44
TRADER,-33.8
REFINERIA,-54.89
TRADER,-21.51
REFINERIA,-47.99
INDUSTRIA,-25.21
REFINERIA,-24.88
REFINERIA,-35.6
TRADER,-34.12
REFINERIA,-12.44
REFINERIA,-30.9
TRADER,-27.59
REFINERIA,-32.67
TRADER,-33.44
TRADER,-10.81
INDUSTRIA,-40.79
REFINERIA,-42.13
TRADER,-22.17
TRADER,-41.3
TRADER,-48.48
TRADER,-35.6
REFINERIA,-18.57
TRADER,-13.71
INDUSTRIA,-52.75
INDUSTRIA,-43.49
TRADER,-39.22
TRADER,-30.59
INDUSTRIA,-11.98
REFINERIA,-15.51
TRADER,-33.41
INDUSTRIA,-33.11
TRADER,-37.86
TRADER,-23.93
INDUSTRIA,-30.42
INDUSTRIA,-15.27
INDUSTRIA,-4.24
INDUSTRIA,-28.02
REFINERIA,-21.29
TRADER,-16.06
REFINERIA,-36.08
REFINERIA,-27.88
TRADER,-27.42
REFINERIA,-2.53
INDUSTRIA,-40.79
REFINERIA,-46.46
TRADER,-15.8
REFINERIA,-39.13
REFINERIA,-40.81
REFINERIA,-8.63
REFINERIA,-62.32
REFINERIA,-27.6
INDUSTRIA,-16.54
TRADER,-22.72
TRADER,0.56
TRADER,-26.7
TRADER,-31.43
TRADER,-25.53
INDUSTRIA,-41.03
REFINERIA,-44.46
TRADER,-37.5
REFINERIA,-16.82
INDUSTRIA,-37.98
TRADER,-49.61
INDUSTRIA,-45.2
TRADER,-43.48
REFINERIA,-13.31
INDUSTRIA,-30.74
TRADER,-18.87
TRADER,-0.37
TRADER,-13.84
INDUSTRIA,-49.16
REFINERIA,-9.12
REFINERIA,-26.15
INDUSTRIA,-13.73
INDUSTRIA,-1.93
REFINERIA,-39.46
REFINERIA,-27.5
TRADER,-21.22
REFINERIA,-52.43
INDUSTRIA,-20.84
TRADER,-54.02
INDUSTRIA,-19.05
INDUSTRIA,-25.16
TRADER,-29.83
INDUSTRIA,-32.27
REFINERIA,-17.03
TRADER,-37.6
TRADER,-7.44
REFINERIA,-37.77
TRADER,-31.51
INDUSTRIA,-24.6
TRADER,-46.94
INDUSTRIA,-29.3
INDUSTRIA,-23.06
REFINERIA,-30.82
TRADER,-48.84
TRADER,-20.04
INDUSTRIA,-39.1
REFINERIA,-25.03
REFINERIA,-13.2
TRADER,-27.77
TRADER,-24.56
INDUSTRIA,-19.31
TRADER,-42.14
INDUSTRIA,-35.04
REFINERIA,-85.43
INDUSTRIA,-31.29
REFINERIA,-16.82
REFINERIA,-43.85
TRADER,-17.86
TRADER,-36.36
TRADER,-48.63
REFINERIA,-43.49
TRADER,-51.42
REFINERIA,-35.11
REFINERIA,-44.98
INDUSTRIA,-22.76
REFINERIA,-46.12
REFINERIA,-61.02
INDUSTRIA,-24.62
REFINERIA,-24.97
REFINERIA,-34.96
INDUSTRIA,-30.52
TRADER,-16.37
INDUSTRIA,-10.67
TRADER,14.63
REFINERIA,-19.26
INDUSTRIA,-49.3
INDUSTRIA,-54.62
INDUSTRIA,-52.76
INDUSTRIA,-26.88
INDUSTRIA,-34.38
TRADER,-51.29
INDUSTRIA,-45.31
TRADER,-8.77
TRADER,-40.73
TRADER,-39.21
TRADER,-39.31
TRADER,14.33
REFINERIA,-27.49
INDUSTRIA,-20.41
INDUSTRIA,-36.92
INDUSTRIA,-27.27
REFINERIA,-31.19
REFINERIA,-8.26
TRADER,-33.78
REFINERIA,-37.29
TRADER,-28.62
INDUSTRIA,-27.7
REFINERIA,-31.85
REFINERIA,-46.49
REFINERIA,-39.34
TRADER,-18.8
TRADER,-58.25
REFINERIA,-45.66
INDUSTRIA,-24.9
REFINERIA,-25.92
REFINERIA,-13.09
TRADER,-51.28
REFINERIA,-24.78
REFINERIA,-34.77
REFINERIA,0.14
INDUSTRIA,-16.02
REFINERIA,-55.49
REFINERIA,-38.59
INDUSTRIA,-18.35
REFINERIA,-20.48
TRADER,-52.35
TRADER,-31.3
INDUSTRIA,-68.47
TRADER,-26.79
REFINERIA,-48.24
INDUSTRIA,-19.54
INDUSTRIA,-0.71
REFINERIA,-46.05
TRADER,-10.91
TRADER,-12.93
TRADER,2.89
REFINERIA,-22.62
TRADER,5.07
INDUSTRIA,-37.09
REFINERIA,-39.92
TRADER,-21.28
INDUSTRIA,-24.04
INDUSTRIA,-19.15
REFINERIA,-52.39
TRADER,-67.54
TRADER,-41.66
INDUSTRIA,-22.07
TRADER,-15.25
TRADER,-45.41
TRADER,-28.76
TRADER,-15.69
INDUSTRIA,-21.65
INDUSTRIA,-31.24
REFINERIA,-23.47
INDUSTRIA,-24.25
TRADER,-16.54
REFINERIA,-16.64
INDUSTRIA,-16.74
TRADER,-1.13
TRADER,-56.17
TRADER,-23.07
INDUSTRIA,-30.08
REFINERIA,-15.76
REFINERIA,-34.05
INDUSTRIA,-41.66
INDUSTRIA,-10.59
TRADER,-30.45
TRADER,-38.25
INDUSTRIA,-23.24
REFINERIA,-26.13
TRADER,-31.37
INDUSTRIA,-14.91
INDUSTRIA,-37.51
TRADER,-34.46
INDUSTRIA,-60.53
INDUSTRIA,-24.09
INDUSTRIA,-4.42
TRADER,-19.4
REFINERIA,-40.25
INDUSTRIA,-27.73
REFINERIA,-31.31
INDUSTRIA,-28.44
INDUSTRIA,-34.28
INDUSTRIA,-23.06
INDUSTRIA,-38.67
TRADER,-24.76
TRADER,-22.78
TRADER,-33.09
TRADER,-28.83
TRADER,-18.45
TRADER,-36.24
REFINERIA,-23.43
INDUSTRIA,-18.27
TRADER,-36.98
TRADER,-14.56
TRADER,-40.92
INDUSTRIA,-20.17
TRADER,-44.62
REFINERIA,-35.62
TRADER,-28.55
REFINERIA,-63.56
TRADER,-15.53
REFINERIA,-17.66
TRADER,-19.33
TRADER,-17.37
TRADER,-28.71
REFINERIA,-33.12
TRADER,-23.08
TRADER,-48.99
INDUSTRIA,-52.64
INDUSTRIA,-22.19
TRADER,-40.02
REFINERIA,-33.27
INDUSTRIA,-57.94
TRADER,-54.76
INDUSTRIA,-46.74
REFINERIA,-31.06
TRADER,-41.73
INDUSTRIA,-44.31
REFINERIA,-51.66
REFINERIA,-40.46
INDUSTRIA,-45.87
REFINERIA,-46.09
INDUSTRIA,-28.51
INDUSTRIA,-43.38
INDUSTRIA,-25.18
INDUSTRIA,-18.05
REFINERIA,-48.82
INDUSTRIA,-15.51
REFINERIA,-33.09
REFINERIA,-35.84
TRADER,-46.51
REFINERIA,-28.19
INDUSTRIA,-33.18
TRADER,-24.16
TRADER,-39.29
TRADER,-18.09
TRADER,-24.4
INDUSTRIA,-6.82
REFINERIA,-16.93
INDUSTRIA,-12.41
TRADER,-23.71
INDUSTRIA,-55.19
REFINERIA,-13.17
TRADER,-7.22
INDUSTRIA,-31.89
REFINERIA,-19.9
REFINERIA,-56.05
INDUSTRIA,-11.19
INDUSTRIA,-38.92
INDUSTRIA,-48.4
REFINERIA,-28.99
REFINERIA,-25.13
TRADER,-11.04
TRADER,2.19
TRADER,-44.35
REFINERIA,3.45
INDUSTRIA,-65.01
REFINERIA,9.68
INDUSTRIA,-43.34
REFINERIA,-29.88
TRADER,-19.16
REFINERIA,-35.7
REFINERIA,-22.37
REFINERIA,-19.47
TRADER,-33.46
REFINERIA,-37.38
INDUSTRIA,-41.13
TRADER,-40.7
TRADER,-34.83
TRADER,-35.88
REFINERIA,-13.27
REFINERIA,-40.35
TRADER,-32.24
TRADER,-27.43
INDUSTRIA,-40.0
REFINERIA,-23.67
TRADER,-55.26
INDUSTRIA,-60.61
TRADER,-36.25
REFINERIA,-36.79
REFINERIA,-29.83
REFINERIA,-58.3
INDUSTRIA,-25.57
INDUSTRIA,-26.28
REFINERIA,-23.98
REFINERIA,-46.01
INDUSTRIA,-9.54
REFINERIA,-20.58
INDUSTRIA,-48.57
INDUSTRIA,-31.47
INDUSTRIA,-14.24
INDUSTRIA,-38.32
REFINERIA,-10.6
REFINERIA,-21.9
TRADER,-25.3
INDUSTRIA,-20.4
TRADER,-32.15
REFINERIA,-43.58
INDUSTRIA,-80.06
TRADER,-33.54
REFINERIA,-28.89
REFINERIA,-38.24
REFINERIA,-29.05
REFINERIA,-16.72
INDUSTRIA,-22.38
INDUSTRIA,-33.6
INDUSTRIA,-32.98
TRADER,-60.22
INDUSTRIA,-25.46
REFINERIA,-35.13
REFINERIA,-20.89
TRADER,-34.47
INDUSTRIA,-71.78
REFINERIA,-24.46
REFINERIA,-22.65
TRADER,-27.51
REFINERIA,-29.52
REFINERIA,-40.25
INDUSTRIA,-11.47
INDUSTRIA,-39.75
REFINERIA,-30.02
INDUSTRIA,-19.18
INDUSTRIA,-30.81
REFINERIA,-21.86
REFINERIA,-33.13
INDUSTRIA,-42.97
REFINERIA,-28.15
INDUSTRIA,-9.94
TRADER,-25.24
TRADER,-17.69
TRADER,-27.08
INDUSTRIA,-19.26
TRADER,-26.6
TRADER,-50.74
INDUSTRIA,-54.36
REFINERIA,-21.35
TRADER,-42.46
INDUSTRIA,-42.35
REFINERIA,-44.27
INDUSTRIA,-30.66
INDUSTRIA,-37.13
REFINERIA,-21.02
REFINERIA,-42.05
TRADER,-58.61
REFINERIA,-26.61
REFINERIA,-27.06
TRADER,-54.46
TRADER,-29.43
TRADER,-50.84
REFINERIA,-57.99
TRADER,-21.68
REFINERIA,-17.58
TRADER,-22.73
REFINERIA,-50.6
TRADER,-42.69
INDUSTRIA,4.73
INDUSTRIA,-23.24
TRADER,-31.44
INDUSTRIA,4.74
INDUSTRIA,-33.42
INDUSTRIA,-10.59
INDUSTRIA,-33.91
INDUSTRIA,-35.78
TRADER,-30.91
REFINERIA,-57.43
REFINERIA,-46.12
TRADER,-25.66
REFINERIA,-37.6
REFINERIA,-42.51
REFINERIA,-35.9
REFINERIA,-24.16
REFINERIA,-58.37
TRADER,-29.11
TRADER,-30.44
TRADER,-41.37
INDUSTRIA,-42.51
INDUSTRIA,-24.82
REFINERIA,-40.06
INDUSTRIA,-35.22
REFINERIA,-49.33
INDUSTRIA,-33.24
REFINERIA,-36.82
INDUSTRIA,-34.61
REFINERIA,-36.45
TRADER,-54.56
REFINERIA,-39.3
INDUSTRIA,-30.24
REFINERIA,-42.51
REFINERIA,-18.57
REFINERIA,-19.31
TRADER,-49.26
TRADER,-27.61
INDUSTRIA,-33.82
TRADER,-60.23
REFINERIA,-25.52
TRADER,-27.14
TRADER,-37.64
INDUSTRIA,-40.05
TRADER,-50.44
TRADER,-34.44
TRADER,-24.55
TRADER,-37.26
TRADER,-29.57
INDUSTRIA,-14.39
REFINERIA,-42.15
TRADER,-12.32
INDUSTRIA,-26.78
REFINERIA,-32.14
INDUSTRIA,-12.81
REFINERIA,-49.47
TRADER,-47.31
INDUSTRIA,-25.14
INDUSTRIA,-28.47
INDUSTRIA,-45.72
INDUSTRIA,-33.78
TRADER,-17.87
INDUSTRIA,-15.5
REFINERIA,-50.54
TRADER,15.9
TRADER,-31.02
REFINERIA,-38.2
REFINERIA,-25.28
INDUSTRIA,-20.38
INDUSTRIA,-25.5
INDUSTRIA,-36.7
INDUSTRIA,-20.56
INDUSTRIA,-37.26
REFINERIA,-44.17
INDUSTRIA,-35.98
TRADER,-48.29
REFINERIA,-23.9
INDUSTRIA,-15.17
REFINERIA,-31.45
INDUSTRIA,-69.44
TRADER,-37.72
TRADER,-43.31
TRADER,2.12
INDUSTRIA,-18.15
TRADER,-16.29
TRADER,-10.67
REFINERIA,-44.66
INDUSTRIA,-15.44
INDUSTRIA,-21.87
TRADER,-34.84
REFINERIA,-33.7
TRADER,-21.43
INDUSTRIA,-27.51
REFINERIA,-36.63
REFINERIA,-17.29
TRADER,-58.99
REFINERIA,-7.21
TRADER,-13.37
TRADER,-30.36
INDUSTRIA,-11.78
INDUSTRIA,-40.85
REFINERIA,-23.83
TRADER,-63.68
REFINERIA,-46.74
INDUSTRIA,-38.5
TRADER,-51.3
TRADER,-39.43
TRADER,-43.29
TRADER,-21.59
REFINERIA,-40.83
TRADER,-31.66
REFINERIA,-20.54
TRADER,-18.54
INDUSTRIA,-26.39
REFINERIA,-25.7
TRADER,-29.91
REFINERIA,-31.65
INDUSTRIA,-35.55
INDUSTRIA,-45.7
TRADER,-50.47
INDUSTRIA,-39.99
INDUSTRIA,-19.27
TRADER,-20.39
REFINERIA,-27.56
REFINERIA,-45.99
INDUSTRIA,-48.28
TRADER,-37.28
INDUSTRIA,-1.78
REFINERIA,-25.32
INDUSTRIA,-57.28
TRADER,-21.28
INDUSTRIA,-48.12
TRADER,-33.74
INDUSTRIA,-12.09
INDUSTRIA,-9.89
TRADER,-23.27
REFINERIA,-24.53
INDUSTRIA,-37.92
TRADER,-41.46
INDUSTRIA,-27.97
REFINERIA,-39.6
INDUSTRIA,-50.32
REFINERIA,-16.13
TRADER,-11.7
TRADER,-37.65
REFINERIA,-18.14
TRADER,-44.11
REFINERIA,-18.32
INDUSTRIA,-22.88
REFINERIA,-17.08
INDUSTRIA,-37.28
REFINERIA,-60.29
TRADER,-44.69
INDUSTRIA,-36.89
TRADER,-48.17
TRADER,-36.05
INDUSTRIA,-49.23
INDUSTRIA,-56.0
TRADER,7.84
REFINERIA,-9.49
INDUSTRIA,-30.91
REFINERIA,-40.97
REFINERIA,-4.81
TRADER,-24.2
REFINERIA,-14.33
TRADER,-64.37
INDUSTRIA,-37.03
INDUSTRIA,-17.9
INDUSTRIA,-19.09
TRADER,-13.4
TRADER,-20.47
INDUSTRIA,-23.69
TRADER,-29.3
TRADER,-27.9
INDUSTRIA,-18.78
INDUSTRIA,-44.92
INDUSTRIA,-13.05
INDUSTRIA,-32.28
REFINERIA,-30.08
INDUSTRIA,-30.43
REFINERIA,-55.17
REFINERIA,-22.06
REFINERIA,-48.15
INDUSTRIA,-27.36
TRADER,-32.67
REFINERIA,-49.75
REFINERIA,-28.43
INDUSTRIA,-43.85
REFINERIA,-45.96
INDUSTRIA,-19.15
TRADER,-36.98
REFINERIA,-33.89
INDUSTRIA,9.72
TRADER,-1.36
REFINERIA,-25.27
INDUSTRIA,-19.8
TRADER,-37.15
REFINERIA,-14.89
INDUSTRIA,-23.84
REFINERIA,-26.61
TRADER,-4.05
INDUSTRIA,-40.58
INDUSTRIA,-45.13
TRADER,-14.45
REFINERIA,-41.22
REFINERIA,-30.82
REFINERIA,-30.74
REFINERIA,-7.39
INDUSTRIA,-40.25
INDUSTRIA,-65.3
TRADER,-18.16
REFINERIA,-30.57
INDUSTRIA,-39.95
INDUSTRIA,-37.74
TRADER,-35.71
REFINERIA,-5.5
INDUSTRIA,-34.54
TRADER,-31.53
TRADER,-26.54
REFINERIA,-60.08
INDUSTRIA,-17.34
INDUSTRIA,-19.37
REFINERIA,-51.14
INDUSTRIA,-13.89
REFINERIA,-34.75
TRADER,-13.74
REFINERIA,-13.74
REFINERIA,-24.54
TRADER,-56.93
REFINERIA,-34.84
TRADER,-17.24
REFINERIA,-55.59
REFINERIA,-10.1
INDUSTRIA,-36.21
TRADER,-25.41
INDUSTRIA,-41.55
INDUSTRIA,-21.26
REFINERIA,-8.84
TRADER,-34.13
TRADER,-43.32
TRADER,-14.79
TRADER,-19.93
TRADER,-28.25
INDUSTRIA,-30.64
REFINERIA,-39.65
TRADER,-49.34
TRADER,-24.76
REFINERIA,-23.37
REFINERIA,1.09
REFINERIA,-53.15
REFINERIA,-38.02
INDUSTRIA,-38.52
INDUSTRIA,-6.82
INDUSTRIA,-39.25
TRADER,-31.75
REFINERIA,-9.54
REFINERIA,-39.24
INDUSTRIA,-39.11
TRADER,-26.7
TRADER,-43.97
INDUSTRIA,-8.63
INDUSTRIA,-38.23
REFINERIA,-13.75
INDUSTRIA,-22.17
REFINERIA,-15.07
REFINERIA,-25.59
TRADER,-18.42
INDUSTRIA,-29.69
REFINERIA,-63.71
INDUSTRIA,-47.94
REFINERIA,-25.97
TRADER,-47.61
INDUSTRIA,-54.45
TRADER,3.44
TRADER,-31.95
TRADER,-24.57
INDUSTRIA,-29.26
TRADER,-56.86
INDUSTRIA,-37.12
REFINERIA,-22.09
REFINERIA,-5.74
REFINERIA,-34.17
TRADER,-39.55
TRADER,-31.41
INDUSTRIA,-29.61
REFINERIA,-36.4
TRADER,-32.27
INDUSTRIA,-21.67
REFINERIA,-22.71
REFINERIA,-25.95
REFINERIA,13.13
TRADER,-54.96
REFINERIA,-39.39
INDUSTRIA,-29.02
REFINERIA,-21.02
REFINERIA,-27.77
REFINERIA,-47.8
INDUSTRIA,-26.24
REFINERIA,-57.36
TRADER,-28.3
TRADER,-45.55
INDUSTRIA,-44.3
INDUSTRIA,-32.89
INDUSTRIA,-32.39
TRADER,-46.71
INDUSTRIA,-21.6
INDUSTRIA,-54.56
REFINERIA,-33.85
TRADER,-21.64
REFINERIA,-18.87
REFINERIA,-24.25
INDUSTRIA,-27.57
TRADER,-40.27
REFINERIA,-34.26
REFINERIA,-41.12
TRADER,-25.42
REFINERIA,-5.42
REFINERIA,-17.6
REFINERIA,-18.75
TRADER,-62.22
TRADER,-55.52
REFINERIA,-11.93
TRADER,-0.16
REFINERIA,-31.88
REFINERIA,-14.03
INDUSTRIA,-8.93
TRADER,-30.82
TRADER,-51.37
TRADER,-40.04
REFINERIA,-30.0
TRADER,-38.09
INDUSTRIA,-33.3
INDUSTRIA,-26.02
TRADER,-51.95
INDUSTRIA,-34.96
INDUSTRIA,-28.18
REFINERIA,-46.42
REFINERIA,-37.03
INDUSTRIA,-33.45
REFINERIA,-61.03
TRADER,-40.33
REFINERIA,-4.7
TRADER,-29.6
TRADER,-41.6
INDUSTRIA,-18.91
REFINERIA,-24.34
REFINERIA,-13.76
TRADER,-43.86
INDUSTRIA,-40.09
REFINERIA,-52.62
INDUSTRIA,-18.02
INDUSTRIA,-31.1
TRADER,-3.05
REFINERIA,-31.46
REFINERIA,-13.58
TRADER,-33.56
INDUSTRIA,-33.79
TRADER,-35.43
REFINERIA,-76.78
TRADER,-33.95
INDUSTRIA,-24.67
REFINERIA,-26.78
TRADER,-23.54
TRADER,-43.4
TRADER,-26.53
REFINERIA,-27.16
REFINERIA,-33.0
INDUSTRIA,-0.2
TRADER,-2.27
INDUSTRIA,-44.87
TRADER,0.49
TRADER,-45.53
REFINERIA,-23.92
INDUSTRIA,-49.14
TRADER,-51.38
TRADER,-33.85
INDUSTRIA,-56.56
TRADER,-28.48
REFINERIA,-29.85
TRADER,-5.27
TRADER,-52.58
INDUSTRIA,-40.09
TRADER,-7.07
INDUSTRIA,-29.94
TRADER,-47.11
TRADER,-25.18
TRADER,-25.63
TRADER,-36.71
TRADER,-33.12
REFINERIA,-47.61
TRADER,-12.17
TRADER,-15.99
INDUSTRIA,-37.13
TRADER,-54.2
REFINERIA,-38.31
INDUSTRIA,-19.08
TRADER,-7.9
INDUSTRIA,-36.43
TRADER,-38.47
TRADER,-42.85
REFINERIA,-32.75
REFINERIA,-25.13
TRADER,-19.72
INDUSTRIA,-45.29
REFINERIA,-26.13
TRADER,-18.55
REFINERIA,-35.6
INDUSTRIA,-22.23
INDUSTRIA,-47.42
TRADER,-42.26
TRADER,-26.02
REFINERIA,-26.28
REFINERIA,-33.27
REFINERIA,-17.35
TRADER,-15.78
INDUSTRIA,-20.22
INDUSTRIA,-43.16
REFINERIA,-42.46
REFINERIA,-30.72
INDUSTRIA,-7.53
REFINERIA,-29.04
TRADER,-31.02
REFINERIA,-30.65
TRADER,-22.56
TRADER,-15.35
TRADER,-21.24
REFINERIA,-42.93
INDUSTRIA,-13.04
TRADER,-12.41
TRADER,-18.71
REFINERIA,-78.4
REFINERIA,-11.55
REFINERIA,-50.48
INDUSTRIA,-43.73
REFINERIA,-68.29
REFINERIA,-16.1
REFINERIA,-40.14
TRADER,-38.33
TRADER,-33.2
REFINERIA,-53.85
REFINERIA,-33.53
INDUSTRIA,-42.59
REFINERIA,-23.04
TRADER,-30.44
INDUSTRIA,-51.86
TRADER,-21.33
INDUSTRIA,-7.07
INDUSTRIA,-27.87
TRADER,-32.89
TRADER,-38.48
TRADER,-44.19
TRADER,-41.93
INDUSTRIA,-29.26
INDUSTRIA,-40.02
TRADER,-16.63
TRADER,-25.05
REFINERIA,-11.43
REFINERIA,-24.7
REFINERIA,-47.08
INDUSTRIA,-21.78
INDUSTRIA,-28.24
REFINERIA,-49.34
INDUSTRIA,-51.11
REFINERIA,-49.61
INDUSTRIA,-22.92
TRADER,-30.1
INDUSTRIA,-21.49
TRADER,10.83
INDUSTRIA,-18.49
INDUSTRIA,-28.16
REFINERIA,-46.44
INDUSTRIA,-30.47
INDUSTRIA,-29.38
INDUSTRIA,-8.58
REFINERIA,-45.6
INDUSTRIA,-19.31
INDUSTRIA,-33.9
TRADER,-65.6
REFINERIA,-38.38
TRADER,-28.92
TRADER,-38.74
TRADER,-19.43
INDUSTRIA,-35.3
REFINERIA,-39.57
REFINERIA,-15.98
REFINERIA,-29.13
INDUSTRIA,-63.0
REFINERIA,-11.61
INDUSTRIA,-31.18
INDUSTRIA,-12.56
REFINERIA,-59.92
REFINERIA,-23.61
REFINERIA,-28.42
INDUSTRIA,-21.05
REFINERIA,-37.31
REFINERIA,-34.12
REFINERIA,-53.65
TRADER,-12.85
REFINERIA,-7.17
TRADER,-26.8
REFINERIA,-15.83
TRADER,-18.51
INDUSTRIA,-36.54
INDUSTRIA,-53.78
INDUSTRIA,-43.12
REFINERIA,2.29
TRADER,-44.04
REFINERIA,-42.4
INDUSTRIA,-19.12
TRADER,-27.95
INDUSTRIA,-34.49
INDUSTRIA,-31.55
REFINERIA,-48.63
TRADER,-15.49
TRADER,-20.4
INDUSTRIA,-30.42
REFINERIA,-14.24
INDUSTRIA,-12.23
REFINERIA,-33.2
REFINERIA,-16.41
TRADER,-41.46
INDUSTRIA,-37.13
TRADER,0.17
REFINERIA,-6.28
TRADER,-28.02
REFINERIA,-55.69
INDUSTRIA,3.46
TRADER,-33.09
INDUSTRIA,-30.65
TRADER,-35.48
TRADER,-16.0
REFINERIA,-22.89
TRADER,-33.34
TRADER,-27.44
TRADER,-13.08
REFINERIA,-48.29
INDUSTRIA,-4.38
TRADER,-9.1
INDUSTRIA,-23.5
TRADER,-47.62
INDUSTRIA,-20.69
INDUSTRIA,-32.61
REFINERIA,-18.25
INDUSTRIA,-24.29
TRADER,-37.37
TRADER,-35.87
REFINERIA,-33.43
INDUSTRIA,-54.11
INDUSTRIA,-19.39
TRADER,-48.0
INDUSTRIA,-49.9
TRADER,-23.78
REFINERIA,-8.43
INDUSTRIA,-13.13
TRADER,-6.71
TRADER,-31.84
TRADER,-28.16
INDUSTRIA,-32.66
REFINERIA,-36.1
TRADER,-32.68
REFINERIA,-37.35
TRADER,-33.73
REFINERIA,-48.43
INDUSTRIA,-35.76
REFINERIA,-75.25
TRADER,-13.56
INDUSTRIA,-23.24
INDUSTRIA,-54.7
TRADER,-55.07
INDUSTRIA,-30.13
REFINERIA,-25.42
INDUSTRIA,-23.67
TRADER,-14.28
TRADER,-2.36
REFINERIA,-14.66
TRADER,-32.95
INDUSTRIA,-5.28
REFINERIA,-40.73
TRADER,-22.26
TRADER,-39.53
REFINERIA,-40.94
INDUSTRIA,-29.15
REFINERIA,-43.89
INDUSTRIA,-29.35
REFINERIA,-25.73
REFINERIA,-16.59
TRADER,-18.84
REFINERIA,-26.47
INDUSTRIA,-60.79
INDUSTRIA,-43.09
TRADER,-55.07
TRADER,-24.29
REFINERIA,-15.87
TRADER,-29.95
TRADER,-44.61
INDUSTRIA,-62.39
TRADER,-36.59
TRADER,-37.3
REFINERIA,-16.29
INDUSTRIA,-39.33
REFINERIA,-26.46
TRADER,-15.63
INDUSTRIA,-31.66
TRADER,-1.13
REFINERIA,-16.2
REFINERIA,-26.23
INDUSTRIA,-34.75
REFINERIA,-18.29
REFINERIA,-17.64
TRADER,-26.35
INDUSTRIA,-24.78
REFINERIA,-48.74
TRADER,-38.6
REFINERIA,-38.87
TRADER,-48.86
TRADER,-40.82
REFINERIA,-45.11
INDUSTRIA,-8.05
INDUSTRIA,-60.42
REFINERIA,8.91
INDUSTRIA,-25.54
REFINERIA,-26.46
TRADER,-24.56
REFINERIA,-67.3
INDUSTRIA,-17.62
TRADER,-41.57
TRADER,-57.14
TRADER,-51.21
TRADER,-8.72
TRADER,-14.86
TRADER,-35.9
TRADER,-34.49
TRADER,-33.17
REFINERIA,-23.28
REFINERIA,-49.2
INDUSTRIA,-44.14
REFINERIA,-35.03
REFINERIA,-45.69
REFINERIA,-18.56
REFINERIA,-7.06
INDUSTRIA,-7.54
INDUSTRIA,-22.18
INDUSTRIA,-27.81
TRADER,-44.77
INDUSTRIA,-19.37
REFINERIA,-12.83
REFINERIA,-41.06
TRADER,-25.35
TRADER,-57.04
TRADER,-36.32
TRADER,-49.17
REFINERIA,8.64
REFINERIA,-14.02
INDUSTRIA,-37.16
REFINERIA,-23.21
INDUSTRIA,-19.19
REFINERIA,-31.41
REFINERIA,-38.76
TRADER,-19.5
TRADER,3.19
REFINERIA,-12.53
REFINERIA,-30.32
INDUSTRIA,-17.53
TRADER,-60.79
REFINERIA,-30.17
INDUSTRIA,-21.24
TRADER,-32.71
TRADER,-19.65
REFINERIA,-15.79
TRADER,-35.54
INDUSTRIA,-13.12
TRADER,-37.55
TRADER,-40.06
TRADER,-0.13
REFINERIA,-27.06
TRADER,-20.19
TRADER,-56.78
REFINERIA,-8.28
REFINERIA,-20.76
REFINERIA,-63.26
REFINERIA,-39.37
INDUSTRIA,-13.83
INDUSTRIA,-37.59
REFINERIA,-39.48
REFINERIA,-27.98
INDUSTRIA,-43.38
INDUSTRIA,-14.78
REFINERIA,-50.01
TRADER,-39.73
INDUSTRIA,-24.84
INDUSTRIA,-28.59
TRADER,-4.08
TRADER,-30.29
TRADER,-43.08
REFINERIA,-25.83
INDUSTRIA,-15.08
INDUSTRIA,-47.55
REFINERIA,-25.19
TRADER,-28.9
REFINERIA,-41.56
REFINERIA,-38.24
TRADER,-19.99
INDUSTRIA,-22.61
TRADER,-41.61
REFINERIA,-29.31
TRADER,-37.19
REFINERIA,-14.27
REFINERIA,-31.15
INDUSTRIA,-34.83
TRADER,-72.3
INDUSTRIA,-12.65
REFINERIA,-14.17
TRADER,-8.43
REFINERIA,-32.63
INDUSTRIA,-25.49
REFINERIA,-43.59
INDUSTRIA,-47.3
TRADER,-27.92
REFINERIA,-16.44
REFINERIA,-35.98
REFINERIA,-17.83
REFINERIA,-39.56
INDUSTRIA,-42.18
INDUSTRIA,-58.99
TRADER,-35.19
INDUSTRIA,-24.87
INDUSTRIA,-36.09
INDUSTRIA,-23.79
INDUSTRIA,-16.24
REFINERIA,-8.73
INDUSTRIA,-30.47
REFINERIA,-13.1
TRADER,-33.68
INDUSTRIA,-40.5
REFINERIA,-25.18
TRADER,-23.21
TRADER,-44.27
INDUSTRIA,-61.2
TRADER,-14.6
TRADER,-18.64
INDUSTRIA,-39.71
INDUSTRIA,-12.84
REFINERIA,-35.25
INDUSTRIA,-58.25
REFINERIA,-7.99
REFINERIA,-7.42
REFINERIA,-47.13
REFINERIA,-40.93
TRADER,-24.46
TRADER,-44.54
TRADER,-23.09
INDUSTRIA,-21.81
INDUSTRIA,-30.14
REFINERIA,-36.71
REFINERIA,-12.07
TRADER,-22.76
INDUSTRIA,-37.78
TRADER,-38.08
REFINERIA,-37.65
INDUSTRIA,-8.11
TRADER,-30.71
TRADER,-44.59
INDUSTRIA,-25.3
INDUSTRIA,-42.51
REFINERIA,-32.83
REFINERIA,-19.91
TRADER,-17.19
INDUSTRIA,-34.09
TRADER,-22.42
INDUSTRIA,-24.57
TRADER,-13.73
REFINERIA,-28.71
REFINERIA,-19.62
TRADER,-30.76
INDUSTRIA,-31.89
INDUSTRIA,-45.96
INDUSTRIA,-36.07
REFINERIA,-30.51
INDUSTRIA,-61.34
INDUSTRIA,-23.22
TRADER,-69.0
INDUSTRIA,-36.96
INDUSTRIA,-15.92
REFINERIA,-14.83
REFINERIA,-34.88
INDUSTRIA,-52.67
REFINERIA,-26.84
TRADER,-41.16
REFINERIA,-42.79
INDUSTRIA,-45.4
TRADER,-10.35
REFINERIA,-15.86
REFINERIA,5.25
REFINERIA,-45.15
INDUSTRIA,-40.4
REFINERIA,-14.77
REFINERIA,-34.94
REFINERIA,-73.28
INDUSTRIA,-23.56
TRADER,-38.01
TRADER,-34.93
INDUSTRIA,-19.28
TRADER,-39.27
TRADER,-32.24
TRADER,-6.06
TRADER,-18.02
REFINERIA,-21.76
INDUSTRIA,-35.63
REFINERIA,-35.14
REFINERIA,-30.46
INDUSTRIA,-29.4
REFINERIA,-24.71
INDUSTRIA,-27.59
INDUSTRIA,-29.11
REFINERIA,-38.19
TRADER,-40.51
REFINERIA,-14.12
REFINERIA,-21.27
INDUSTRIA,-20.32
INDUSTRIA,-43.83
REFINERIA,-29.07
TRADER,-14.88
REFINERIA,-38.12
REFINERIA,-12.43
REFINERIA,-25.35
REFINERIA,-34.56
TRADER,-19.79
INDUSTRIA,-27.48
INDUSTRIA,-47.93
TRADER,-56.17
TRADER,-52.12
TRADER,-20.35
REFINERIA,-67.96
TRADER,-25.88
INDUSTRIA,1.83
TRADER,-32.91
TRADER,-49.07
TRADER,3.83
TRADER,-31.71
TRADER,-52.03
INDUSTRIA,-16.69
REFINERIA,-21.27
INDUSTRIA,-18.75
INDUSTRIA,-39.67
INDUSTRIA,-34.51
TRADER,-35.59
REFINERIA,-48.24
REFINERIA,-40.43
TRADER,-24.75
REFINERIA,-40.67
INDUSTRIA,-31.12
TRADER,-26.32
TRADER,-23.91
TRADER,-7.8
INDUSTRIA,-18.16
TRADER,-18.8
REFINERIA,-20.48
TRADER,-20.2
REFINERIA,-25.94
REFINERIA,-52.21
REFINERIA,-30.97
REFINERIA,-4.5
INDUSTRIA,-22.4
TRADER,-16.93
TRADER,-0.6
REFINERIA,-32.44
REFINERIA,-33.33
INDUSTRIA,-9.11
TRADER,-12.71
REFINERIA,-28.91
TRADER,-32.65
REFINERIA,-56.05
REFINERIA,-39.44
TRADER,-12.52
REFINERIA,-24.22
REFINERIA,-40.97
TRADER,-24.89
TRADER,8.17
REFINERIA,-20.23
TRADER,-35.26
REFINERIA,-46.44
REFINERIA,-3.94
REFINERIA,-15.62
INDUSTRIA,-48.27
INDUSTRIA,-14.75
REFINERIA,-27.67
REFINERIA,-32.11
INDUSTRIA,-31.31
TRADER,-12.79
REFINERIA,-1.4
REFINERIA,-11.44
INDUSTRIA,-27.52
REFINERIA,-40.67
INDUSTRIA,-37.31
REFINERIA,-8.02
INDUSTRIA,-38.1
TRADER,-39.41
TRADER,-13.78
INDUSTRIA,-50.66
TRADER,-18.68
TRADER,-46.74
TRADER,-6.61
REFINERIA,-25.86
REFINERIA,-14.58
REFINERIA,-14.88
REFINERIA,-26.25
INDUSTRIA,-10.69
TRADER,-17.67
INDUSTRIA,-41.64
REFINERIA,-23.3
TRADER,-48.97
TRADER,-59.56
TRADER,-1.27
TRADER,-6.78
TRADER,-27.18
INDUSTRIA,-39.16
TRADER,-42.51
REFINERIA,-19.05
TRADER,-4.31
TRADER,-44.57
TRADER,-22.07
INDUSTRIA,-3.32
REFINERIA,-37.44
INDUSTRIA,-31.1
INDUSTRIA,-14.9
REFINERIA,-50.25
INDUSTRIA,-4.88
REFINERIA,-26.49
TRADER,-44.73
REFINERIA,-47.57
INDUSTRIA,-14.24
REFINERIA,-40.79
TRADER,-35.1
INDUSTRIA,-17.9
TRADER,-37.83
TRADER,-11.31
TRADER,-28.77
TRADER,-32.58
TRADER,-35.69
TRADER,-17.38
INDUSTRIA,-41.65
TRADER,-38.87
REFINERIA,-25.49
TRADER,-19.49
INDUSTRIA,-28.27
TRADER,-7.1
REFINERIA,-28.05
INDUSTRIA,-34.64
INDUSTRIA,-33.86
TRADER,-30.08
REFINERIA,-1.3
REFINERIA,7.9
INDUSTRIA,-42.16
INDUSTRIA,-22.92
REFINERIA,-43.06
INDUSTRIA,-40.85
INDUSTRIA,-41.46
REFINERIA,-13.55
TRADER,-23.19
INDUSTRIA,-32.11
TRADER,-32.41
TRADER,-43.27
REFINERIA,-40.88
TRADER,-38.21
INDUSTRIA,-51.51
TRADER,-31.04
INDUSTRIA,-46.31
INDUSTRIA,-55.52
INDUSTRIA,-31.15
TRADER,-12.79
TRADER,-34.56
TRADER,-35.29
REFINERIA,-32.38
TRADER,-7.8
INDUSTRIA,-15.52
REFINERIA,-33.18
INDUSTRIA,-51.73
REFINERIA,-17.68
INDUSTRIA,-67.23
INDUSTRIA,-28.96
INDUSTRIA,-10.51
TRADER,-29.29
REFINERIA,-46.37
INDUSTRIA,-25.63
TRADER,-31.48
REFINERIA,-2.98
TRADER,-19.58
TRADER,-43.74
TRADER,-39.73
INDUSTRIA,-22.37
TRADER,-23.93
TRADER,-44.8
REFINERIA,-70.25
TRADER,-37.8
TRADER,-45.37
INDUSTRIA,-9.14
INDUSTRIA,-25.82
TRADER,-21.02
REFINERIA,-40.52
INDUSTRIA,-9.29
REFINERIA,-67.06
TRADER,-52.61
REFINERIA,-8.72
TRADER,-41.95
TRADER,-22.47
INDUSTRIA,-43.54
INDUSTRIA,-30.31
TRADER,-36.13
REFINERIA,-15.86
INDUSTRIA,-28.7
TRADER,-21.42
TRADER,-55.18
TRADER,-37.01
TRADER,-9.15
TRADER,-19.47
INDUSTRIA,-35.85
REFINERIA,-31.9
TRADER,-30.26
REFINERIA,-18.36
REFINERIA,-32.4
INDUSTRIA,-18.21
REFINERIA,-24.73
TRADER,-36.74
TRADER,-23.0
REFINERIA,-11.67
REFINERIA,-7.45
TRADER,-32.94
REFINERIA,-31.73
INDUSTRIA,-37.37
TRADER,-41.52
TRADER,-42.42
TRADER,-13.04
REFINERIA,-46.16
TRADER,-15.92
TRADER,-23.53
INDUSTRIA,-24.31
TRADER,-19.93
INDUSTRIA,-46.41
TRADER,-8.35
INDUSTRIA,-45.6
REFINERIA,-38.63
REFINERIA,-9.29
REFINERIA,-30.99
INDUSTRIA,-36.87
REFINERIA,-23.04
REFINERIA,-22.79
INDUSTRIA,-39.5
TRADER,-21.84
TRADER,-22.84
REFINERIA,-57.45
TRADER,-51.77
TRADER,-38.19
REFINERIA,-34.77
REFINERIA,-43.36
INDUSTRIA,-17.89
TRADER,-34.1
TRADER,-31.79
REFINERIA,-22.13
REFINERIA,-24.02
TRADER,-25.09
TRADER,-11.72
INDUSTRIA,-14.7
INDUSTRIA,-51.96
REFINERIA,-47.21
INDUSTRIA,-46.39
INDUSTRIA,-45.46
INDUSTRIA,-34.58
REFINERIA,-2.78
INDUSTRIA,-51.97
INDUSTRIA,-38.77
REFINERIA,-39.99
INDUSTRIA,-37.73
TRADER,-38.66
INDUSTRIA,-49.35
REFINERIA,-26.37
REFINERIA,-12.85
REFINERIA,-31.1
INDUSTRIA,-42.57
TRADER,-38.76
REFINERIA,-23.64
INDUSTRIA,-28.46
INDUSTRIA,-45.67
TRADER,-37.34
INDUSTRIA,-8.91
REFINERIA,-4.62
INDUSTRIA,-28.14
TRADER,-10.55
TRADER,-58.09
INDUSTRIA,-29.79
TRADER,-34.99
INDUSTRIA,-42.42
INDUSTRIA,-22.36
INDUSTRIA,-6.42
TRADER,-48.63
INDUSTRIA,-26.61
REFINERIA,-30.83
INDUSTRIA,-5.69
REFINERIA,0.14
INDUSTRIA,-15.62
REFINERIA,-6.77
REFINERIA,-17.17
TRADER,-19.14
REFINERIA,-19.09
TRADER,-18.08
REFINERIA,-28.84
TRADER,-39.26
INDUSTRIA,-22.34
TRADER,-55.15
REFINERIA,-40.58
TRADER,-32.96
TRADER,-19.14
TRADER,-59.87
TRADER,-36.06
TRADER,-8.12
REFINERIA,-16.92
REFINERIA,-20.81
INDUSTRIA,-38.27
TRADER,-36.01
INDUSTRIA,-47.19
TRADER,-21.62
REFINERIA,-50.67
REFINERIA,-38.69
TRADER,-47.15
TRADER,-43.15
REFINERIA,-32.97
INDUSTRIA,-17.56
REFINERIA,-21.78
REFINERIA,-57.67
REFINERIA,-23.14
REFINERIA,-28.63
INDUSTRIA,-45.11
REFINERIA,-24.32
TRADER,-27.86
REFINERIA,-1.89
REFINERIA,-44.75
INDUSTRIA,-10.33
TRADER,-25.76
REFINERIA,-38.29
TRADER,-36.1
REFINERIA,-36.43
REFINERIA,-13.01
INDUSTRIA,-21.87
TRADER,-17.96
INDUSTRIA,-12.05
INDUSTRIA,-31.38
REFINERIA,-19.61
INDUSTRIA,0.48
INDUSTRIA,-49.91
TRADER,-25.13
INDUSTRIA,-19.86
TRADER,-29.86
REFINERIA,-23.94
REFINERIA,-41.84
TRADER,-26.79
INDUSTRIA,-32.04
TRADER,-34.74
REFINERIA,-39.23
INDUSTRIA,-4.15
REFINERIA,-16.35
TRADER,-32.05
TRADER,-43.74
REFINERIA,-18.29
REFINERIA,-2.47
REFINERIA,-52.83
TRADER,-23.79
TRADER,-11.26
INDUSTRIA,-31.92
INDUSTRIA,-41.98
TRADER,-39.01
INDUSTRIA,-7.13
REFINERIA,-38.59
REFINERIA,-12.63
REFINERIA,-34.25
INDUSTRIA,-50.37
INDUSTRIA,-60.57
TRADER,-24.56
INDUSTRIA,-10.2
TRADER,-36.45
REFINERIA,-11.07
TRADER,-15.88
INDUSTRIA,-26.53
REFINERIA,-38.03
INDUSTRIA,-20.13
REFINERIA,-41.72
INDUSTRIA,-12.74
TRADER,-34.35
TRADER,-35.11
REFINERIA,-20.19
REFINERIA,-23.12
TRADER,-46.22
REFINERIA,-38.78
REFINERIA,-31.01
TRADER,-42.76
REFINERIA,-35.37
TRADER,-31.26
TRADER,-25.11
REFINERIA,-21.28
REFINERIA,-28.7
TRADER,-41.7
TRADER,-36.0
REFINERIA,-22.14
TRADER,-23.53
INDUSTRIA,-43.05
TRADER,-38.6
REFINERIA,-7.47
REFINERIA,-20.97
INDUSTRIA,-26.42
TRADER,-42.75
TRADER,-28.08
TRADER,-6.84
TRADER,-12.98
TRADER,-41.1
INDUSTRIA,-46.46
REFINERIA,-49.59
TRADER,-48.6
INDUSTRIA,-34.7
REFINERIA,-37.23
TRADER,-19.08
REFINERIA,-41.39
TRADER,-24.95
TRADER,-8.66
TRADER,-17.02
INDUSTRIA,-40.08
TRADER,-41.57
TRADER,-14.18
REFINERIA,-14.8
INDUSTRIA,-22.12
REFINERIA,-8.43
TRADER,-39.61
REFINERIA,-8.09
INDUSTRIA,-39.83
REFINERIA,-44.3
INDUSTRIA,-47.39
INDUSTRIA,-26.95
INDUSTRIA,-21.67
TRADER,-6.03
REFINERIA,-51.48
REFINERIA,-23.42
REFINERIA,-21.55
INDUSTRIA,-24.38
INDUSTRIA,-37.5
INDUSTRIA,-23.34
INDUSTRIA,-11.64
TRADER,-36.71
TRADER,-25.85
REFINERIA,5.37
INDUSTRIA,-34.22
INDUSTRIA,-44.06
REFINERIA,-11.3
INDUSTRIA,-7.35
INDUSTRIA,-12.97
REFINERIA,-46.18
TRADER,-59.12
REFINERIA,-10.34
REFINERIA,-22.93
REFINERIA,-11.31
INDUSTRIA,-31.95
INDUSTRIA,-44.59
REFINERIA,-14.33
REFINERIA,-45.17
TRADER,-55.32
INDUSTRIA,-11.41
TRADER,-44.88
TRADER,-8.78
REFINERIA,-9.7
REFINERIA,-24.76
TRADER,-27.15
INDUSTRIA,-25.67
INDUSTRIA,-6.73
INDUSTRIA,-49.61
REFINERIA,-60.37
TRADER,16.24
INDUSTRIA,-47.8
TRADER,-17.33
TRADER,-44.27
TRADER,-47.33
TRADER,-54.66
INDUSTRIA,-32.3
REFINERIA,-16.4
TRADER,-33.14
INDUSTRIA,-23.67
INDUSTRIA,-56.73
TRADER,-58.57
INDUSTRIA,-38.13
INDUSTRIA,-39.79
REFINERIA,-17.2
TRADER,-13.34
TRADER,-23.68
TRADER,-33.24
INDUSTRIA,-15.95
TRADER,-31.53
TRADER,-21.06
REFINERIA,-46.82
INDUSTRIA,-13.37
INDUSTRIA,-28.58
TRADER,-53.5
INDUSTRIA,-16.83
REFINERIA,-27.44
INDUSTRIA,-29.53
REFINERIA,-43.36
TRADER,-31.46
REFINERIA,-42.57
REFINERIA,-47.12
TRADER,-8.96
REFINERIA,-39.1
TRADER,-15.05
INDUSTRIA,-26.47
TRADER,-44.19
REFINERIA,-33.65
INDUSTRIA,-20.63
TRADER,-9.67
INDUSTRIA,-17.58
INDUSTRIA,-24.78
TRADER,-26.71
TRADER,-8.75
TRADER,-16.76
REFINERIA,-42.57
REFINERIA,-12.22
TRADER,-24.66
REFINERIA,-56.85
INDUSTRIA,-44.66
INDUSTRIA,-26.51
TRADER,-39.78
REFINERIA,-8.04
TRADER,-39.29
INDUSTRIA,-17.15
INDUSTRIA,-8.64
REFINERIA,-42.32
INDUSTRIA,-45.87
REFINERIA,-41.47
REFINERIA,4.97
INDUSTRIA,-35.23
INDUSTRIA,-14.13
INDUSTRIA,-36.46
REFINERIA,-54.32
TRADER,-42.66
REFINERIA,-30.08
REFINERIA,-44.12
REFINERIA,-31.26
TRADER,-20.96
REFINERIA,-22.03
REFINERIA,-41.34
TRADER,-33.75
INDUSTRIA,-40.39
TRADER,-50.95
TRADER,-11.97
REFINERIA,-57.3
INDUSTRIA,-26.19
INDUSTRIA,-58.3
INDUSTRIA,-22.97
REFINERIA,-29.97
INDUSTRIA,-25.65
INDUSTRIA,-41.1
INDUSTRIA,-49.37
INDUSTRIA,-30.09
REFINERIA,-36.76
REFINERIA,-35.79
TRADER,-45.9
INDUSTRIA,-32.04
REFINERIA,-40.8
TRADER,-31.43
REFINERIA,-61.6
REFINERIA,-39.3
REFINERIA,-38.9
REFINERIA,-4.69
TRADER,-29.39
TRADER,-33.15
TRADER,-42.68
REFINERIA,-45.12
INDUSTRIA,-21.79
INDUSTRIA,-26.5
REFINERIA,-35.79
REFINERIA,-38.57
REFINERIA,-22.98
INDUSTRIA,-41.14
REFINERIA,-44.46
TRADER,-25.73
INDUSTRIA,-40.05
REFINERIA,-46.37
REFINERIA,-40.17
TRADER,-31.43
REFINERIA,-42.72
TRADER,-29.88
INDUSTRIA,-32.73
TRADER,-17.55
REFINERIA,-32.28
TRADER,-34.78
TRADER,-21.7
INDUSTRIA,-46.59
REFINERIA,-30.2
INDUSTRIA,-44.8
INDUSTRIA,-13.37
REFINERIA,-6.63
INDUSTRIA,-31.4
TRADER,-32.97
TRADER,-27.83
TRADER,-58.7
TRADER,-32.97
REFINERIA,6.49
INDUSTRIA,-22.67
TRADER,-34.49
INDUSTRIA,-24.52
REFINERIA,-33.47
REFINERIA,-31.24
INDUSTRIA,-42.6
TRADER,-35.04
TRADER,-33.44
INDUSTRIA,-43.02
TRADER,-28.46
REFINERIA,-29.22
REFINERIA,-46.55
REFINERIA,-30.18
TRADER,-17.73
TRADER,-17.22
REFINERIA,-10.29
TRADER,-6.79
INDUSTRIA,-28.27
INDUSTRIA,-30.21
INDUSTRIA,-34.04
INDUSTRIA,-21.32
REFINERIA,-24.09
TRADER,-23.94
TRADER,-9.93
TRADER,-32.15
TRADER,0.15
TRADER,-30.71
INDUSTRIA,-5.96
INDUSTRIA,-28.44
REFINERIA,-13.24
REFINERIA,-17.64
TRADER,-49.42
TRADER,-19.53
INDUSTRIA,-12.67
TRADER,-24.67
INDUSTRIA,-14.06
REFINERIA,-37.9
INDUSTRIA,-38.45
TRADER,-39.98
TRADER,-11.39
INDUSTRIA,-42.58
TRADER,-19.34
TRADER,-20.93
INDUSTRIA,-26.51
INDUSTRIA,-33.74
INDUSTRIA,-30.44
TRADER,-39.93
REFINERIA,-30.32
INDUSTRIA,-57.58
REFINERIA,-21.56
REFINERIA,-35.29
INDUSTRIA,-19.89
TRADER,-26.66
REFINERIA,-44.23
TRADER,-37.41
INDUSTRIA,-38.19
REFINERIA,-10.05
REFINERIA,-33.84
REFINERIA,-3.38
REFINERIA,-33.83
TRADER,-44.04
REFINERIA,-11.67
TRADER,-23.99
TRADER,-37.58
REFINERIA,-23.37
INDUSTRIA,-26.91
REFINERIA,-12.24
REFINERIA,-27.33
INDUSTRIA,-22.14
INDUSTRIA,-31.49
REFINERIA,-33.74
REFINERIA,-31.24
INDUSTRIA,-21.01
TRADER,-30.12
TRADER,-15.15
TRADER,-37.56
INDUSTRIA,-29.01
TRADER,-37.8
INDUSTRIA,-21.56
REFINERIA,-22.97
INDUSTRIA,-31.09
INDUSTRIA,-13.27
INDUSTRIA,-23.76
INDUSTRIA,-16.81
REFINERIA,-34.33
TRADER,-56.19
INDUSTRIA,2.98
REFINERIA,-40.05
TRADER,0.51
TRADER,-30.76
INDUSTRIA,-38.07
REFINERIA,-19.19
TRADER,-29.99
INDUSTRIA,-33.2
TRADER,-29.76
REFINERIA,-18.01
TRADER,-31.55
TRADER,-21.73
REFINERIA,-20.31
REFINERIA,-55.31
TRADER,-28.04
TRADER,-29.94
INDUSTRIA,-16.47
TRADER,-2.49
REFINERIA,-63.72
INDUSTRIA,-44.48
REFINERIA,-38.85
TRADER,-29.77
TRADER,-8.24
TRADER,-35.68
INDUSTRIA,-33.88
REFINERIA,-15.57
INDUSTRIA,-37.12
TRADER,0.16
REFINERIA,-27.13
INDUSTRIA,-16.66
INDUSTRIA,-25.53
TRADER,-5.86
TRADER,-36.15
REFINERIA,-3.11
INDUSTRIA,-14.7
INDUSTRIA,-38.82
INDUSTRIA,-7.21
REFINERIA,-16.7
TRADER,-15.72
INDUSTRIA,-31.05
INDUSTRIA,-19.08
INDUSTRIA,-47.99
TRADER,-17.8
TRADER,-27.05
TRADER,-20.75
REFINERIA,-31.59
INDUSTRIA,-52.48
TRADER,-25.54
INDUSTRIA,-35.58
TRADER,-38.91
INDUSTRIA,-17.27
INDUSTRIA,-21.38
REFINERIA,-29.92
TRADER,-19.51
REFINERIA,-29.27
TRADER,-54.67
REFINERIA,-53.51
INDUSTRIA,-38.94
REFINERIA,-33.43
REFINERIA,-23.17
INDUSTRIA,-37.6
REFINERIA,-34.83
INDUSTRIA,-37.75
REFINERIA,-29.22
REFINERIA,-13.36
REFINERIA,-21.01
REFINERIA,-59.76
INDUSTRIA,-18.77
INDUSTRIA,-15.66
REFINERIA,-15.39
INDUSTRIA,-54.84
REFINERIA,-25.24
TRADER,-12.78
TRADER,-23.19
TRADER,-26.18
INDUSTRIA,-5.89
REFINERIA,-42.74
TRADER,-28.42
REFINERIA,-8.46
INDUSTRIA,-18.8
TRADER,-37.88
INDUSTRIA,-31.16
INDUSTRIA,-29.79
TRADER,-40.57
REFINERIA,-31.28
INDUSTRIA,-31.85
INDUSTRIA,-27.24
INDUSTRIA,-62.73
TRADER,-24.3
INDUSTRIA,-29.36
TRADER,-7.23
TRADER,-48.78
REFINERIA,-30.83
TRADER,-20.57
TRADER,-40.24
REFINERIA,-36.35
TRADER,-23.36
INDUSTRIA,-26.59
TRADER,-24.68
INDUSTRIA,-46.64
TRADER,-39.84
INDUSTRIA,-47.61
TRADER,0.03
INDUSTRIA,-11.29
INDUSTRIA,-38.97
INDUSTRIA,-48.82
REFINERIA,-34.16
TRADER,-32.64
TRADER,-19.98
REFINERIA,-17.84
INDUSTRIA,-50.99
TRADER,-45.48
TRADER,-32.84
REFINERIA,-16.34
REFINERIA,6.0
INDUSTRIA,-32.54
TRADER,-52.48
REFINERIA,-51.16
REFINERIA,-28.33
REFINERIA,-54.54
TRADER,-36.79
REFINERIA,-13.19
TRADER,-6.37
REFINERIA,-34.67
INDUSTRIA,-48.22
REFINERIA,-39.24
REFINERIA,-25.36
TRADER,-37.98
REFINERIA,-22.71
INDUSTRIA,-27.67
TRADER,-14.02
REFINERIA,-42.73
REFINERIA,-11.88
TRADER,-19.86
TRADER,-63.29
INDUSTRIA,-13.62
TRADER,-53.21
REFINERIA,-21.99
REFINERIA,-6.22
TRADER,-33.51
REFINERIA,-12.86
INDUSTRIA,-51.71
TRADER,-18.17
INDUSTRIA,-59.21
REFINERIA,-65.21
REFINERIA,-26.79
REFINERIA,-38.42
INDUSTRIA,-17.03
TRADER,-18.91
INDUSTRIA,-37.96
REFINERIA,-12.67
REFINERIA,-26.68
REFINERIA,-1.43
INDUSTRIA,-12.24
TRADER,-37.52
INDUSTRIA,-45.72
INDUSTRIA,-28.93
INDUSTRIA,-27.52
REFINERIA,-30.32
INDUSTRIA,-50.38
INDUSTRIA,-43.5
TRADER,-28.04
REFINERIA,-29.47
INDUSTRIA,-53.64
REFINERIA,-39.32
TRADER,-26.97
TRADER,-45.23
REFINERIA,-19.51
INDUSTRIA,0.32
TRADER,-23.8
TRADER,-13.42
INDUSTRIA,-42.25
INDUSTRIA,-17.02
REFINERIA,-47.38
TRADER,-16.84
TRADER,-51.98
TRADER,-18.36
TRADER,15.44
INDUSTRIA,-33.41
REFINERIA,-42.84
REFINERIA,12.2
INDUSTRIA,-48.03
REFINERIA,-43.55
REFINERIA,-31.16
TRADER,-25.73
INDUSTRIA,-39.52
INDUSTRIA,-17.15
REFINERIA,-41.07
TRADER,-55.41
REFINERIA,-24.39
REFINERIA,-17.3
INDUSTRIA,-12.68
REFINERIA,-63.82
INDUSTRIA,-27.1
REFINERIA,-28.76
TRADER,-36.25
INDUSTRIA,-39.32
INDUSTRIA,-30.87
TRADER,0.24
REFINERIA,-27.46
REFINERIA,-29.42
INDUSTRIA,-26.16
REFINERIA,-22.53
INDUSTRIA,-23.63
INDUSTRIA,-34.72
TRADER,-34.5
INDUSTRIA,-37.36
TRADER,-31.84
REFINERIA,-50.76
TRADER,-43.72
INDUSTRIA,-20.7
INDUSTRIA,-40.13
INDUSTRIA,-23.28
TRADER,-25.43
REFINERIA,-9.47
INDUSTRIA,-29.32
INDUSTRIA,-35.86
REFINERIA,-28.53
TRADER,-17.38
INDUSTRIA,-48.57
TRADER,-11.83
INDUSTRIA,-38.55
INDUSTRIA,-31.28
INDUSTRIA,-17.0
TRADER,1.6
REFINERIA,-27.88
INDUSTRIA,-39.29
TRADER,-55.65
INDUSTRIA,-53.96
REFINERIA,-16.98
INDUSTRIA,-21.03
TRADER,-12.27
REFINERIA,0.15
INDUSTRIA,-22.06
REFINERIA,-36.83
TRADER,-35.3
INDUSTRIA,-26.59
INDUSTRIA,-53.64
TRADER,-30.73
TRADER,-19.84
REFINERIA,-14.41
REFINERIA,-26.5
INDUSTRIA,-34.61
REFINERIA,-30.85
TRADER,-1.82
TRADER,-48.61
INDUSTRIA,-47.89
INDUSTRIA,-20.47
REFINERIA,-39.95
TRADER,-17.6
INDUSTRIA,-37.42
REFINERIA,-39.56
TRADER,-39.12
TRADER,-12.27
TRADER,-42.28
REFINERIA,-57.37
INDUSTRIA,-16.52
REFINERIA,-20.63
INDUSTRIA,-49.04
REFINERIA,-27.33
TRADER,-8.1
TRADER,-22.13
TRADER,-23.23
TRADER,-19.59
INDUSTRIA,-55.32
INDUSTRIA,-7.52
TRADER,-29.59
REFINERIA,-38.64
TRADER,-15.43
INDUSTRIA,-44.65
INDUSTRIA,-44.73
INDUSTRIA,-25.07
REFINERIA,-36.34
TRADER,-26.14
TRADER,-31.28
REFINERIA,-32.51
INDUSTRIA,-27.69
INDUSTRIA,-57.41
TRADER,-10.64
REFINERIA,-42.79
TRADER,-14.38
INDUSTRIA,-22.71
REFINERIA,-44.89
TRADER,-44.05
TRADER,-31.37
TRADER,-43.6
REFINERIA,-32.51
INDUSTRIA,-48.84
TRADER,-33.44
INDUSTRIA,-44.29
INDUSTRIA,-50.18
REFINERIA,-19.04
INDUSTRIA,-50.01
INDUSTRIA,-31.63
INDUSTRIA,-29.66
TRADER,-14.34
REFINERIA,-58.21
REFINERIA,-49.64
TRADER,-33.02
TRADER,-34.57
INDUSTRIA,-25.08
TRADER,-54.58
REFINERIA,-3.49
INDUSTRIA,-21.79
TRADER,-61.61
INDUSTRIA,-43.5
INDUSTRIA,-35.44
INDUSTRIA,-38.34
TRADER,-37.65
REFINERIA,-37.17
TRADER,-11.22
TRADER,-33.43
TRADER,-0.23
TRADER,-16.55
TRADER,-55.11
TRADER,-28.72
INDUSTRIA,-51.41
REFINERIA,-19.49
INDUSTRIA,-48.26
TRADER,-30.0
TRADER,-20.35
INDUSTRIA,-52.85
REFINERIA,-53.88
REFINERIA,-13.67
REFINERIA,-3.99
INDUSTRIA,-6.15
INDUSTRIA,-29.23
REFINERIA,-31.33
TRADER,-44.03
TRADER,-35.71
REFINERIA,-6.76
INDUSTRIA,-4.82
INDUSTRIA,-17.17
TRADER,-49.34
INDUSTRIA,-47.27
REFINERIA,-28.97
TRADER,-34.79
TRADER,-36.15
TRADER,-32.41
TRADER,-38.83
INDUSTRIA,-47.92
REFINERIA,-14.37
TRADER,-3.92
INDUSTRIA,-33.24
INDUSTRIA,-36.71
TRADER,-17.97
TRADER,-39.02
TRADER,-33.57
INDUSTRIA,-10.49
TRADER,-36.08
REFINERIA,-45.75
REFINERIA,-40.47
TRADER,-35.79
REFINERIA,-44.8
TRADER,-61.93
INDUSTRIA,-41.72
TRADER,-38.49
TRADER,-38.47
TRADER,-22.4
REFINERIA,-50.93
REFINERIA,-28.44
INDUSTRIA,-52.33
REFINERIA,-16.66
REFINERIA,-43.13
TRADER,-42.49
TRADER,-48.64
INDUSTRIA,-52.96
REFINERIA,-27.86
INDUSTRIA,-41.09
INDUSTRIA,-27.22
INDUSTRIA,-7.9
INDUSTRIA,-39.82
INDUSTRIA,-41.56
INDUSTRIA,-33.1
INDUSTRIA,-31.11
INDUSTRIA,-18.92
INDUSTRIA,-25.7
TRADER,-25.6
INDUSTRIA,-30.93
REFINERIA,5.88
REFINERIA,-14.13
REFINERIA,-26.44
REFINERIA,-39.33
REFINERIA,-27.98
TRADER,-23.72
TRADER,-2.75
REFINERIA,-41.16
INDUSTRIA,-29.82
REFINERIA,-14.83
INDUSTRIA,-10.38
REFINERIA,-26.3
INDUSTRIA,-2.73
TRADER,2.7
REFINERIA,-11.3
INDUSTRIA,-32.73
INDUSTRIA,-34.74
REFINERIA,-33.16
REFINERIA,-47.9
TRADER,-59.03
INDUSTRIA,-47.66
REFINERIA,-14.41
TRADER,-10.65
REFINERIA,-25.86
INDUSTRIA,-43.92
TRADER,-37.08
TRADER,-13.37
TRADER,-29.87
TRADER,-19.7
REFINERIA,-55.87
REFINERIA,-27.47
REFINERIA,-55.21
REFINERIA,-10.85
REFINERIA,-16.38
TRADER,-42.32
REFINERIA,-22.69
INDUSTRIA,-16.0
REFINERIA,-37.53
TRADER,-31.22
INDUSTRIA,-24.41
TRADER,-21.29
TRADER,-22.59
REFINERIA,-14.11
TRADER,-48.99
TRADER,-50.84
REFINERIA,-16.05
REFINERIA,-19.47
INDUSTRIA,-26.31
INDUSTRIA,-18.17
TRADER,-42.31
TRADER,-27.69
INDUSTRIA,-25.23
REFINERIA,-4.57
REFINERIA,-28.06
REFINERIA,-37.95
INDUSTRIA,-22.95
TRADER,-4.48
TRADER,-6.06
REFINERIA,-17.16
REFINERIA,-18.34
TRADER,-5.78
REFINERIA,-32.56
INDUSTRIA,-49.75
REFINERIA,-36.33
INDUSTRIA,-62.11
INDUSTRIA,-12.69
INDUSTRIA,-28.49
REFINERIA,-36.61
REFINERIA,-29.13
TRADER,-39.99
REFINERIA,-26.16
REFINERIA,-43.78
REFINERIA,-20.01
REFINERIA,-21.79
TRADER,-27.43
TRADER,-42.14
REFINERIA,1.14
INDUSTRIA,-11.62
REFINERIA,-6.59
REFINERIA,-42.13
REFINERIA,-33.29
REFINERIA,-8.88
TRADER,-35.1
TRADER,-12.48
INDUSTRIA,-16.08
INDUSTRIA,-23.27
REFINERIA,-9.12
TRADER,-30.87
INDUSTRIA,-31.21
REFINERIA,-36.62
INDUSTRIA,-26.39
INDUSTRIA,-31.69
INDUSTRIA,-19.27
INDUSTRIA,-53.3
TRADER,-13.59
INDUSTRIA,-34.74
TRADER,-31.95
REFINERIA,-39.1
TRADER,-10.7
INDUSTRIA,-21.77
INDUSTRIA,-50.25
REFINERIA,-29.03
REFINERIA,-56.58
INDUSTRIA,-16.89
REFINERIA,-11.86
TRADER,-29.0
REFINERIA,-21.93
INDUSTRIA,-29.5
REFINERIA,-16.78
TRADER,-23.01
TRADER,-24.18
TRADER,-21.54
TRADER,-33.76
INDUSTRIA,-23.03
REFINERIA,-26.16
REFINERIA,-14.48
TRADER,-59.52
REFINERIA,-23.14
REFINERIA,-37.57
TRADER,-22.07
REFINERIA,-16.81
INDUSTRIA,-3.48
INDUSTRIA,-20.23
TRADER,-27.95
REFINERIA,-21.78
TRADER,-20.79
INDUSTRIA,-27.23
REFINERIA,-17.8
INDUSTRIA,-31.23
TRADER,-8.48
TRADER,-19.28
INDUSTRIA,-44.19
TRADER,-5.83
INDUSTRIA,-42.42
TRADER,-23.11
REFINERIA,-23.53
INDUSTRIA,9.76
TRADER,-10.04
TRADER,-14.15
TRADER,-47.1
REFINERIA,-58.6
TRADER,-66.71
INDUSTRIA,-32.41
TRADER,-25.57
INDUSTRIA,1.36
INDUSTRIA,-6.58
REFINERIA,2.96
TRADER,-49.18
INDUSTRIA,-22.26
TRADER,-27.65
REFINERIA,-37.91
REFINERIA,-47.77
INDUSTRIA,-34.03
REFINERIA,-41.61
INDUSTRIA,-17.62
INDUSTRIA,-20.41
REFINERIA,9.73
TRADER,-38.84
TRADER,-37.09
INDUSTRIA,-35.28
INDUSTRIA,-34.11
REFINERIA,-36.77
TRADER,-24.28
TRADER,-47.14
TRADER,-35.55
INDUSTRIA,-48.78
TRADER,-41.96
REFINERIA,-33.18
REFINERIA,-48.93
TRADER,-20.97
TRADER,-27.07
TRADER,-7.66
INDUSTRIA,-11.44
TRADER,-13.6
REFINERIA,-7.01
TRADER,-8.49
TRADER,-13.78
INDUSTRIA,-27.66
INDUSTRIA,-22.75
TRADER,-39.2
TRADER,-59.89
INDUSTRIA,-7.1
TRADER,-32.34
INDUSTRIA,-38.79
TRADER,-18.02
TRADER,-11.45
TRADER,-17.32
INDUSTRIA,-37.98
REFINERIA,-31.22
TRADER,-37.78
TRADER,-44.41
INDUSTRIA,-26.36
INDUSTRIA,-44.61
TRADER,-24.98
REFINERIA,-7.9
TRADER,-30.75
INDUSTRIA,-29.74
INDUSTRIA,-26.57
REFINERIA,-42.51
REFINERIA,-45.42
INDUSTRIA,-29.38
REFINERIA,-1.27
INDUSTRIA,-45.96
REFINERIA,-35.56
INDUSTRIA,-42.63
TRADER,-66.73
TRADER,-35.53
TRADER,-41.62
REFINERIA,-64.8
TRADER,-55.29
TRADER,-23.14
REFINERIA,-20.29
TRADER,-40.83
INDUSTRIA,-27.17
INDUSTRIA,-42.51
REFINERIA,-52.53
TRADER,-51.12
TRADER,-36.19
INDUSTRIA,-29.06
INDUSTRIA,-46.61
TRADER,-21.64
REFINERIA,-19.88
REFINERIA,-44.77
REFINERIA,-32.66
INDUSTRIA,-34.5
TRADER,-13.71
REFINERIA,-6.87
REFINERIA,-14.02
TRADER,-32.63
REFINERIA,-29.26
TRADER,-34.9
REFINERIA,-31.73
TRADER,-40.77
REFINERIA,-23.25
INDUSTRIA,-53.29
INDUSTRIA,-28.96
INDUSTRIA,-33.66
REFINERIA,-13.53
TRADER,-4.93
TRADER,-61.27
REFINERIA,-63.4
REFINERIA,-29.6
REFINERIA,-42.8
REFINERIA,-22.43
INDUSTRIA,-48.59
TRADER,-21.67
INDUSTRIA,-23.84
REFINERIA,-47.45
INDUSTRIA,-32.6
REFINERIA,-16.57
REFINERIA,-16.73
REFINERIA,-26.38
REFINERIA,-26.39
REFINERIA,-22.18
INDUSTRIA,-30.95
INDUSTRIA,-32.23
INDUSTRIA,-26.14
TRADER,-25.77
REFINERIA,-19.15
REFINERIA,-61.26
INDUSTRIA,-18.9
INDUSTRIA,-28.87
REFINERIA,-19.82
REFINERIA,-6.94
INDUSTRIA,-28.92
REFINERIA,-56.67
REFINERIA,-35.68
TRADER,-17.8
REFINERIA,-27.57
TRADER,-21.63
TRADER,-36.01
TRADER,-26.24
INDUSTRIA,-22.96
REFINERIA,-26.85
TRADER,17.04
REFINERIA,-35.61
INDUSTRIA,-39.06
TRADER,-52.32
INDUSTRIA,-34.52
REFINERIA,-29.18
REFINERIA,-36.73
REFINERIA,-23.78
INDUSTRIA,-25.35
INDUSTRIA,-35.73
TRADER,-21.39
REFINERIA,-49.73
INDUSTRIA,-24.64
INDUSTRIA,-16.58
REFINERIA,-25.79
REFINERIA,-62.37
TRADER,-46.45
TRADER,-19.87
INDUSTRIA,-30.2
INDUSTRIA,-23.86
TRADER,-48.56
INDUSTRIA,-41.54
TRADER,-12.01
TRADER,-20.64
TRADER,-27.49
INDUSTRIA,-14.55
REFINERIA,-21.84
REFINERIA,-60.23
TRADER,-49.39
REFINERIA,-40.94
INDUSTRIA,-31.73
INDUSTRIA,-21.44
REFINERIA,-14.63
TRADER,-51.65
INDUSTRIA,-20.56
TRADER,-10.22
TRADER,3.06
REFINERIA,-20.43
REFINERIA,-29.48
TRADER,-16.82
INDUSTRIA,-45.59
INDUSTRIA,-35.74
TRADER,-19.48
TRADER,-36.81
TRADER,-26.79
INDUSTRIA,-43.55
TRADER,-27.57
INDUSTRIA,-43.92
TRADER,-34.25
INDUSTRIA,-17.5
REFINERIA,-52.37
INDUSTRIA,-37.42
REFINERIA,-14.44
REFINERIA,-15.71
INDUSTRIA,-36.86
TRADER,-32.81
INDUSTRIA,-3.57
REFINERIA,-41.05
REFINERIA,-38.06
TRADER,-54.15
INDUSTRIA,-12.78
TRADER,-6.92
INDUSTRIA,-41.2
TRADER,-57.96
INDUSTRIA,-20.01
TRADER,-31.31
TRADER,-7.64
REFINERIA,-15.79
REFINERIA,-42.41
TRADER,-5.34
INDUSTRIA,-26.89
TRADER,-27.56
REFINERIA,-23.29
TRADER,-18.03
TRADER,-71.83
REFINERIA,-31.88
INDUSTRIA,-40.33
TRADER,-57.89
TRADER,-19.52
TRADER,-16.35
REFINERIA,-39.86
INDUSTRIA,-46.12
TRADER,-28.71
REFINERIA,-36.03
REFINERIA,-0.19
INDUSTRIA,-63.8
INDUSTRIA,-8.41
INDUSTRIA,-21.64
INDUSTRIA,-35.79
TRADER,-32.18
INDUSTRIA,-23.22
TRADER,-31.69
INDUSTRIA,-34.11
TRADER,-24.72
INDUSTRIA,-43.39
TRADER,-30.18
TRADER,-29.52
REFINERIA,-2.38
REFINERIA,-15.45
INDUSTRIA,-12.02
TRADER,-14.11
INDUSTRIA,1.42
INDUSTRIA,-48.44
INDUSTRIA,-7.97
TRADER,-11.12
TRADER,-41.78
REFINERIA,-7.72
TRADER,-22.68
TRADER,2.58
REFINERIA,-22.49
INDUSTRIA,-45.77
INDUSTRIA,-48.81
REFINERIA,-45.76
INDUSTRIA,-52.04
REFINERIA,-32.64
INDUSTRIA,-16.0
REFINERIA,-16.33
INDUSTRIA,-41.0
INDUSTRIA,-29.47
TRADER,-35.42
INDUSTRIA,-28.6
REFINERIA,-15.21
INDUSTRIA,-24.11
REFINERIA,-42.97
INDUSTRIA,-25.85
REFINERIA,-23.43
TRADER,-7.51
TRADER,-30.44
REFINERIA,-15.5
INDUSTRIA,-50.82
REFINERIA,-33.22
TRADER,-27.5
TRADER,-27.42
INDUSTRIA,-41.29
TRADER,-57.17
INDUSTRIA,-35.03
REFINERIA,-30.74
TRADER,-33.55
REFINERIA,-5.81
INDUSTRIA,-36.84
TRADER,-36.85
REFINERIA,-35.8
INDUSTRIA,-9.21
TRADER,-50.02
INDUSTRIA,-21.38
REFINERIA,-23.52
TRADER,-24.92
REFINERIA,-25.47
REFINERIA,-38.07
INDUSTRIA,-43.84
INDUSTRIA,-22.12
INDUSTRIA,-60.16
REFINERIA,-22.0
REFINERIA,-39.88
TRADER,-48.92
REFINERIA,-14.54
INDUSTRIA,-33.4
TRADER,-54.91
REFINERIA,-39.02
INDUSTRIA,-12.39
INDUSTRIA,-8.4
INDUSTRIA,-67.01
REFINERIA,-40.6
REFINERIA,-45.18
REFINERIA,-24.41
TRADER,-37.63
INDUSTRIA,-39.23
REFINERIA,-52.23
REFINERIA,-24.5
TRADER,-42.23
TRADER,-44.26
REFINERIA,-19.03
INDUSTRIA,-32.3
TRADER,-19.7
REFINERIA,-7.89
INDUSTRIA,-3.88
TRADER,-11.13
REFINERIA,-29.39
TRADER,-17.53
REFINERIA,-25.24
REFINERIA,-31.05
TRADER,-29.46
REFINERIA,-41.28
INDUSTRIA,-47.93
INDUSTRIA,-15.34
REFINERIA,-15.9
TRADER,-20.9
TRADER,0.6
TRADER,-12.11
TRADER,-54.51
REFINERIA,-29.26
TRADER,-30.92
TRADER,-48.1
TRADER,-33.2
INDUSTRIA,-10.03
REFINERIA,-23.38
TRADER,-22.24
INDUSTRIA,-31.04
REFINERIA,-40.83
TRADER,1.87
REFINERIA,-44.2
INDUSTRIA,-31.09
REFINERIA,-40.79
REFINERIA,-46.27
INDUSTRIA,-49.28
TRADER,-8.67
INDUSTRIA,-20.8
REFINERIA,-35.52
TRADER,-39.79
REFINERIA,-55.4
REFINERIA,-29.04
REFINERIA,-34.07
INDUSTRIA,-19.42
TRADER,-30.23
TRADER,-35.35
INDUSTRIA,-12.03
TRADER,-5.92
REFINERIA,-56.9
INDUSTRIA,-28.14
REFINERIA,-28.37
REFINERIA,-30.95
TRADER,-12.8
INDUSTRIA,-55.42
INDUSTRIA,-24.16
TRADER,-28.41
TRADER,-35.66
TRADER,-50.41
INDUSTRIA,-30.3
REFINERIA,-34.63
REFINERIA,-46.82
INDUSTRIA,-28.48
TRADER,-28.49
INDUSTRIA,-49.27
INDUSTRIA,-28.17
TRADER,-56.43
TRADER,-13.0
INDUSTRIA,-32.73
TRADER,-48.63
REFINERIA,-52.75
INDUSTRIA,-27.41
REFINERIA,-41.75
INDUSTRIA,-61.75
INDUSTRIA,-27.06
INDUSTRIA,-29.56
REFINERIA,-19.17
TRADER,-46.58
REFINERIA,-8.52
REFINERIA,-18.23
TRADER,-29.84
REFINERIA,-25.73
INDUSTRIA,-34.46
TRADER,-28.19
INDUSTRIA,-38.63
TRADER,-33.2
TRADER,-9.06
INDUSTRIA,7.17
INDUSTRIA,-36.72
INDUSTRIA,-14.45
INDUSTRIA,-20.56
TRADER,-33.13
TRADER,-18.21
TRADER,-45.57
INDUSTRIA,-39.43
TRADER,-69.97
REFINERIA,-12.45
TRADER,-26.44
REFINERIA,-31.01
TRADER,-21.36
INDUSTRIA,-32.95
TRADER,-45.69
INDUSTRIA,-30.02
TRADER,-18.37
TRADER,-46.87
REFINERIA,-19.39
REFINERIA,-18.29
INDUSTRIA,-28.03
REFINERIA,-21.71
INDUSTRIA,-58.32
TRADER,-26.68
INDUSTRIA,-28.62
TRADER,-30.05
REFINERIA,-36.19
INDUSTRIA,-17.82
REFINERIA,-7.9
REFINERIA,-15.84
INDUSTRIA,-9.33
TRADER,-42.79
REFINERIA,-33.46
TRADER,-36.65
TRADER,-24.77
TRADER,-64.17
REFINERIA,-22.38
INDUSTRIA,-23.97
TRADER,-39.43
REFINERIA,-37.1
TRADER,-20.55
TRADER,-1.68
TRADER,-41.0
TRADER,-50.98
INDUSTRIA,-7.65
INDUSTRIA,-17.2
REFINERIA,-24.82
TRADER,-23.39
TRADER,-56.87
INDUSTRIA,-30.44
INDUSTRIA,-42.28
REFINERIA,-24.27
INDUSTRIA,-16.58
REFINERIA,-25.14
TRADER,-9.89
TRADER,-28.47
TRADER,-7.59
TRADER,-21.88
REFINERIA,-33.19
TRADER,-44.35
TRADER,-28.6
TRADER,-42.56
REFINERIA,-29.24
REFINERIA,-27.55
REFINERIA,-43.73
REFINERIA,-19.23
TRADER,-19.82
TRADER,-26.57
REFINERIA,-36.35
REFINERIA,-16.08
TRADER,-29.71
TRADER,-15.22
INDUSTRIA,-34.87
TRADER,-41.06
REFINERIA,-4.65
TRADER,-18.1
REFINERIA,-39.38
REFINERIA,-15.43
REFINERIA,-14.22
TRADER,-37.08
REFINERIA,-8.96
INDUSTRIA,-16.24
TRADER,-36.48
TRADER,-50.94
TRADER,-21.46
REFINERIA,-4.34
TRADER,-50.93
TRADER,-12.94
INDUSTRIA,-6.26
REFINERIA,-39.06
INDUSTRIA,-51.91
INDUSTRIA,-36.1
REFINERIA,-19.9
INDUSTRIA,-41.52
INDUSTRIA,-32.99
TRADER,-20.86
INDUSTRIA,-36.44
INDUSTRIA,-44.87
INDUSTRIA,-21.05
REFINERIA,-39.9
INDUSTRIA,-41.09
REFINERIA,-24.94
REFINERIA,-0.17
TRADER,-44.99
REFINERIA,-4.54
TRADER,-1.62
TRADER,-6.75
TRADER,-13.89
TRADER,-49.94
REFINERIA,-30.28
REFINERIA,-0.28
REFINERIA,-49.04
INDUSTRIA,-29.96
INDUSTRIA,1.57
INDUSTRIA,-17.54
REFINERIA,-45.15
REFINERIA,-33.47
INDUSTRIA,-40.34
TRADER,-14.08
INDUSTRIA,-13.2
INDUSTRIA,-39.96
INDUSTRIA,-18.56
TRADER,-43.69
TRADER,-20.97
INDUSTRIA,-37.95
TRADER,-40.28
REFINERIA,-0.17
TRADER,-31.15
INDUSTRIA,-28.21
INDUSTRIA,-10.72
INDUSTRIA,-16.88
REFINERIA,-45.14
TRADER,-54.73
INDUSTRIA,-18.47
INDUSTRIA,-44.53
INDUSTRIA,-51.93
REFINERIA,-37.31
REFINERIA,-2.15
TRADER,-18.18
INDUSTRIA,-13.43
TRADER,-26.4
INDUSTRIA,-23.03
INDUSTRIA,-54.92
TRADER,-9.47
TRADER,-34.31
INDUSTRIA,-34.12
REFINERIA,-32.12
TRADER,-37.29
REFINERIA,-46.03
TRADER,-46.41
REFINERIA,-49.12
REFINERIA,-41.94
INDUSTRIA,-27.17
TRADER,-33.27
INDUSTRIA,-50.99
INDUSTRIA,-21.01
INDUSTRIA,-24.95
TRADER,-17.78
INDUSTRIA,-27.83
TRADER,-26.69
REFINERIA,-50.0
TRADER,-11.51
REFINERIA,-20.37
TRADER,-31.51
INDUSTRIA,-25.91
TRADER,-24.2
REFINERIA,-28.39
TRADER,-63.32
REFINERIA,-13.51
INDUSTRIA,-39.85
REFINERIA,-57.75
TRADER,-23.47
INDUSTRIA,-46.97
TRADER,-27.99
INDUSTRIA,-25.86
TRADER,-27.04
REFINERIA,-43.48
TRADER,1.16
REFINERIA,-49.62
INDUSTRIA,-17.71
TRADER,-36.17
TRADER,-3.55
INDUSTRIA,-50.66
REFINERIA,-20.23
TRADER,-27.08
TRADER,-7.57
INDUSTRIA,-1.46
REFINERIA,-15.21
REFINERIA,-22.54
REFINERIA,-28.0
INDUSTRIA,-55.65
INDUSTRIA,-24.4
INDUSTRIA,-15.2
INDUSTRIA,-31.3
TRADER,-53.05
INDUSTRIA,-16.36
TRADER,-29.58
INDUSTRIA,-37.75
REFINERIA,-25.32
REFINERIA,-32.07
REFINERIA,14.16
TRADER,-27.16
TRADER,-36.13
REFINERIA,-42.4
INDUSTRIA,23.12
INDUSTRIA,-39.64
REFINERIA,-26.84
INDUSTRIA,-19.83
TRADER,-42.55
REFINERIA,-15.94
REFINERIA,-44.86
INDUSTRIA,-35.23
TRADER,-7.03
REFINERIA,-9.3
TRADER,-30.23
REFINERIA,-19.19
TRADER,-38.0
REFINERIA,-14.16
REFINERIA,-34.93
TRADER,-21.47
INDUSTRIA,-49.94
REFINERIA,-60.38
REFINERIA,-35.16
INDUSTRIA,-52.72
INDUSTRIA,-37.4
TRADER,-16.41
TRADER,-32.76
TRADER,-26.98
REFINERIA,-46.47
INDUSTRIA,-2.04
TRADER,-58.45
TRADER,-4.26
REFINERIA,-18.42
TRADER,-15.83
INDUSTRIA,-18.83
INDUSTRIA,-48.87
REFINERIA,-27.85
INDUSTRIA,-27.09
REFINERIA,-51.05
TRADER,-21.41
INDUSTRIA,-41.85
REFINERIA,-44.15
INDUSTRIA,-35.29
INDUSTRIA,-15.76
TRADER,-42.01
TRADER,-44.28
TRADER,-49.45
REFINERIA,-26.49
REFINERIA,-39.63
REFINERIA,-28.17
INDUSTRIA,-29.84
TRADER,-67.48
TRADER,-61.11
INDUSTRIA,-2.14
TRADER,-0.12
TRADER,-39.4
REFINERIA,-21.64
TRADER,-42.59
INDUSTRIA,-9.83
TRADER,-35.04
REFINERIA,-14.44
INDUSTRIA,-35.88
REFINERIA,-31.19
INDUSTRIA,-29.03
TRADER,-22.95
INDUSTRIA,-41.55
REFINERIA,-2.4
REFINERIA,-14.96
REFINERIA,-23.28
INDUSTRIA,-51.61
INDUSTRIA,-29.46
REFINERIA,-5.22
TRADER,-47.93
REFINERIA,-14.36
TRADER,-14.29
INDUSTRIA,-42.33
TRADER,-9.69
INDUSTRIA,-11.38
TRADER,-32.03
INDUSTRIA,-13.04
REFINERIA,-16.42
TRADER,-41.98
INDUSTRIA,-35.12
INDUSTRIA,-39.23
TRADER,-45.27
INDUSTRIA,-29.37
INDUSTRIA,-36.75
REFINERIA,-25.61
REFINERIA,-35.31
TRADER,-63.6
INDUSTRIA,-29.74
TRADER,-43.15
TRADER,-51.14
REFINERIA,-47.06
TRADER,-36.36
INDUSTRIA,-13.79
TRADER,-28.23
TRADER,-35.41
INDUSTRIA,-30.73
TRADER,-35.01
TRADER,-23.85
INDUSTRIA,-3.89
INDUSTRIA,-16.34
TRADER,-23.3
REFINERIA,-19.79
INDUSTRIA,-14.97
REFINERIA,-22.85
INDUSTRIA,-40.46
INDUSTRIA,-27.22
REFINERIA,-43.64
TRADER,-36.59
INDUSTRIA,-16.46
INDUSTRIA,-29.53
TRADER,-25.52
REFINERIA,-23.64
INDUSTRIA,-37.01
INDUSTRIA,-36.51
INDUSTRIA,-36.47
TRADER,-36.0
TRADER,-30.66
INDUSTRIA,-12.57
TRADER,-25.19
INDUSTRIA,-5.63
TRADER,-63.48
INDUSTRIA,-35.03
INDUSTRIA,-22.4
TRADER,-37.35
INDUSTRIA,-18.15
REFINERIA,-21.06
INDUSTRIA,6.16
REFINERIA,-28.24
TRADER,-9.21
REFINERIA,-11.66
REFINERIA,-42.62
TRADER,-37.14
REFINERIA,-19.65
REFINERIA,-37.2
REFINERIA,-61.86
REFINERIA,-32.96
TRADER,-33.66
REFINERIA,-14.19
TRADER,-11.6
REFINERIA,-41.84
TRADER,-30.63
REFINERIA,-51.0
REFINERIA,-19.16
REFINERIA,13.72
INDUSTRIA,-43.91
INDUSTRIA,-17.03
REFINERIA,-55.16
INDUSTRIA,-18.56
TRADER,-17.72
INDUSTRIA,-50.46
INDUSTRIA,-11.13
TRADER,-40.75
TRADER,-40.2
INDUSTRIA,-22.99
INDUSTRIA,4.65
INDUSTRIA,-21.39
REFINERIA,-11.84
TRADER,-47.94
INDUSTRIA,-47.52
INDUSTRIA,-23.86
TRADER,-25.24
INDUSTRIA,-26.55
INDUSTRIA,-37.58
INDUSTRIA,-31.28
REFINERIA,-27.71
REFINERIA,13.48
REFINERIA,-37.17
REFINERIA,-13.03
INDUSTRIA,-36.24
INDUSTRIA,-2.53
INDUSTRIA,-33.68
INDUSTRIA,-36.34
INDUSTRIA,-26.82
TRADER,-32.86
INDUSTRIA,-36.33
INDUSTRIA,-42.48
REFINERIA,-24.25
REFINERIA,-49.05
TRADER,-31.92
REFINERIA,-24.53
REFINERIA,-35.53
INDUSTRIA,-59.08
TRADER,-57.52
TRADER,-39.97
REFINERIA,-26.54
REFINERIA,-24.52
TRADER,-11.36
REFINERIA,-9.37
TRADER,-15.95
INDUSTRIA,-29.44
REFINERIA,-32.56
REFINERIA,-24.87
TRADER,-31.1
REFINERIA,-25.53
TRADER,-31.38
INDUSTRIA,-33.3
TRADER,-34.95
INDUSTRIA,-24.15
INDUSTRIA,-27.54
REFINERIA,-24.64
TRADER,-9.48
TRADER,-41.91
INDUSTRIA,-42.36
INDUSTRIA,-26.87
INDUSTRIA,-15.73
TRADER,-36.43
TRADER,-13.83
TRADER,-7.3
REFINERIA,-47.26
REFINERIA,-42.31
TRADER,-6.36
INDUSTRIA,-50.13
REFINERIA,-26.09
TRADER,-14.1
TRADER,-56.95
TRADER,-37.43
TRADER,-38.35
INDUSTRIA,-37.73
TRADER,-29.99
REFINERIA,-35.18
INDUSTRIA,-26.47
INDUSTRIA,-28.59
INDUSTRIA,-32.31
INDUSTRIA,-37.45
REFINERIA,-52.22
TRADER,-17.82
REFINERIA,-28.43
TRADER,-29.25
TRADER,-31.34
INDUSTRIA,-15.92
REFINERIA,-28.87
REFINERIA,-36.68
TRADER,-35.03
REFINERIA,-45.25
INDUSTRIA,-43.26
TRADER,-60.02
REFINERIA,-25.0
INDUSTRIA,-52.3
TRADER,-28.61
REFINERIA,-21.04
INDUSTRIA,-59.01
REFINERIA,-29.46
INDUSTRIA,-26.15
TRADER,-73.88
REFINERIA,-42.34
TRADER,-30.15
REFINERIA,-2.34
INDUSTRIA,-12.81
INDUSTRIA,-32.18
INDUSTRIA,-33.94
REFINERIA,-31.95
INDUSTRIA,-15.64
TRADER,-21.44
TRADER,-35.67
REFINERIA,-8.76
INDUSTRIA,-34.07
INDUSTRIA,-24.89
TRADER,-31.1
TRADER,-38.58
INDUSTRIA,-0.41
TRADER,-49.8
REFINERIA,-18.11
INDUSTRIA,-27.28
INDUSTRIA,-21.23
REFINERIA,-26.51
REFINERIA,-30.26
INDUSTRIA,-31.51
TRADER,-19.2
TRADER,-20.73
REFINERIA,-33.34
INDUSTRIA,-34.88
REFINERIA,-15.11
INDUSTRIA,-3.73
TRADER,-13.32
REFINERIA,-41.7
REFINERIA,-26.87
REFINERIA,-23.36
REFINERIA,-25.37
REFINERIA,-25.0
INDUSTRIA,-23.33
INDUSTRIA,-44.73
INDUSTRIA,-22.42
REFINERIA,-42.54
INDUSTRIA,-39.07
TRADER,-30.33
TRADER,-13.09
INDUSTRIA,-56.62
INDUSTRIA,-13.01
REFINERIA,-40.57
TRADER,-16.47
TRADER,-14.5
TRADER,-33.92
TRADER,-21.61
REFINERIA,-36.83
INDUSTRIA,-9.94
REFINERIA,-30.23
INDUSTRIA,-23.16
INDUSTRIA,-51.63
REFINERIA,-36.13
TRADER,-24.88
TRADER,-21.52
REFINERIA,-33.67
REFINERIA,-21.06
REFINERIA,-50.78
REFINERIA,-61.79
TRADER,-36.31
INDUSTRIA,-53.01
REFINERIA,-36.92
TRADER,-34.57
REFINERIA,-29.7
INDUSTRIA,-31.92
REFINERIA,-30.68
REFINERIA,-6.56
REFINERIA,-26.65
INDUSTRIA,-4.36
REFINERIA,-12.84
REFINERIA,-14.55
TRADER,-31.82
TRADER,-32.23
TRADER,-44.39
REFINERIA,-12.01
TRADER,-50.0
INDUSTRIA,-16.29
REFINERIA,-40.34
INDUSTRIA,-29.71
INDUSTRIA,-40.49
TRADER,-39.7
REFINERIA,-33.49
TRADER,-41.47
INDUSTRIA,-23.97
TRADER,-41.96
INDUSTRIA,-1.87
REFINERIA,-26.95
TRADER,-34.09
TRADER,-35.4
INDUSTRIA,-14.69
REFINERIA,-35.41
REFINERIA,-25.96
REFINERIA,-22.06
TRADER,-42.13
INDUSTRIA,-16.09
INDUSTRIA,-29.64
TRADER,-24.41
REFINERIA,-14.97
INDUSTRIA,-21.02
TRADER,-10.89
REFINERIA,-15.37
TRADER,-45.75
TRADER,5.05
INDUSTRIA,-4.76
TRADER,-28.75
REFINERIA,-13.41
INDUSTRIA,-25.19
INDUSTRIA,-19.15
TRADER,-26.69
REFINERIA,-30.53
INDUSTRIA,-16.81
INDUSTRIA,-28.46
TRADER,-18.87
INDUSTRIA,-17.13
TRADER,-24.78
TRADER,-26.19
INDUSTRIA,-32.26
INDUSTRIA,-59.75
REFINERIA,-36.19
INDUSTRIA,-39.56
REFINERIA,-50.07
TRADER,-16.25
TRADER,-18.35
TRADER,-27.51
REFINERIA,-5.8
REFINERIA,-39.3
INDUSTRIA,-28.68
REFINERIA,-50.02
INDUSTRIA,-48.5
REFINERIA,-21.86
TRADER,-34.06
REFINERIA,-34.16
TRADER,-57.49
REFINERIA,-49.04
INDUSTRIA,-23.94
INDUSTRIA,-32.57
TRADER,-21.52
TRADER,-40.98
INDUSTRIA,3.84
INDUSTRIA,-34.57
TRADER,4.97
REFINERIA,-25.44
REFINERIA,-38.52
TRADER,-26.72
INDUSTRIA,-5.82
TRADER,-21.34
REFINERIA,-24.08
TRADER,1.45
TRADER,-19.68
REFINERIA,-35.12
INDUSTRIA,-5.44
TRADER,-23.12
TRADER,-24.17
TRADER,-56.62
INDUSTRIA,-4.55
TRADER,-31.15
REFINERIA,-36.85
INDUSTRIA,-23.44
TRADER,-10.14
TRADER,-15.03
INDUSTRIA,-17.2
TRADER,-30.52
TRADER,-8.37
TRADER,-33.06
TRADER,-27.65
INDUSTRIA,-39.7
TRADER,-51.03
INDUSTRIA,-15.56
INDUSTRIA,-49.15
INDUSTRIA,-35.15
REFINERIA,-24.48
TRADER,-27.61
TRADER,-30.53
TRADER,-58.26
REFINERIA,-32.48
TRADER,-20.25
TRADER,-26.67
REFINERIA,-41.07
REFINERIA,-38.31
TRADER,-17.08
REFINERIA,-23.69
REFINERIA,-36.63
REFINERIA,1.97
INDUSTRIA,-44.27
TRADER,-10.81
REFINERIA,-44.98
TRADER,-14.26
INDUSTRIA,-28.2
TRADER,-16.92
TRADER,-39.52
INDUSTRIA,-16.97
INDUSTRIA,-49.38
INDUSTRIA,-10.03
INDUSTRIA,-23.64
TRADER,-32.54
INDUSTRIA,-37.22
TRADER,-15.38
TRADER,-51.42
TRADER,-16.67
INDUSTRIA,-49.25
REFINERIA,-45.71
TRADER,-39.56
TRADER,-41.12
TRADER,-58.8
TRADER,2.39
INDUSTRIA,-39.1
INDUSTRIA,-28.69
INDUSTRIA,-58.7
INDUSTRIA,-29.56
REFINERIA,-13.82
INDUSTRIA,-11.16
REFINERIA,-26.16
INDUSTRIA,-40.87
TRADER,-18.07
REFINERIA,-41.93
TRADER,-6.01
TRADER,-31.79
REFINERIA,-21.21
REFINERIA,-62.48
INDUSTRIA,-53.01
TRADER,-40.49
REFINERIA,-44.28
TRADER,-21.64
TRADER,-34.24
REFINERIA,-29.76
REFINERIA,-16.59
INDUSTRIA,-12.76
REFINERIA,-11.49
INDUSTRIA,-46.08
TRADER,-49.49
TRADER,-42.11
REFINERIA,-35.3
REFINERIA,-23.51
TRADER,-18.16
REFINERIA,-10.88
INDUSTRIA,-16.95
INDUSTRIA,-33.72
REFINERIA,-2.77
INDUSTRIA,-50.84
REFINERIA,-38.38
INDUSTRIA,-1.77
REFINERIA,9.32
TRADER,-28.99
REFINERIA,-27.34
TRADER,-34.23
TRADER,-37.52
TRADER,-21.74
TRADER,-6.57
TRADER,-38.4
REFINERIA,-19.33
TRADER,-35.74
INDUSTRIA,-21.49
TRADER,-23.38
REFINERIA,-37.03
TRADER,-18.71
TRADER,-46.32
INDUSTRIA,-10.92
TRADER,-41.26
REFINERIA,-31.29
REFINERIA,-34.52
TRADER,-44.28
REFINERIA,-35.72
INDUSTRIA,-41.64
REFINERIA,-2.73
INDUSTRIA,-35.48
REFINERIA,-44.44
INDUSTRIA,-46.51
INDUSTRIA,-53.74
REFINERIA,-37.87
REFINERIA,-25.31
REFINERIA,-29.46
TRADER,-15.82
TRADER,-30.13
TRADER,-35.94
TRADER,-5.77
REFINERIA,-17.23
TRADER,-29.66
REFINERIA,-42.34
TRADER,-13.95
REFINERIA,-34.78
REFINERIA,-31.06
TRADER,-25.02
TRADER,-15.95
TRADER,-53.92
TRADER,-17.32
INDUSTRIA,-25.87
REFINERIA,-54.44
TRADER,-10.44
TRADER,-47.1
REFINERIA,-20.43
TRADER,-36.99
INDUSTRIA,-21.95
REFINERIA,-7.93
TRADER,-34.87
TRADER,-28.67
INDUSTRIA,-11.37
REFINERIA,-17.33
REFINERIA,-67.05
TRADER,-15.98
TRADER,-42.99
REFINERIA,-49.41
REFINERIA,-17.11
TRADER,-6.63
TRADER,-47.47
TRADER,-39.52
REFINERIA,-39.36
INDUSTRIA,-26.62
REFINERIA,-14.05
INDUSTRIA,-42.35
REFINERIA,-21.81
INDUSTRIA,-3.45
TRADER,-33.54
REFINERIA,-26.7
TRADER,-25.17
TRADER,-15.16
TRADER,-18.78
INDUSTRIA,-29.4
TRADER,-13.91
TRADER,-42.73
TRADER,-31.74
TRADER,-27.63
TRADER,-19.05
REFINERIA,-26.76
TRADER,-31.82
INDUSTRIA,-48.06
REFINERIA,-11.96
INDUSTRIA,-31.52
REFINERIA,-18.43
REFINERIA,-43.57
INDUSTRIA,-4.08
REFINERIA,-23.84
REFINERIA,-40.85
INDUSTRIA,-40.77
INDUSTRIA,-37.49
TRADER,-29.61
INDUSTRIA,-22.69
REFINERIA,-31.02
REFINERIA,-12.89
REFINERIA,-34.8
INDUSTRIA,-13.91
TRADER,-45.58
REFINERIA,-59.56
REFINERIA,-0.63
INDUSTRIA,-41.09
TRADER,-35.68
TRADER,-26.94
INDUSTRIA,-32.07
TRADER,-36.73
TRADER,-35.4
TRADER,-25.62
INDUSTRIA,-32.23
REFINERIA,-42.0
TRADER,-40.12
REFINERIA,-36.35
INDUSTRIA,-34.25
REFINERIA,-31.58
TRADER,-47.88
INDUSTRIA,-57.72
REFINERIA,-36.53
INDUSTRIA,-6.15
TRADER,-23.95
TRADER,-35.73
TRADER,-34.7
TRADER,-38.41
TRADER,-12.51
REFINERIA,-11.84
REFINERIA,-31.58
INDUSTRIA,-5.25
TRADER,-48.92
REFINERIA,-6.61
REFINERIA,-47.22
REFINERIA,-33.85
REFINERIA,-24.75
INDUSTRIA,-49.65
TRADER,-21.66
INDUSTRIA,-53.6
REFINERIA,-44.26
TRADER,-33.78
REFINERIA,-36.44
INDUSTRIA,-31.74
INDUSTRIA,-29.31
INDUSTRIA,-26.1
TRADER,-33.38
REFINERIA,-65.36
REFINERIA,-15.57
REFINERIA,-35.06
REFINERIA,-21.7
REFINERIA,-49.81
TRADER,-19.78
REFINERIA,-15.06
REFINERIA,-46.32
TRADER,-38.37
REFINERIA,-47.69
TRADER,-38.11
INDUSTRIA,-63.39
REFINERIA,-44.38
TRADER,-42.11
INDUSTRIA,-56.7
REFINERIA,-31.41
INDUSTRIA,-25.79
INDUSTRIA,-39.58
INDUSTRIA,-72.23
REFINERIA,-47.68
REFINERIA,-18.19
INDUSTRIA,-19.48
INDUSTRIA,-1.16
REFINERIA,-3.01
REFINERIA,-30.28
INDUSTRIA,-30.92
TRADER,-23.21
INDUSTRIA,-40.79
REFINERIA,-37.02
INDUSTRIA,-24.36
TRADER,-10.47
REFINERIA,-19.72
TRADER,-6.91
TRADER,-37.42
INDUSTRIA,-49.09
TRADER,-40.62
TRADER,-43.12
INDUSTRIA,-40.25
INDUSTRIA,-30.39
REFINERIA,-48.07
INDUSTRIA,4.59
INDUSTRIA,-34.18
INDUSTRIA,-4.32
REFINERIA,-30.32
REFINERIA,-36.08
TRADER,-25.14
TRADER,-59.41
TRADER,-27.8
REFINERIA,-0.85
TRADER,-23.22
TRADER,-27.66
INDUSTRIA,-9.86
INDUSTRIA,-41.16
INDUSTRIA,-27.02
TRADER,-39.25
REFINERIA,-26.7
TRADER,-54.19
REFINERIA,-37.25
TRADER,-18.91
REFINERIA,-22.38
TRADER,-64.41
REFINERIA,-40.26
INDUSTRIA,-9.67
INDUSTRIA,-48.63
TRADER,-28.9
TRADER,-21.42
TRADER,-21.27
INDUSTRIA,-11.68
INDUSTRIA,-22.46
INDUSTRIA,-34.91
INDUSTRIA,-4.26
TRADER,-8.68
INDUSTRIA,-38.93
INDUSTRIA,-20.99
INDUSTRIA,-35.61
TRADER,-46.44
INDUSTRIA,-33.77
INDUSTRIA,11.77
TRADER,-35.26
INDUSTRIA,-34.55
REFINERIA,-17.74
INDUSTRIA,-26.42
TRADER,-7.91
INDUSTRIA,-46.81
TRADER,-34.76
TRADER,-22.08
INDUSTRIA,-20.07
TRADER,-3.97
REFINERIA,-8.74
INDUSTRIA,-55.85
REFINERIA,-32.73
INDUSTRIA,-10.83
REFINERIA,-52.85
INDUSTRIA,-26.16
REFINERIA,-31.73
TRADER,-32.4
INDUSTRIA,-0.61
TRADER,-49.67
REFINERIA,-24.43
TRADER,-24.02
TRADER,-20.9
REFINERIA,-30.93
INDUSTRIA,-18.99
INDUSTRIA,3.27
REFINERIA,-46.11
INDUSTRIA,-27.51
INDUSTRIA,-36.6
INDUSTRIA,-26.66
TRADER,-29.78
INDUSTRIA,-22.91
TRADER,-12.35
INDUSTRIA,-32.18
TRADER,-42.48
TRADER,-56.24
REFINERIA,-59.79
REFINERIA,-21.8
REFINERIA,-14.39
TRADER,-38.17
REFINERIA,-43.92
INDUSTRIA,-40.83
INDUSTRIA,-29.68
TRADER,-35.24
INDUSTRIA,-38.08
TRADER,-33.39
REFINERIA,-11.61
REFINERIA,-44.68
TRADER,-67.87
TRADER,-26.62
REFINERIA,-33.29
TRADER,-34.66
TRADER,-30.61
INDUSTRIA,-8.54
REFINERIA,2.23
INDUSTRIA,-45.43
REFINERIA,-31.42
REFINERIA,-28.88
REFINERIA,-16.98
INDUSTRIA,-18.98
TRADER,-28.73
INDUSTRIA,-0.04
REFINERIA,-57.99
REFINERIA,-39.28
REFINERIA,-23.74
INDUSTRIA,-45.06
REFINERIA,-23.97
TRADER,-47.83
REFINERIA,-29.96
REFINERIA,-21.87
TRADER,-21.33
TRADER,-31.45
TRADER,-44.2
INDUSTRIA,-47.03
INDUSTRIA,-35.72
REFINERIA,-26.63
INDUSTRIA,-45.94
REFINERIA,-11.78
TRADER,-42.35
TRADER,-10.22
TRADER,-12.05
REFINERIA,-28.3
TRADER,-48.4
REFINERIA,-34.88
REFINERIA,-34.97
TRADER,-15.86
REFINERIA,-14.77
INDUSTRIA,-44.77
REFINERIA,-32.7
TRADER,-2.59
INDUSTRIA,-41.19
REFINERIA,-34.71
TRADER,-33.24
REFINERIA,-34.4
TRADER,-9.68
TRADER,-25.35
INDUSTRIA,-75.3
REFINERIA,-13.43
REFINERIA,-28.12
TRADER,-34.33
INDUSTRIA,-8.89
TRADER,-31.24
INDUSTRIA,0.91
TRADER,-37.65
REFINERIA,-11.8
REFINERIA,-39.67
TRADER,-26.05
REFINERIA,-34.75
REFINERIA,-59.49
INDUSTRIA,2.91
REFINERIA,-16.25
REFINERIA,-54.04
REFINERIA,-27.44
TRADER,-22.89
TRADER,-5.42
TRADER,-45.14
INDUSTRIA,-4.91
INDUSTRIA,-5.83
INDUSTRIA,-10.74
TRADER,-32.17
TRADER,-43.25
TRADER,-60.12
TRADER,-17.33
REFINERIA,-28.8
INDUSTRIA,-32.05
TRADER,-32.16
REFINERIA,-39.74
REFINERIA,-34.37
INDUSTRIA,-40.38
INDUSTRIA,-32.04
REFINERIA,-26.82
TRADER,-53.49
INDUSTRIA,-56.69
REFINERIA,1.59
INDUSTRIA,-33.37
TRADER,-32.64
INDUSTRIA,-12.06
INDUSTRIA,-33.79
INDUSTRIA,-3.28
TRADER,-40.34
TRADER,-41.43
INDUSTRIA,-31.67
TRADER,-15.62
TRADER,-43.51
REFINERIA,-53.51
INDUSTRIA,-6.41
REFINERIA,-31.86
REFINERIA,-25.89
TRADER,-26.49
INDUSTRIA,-43.53
TRADER,-3.95
INDUSTRIA,-42.9
REFINERIA,-35.09
TRADER,-5.2
INDUSTRIA,-30.08
INDUSTRIA,-20.38
INDUSTRIA,-31.64
TRADER,-8.18
INDUSTRIA,-7.02
INDUSTRIA,-0.3
REFINERIA,-46.89
INDUSTRIA,-34.18
REFINERIA,-26.02
TRADER,-34.25
REFINERIA,-37.22
INDUSTRIA,-37.58
INDUSTRIA,-37.72
TRADER,-29.31
INDUSTRIA,-32.9
REFINERIA,-29.95
TRADER,-44.58
REFINERIA,-23.21
TRADER,-5.26
TRADER,-18.11
TRADER,-31.49
REFINERIA,-57.61
REFINERIA,-31.15
INDUSTRIA,-15.64
REFINERIA,-21.37
TRADER,-35.03
REFINERIA,-55.02
REFINERIA,-13.81
INDUSTRIA,-41.15
INDUSTRIA,-28.14
INDUSTRIA,-27.4
TRADER,-36.08
TRADER,-37.31
TRADER,-9.93
TRADER,-31.15
REFINERIA,-15.05
INDUSTRIA,-32.39
INDUSTRIA,-57.96
TRADER,-52.61
TRADER,-36.82
TRADER,-43.2
TRADER,-20.27
REFINERIA,-22.85
TRADER,-36.32
TRADER,-6.55
INDUSTRIA,-41.7
TRADER,-10.69
TRADER,-34.54
REFINERIA,-38.97
TRADER,-46.16
REFINERIA,-23.19
TRADER,-57.02
REFINERIA,-29.31
TRADER,-15.3
INDUSTRIA,-26.35
REFINERIA,-42.54
INDUSTRIA,-39.76
INDUSTRIA,-28.69
TRADER,-38.67
INDUSTRIA,-24.46
REFINERIA,-39.07
REFINERIA,-16.03
TRADER,-7.51
REFINERIA,-40.27
TRADER,-42.75
TRADER,-5.78
REFINERIA,-40.47
TRADER,-29.55
REFINERIA,-7.9
INDUSTRIA,-9.11
TRADER,-51.06
TRADER,-42.99
REFINERIA,-41.98
TRADER,-25.52
REFINERIA,-35.14
INDUSTRIA,-69.04
INDUSTRIA,-13.85
TRADER,-30.77
TRADER,-36.16
TRADER,4.67
REFINERIA,-8.0
REFINERIA,-37.2
REFINERIA,-22.55
REFINERIA,-21.38
REFINERIA,-36.26
INDUSTRIA,-35.83
REFINERIA,-16.34
INDUSTRIA,-24.79
REFINERIA,-27.54
REFINERIA,-17.47
TRADER,-21.74
TRADER,-19.54
INDUSTRIA,-55.32
REFINERIA,-43.91
TRADER,-25.26
REFINERIA,-41.35
TRADER,-4.45
REFINERIA,-23.39
TRADER,-38.43
TRADER,-38.75
TRADER,-64.28
TRADER,-28.74
INDUSTRIA,-34.07
INDUSTRIA,-29.94
TRADER,-4.63
TRADER,-38.1
REFINERIA,-13.13
REFINERIA,-11.26
TRADER,-36.18
REFINERIA,-33.14
INDUSTRIA,-23.83
REFINERIA,-42.05
INDUSTRIA,-10.06
TRADER,-58.75
TRADER,-13.54
TRADER,-15.1
INDUSTRIA,-11.77
REFINERIA,-54.11
INDUSTRIA,-19.99
INDUSTRIA,-47.35
INDUSTRIA,-40.07
REFINERIA,-3.99
TRADER,-42.54
REFINERIA,-46.98
REFINERIA,-26.77
TRADER,-9.79
TRADER,-19.53
INDUSTRIA,-28.6
TRADER,13.52
INDUSTRIA,-32.29
REFINERIA,-37.65
TRADER,-15.96
INDUSTRIA,-36.6
REFINERIA,-43.16
TRADER,-40.9
TRADER,-32.54
TRADER,-33.87
REFINERIA,-14.3
REFINERIA,-42.34
REFINERIA,-23.64
TRADER,-37.62
INDUSTRIA,-21.03
INDUSTRIA,-34.42
TRADER,-17.6
INDUSTRIA,-8.12
REFINERIA,-24.36
INDUSTRIA,-37.9
TRADER,-13.62
INDUSTRIA,-44.07
REFINERIA,-22.41
INDUSTRIA,-30.11
INDUSTRIA,-18.99
TRADER,-31.7
TRADER,-22.35
TRADER,-24.27
INDUSTRIA,-18.42
TRADER,-23.73
REFINERIA,-59.72
INDUSTRIA,-30.56
REFINERIA,-40.7
TRADER,-14.46
TRADER,-21.4
TRADER,-32.14
REFINERIA,-48.29
TRADER,-38.6
TRADER,-33.04
REFINERIA,-36.09
INDUSTRIA,-60.29
TRADER,-15.56
INDUSTRIA,-35.85
INDUSTRIA,-15.82
TRADER,-16.43
TRADER,-66.0
TRADER,-14.24
REFINERIA,-37.88
TRADER,-30.24
TRADER,-23.66
INDUSTRIA,-13.43
REFINERIA,-28.16
TRADER,-19.41
REFINERIA,-20.33
REFINERIA,-21.21
TRADER,-16.82
INDUSTRIA,-39.16
REFINERIA,-57.57
REFINERIA,-24.91
TRADER,-17.07
TRADER,-23.05
TRADER,-21.15
REFINERIA,-6.2
TRADER,-34.81
INDUSTRIA,-22.19
INDUSTRIA,-14.17
REFINERIA,-3.75
INDUSTRIA,-57.04
REFINERIA,-15.01
INDUSTRIA,-12.12
INDUSTRIA,-40.2
TRADER,-59.76
TRADER,-33.49
INDUSTRIA,-16.65
TRADER,-37.13
INDUSTRIA,-46.38
TRADER,-34.75
REFINERIA,-38.05
REFINERIA,-27.03
INDUSTRIA,-33.14
TRADER,-18.54
INDUSTRIA,-8.16
REFINERIA,-39.47
REFINERIA,-28.36
INDUSTRIA,-36.29
INDUSTRIA,-14.55
TRADER,-26.99
REFINERIA,-42.15
TRADER,-56.2
REFINERIA,-19.07
REFINERIA,-54.75
REFINERIA,-15.72
REFINERIA,-37.56
TRADER,-28.25
INDUSTRIA,-21.85
REFINERIA,-35.58
REFINERIA,-23.94
INDUSTRIA,-29.25
TRADER,-11.93
INDUSTRIA,-41.09
TRADER,-17.62
INDUSTRIA,-23.79
INDUSTRIA,-19.53
REFINERIA,-26.73
REFINERIA,-5.68
TRADER,-17.79
REFINERIA,-32.53
INDUSTRIA,-30.74
TRADER,-35.47
TRADER,-55.13
REFINERIA,-29.45
INDUSTRIA,-32.35
TRADER,-59.33
INDUSTRIA,-24.06
REFINERIA,-31.46
REFINERIA,-33.73
TRADER,-47.04
INDUSTRIA,-25.04
REFINERIA,-25.87
TRADER,-52.54
TRADER,-43.06
REFINERIA,5.77
REFINERIA,-40.52
REFINERIA,-38.57
TRADER,-28.39
INDUSTRIA,-38.08
INDUSTRIA,-13.04
INDUSTRIA,-57.89
TRADER,-38.09
INDUSTRIA,11.41
REFINERIA,-31.27
REFINERIA,-37.62
TRADER,-47.71
REFINERIA,-32.88
TRADER,-20.15
REFINERIA,-30.46
TRADER,-26.67
TRADER,-39.4
REFINERIA,-22.02
TRADER,-26.29
TRADER,-30.37
REFINERIA,-27.03
TRADER,-4.44
TRADER,-28.95
TRADER,-32.25
TRADER,-53.65
TRADER,-18.42
REFINERIA,-35.67
INDUSTRIA,-25.41
TRADER,-45.52
REFINERIA,-19.06
REFINERIA,-23.0
REFINERIA,-8.35
INDUSTRIA,-44.68
TRADER,-23.72
REFINERIA,-20.56
TRADER,-53.99
TRADER,-36.99
REFINERIA,-7.22
REFINERIA,-5.44
TRADER,-32.29
TRADER,-21.44
TRADER,-37.26
INDUSTRIA,-22.98
TRADER,-6.73
REFINERIA,-34.35
TRADER,-25.96
INDUSTRIA,-36.7
REFINERIA,-31.69
TRADER,-31.75
TRADER,-27.01
TRADER,-18.67
REFINERIA,-36.3
TRADER,-44.45
REFINERIA,-16.59
REFINERIA,-23.47
TRADER,-11.29
INDUSTRIA,-29.8
REFINERIA,-28.23
TRADER,-44.17
TRADER,-27.38
INDUSTRIA,-64.2
INDUSTRIA,-25.74
INDUSTRIA,-13.09
TRADER,0.75
INDUSTRIA,-40.29
REFINERIA,-55.75
INDUSTRIA,-32.99
INDUSTRIA,-41.17
INDUSTRIA,-31.7
TRADER,-24.32
REFINERIA,-12.82
REFINERIA,-20.77
REFINERIA,-17.3
TRADER,-41.8
INDUSTRIA,-52.64
INDUSTRIA,-14.91
INDUSTRIA,-19.14
INDUSTRIA,-15.43
REFINERIA,-25.89
INDUSTRIA,-57.07
INDUSTRIA,-15.7
TRADER,-28.59
TRADER,-57.78
REFINERIA,-34.3
TRADER,-42.57
REFINERIA,-32.68
INDUSTRIA,-17.77
TRADER,-13.67
INDUSTRIA,-39.92
INDUSTRIA,-27.59
TRADER,-42.7
REFINERIA,-12.29
REFINERIA,-51.06
REFINERIA,-10.22
TRADER,-47.79
INDUSTRIA,-31.92
REFINERIA,-62.11
TRADER,-8.4
REFINERIA,-28.47
TRADER,-20.45
INDUSTRIA,-27.4
REFINERIA,-37.74
TRADER,-32.96
INDUSTRIA,-43.69
INDUSTRIA,-41.25
INDUSTRIA,-46.39
TRADER,-17.59
TRADER,-30.22
TRADER,-53.85
INDUSTRIA,-18.23
TRADER,-29.48
TRADER,-22.42
REFINERIA,-28.12
TRADER,-8.83
INDUSTRIA,-35.08
REFINERIA,-45.77
TRADER,-36.22
REFINERIA,-7.99
TRADER,-15.57
TRADER,-25.4
REFINERIA,-44.07
REFINERIA,-49.47
INDUSTRIA,-12.14
REFINERIA,-43.82
REFINERIA,-36.6
REFINERIA,-27.13
TRADER,-18.02
REFINERIA,-13.67
TRADER,-12.71
INDUSTRIA,-42.16
REFINERIA,-62.5
TRADER,-26.4
INDUSTRIA,-59.67
INDUSTRIA,-48.87
INDUSTRIA,-33.06
REFINERIA,-40.86
INDUSTRIA,-8.09
TRADER,-37.52
INDUSTRIA,-14.27
REFINERIA,-13.64
TRADER,-19.9
REFINERIA,-37.76
INDUSTRIA,-35.49
REFINERIA,-48.92
REFINERIA,-24.5
REFINERIA,-42.16
REFINERIA,-42.11
TRADER,-46.44
REFINERIA,-19.57
INDUSTRIA,-40.45
INDUSTRIA,-14.54
REFINERIA,-40.54
TRADER,-12.25
TRADER,-55.6
INDUSTRIA,-32.68
TRADER,-46.43
REFINERIA,-34.94
REFINERIA,-46.8
INDUSTRIA,-20.37
REFINERIA,-30.3
TRADER,-26.77
TRADER,-30.83
TRADER,-30.0
REFINERIA,-47.84
REFINERIA,-16.52
INDUSTRIA,-20.89
INDUSTRIA,-23.9
TRADER,-30.69
INDUSTRIA,-17.72
INDUSTRIA,-21.32
REFINERIA,-32.06
TRADER,-29.24
REFINERIA,-21.89
REFINERIA,-44.28
TRADER,-49.04
INDUSTRIA,-39.81
INDUSTRIA,-28.43
TRADER,-55.53
INDUSTRIA,-11.68
TRADER,-45.82
REFINERIA,-26.34
REFINERIA,-30.11
REFINERIA,-25.18
TRADER,-17.86
REFINERIA,-37.98
REFINERIA,-30.32
TRADER,-23.98
REFINERIA,-41.77
REFINERIA,-44.98
REFINERIA,-35.66
TRADER,-57.7
TRADER,-27.26
TRADER,-21.61
INDUSTRIA,-38.69
INDUSTRIA,-35.37
TRADER,-27.83
INDUSTRIA,-20.14
INDUSTRIA,-28.01
REFINERIA,-30.11
REFINERIA,-37.72
INDUSTRIA,-23.41
INDUSTRIA,-15.59
REFINERIA,-14.9
INDUSTRIA,-9.11
REFINERIA,-31.37
TRADER,-10.62
INDUSTRIA,-34.83
REFINERIA,4.55
REFINERIA,-29.31
TRADER,-37.9
REFINERIA,-57.94
TRADER,-30.82
TRADER,-6.01
REFINERIA,12.74
INDUSTRIA,-37.22
REFINERIA,-9.83
TRADER,-32.61
REFINERIA,-39.34
TRADER,-27.0
TRADER,-38.23
TRADER,-48.55
TRADER,-24.46
REFINERIA,-65.16
TRADER,-34.47
INDUSTRIA,-19.52
INDUSTRIA,-23.98
TRADER,-9.74
TRADER,-43.05
REFINERIA,8.21
TRADER,11.01
REFINERIA,-15.14
TRADER,-34.09
INDUSTRIA,-14.87
INDUSTRIA,0.77
TRADER,-41.19
TRADER,-44.65
REFINERIA,-17.44
TRADER,-58.14
TRADER,-36.63
REFINERIA,-27.34
TRADER,-11.04
REFINERIA,-13.01
TRADER,-39.67
TRADER,-31.58
TRADER,-24.6
INDUSTRIA,-18.02
INDUSTRIA,-57.38
REFINERIA,-17.9
INDUSTRIA,-28.58
INDUSTRIA,-31.31
REFINERIA,-37.13
REFINERIA,-41.59
TRADER,-32.54
INDUSTRIA,-26.32
TRADER,-6.03
REFINERIA,-44.14
TRADER,-37.79
REFINERIA,-20.17
INDUSTRIA,-19.73
INDUSTRIA,-29.66
REFINERIA,3.17
TRADER,-14.79
REFINERIA,-41.8
TRADER,-29.81
REFINERIA,-28.78
TRADER,-53.42
TRADER,-64.47
REFINERIA,-33.8
REFINERIA,-31.47
TRADER,-41.77
INDUSTRIA,-16.49
REFINERIA,-47.18
INDUSTRIA,-39.5
REFINERIA,-42.14
TRADER,-24.94
INDUSTRIA,-36.27
TRADER,-4.42
REFINERIA,19.41
TRADER,-42.07
INDUSTRIA,-54.21
INDUSTRIA,-46.11
REFINERIA,-23.31
REFINERIA,-40.09
INDUSTRIA,-67.55
TRADER,-62.97
TRADER,-16.03
TRADER,-9.47
REFINERIA,-21.92
TRADER,-29.91
TRADER,-57.19
INDUSTRIA,-27.22
INDUSTRIA,-37.92
REFINERIA,-36.45
REFINERIA,-14.83
REFINERIA,-46.26
TRADER,-5.74
INDUSTRIA,-23.81
INDUSTRIA,-23.59
REFINERIA,-33.74
INDUSTRIA,-42.42
INDUSTRIA,-40.91
TRADER,-39.6
REFINERIA,-4.91
REFINERIA,-47.33
REFINERIA,-46.57
INDUSTRIA,-28.96
TRADER,-25.7
REFINERIA,-44.21
INDUSTRIA,-33.56
TRADER,-47.57
TRADER,-52.74
INDUSTRIA,-40.4
REFINERIA,-48.56
TRADER,-26.0
TRADER,-41.81
REFINERIA,-39.41
TRADER,-25.72
TRADER,-24.92
TRADER,-12.61
REFINERIA,-18.35
INDUSTRIA,-36.26
INDUSTRIA,-23.86
REFINERIA,-42.17
INDUSTRIA,-27.78
TRADER,-27.02
INDUSTRIA,-46.04
TRADER,-37.06
TRADER,-28.56
INDUSTRIA,-55.24
REFINERIA,-53.17
INDUSTRIA,-40.78
REFINERIA,-50.88
INDUSTRIA,-28.54
TRADER,-16.4
REFINERIA,-49.41
TRADER,-49.67
REFINERIA,15.65
REFINERIA,-5.51
INDUSTRIA,-56.9
INDUSTRIA,-32.58
REFINERIA,-45.93
REFINERIA,-16.95
REFINERIA,-36.37
TRADER,-25.46
TRADER,-41.81
INDUSTRIA,-40.94
REFINERIA,-29.94
REFINERIA,-10.07
REFINERIA,-26.47
REFINERIA,-24.07
TRADER,-31.51
REFINERIA,-31.9
INDUSTRIA,-35.9
REFINERIA,-39.23
REFINERIA,-44.26
REFINERIA,-10.49
TRADER,-20.7
REFINERIA,-35.04
REFINERIA,-15.34
REFINERIA,2.89
REFINERIA,-14.32
TRADER,-42.39
REFINERIA,-9.8
INDUSTRIA,-45.01
TRADER,-39.33
INDUSTRIA,-59.65
TRADER,-5.19
TRADER,-45.47
TRADER,-28.24
INDUSTRIA,-5.64
INDUSTRIA,-57.28
INDUSTRIA,-22.04
TRADER,-6.1
TRADER,-31.45
REFINERIA,-33.07
INDUSTRIA,-32.22
INDUSTRIA,-25.57
INDUSTRIA,-34.61
INDUSTRIA,-5.68
INDUSTRIA,-20.27
TRADER,-26.64
INDUSTRIA,-30.94
INDUSTRIA,-34.76
REFINERIA,-50.43
REFINERIA,10.22
TRADER,-42.96
REFINERIA,-60.54
TRADER,-40.08
TRADER,-30.59
REFINERIA,-8.98
REFINERIA,-32.05
REFINERIA,-35.8
REFINERIA,-33.82
REFINERIA,-10.48
INDUSTRIA,-16.36
TRADER,-49.14
TRADER,-15.86
INDUSTRIA,-47.07
TRADER,-27.04
TRADER,-12.28
REFINERIA,-45.34
TRADER,-4.16
REFINERIA,-31.96
TRADER,-10.26
INDUSTRIA,-32.01
INDUSTRIA,-29.98
TRADER,-18.9
TRADER,-26.76
TRADER,-4.11
REFINERIA,-36.95
TRADER,-27.84
INDUSTRIA,-20.46
INDUSTRIA,-19.42
REFINERIA,-20.68
REFINERIA,-24.1
REFINERIA,-15.82
TRADER,-41.34
TRADER,-23.89
TRADER,-45.92
INDUSTRIA,-22.71
REFINERIA,-19.43
REFINERIA,-32.16
REFINERIA,-3.05
INDUSTRIA,-23.75
TRADER,-17.13
REFINERIA,-44.2
INDUSTRIA,-26.16
TRADER,-34.51
INDUSTRIA,-21.68
INDUSTRIA,-40.08
INDUSTRIA,-40.32
INDUSTRIA,-7.88
INDUSTRIA,-48.31
TRADER,-21.67
REFINERIA,-10.67
INDUSTRIA,-7.93
REFINERIA,-33.04
INDUSTRIA,-34.46
TRADER,-22.77
REFINERIA,-51.52
INDUSTRIA,-11.75
REFINERIA,-50.28
INDUSTRIA,-31.95
INDUSTRIA,-10.6
REFINERIA,-12.73
TRADER,-10.16
INDUSTRIA,-30.96
REFINERIA,-39.81
REFINERIA,-31.18
REFINERIA,-46.48
INDUSTRIA,-49.01
INDUSTRIA,3.6
REFINERIA,-9.86
INDUSTRIA,-49.03
REFINERIA,-26.11
INDUSTRIA,-37.67
INDUSTRIA,-38.88
REFINERIA,-25.19
INDUSTRIA,-62.64
REFINERIA,-39.35
TRADER,-19.52
REFINERIA,-30.3
INDUSTRIA,-11.01
TRADER,0.29
TRADER,-25.47
TRADER,-34.39
INDUSTRIA,-17.33
INDUSTRIA,-29.09
REFINERIA,-32.14
TRADER,-24.27
REFINERIA,-8.12
REFINERIA,-41.06
TRADER,-40.29
TRADER,-22.97
REFINERIA,-22.09
TRADER,-6.94
INDUSTRIA,-16.23
TRADER,-43.99
REFINERIA,-5.78
INDUSTRIA,-26.91
REFINERIA,-42.46
INDUSTRIA,-23.19
REFINERIA,-37.89
TRADER,-25.15
TRADER,-45.38
INDUSTRIA,-42.43
INDUSTRIA,-49.52
INDUSTRIA,-18.67
REFINERIA,-19.67
TRADER,-29.13
REFINERIA,-49.55
REFINERIA,-32.7
REFINERIA,-26.32
REFINERIA,-16.18
INDUSTRIA,-19.94
REFINERIA,-16.53
INDUSTRIA,-21.91
INDUSTRIA,-16.8
INDUSTRIA,-64.79
INDUSTRIA,-51.66
TRADER,-33.45
REFINERIA,-2.11
REFINERIA,-26.39
TRADER,-33.13
INDUSTRIA,-38.2
INDUSTRIA,-24.35
INDUSTRIA,-25.37
REFINERIA,-26.5
INDUSTRIA,5.57
INDUSTRIA,-24.14
TRADER,-5.19
TRADER,-33.37
INDUSTRIA,-29.68
TRADER,-20.11
REFINERIA,-30.18
TRADER,-23.18
REFINERIA,-11.93
INDUSTRIA,-13.1
INDUSTRIA,-42.46
REFINERIA,-46.34
TRADER,-25.34
INDUSTRIA,-23.97
INDUSTRIA,-28.24
REFINERIA,-3.19
REFINERIA,-43.3
INDUSTRIA,-62.28
INDUSTRIA,-33.36
TRADER,-22.46
INDUSTRIA,-35.78
TRADER,-43.25
REFINERIA,1.12
TRADER,-16.04
TRADER,-39.24
REFINERIA,-8.52
TRADER,-42.95
TRADER,-2.29
TRADER,-25.92
TRADER,-27.85
INDUSTRIA,-16.66
INDUSTRIA,-23.62
REFINERIA,-15.24
INDUSTRIA,-22.25
TRADER,-13.27
TRADER,-2.39
INDUSTRIA,-24.95
INDUSTRIA,-23.03
REFINERIA,-24.68
TRADER,-48.56
REFINERIA,-43.91
INDUSTRIA,-27.64
INDUSTRIA,-57.28
REFINERIA,-25.24
INDUSTRIA,-46.75
TRADER,-44.52
INDUSTRIA,-26.02
INDUSTRIA,-30.36
REFINERIA,-41.69
TRADER,-44.5
REFINERIA,-40.41
INDUSTRIA,-36.11
INDUSTRIA,-14.39
TRADER,-14.94
REFINERIA,-23.48
TRADER,-32.22
INDUSTRIA,-45.64
REFINERIA,-31.65
TRADER,-40.9
TRADER,-16.15
TRADER,-19.76
REFINERIA,-6.08
REFINERIA,-36.25
INDUSTRIA,-11.36
INDUSTRIA,-23.74
REFINERIA,-67.77
TRADER,-27.7
TRADER,-23.76
TRADER,-39.54
REFINERIA,-5.3
INDUSTRIA,-39.51
INDUSTRIA,-49.43
REFINERIA,-8.96
INDUSTRIA,-35.11
TRADER,-21.03
TRADER,-30.55
REFINERIA,-32.99
TRADER,-42.41
TRADER,-44.02
REFINERIA,-34.48
TRADER,-41.9
TRADER,-25.19
REFINERIA,-42.5
INDUSTRIA,-59.85
TRADER,-34.07
TRADER,-42.48
TRADER,-35.43
TRADER,-34.78
INDUSTRIA,-27.88
TRADER,-56.22
TRADER,-41.31
INDUSTRIA,-43.4
TRADER,-24.2
TRADER,-25.45
REFINERIA,-41.91
INDUSTRIA,-40.94
TRADER,-13.5
TRADER,-58.3
REFINERIA,-36.82
TRADER,-31.38
REFINERIA,-43.96
REFINERIA,-37.02
INDUSTRIA,-45.3
REFINERIA,-25.59
REFINERIA,-31.11
REFINERIA,-30.69
INDUSTRIA,-24.58
TRADER,-14.61
TRADER,-24.06
REFINERIA,-2.6
REFINERIA,-42.0
INDUSTRIA,-39.16
REFINERIA,-35.74
REFINERIA,-19.73
REFINERIA,-27.98
REFINERIA,-35.67
TRADER,-47.91
TRADER,-15.31
REFINERIA,-41.72
INDUSTRIA,-36.17
TRADER,-8.76
TRADER,-18.83
TRADER,-26.22
TRADER,-16.08
TRADER,-12.02
REFINERIA,-55.15
REFINERIA,-67.81
TRADER,-10.66
TRADER,-31.2
TRADER,-34.77
REFINERIA,-9.82
TRADER,-40.46
REFINERIA,-34.26
TRADER,-30.1
INDUSTRIA,-39.59
REFINERIA,-26.18
REFINERIA,-47.55
INDUSTRIA,-12.82
REFINERIA,-6.17
INDUSTRIA,-36.16
REFINERIA,-35.19
TRADER,-52.78
INDUSTRIA,-36.53
INDUSTRIA,-16.73
REFINERIA,-50.61
REFINERIA,-47.08
REFINERIA,-3.34
REFINERIA,-24.95
INDUSTRIA,-35.74
INDUSTRIA,-45.28
INDUSTRIA,-39.96
REFINERIA,-16.81
INDUSTRIA,-53.06
REFINERIA,-30.3
TRADER,-22.08
INDUSTRIA,-20.08
REFINERIA,-23.72
REFINERIA,-60.67
REFINERIA,-24.89
TRADER,-32.55
TRADER,-1.45
TRADER,-7.19
TRADER,-56.15
REFINERIA,-33.88
TRADER,-40.06
TRADER,-45.48
INDUSTRIA,-32.53
TRADER,-22.04
TRADER,-45.64
TRADER,-37.43
REFINERIA,-9.55
REFINERIA,-45.51
TRADER,-21.02
REFINERIA,-40.62
REFINERIA,-32.13
INDUSTRIA,-44.36
TRADER,-19.56
INDUSTRIA,-62.03
INDUSTRIA,-30.97
REFINERIA,-29.39
REFINERIA,-26.96
REFINERIA,-33.3
INDUSTRIA,-12.11
REFINERIA,-27.43
TRADER,-54.09
INDUSTRIA,-14.66
TRADER,-17.4
INDUSTRIA,-30.31
INDUSTRIA,-23.79
INDUSTRIA,-49.96
INDUSTRIA,-26.18
INDUSTRIA,-28.68
REFINERIA,-29.95
INDUSTRIA,-34.83
INDUSTRIA,-36.79
TRADER,-40.27
REFINERIA,-29.77
REFINERIA,-22.23
INDUSTRIA,-20.86
INDUSTRIA,1.44
TRADER,-40.29
INDUSTRIA,-10.67
INDUSTRIA,-47.99
TRADER,-52.65
TRADER,-31.71
REFINERIA,-1.69
TRADER,-19.94
TRADER,-25.39
INDUSTRIA,-47.75
INDUSTRIA,-25.41
INDUSTRIA,-11.43
REFINERIA,-51.84
INDUSTRIA,-4.59
TRADER,-18.05
TRADER,-29.29
INDUSTRIA,-28.65
INDUSTRIA,-6.96
TRADER,-21.32
TRADER,-9.62
REFINERIA,-38.16
REFINERIA,-20.28
INDUSTRIA,-30.57
TRADER,-41.66
INDUSTRIA,-16.2
TRADER,-24.49
REFINERIA,-54.92
TRADER,-36.16
REFINERIA,-22.42
REFINERIA,-51.11
INDUSTRIA,-28.59
INDUSTRIA,-35.35
TRADER,-45.74
REFINERIA,-42.67
TRADER,-16.07
TRADER,-61.05
INDUSTRIA,-31.14
REFINERIA,-23.74
INDUSTRIA,-44.63
INDUSTRIA,-54.82
REFINERIA,-25.06
TRADER,-44.29
INDUSTRIA,-40.45
INDUSTRIA,-40.87
TRADER,-40.21
REFINERIA,-54.49
TRADER,-38.83
REFINERIA,-32.88
INDUSTRIA,-41.25
INDUSTRIA,-52.8
TRADER,-35.07
INDUSTRIA,-67.29
TRADER,-40.75
TRADER,-44.27
REFINERIA,-46.22
TRADER,-41.46
TRADER,-6.28
INDUSTRIA,-13.58
INDUSTRIA,-21.59
REFINERIA,-32.4
REFINERIA,-22.29
TRADER,-29.94
REFINERIA,-27.46
TRADER,-42.49
INDUSTRIA,1.44
TRADER,-29.99
REFINERIA,-34.11
INDUSTRIA,-29.11
INDUSTRIA,-30.99
REFINERIA,-19.99
TRADER,-23.07
INDUSTRIA,-50.84
TRADER,-27.76
TRADER,-45.19
TRADER,-24.33
TRADER,-53.47
REFINERIA,-4.15
INDUSTRIA,-53.47
REFINERIA,-46.98
TRADER,1.28
REFINERIA,-26.71
INDUSTRIA,-47.42
REFINERIA,-12.51
INDUSTRIA,-10.12
INDUSTRIA,-34.85
TRADER,-16.29
TRADER,-33.03
TRADER,-23.41
TRADER,-51.51
TRADER,-6.67
TRADER,-36.72
INDUSTRIA,-41.87
TRADER,-50.69
INDUSTRIA,-36.54
INDUSTRIA,-29.85
INDUSTRIA,-37.76
TRADER,-26.92
INDUSTRIA,-24.68
TRADER,-3.82
INDUSTRIA,-39.08
TRADER,-20.06
INDUSTRIA,-16.65
REFINERIA,-33.89
TRADER,-32.54
REFINERIA,-24.05
INDUSTRIA,-36.2
INDUSTRIA,-40.54
REFINERIA,-26.72
INDUSTRIA,3.72
INDUSTRIA,-38.51
INDUSTRIA,-5.91
TRADER,-26.09
REFINERIA,-21.37
INDUSTRIA,-57.78
INDUSTRIA,-22.5
REFINERIA,-22.23
REFINERIA,-51.68
REFINERIA,-41.07
REFINERIA,-57.19
TRADER,-28.25
INDUSTRIA,-18.39
TRADER,-55.97
REFINERIA,-42.05
TRADER,-34.12
REFINERIA,-21.9
REFINERIA,-12.02
TRADER,-21.15
INDUSTRIA,-20.45
REFINERIA,-15.61
INDUSTRIA,-36.05
TRADER,-60.71
INDUSTRIA,-36.44
INDUSTRIA,-25.79
REFINERIA,-39.96
TRADER,-49.82
REFINERIA,-14.8
INDUSTRIA,-22.45
INDUSTRIA,-37.63
INDUSTRIA,1.03
TRADER,-24.74
REFINERIA,-53.0
INDUSTRIA,-14.27
TRADER,-12.1
INDUSTRIA,7.96
INDUSTRIA,-32.6
TRADER,-19.42
REFINERIA,-41.14
INDUSTRIA,-24.5
INDUSTRIA,-28.14
TRADER,-15.1
INDUSTRIA,-10.56
REFINERIA,-25.52
INDUSTRIA,-41.1
REFINERIA,-40.06
TRADER,-51.3
TRADER,-24.43
TRADER,-56.49
TRADER,-23.63
REFINERIA,-3.61
INDUSTRIA,-1.92
INDUSTRIA,-12.1
REFINERIA,-26.54
TRADER,-41.99
INDUSTRIA,-14.7
TRADER,-36.78
REFINERIA,-28.5
REFINERIA,-46.38
REFINERIA,-36.39
INDUSTRIA,-53.12
INDUSTRIA,-39.87
INDUSTRIA,-16.78
TRADER,13.67
INDUSTRIA,-17.04
INDUSTRIA,-32.81
INDUSTRIA,-29.42
REFINERIA,-50.17
INDUSTRIA,-45.08
TRADER,-23.03
INDUSTRIA,-21.88
TRADER,-34.49
TRADER,-46.04
REFINERIA,-31.54
REFINERIA,-18.64
REFINERIA,-44.35
INDUSTRIA,-17.04
REFINERIA,-19.59
TRADER,-21.28
INDUSTRIA,-78.46
REFINERIA,-16.22
TRADER,0.64
TRADER,-34.82
INDUSTRIA,-37.2
TRADER,-41.87
INDUSTRIA,-44.99
TRADER,-31.64
REFINERIA,-28.47
INDUSTRIA,-31.47
TRADER,-40.36
REFINERIA,-21.65
INDUSTRIA,-0.59
TRADER,-20.37
INDUSTRIA,-42.8
REFINERIA,3.02
REFINERIA,-26.92
REFINERIA,-30.15
REFINERIA,-12.07
REFINERIA,-26.26
REFINERIA,-4.28
REFINERIA,-22.8
INDUSTRIA,-40.58
INDUSTRIA,-32.21
REFINERIA,15.25
REFINERIA,-46.68
INDUSTRIA,-22.42
INDUSTRIA,-25.59
TRADER,-16.2
INDUSTRIA,-20.09
INDUSTRIA,-36.29
REFINERIA,-23.17
TRADER,-40.26
TRADER,-42.49
TRADER,-36.26
TRADER,-45.37
INDUSTRIA,-27.59
INDUSTRIA,8.19
INDUSTRIA,-10.51
REFINERIA,-55.96
INDUSTRIA,-32.5
TRADER,-49.66
INDUSTRIA,-30.05
REFINERIA,-27.95
TRADER,-31.47
INDUSTRIA,-37.98
REFINERIA,-22.99
REFINERIA,-41.28
TRADER,-43.22
TRADER,-6.02
TRADER,-30.22
REFINERIA,-19.94
REFINERIA,-19.64
TRADER,-44.55
TRADER,-28.14
TRADER,-46.94
REFINERIA,-43.8
INDUSTRIA,-30.84
TRADER,-24.15
TRADER,-23.14
INDUSTRIA,-26.24
REFINERIA,-27.68
INDUSTRIA,-24.72
TRADER,-31.91
TRADER,-21.3
TRADER,-30.49
TRADER,-43.64
TRADER,-21.15
TRADER,-29.49
TRADER,-22.15
TRADER,-12.08
INDUSTRIA,-38.16
INDUSTRIA,-37.56
TRADER,1.97
INDUSTRIA,8.61
INDUSTRIA,-6.97
REFINERIA,-38.36
TRADER,-36.03
TRADER,-31.55
INDUSTRIA,-40.39
TRADER,0.7
REFINERIA,-8.77
REFINERIA,-15.93
INDUSTRIA,-41.0
REFINERIA,-34.51
REFINERIA,-0.02
REFINERIA,-30.24
REFINERIA,-58.52
INDUSTRIA,-40.25
REFINERIA,-34.03
REFINERIA,-8.83
TRADER,-41.08
REFINERIA,-39.46
TRADER,-24.36
INDUSTRIA,-5.9
TRADER,-40.79
REFINERIA,-49.64
REFINERIA,-40.33
REFINERIA,-35.76
TRADER,-33.66
REFINERIA,-12.02
REFINERIA,-60.0
REFINERIA,-40.5
INDUSTRIA,-62.03
REFINERIA,-13.81
REFINERIA,-32.1
TRADER,-49.43
INDUSTRIA,-42.52
INDUSTRIA,-29.06
REFINERIA,-69.93
INDUSTRIA,-44.19
INDUSTRIA,-21.33
INDUSTRIA,-42.73
INDUSTRIA,-30.19
INDUSTRIA,-21.24
INDUSTRIA,-40.04
INDUSTRIA,-4.39
TRADER,-48.84
INDUSTRIA,-22.19
REFINERIA,-36.58
INDUSTRIA,-44.37
REFINERIA,-39.09
INDUSTRIA,-22.47
TRADER,-20.08
TRADER,-20.16
TRADER,-15.43
TRADER,-45.12
REFINERIA,-55.25
TRADER,-44.99
INDUSTRIA,-45.77
INDUSTRIA,-33.91
TRADER,-30.32
REFINERIA,-49.25
INDUSTRIA,-6.43
TRADER,-33.11
TRADER,-28.52
TRADER,-29.39
REFINERIA,-14.6
REFINERIA,-33.05
REFINERIA,-23.19
INDUSTRIA,-49.58
REFINERIA,-15.54
TRADER,-32.8
TRADER,-61.7
REFINERIA,-26.98
TRADER,-28.02
TRADER,-43.77
TRADER,-36.97
INDUSTRIA,-46.71
REFINERIA,-56.04
INDUSTRIA,-34.93
TRADER,-28.32
INDUSTRIA,-38.42
INDUSTRIA,-37.39
INDUSTRIA,-12.8
INDUSTRIA,-31.19
INDUSTRIA,-13.1
REFINERIA,-17.31
INDUSTRIA,-53.83
TRADER,-17.2
REFINERIA,-16.52
REFINERIA,-37.05
TRADER,-54.29
TRADER,-29.97
INDUSTRIA,-21.88
TRADER,-17.73
REFINERIA,-50.44
REFINERIA,-31.91
INDUSTRIA,-31.98
TRADER,-22.41
REFINERIA,-11.58
TRADER,-20.96
INDUSTRIA,-42.68
REFINERIA,-17.05
INDUSTRIA,-26.52
INDUSTRIA,-28.89
INDUSTRIA,-40.03
REFINERIA,-18.68
REFINERIA,-28.44
REFINERIA,-35.0
TRADER,-24.31
REFINERIA,-49.44
TRADER,-27.49
TRADER,-12.29
INDUSTRIA,-27.1
TRADER,-51.23
TRADER,-19.54
TRADER,-15.95
INDUSTRIA,-20.57
REFINERIA,-35.99
REFINERIA,-23.17
REFINERIA,-18.99
REFINERIA,-41.3
TRADER,-33.98
REFINERIA,-3.35
REFINERIA,-50.04
TRADER,-17.22
REFINERIA,-39.48
REFINERIA,-20.36
TRADER,-38.38
TRADER,-61.98
INDUSTRIA,-53.38
INDUSTRIA,-36.39
TRADER,-38.95
TRADER,-16.75
REFINERIA,-15.5
REFINERIA,-58.17
REFINERIA,-64.73
INDUSTRIA,-32.05
INDUSTRIA,-24.87
REFINERIA,-17.8
TRADER,-18.86
INDUSTRIA,-4.9
INDUSTRIA,-33.73
REFINERIA,-29.94
REFINERIA,-29.24
REFINERIA,-24.65
REFINERIA,-23.73
REFINERIA,-20.37
INDUSTRIA,-51.26
REFINERIA,-36.54
INDUSTRIA,-17.55
TRADER,-16.86
REFINERIA,-34.69
INDUSTRIA,-39.25
REFINERIA,-3.97
INDUSTRIA,-35.14
TRADER,-20.55
INDUSTRIA,-52.29
TRADER,-41.55
INDUSTRIA,-38.11
INDUSTRIA,-43.42
INDUSTRIA,-35.85
TRADER,-53.67
INDUSTRIA,-46.54
REFINERIA,-24.38
INDUSTRIA,-26.91
TRADER,-38.09
TRADER,-11.46
REFINERIA,-25.71
REFINERIA,-45.57
TRADER,-13.9
TRADER,-43.27
TRADER,-25.83
INDUSTRIA,-44.3
INDUSTRIA,-21.47
REFINERIA,-16.91
REFINERIA,-12.55
TRADER,-17.07
REFINERIA,-57.02
REFINERIA,-13.17
REFINERIA,-42.75
TRADER,-38.46
REFINERIA,-57.35
TRADER,-39.74
REFINERIA,-32.28
TRADER,-31.07
TRADER,-0.54
REFINERIA,-10.52
INDUSTRIA,-16.7
REFINERIA,-38.07
TRADER,-55.58
REFINERIA,-24.35
REFINERIA,-38.81
TRADER,-28.63
INDUSTRIA,-42.74
INDUSTRIA,-67.15
INDUSTRIA,-30.19
TRADER,-30.54
REFINERIA,-34.62
INDUSTRIA,-4.81
TRADER,-38.49
INDUSTRIA,-33.38
REFINERIA,-49.14
REFINERIA,-21.99
REFINERIA,-39.09
INDUSTRIA,-30.71
TRADER,-39.33
INDUSTRIA,-40.37
INDUSTRIA,-58.05
INDUSTRIA,-27.34
INDUSTRIA,-29.84
TRADER,-32.09
REFINERIA,-37.71
REFINERIA,-26.14
REFINERIA,-38.93
INDUSTRIA,-17.32
INDUSTRIA,-51.63
INDUSTRIA,-23.68
INDUSTRIA,-11.52
INDUSTRIA,-5.74
REFINERIA,-49.21
INDUSTRIA,-15.44
REFINERIA,-23.96
REFINERIA,-39.03
TRADER,-39.01
REFINERIA,-53.01
TRADER,-33.42
TRADER,-33.39
INDUSTRIA,-66.48
TRADER,-18.59
REFINERIA,-40.93
INDUSTRIA,-43.17
TRADER,-37.4
REFINERIA,-53.06
INDUSTRIA,-30.64
INDUSTRIA,-37.46
REFINERIA,-21.22
TRADER,-11.67
INDUSTRIA,-42.43
INDUSTRIA,-26.86
INDUSTRIA,-47.03
INDUSTRIA,-21.94
TRADER,-46.88
REFINERIA,-22.65
REFINERIA,-46.9
INDUSTRIA,-29.17
REFINERIA,-51.48
TRADER,-49.26
REFINERIA,-20.55
REFINERIA,-19.19
INDUSTRIA,-50.01
REFINERIA,-16.26
INDUSTRIA,-16.54
REFINERIA,-23.35
INDUSTRIA,-2.24
REFINERIA,-12.4
TRADER,-20.63
REFINERIA,-35.06
REFINERIA,-42.06
TRADER,-34.62
REFINERIA,-51.43
REFINERIA,-51.35
INDUSTRIA,-31.02
INDUSTRIA,-26.43
TRADER,-67.89
INDUSTRIA,-21.71
TRADER,-24.03
TRADER,-50.66
INDUSTRIA,-36.03
TRADER,-34.52
REFINERIA,-37.0
INDUSTRIA,-38.91
TRADER,-21.66
INDUSTRIA,-26.1
TRADER,-27.37
REFINERIA,-36.3
INDUSTRIA,-34.42
TRADER,-27.02
TRADER,-27.33
TRADER,-42.78
TRADER,-42.64
REFINERIA,-51.92
TRADER,-39.25
REFINERIA,-44.74
TRADER,-24.31
REFINERIA,-2.72
TRADER,-35.13
INDUSTRIA,-53.32
INDUSTRIA,-35.25
INDUSTRIA,-16.34
REFINERIA,-28.98
INDUSTRIA,-33.9
REFINERIA,-34.89
TRADER,-29.64
REFINERIA,-27.72
REFINERIA,-20.65
INDUSTRIA,-42.63
TRADER,3.61
INDUSTRIA,-57.91
REFINERIA,-25.05
INDUSTRIA,-21.44
REFINERIA,-16.3
INDUSTRIA,-45.92
TRADER,-45.39
INDUSTRIA,-30.55
REFINERIA,-53.09
TRADER,-32.35
TRADER,-35.9
REFINERIA,-14.74
INDUSTRIA,-35.23
TRADER,-19.82
REFINERIA,-16.32
TRADER,-5.92
TRADER,-34.86
INDUSTRIA,-68.42
REFINERIA,-18.6
INDUSTRIA,-27.92
REFINERIA,-33.85
REFINERIA,-23.3
TRADER,-29.85
TRADER,-51.87
INDUSTRIA,-50.51
REFINERIA,-33.33
INDUSTRIA,-46.8
TRADER,3.68
INDUSTRIA,-30.78
TRADER,-37.53
TRADER,-9.99
INDUSTRIA,-55.65
TRADER,-8.58
REFINERIA,-57.45
REFINERIA,-4.52
REFINERIA,-17.84
TRADER,-34.78
REFINERIA,-26.76
INDUSTRIA,-8.47
INDUSTRIA,-37.31
TRADER,-50.05
REFINERIA,-25.71
TRADER,-50.45
TRADER,-27.17
TRADER,-29.96
TRADER,-39.5
INDUSTRIA,-33.27
REFINERIA,-26.0
REFINERIA,-9.6
INDUSTRIA,-44.71
TRADER,-44.89
REFINERIA,13.77
TRADER,-31.73
REFINERIA,-31.52
INDUSTRIA,-9.16
REFINERIA,-8.25
INDUSTRIA,-30.88
INDUSTRIA,-43.92
TRADER,-23.7
REFINERIA,-48.37
REFINERIA,-57.58
TRADER,-32.61
REFINERIA,-35.13
TRADER,-21.25
INDUSTRIA,-38.09
TRADER,-28.02
REFINERIA,-47.0
INDUSTRIA,-16.02
TRADER,-34.82
INDUSTRIA,-2.88
INDUSTRIA,-64.78
INDUSTRIA,-25.36
REFINERIA,-28.71
TRADER,-11.77
TRADER,5.43
INDUSTRIA,-43.64
TRADER,-26.63
INDUSTRIA,-38.36
INDUSTRIA,-25.14
TRADER,-23.74
INDUSTRIA,-12.85
INDUSTRIA,-41.27
INDUSTRIA,-31.86
REFINERIA,10.44
INDUSTRIA,-64.08
REFINERIA,-40.18
TRADER,-19.37
TRADER,-37.24
REFINERIA,-25.77
TRADER,-38.78
REFINERIA,-33.22
TRADER,-63.43
INDUSTRIA,-4.69
TRADER,-19.47
REFINERIA,-30.63
REFINERIA,-26.52
TRADER,-12.73
INDUSTRIA,-21.01
REFINERIA,-23.48
TRADER,-10.12
TRADER,-43.57
REFINERIA,-25.13
INDUSTRIA,-7.14
INDUSTRIA,-6.4
REFINERIA,-39.6
REFINERIA,-40.39
REFINERIA,-41.35
REFINERIA,-66.15
REFINERIA,-17.68
REFINERIA,-40.98
REFINERIA,2.68
REFINERIA,-26.85
TRADER,-41.57
TRADER,-27.73
INDUSTRIA,-14.46
REFINERIA,-25.43
INDUSTRIA,-28.16
INDUSTRIA,-21.92
INDUSTRIA,-11.54
TRADER,-32.47
INDUSTRIA,-41.98
TRADER,1.81
TRADER,-38.16
REFINERIA,-35.43
REFINERIA,-30.78
TRADER,-32.73
REFINERIA,-49.05
INDUSTRIA,-10.86
INDUSTRIA,-58.85
TRADER,-19.3
TRADER,-15.93
INDUSTRIA,-38.06
REFINERIA,-35.06
TRADER,-51.54
TRADER,-59.02
TRADER,-28.52
INDUSTRIA,-1.77
REFINERIA,-23.7
REFINERIA,-37.4
REFINERIA,-16.76
REFINERIA,-8.49
REFINERIA,-33.67
INDUSTRIA,-39.41
INDUSTRIA,-38.11
INDUSTRIA,-51.28
TRADER,-37.87
TRADER,-3.64
REFINERIA,-50.3
TRADER,-18.6
INDUSTRIA,-44.57
TRADER,-18.3
TRADER,-21.27
REFINERIA,-22.01
TRADER,3.04
REFINERIA,-33.13
TRADER,-14.9
INDUSTRIA,-36.95
TRADER,-36.6
REFINERIA,-42.57
REFINERIA,-33.26
REFINERIA,-24.27
INDUSTRIA,-17.68
INDUSTRIA,-14.22
REFINERIA,-37.52
REFINERIA,-33.67
TRADER,-38.51
INDUSTRIA,-11.62
REFINERIA,-61.12
INDUSTRIA,-14.69
REFINERIA,0.46
INDUSTRIA,-33.72
REFINERIA,-18.28
INDUSTRIA,-35.64
TRADER,-11.4
REFINERIA,-10.96
INDUSTRIA,-1.98
REFINERIA,-7.43
INDUSTRIA,-25.77
INDUSTRIA,-55.3
INDUSTRIA,-51.16
REFINERIA,-33.18
INDUSTRIA,-29.7
TRADER,-42.22
TRADER,-43.98
REFINERIA,-44.42
REFINERIA,-48.39
INDUSTRIA,-26.63
INDUSTRIA,-21.32
TRADER,-7.06
INDUSTRIA,-26.7
REFINERIA,-30.07
REFINERIA,-21.24
INDUSTRIA,-37.38
INDUSTRIA,-29.79
TRADER,-16.13
REFINERIA,-27.32
TRADER,-27.46
REFINERIA,-34.04
TRADER,-50.27
INDUSTRIA,-15.73
TRADER,-32.63
INDUSTRIA,-48.58
TRADER,-7.37
REFINERIA,-13.31
INDUSTRIA,-40.39
TRADER,-34.82
INDUSTRIA,-35.63
TRADER,-24.32
INDUSTRIA,-32.76
TRADER,-20.43
TRADER,-33.19
REFINERIA,-32.22
TRADER,-30.4
INDUSTRIA,-37.28
REFINERIA,-38.49
TRADER,-44.64
REFINERIA,-43.62
REFINERIA,-54.37
TRADER,-23.64
REFINERIA,-30.19
TRADER,-32.82
REFINERIA,-11.0
INDUSTRIA,-42.12
INDUSTRIA,-46.91
REFINERIA,-26.44
TRADER,-23.02
TRADER,-21.34
REFINERIA,-5.65
INDUSTRIA,-26.18
TRADER,-15.62
INDUSTRIA,-24.5
INDUSTRIA,-33.24
REFINERIA,-22.9
INDUSTRIA,-34.5
TRADER,-11.51
REFINERIA,-32.79
INDUSTRIA,-27.5
TRADER,-53.18
INDUSTRIA,-39.4
REFINERIA,-55.25
REFINERIA,-28.27
REFINERIA,-49.0
REFINERIA,-27.67
REFINERIA,-13.2
REFINERIA,1.14
REFINERIA,-36.38
INDUSTRIA,-28.77
INDUSTRIA,-21.77
REFINERIA,-19.25
TRADER,-20.28
INDUSTRIA,-23.09
INDUSTRIA,-17.96
INDUSTRIA,-48.95
INDUSTRIA,-39.65
INDUSTRIA,-19.24
INDUSTRIA,-33.02
TRADER,9.13
INDUSTRIA,-21.92
TRADER,-32.65
REFINERIA,-29.68
INDUSTRIA,-19.32
TRADER,-34.77
TRADER,-18.99
TRADER,-12.18
INDUSTRIA,-31.81
INDUSTRIA,-34.51
TRADER,-24.12
REFINERIA,-23.8
INDUSTRIA,-38.98
REFINERIA,-37.31
REFINERIA,-52.49
INDUSTRIA,-58.9
REFINERIA,-45.79
REFINERIA,-37.44
TRADER,-27.61
REFINERIA,-30.06
TRADER,-29.35
REFINERIA,-54.08
INDUSTRIA,-7.8
INDUSTRIA,-28.09
TRADER,-30.28
TRADER,-36.78
TRADER,-1.63
TRADER,-26.83
REFINERIA,-7.19
REFINERIA,-16.38
TRADER,-33.05
INDUSTRIA,-33.32
TRADER,-45.84
REFINERIA,-32.94
INDUSTRIA,-21.32
TRADER,10.77
REFINERIA,-39.76
REFINERIA,-19.11
INDUSTRIA,-30.96
REFINERIA,-38.27
TRADER,-18.17
INDUSTRIA,-47.4
TRADER,-36.43
REFINERIA,-16.83
REFINERIA,-34.28
TRADER,-19.56
INDUSTRIA,-31.37
TRADER,-18.81
INDUSTRIA,-17.77
INDUSTRIA,-40.08
INDUSTRIA,-51.69
TRADER,-30.37
REFINERIA,-12.71
TRADER,-51.33
TRADER,-48.94
INDUSTRIA,-12.91
TRADER,-54.27
INDUSTRIA,-21.01
TRADER,-28.36
REFINERIA,-29.64
INDUSTRIA,11.82
INDUSTRIA,-22.64
REFINERIA,-29.9
INDUSTRIA,-33.53
TRADER,-2.95
REFINERIA,-39.63
INDUSTRIA,-38.59
TRADER,-12.22
TRADER,-40.19
REFINERIA,-29.01
REFINERIA,-15.3
REFINERIA,-12.23
REFINERIA,-42.17
TRADER,-21.45
REFINERIA,-18.92
REFINERIA,-16.3
INDUSTRIA,-52.05
INDUSTRIA,-29.29
REFINERIA,-69.02
TRADER,-45.28
REFINERIA,-5.21
TRADER,-14.62
TRADER,-31.29
INDUSTRIA,-41.45
INDUSTRIA,-27.61
INDUSTRIA,-14.3
INDUSTRIA,-4.31
INDUSTRIA,-40.43
INDUSTRIA,-59.34
TRADER,-38.24
TRADER,-29.06
INDUSTRIA,-36.45
TRADER,-37.25
REFINERIA,-39.59
TRADER,2.26
INDUSTRIA,-37.11
TRADER,-9.61
INDUSTRIA,-46.72
REFINERIA,-43.49
TRADER,-39.78
REFINERIA,-4.17
REFINERIA,-34.84
REFINERIA,-41.27
INDUSTRIA,-26.94
INDUSTRIA,-16.51
REFINERIA,-27.53
TRADER,-40.89
TRADER,-15.31
REFINERIA,-26.79
INDUSTRIA,4.83
INDUSTRIA,-39.53
TRADER,-32.6
INDUSTRIA,-18.14
INDUSTRIA,-54.54
INDUSTRIA,-29.96
REFINERIA,-20.0
INDUSTRIA,-13.98
TRADER,-17.2
INDUSTRIA,-26.13
REFINERIA,-32.8
TRADER,-50.67
TRADER,-35.01
REFINERIA,-49.75
TRADER,-47.88
TRADER,-9.37
TRADER,-24.41
INDUSTRIA,-5.05
INDUSTRIA,-34.63
TRADER,-20.58
INDUSTRIA,0.63
TRADER,-40.76
TRADER,-31.73
INDUSTRIA,-57.34
TRADER,-37.54
TRADER,-36.85
TRADER,-41.03
INDUSTRIA,-24.66
TRADER,-34.52
TRADER,-29.97
TRADER,-17.28
INDUSTRIA,-23.67
INDUSTRIA,-29.9
INDUSTRIA,-43.51
TRADER,-42.05
INDUSTRIA,-38.51
INDUSTRIA,2.57
INDUSTRIA,-27.38
INDUSTRIA,-16.8
TRADER,-10.57
REFINERIA,-40.31
TRADER,-26.18
REFINERIA,-27.11
REFINERIA,-13.67
TRADER,-32.21
TRADER,-17.86
REFINERIA,-48.13
INDUSTRIA,-41.08
INDUSTRIA,-36.64
TRADER,-23.77
REFINERIA,-21.53
TRADER,-3.23
REFINERIA,-15.92
INDUSTRIA,-38.23
TRADER,-25.0
REFINERIA,-49.35
REFINERIA,-31.38
TRADER,-16.88
REFINERIA,-18.47
REFINERIA,-30.06
INDUSTRIA,-38.93
INDUSTRIA,-38.76
REFINERIA,9.57
INDUSTRIA,-38.48
TRADER,-20.86
REFINERIA,-28.06
INDUSTRIA,-51.07
REFINERIA,-29.52
TRADER,-55.95
REFINERIA,-41.79
REFINERIA,2.72
INDUSTRIA,-32.82
INDUSTRIA,-0.52
REFINERIA,-33.58
INDUSTRIA,-53.67
TRADER,-27.01
REFINERIA,-45.73
TRADER,-38.46
TRADER,-15.47
REFINERIA,-23.99
INDUSTRIA,-46.71
INDUSTRIA,-34.69
INDUSTRIA,-47.46
INDUSTRIA,-16.68
INDUSTRIA,-34.39
TRADER,-18.46
REFINERIA,-23.23
TRADER,-37.16
INDUSTRIA,-31.1
REFINERIA,-48.92
TRADER,-44.11
TRADER,-43.61
INDUSTRIA,-44.47
REFINERIA,-30.04
TRADER,-18.46
TRADER,-17.08
REFINERIA,-28.71
INDUSTRIA,-26.01
TRADER,-13.78
REFINERIA,-30.65
TRADER,-18.67
TRADER,-27.74
TRADER,-29.33
REFINERIA,-19.26
TRADER,-33.36
TRADER,-21.27
REFINERIA,-24.33
REFINERIA,1.1
TRADER,-8.87
TRADER,-42.73
INDUSTRIA,-52.29
TRADER,-32.82
INDUSTRIA,-38.64
REFINERIA,-22.25
INDUSTRIA,-37.67
INDUSTRIA,-15.31
REFINERIA,-26.52
REFINERIA,-15.98
REFINERIA,-36.44
TRADER,-26.71
TRADER,-9.54
REFINERIA,-55.71
INDUSTRIA,-28.3
TRADER,-26.29
TRADER,-22.83
TRADER,-21.62
TRADER,-47.66
INDUSTRIA,-19.25
REFINERIA,4.63
REFINERIA,-32.25
INDUSTRIA,-29.7
INDUSTRIA,-21.4
REFINERIA,-10.79
INDUSTRIA,-33.5
REFINERIA,-56.48
INDUSTRIA,-27.51
INDUSTRIA,-0.64
REFINERIA,-36.49
INDUSTRIA,-43.68
TRADER,-32.49
INDUSTRIA,-39.77
REFINERIA,-27.93
TRADER,-7.57
TRADER,-31.62
REFINERIA,-13.94
INDUSTRIA,-30.16
TRADER,-55.6
TRADER,-16.71
REFINERIA,-35.86
REFINERIA,-31.71
INDUSTRIA,-8.87
TRADER,-25.68
REFINERIA,4.19
REFINERIA,-49.89
INDUSTRIA,-49.62
TRADER,-38.69
TRADER,-17.75
TRADER,-42.22
TRADER,-58.48
REFINERIA,-33.17
REFINERIA,-29.39
TRADER,-26.07
TRADER,-2.99
REFINERIA,-37.69
REFINERIA,-53.22
REFINERIA,-48.31
REFINERIA,-16.2
TRADER,-25.75
INDUSTRIA,-66.14
REFINERIA,-40.83
INDUSTRIA,-35.99
TRADER,-29.93
TRADER,-29.09
TRADER,-31.66
REFINERIA,-42.9
REFINERIA,-33.42
REFINERIA,-46.82
INDUSTRIA,-35.26
REFINERIA,-15.23
TRADER,-29.35
TRADER,-21.29
INDUSTRIA,-3.02
REFINERIA,-22.1
TRADER,-28.73
TRADER,-25.65
INDUSTRIA,-31.32
INDUSTRIA,-10.98
TRADER,-33.23
INDUSTRIA,-16.04
INDUSTRIA,-52.64
TRADER,-31.18
INDUSTRIA,-27.77
INDUSTRIA,-20.64
REFINERIA,-27.47
TRADER,-11.29
INDUSTRIA,-13.81
REFINERIA,-31.41
REFINERIA,-23.56
INDUSTRIA,-23.28
INDUSTRIA,-36.03
TRADER,-54.26
INDUSTRIA,-43.36
TRADER,-23.31
TRADER,-27.78
TRADER,-16.53
REFINERIA,-30.12
INDUSTRIA,-19.72
REFINERIA,-16.02
INDUSTRIA,-33.71
INDUSTRIA,-17.66
REFINERIA,-54.94
TRADER,-36.82
INDUSTRIA,-47.57
TRADER,-7.96
REFINERIA,-23.99
REFINERIA,-15.18
REFINERIA,6.53
REFINERIA,-16.28
REFINERIA,-7.65
INDUSTRIA,-14.83
TRADER,-34.5
REFINERIA,-23.31
INDUSTRIA,-37.47
INDUSTRIA,-26.81
INDUSTRIA,-37.38
TRADER,-25.18
TRADER,-11.45
REFINERIA,-23.84
TRADER,-30.08
TRADER,-26.79
INDUSTRIA,-41.32
TRADER,-7.4
REFINERIA,-31.49
INDUSTRIA,-60.37
TRADER,-17.5
REFINERIA,-19.53
TRADER,-39.35
TRADER,-25.21
REFINERIA,-32.39
REFINERIA,-42.3
TRADER,-36.19
INDUSTRIA,-59.77
TRADER,-63.07
INDUSTRIA,0.8
TRADER,-12.59
INDUSTRIA,-43.63
TRADER,-8.98
TRADER,-52.73
INDUSTRIA,-49.62
INDUSTRIA,-26.75
TRADER,-39.41
INDUSTRIA,-23.24
TRADER,-44.31
TRADER,-34.56
REFINERIA,-14.47
REFINERIA,-53.72
REFINERIA,-28.06
REFINERIA,-18.15
REFINERIA,-35.14
INDUSTRIA,-22.18
INDUSTRIA,-46.13
TRADER,8.92
REFINERIA,-31.09
TRADER,-33.37
TRADER,-14.26
INDUSTRIA,-30.77
INDUSTRIA,-56.68
TRADER,-37.24
REFINERIA,-47.28
REFINERIA,-26.46
TRADER,-16.47
TRADER,-11.37
TRADER,-43.81
TRADER,-58.55
TRADER,-33.65
REFINERIA,-43.45
TRADER,-9.57
INDUSTRIA,-61.74
TRADER,-32.77
REFINERIA,-49.91
REFINERIA,-19.41
INDUSTRIA,-42.03
INDUSTRIA,-42.4
INDUSTRIA,-38.59
TRADER,-33.15
REFINERIA,-36.4
REFINERIA,-37.76
REFINERIA,-38.62
REFINERIA,-46.93
INDUSTRIA,-51.9
TRADER,-6.3
INDUSTRIA,-24.24
REFINERIA,-43.84
INDUSTRIA,-41.39
TRADER,-25.39
INDUSTRIA,-28.23
TRADER,-25.06
INDUSTRIA,-38.94
TRADER,-32.0
INDUSTRIA,-12.97
INDUSTRIA,-28.25
REFINERIA,-35.47
TRADER,-56.83
REFINERIA,-43.05
REFINERIA,-35.3
REFINERIA,-20.42
INDUSTRIA,-42.46
INDUSTRIA,-17.37
INDUSTRIA,-15.32
TRADER,-37.61
TRADER,-38.48
INDUSTRIA,-37.58
TRADER,-27.08
INDUSTRIA,-56.6
REFINERIA,-56.72
REFINERIA,-42.88
REFINERIA,-54.45
INDUSTRIA,-62.42
INDUSTRIA,-32.67
INDUSTRIA,-34.9
INDUSTRIA,-44.77
TRADER,-46.27
TRADER,-10.24
INDUSTRIA,-14.02
INDUSTRIA,-27.52
TRADER,-28.93
INDUSTRIA,-12.89
INDUSTRIA,-36.57
INDUSTRIA,-49.17
INDUSTRIA,-56.02
TRADER,-39.11
REFINERIA,-21.81
REFINERIA,-15.73
REFINERIA,-40.38
TRADER,-16.98
INDUSTRIA,-37.83
TRADER,-23.09
REFINERIA,-43.67
INDUSTRIA,-37.63
TRADER,-34.22
TRADER,-38.99
REFINERIA,-42.63
REFINERIA,-33.26
REFINERIA,-20.26
INDUSTRIA,-37.04
REFINERIA,-50.65
INDUSTRIA,-25.11
TRADER,-48.63
INDUSTRIA,-22.89
INDUSTRIA,-10.65
TRADER,-20.37
REFINERIA,-27.48
REFINERIA,-17.89
TRADER,-46.42
TRADER,-22.81
REFINERIA,-20.61
REFINERIA,-28.25
INDUSTRIA,-35.61
TRADER,-18.22
INDUSTRIA,-9.29
TRADER,-23.68
INDUSTRIA,-45.2
INDUSTRIA,-36.49
TRADER,-14.75
TRADER,-20.44
REFINERIA,-30.22
TRADER,-15.92
INDUSTRIA,-54.37
TRADER,-7.34
TRADER,-40.76
TRADER,-15.35
REFINERIA,-23.35
TRADER,-30.26
TRADER,-35.24
TRADER,-31.59
INDUSTRIA,-35.03
REFINERIA,-35.36
REFINERIA,-32.32
INDUSTRIA,-37.89
TRADER,-58.32
TRADER,-36.72
INDUSTRIA,-43.79
REFINERIA,-21.83
INDUSTRIA,-12.02
TRADER,-24.04
TRADER,-14.9
TRADER,-44.8
TRADER,-25.44
TRADER,-25.76
REFINERIA,-29.47
INDUSTRIA,0.27
INDUSTRIA,-37.75
INDUSTRIA,-25.51
TRADER,-19.27
REFINERIA,-26.77
TRADER,-24.38
INDUSTRIA,6.64
REFINERIA,-18.61
INDUSTRIA,-23.54
TRADER,-34.95
REFINERIA,-32.45
TRADER,-43.68
REFINERIA,-7.13
INDUSTRIA,-23.81
TRADER,-19.65
REFINERIA,-46.57
TRADER,-38.03
TRADER,-33.61
TRADER,-37.73
REFINERIA,-18.95
TRADER,-40.46
REFINERIA,-26.78
TRADER,-53.63
REFINERIA,-37.64
TRADER,-35.96
REFINERIA,-28.08
REFINERIA,-26.62
INDUSTRIA,-29.97
REFINERIA,-53.2
TRADER,-22.04
REFINERIA,-37.78
REFINERIA,-19.57
TRADER,-44.08
INDUSTRIA,-21.58
REFINERIA,-11.03
TRADER,-27.46
REFINERIA,-36.08
INDUSTRIA,-43.15
REFINERIA,-33.33
TRADER,-34.81
REFINERIA,-19.17
INDUSTRIA,-27.01
INDUSTRIA,-79.91
TRADER,-29.28
TRADER,-54.64
TRADER,-7.59
TRADER,-31.69
REFINERIA,-24.69
REFINERIA,-13.69
INDUSTRIA,-17.7
INDUSTRIA,-19.01
INDUSTRIA,-23.09
REFINERIA,-33.14
TRADER,-11.01
TRADER,-40.21
TRADER,-11.21
INDUSTRIA,-25.9
REFINERIA,-5.74
REFINERIA,-44.03
INDUSTRIA,-67.88
TRADER,-63.64
INDUSTRIA,-5.64
TRADER,-29.31
INDUSTRIA,-36.83
REFINERIA,-22.49
TRADER,-31.95
TRADER,-32.96
TRADER,-2.89
REFINERIA,-4.26
REFINERIA,-48.19
TRADER,-52.26
INDUSTRIA,12.61
INDUSTRIA,-45.16
TRADER,-25.06
REFINERIA,-50.98
INDUSTRIA,-20.54
INDUSTRIA,-35.56
REFINERIA,-37.27
REFINERIA,-6.56
TRADER,-53.59
INDUSTRIA,-41.81
TRADER,-49.89
TRADER,-42.61
REFINERIA,-35.61
REFINERIA,-2.38
REFINERIA,-24.26
INDUSTRIA,-29.27
INDUSTRIA,-28.78
INDUSTRIA,-42.37
REFINERIA,-54.53
INDUSTRIA,-20.92
REFINERIA,-26.56
REFINERIA,-7.75
TRADER,-38.81
TRADER,-4.96
REFINERIA,-27.47
INDUSTRIA,-51.96
TRADER,-39.48
TRADER,-6.75
REFINERIA,-30.76
TRADER,-61.39
TRADER,-17.8
REFINERIA,-44.16
TRADER,-16.06
INDUSTRIA,-19.88
INDUSTRIA,-34.63
INDUSTRIA,-26.91
TRADER,-26.55
INDUSTRIA,-28.27
REFINERIA,-21.51
TRADER,-25.08
TRADER,-37.51
TRADER,-50.71
INDUSTRIA,-49.79
INDUSTRIA,-8.32
REFINERIA,-30.41
INDUSTRIA,-22.82
TRADER,-53.91
REFINERIA,-61.59
INDUSTRIA,-43.01
REFINERIA,-40.06
INDUSTRIA,-55.93
REFINERIA,-28.47
TRADER,-9.3
TRADER,-30.54
TRADER,-35.01
REFINERIA,-26.06
REFINERIA,-9.64
TRADER,-38.6
TRADER,-19.39
INDUSTRIA,-92.31
TRADER,-26.96
TRADER,-43.48
REFINERIA,-10.95
TRADER,-30.81
TRADER,-49.99
INDUSTRIA,-53.44
REFINERIA,-37.08
TRADER,-39.67
REFINERIA,-31.42
REFINERIA,-35.14
INDUSTRIA,-18.08
REFINERIA,-21.05
INDUSTRIA,-44.43
REFINERIA,-38.91
REFINERIA,-20.37
TRADER,-51.15
INDUSTRIA,-38.86
INDUSTRIA,-47.76
TRADER,-15.09
REFINERIA,-35.02
TRADER,-33.44
TRADER,-36.05
INDUSTRIA,-23.74
REFINERIA,-15.55
TRADER,-38.33
REFINERIA,-19.98
INDUSTRIA,-13.67
TRADER,-15.7
TRADER,-59.99
INDUSTRIA,-24.86
REFINERIA,-55.51
INDUSTRIA,-51.12
REFINERIA,-22.87
REFINERIA,-26.57
INDUSTRIA,-31.69
REFINERIA,-5.41
TRADER,-18.75
TRADER,-43.07
INDUSTRIA,-48.0
INDUSTRIA,-46.34
INDUSTRIA,-7.53
INDUSTRIA,-48.68
TRADER,-25.13
REFINERIA,-44.02
REFINERIA,-22.67
REFINERIA,-31.96
INDUSTRIA,-32.83
REFINERIA,-49.05
TRADER,-29.71
INDUSTRIA,-40.73
TRADER,-4.89
TRADER,-24.06
REFINERIA,-29.12
TRADER,-19.78
INDUSTRIA,-15.64
TRADER,-43.0
INDUSTRIA,-16.14
REFINERIA,-25.71
INDUSTRIA,-43.51
INDUSTRIA,0.15
INDUSTRIA,-31.34
REFINERIA,-50.74
REFINERIA,-24.76
INDUSTRIA,-26.92
REFINERIA,-40.4
REFINERIA,-26.59
TRADER,-49.51
TRADER,-11.98
INDUSTRIA,-32.72
REFINERIA,-56.38
REFINERIA,-45.57
TRADER,-34.41
INDUSTRIA,-36.18
INDUSTRIA,-27.61
REFINERIA,-32.01
REFINERIA,-56.34
TRADER,-43.29
REFINERIA,-25.28
TRADER,-38.72
REFINERIA,-35.6
INDUSTRIA,-44.37
TRADER,-20.73
INDUSTRIA,-34.32
REFINERIA,-25.04
REFINERIA,-25.19
INDUSTRIA,-29.29
INDUSTRIA,-22.53
INDUSTRIA,-2.47
INDUSTRIA,-45.51
TRADER,-46.7
TRADER,-30.02
INDUSTRIA,-19.43
TRADER,-46.1
TRADER,-37.26
TRADER,-36.39
INDUSTRIA,-21.44
REFINERIA,-38.77
INDUSTRIA,-20.15
REFINERIA,-41.41
TRADER,-25.62
TRADER,-37.33
TRADER,-63.72
INDUSTRIA,-36.66
TRADER,-29.9
INDUSTRIA,-34.92
INDUSTRIA,-39.83
REFINERIA,-17.2
REFINERIA,-46.79
TRADER,-39.07
TRADER,-14.83
INDUSTRIA,7.43
INDUSTRIA,-20.61
REFINERIA,-36.91
INDUSTRIA,-27.84
INDUSTRIA,-39.07
REFINERIA,-54.57
INDUSTRIA,-36.3
INDUSTRIA,-37.91
REFINERIA,-36.99
TRADER,-49.64
REFINERIA,-22.71
TRADER,-22.79
TRADER,-33.46
INDUSTRIA,-31.19
INDUSTRIA,-12.12
TRADER,-43.03
INDUSTRIA,-21.37
REFINERIA,-47.81
REFINERIA,-29.71
TRADER,-43.88
TRADER,-17.83
INDUSTRIA,-42.93
REFINERIA,-37.56
INDUSTRIA,-9.43
TRADER,-14.9
TRADER,-33.48
TRADER,-19.1
REFINERIA,-22.64
REFINERIA,-26.63
TRADER,-52.93
REFINERIA,-21.76
INDUSTRIA,-0.21
REFINERIA,-57.75
REFINERIA,-20.49
TRADER,-18.43
INDUSTRIA,-17.37
REFINERIA,6.1
INDUSTRIA,-52.05
INDUSTRIA,-28.29
INDUSTRIA,-42.54
TRADER,-20.38
TRADER,-31.92
REFINERIA,-45.51
TRADER,-48.47
TRADER,-53.1
TRADER,-23.14
INDUSTRIA,-25.29
INDUSTRIA,-45.09
INDUSTRIA,-36.34
TRADER,-35.84
TRADER,-22.13
REFINERIA,-37.53
REFINERIA,-23.63
REFINERIA,-26.25
INDUSTRIA,-39.42
TRADER,-34.79
TRADER,-33.54
TRADER,-29.33
INDUSTRIA,-28.91
INDUSTRIA,-14.82
TRADER,-31.55
REFINERIA,-35.73
INDUSTRIA,-17.06
INDUSTRIA,-43.11
INDUSTRIA,1.81
INDUSTRIA,-31.06
REFINERIA,-30.52
INDUSTRIA,-35.78
INDUSTRIA,-41.15
INDUSTRIA,-24.36
REFINERIA,-42.34
TRADER,-27.13
REFINERIA,-41.0
INDUSTRIA,12.54
TRADER,-30.24
TRADER,-48.81
REFINERIA,-18.06
INDUSTRIA,-39.68
TRADER,-18.28
REFINERIA,-63.86
INDUSTRIA,-41.32
INDUSTRIA,-20.24
TRADER,-34.76
TRADER,-47.15
INDUSTRIA,-38.06
INDUSTRIA,-39.01
TRADER,-29.81
REFINERIA,-31.04
INDUSTRIA,-44.62
REFINERIA,-44.93
REFINERIA,-33.76
REFINERIA,-42.29
TRADER,7.79
INDUSTRIA,-24.64
INDUSTRIA,-13.21
INDUSTRIA,-60.23
INDUSTRIA,-19.35
REFINERIA,-41.33
REFINERIA,-0.07
REFINERIA,-30.73
TRADER,-32.97
REFINERIA,-29.42
INDUSTRIA,-21.24
INDUSTRIA,-21.82
REFINERIA,-49.49
TRADER,-43.5
INDUSTRIA,-30.21
REFINERIA,-20.24
INDUSTRIA,-15.99
TRADER,-5.99
REFINERIA,-31.81
INDUSTRIA,-29.1
INDUSTRIA,-38.82
TRADER,-22.51
TRADER,-48.13
INDUSTRIA,-56.92
TRADER,-38.56
INDUSTRIA,-44.97
INDUSTRIA,1.15
REFINERIA,1.13
REFINERIA,-10.29
TRADER,-24.69
REFINERIA,-28.45
TRADER,-8.52
TRADER,-50.02
INDUSTRIA,-24.34
INDUSTRIA,-22.21
TRADER,-22.94
INDUSTRIA,-48.29
TRADER,-59.3
REFINERIA,-8.15
TRADER,-38.12
INDUSTRIA,-39.85
REFINERIA,-42.18
INDUSTRIA,-18.38
TRADER,-20.12
REFINERIA,-15.82
REFINERIA,-34.05
REFINERIA,-10.0
TRADER,-39.99
REFINERIA,-10.68
TRADER,-32.68
REFINERIA,-39.1
REFINERIA,1.31
INDUSTRIA,-22.93
TRADER,12.56
TRADER,-35.72
TRADER,-27.3
INDUSTRIA,-37.97
TRADER,-27.57
TRADER,-47.87
REFINERIA,-9.76
TRADER,-9.84
REFINERIA,-41.74
TRADER,-3.41
INDUSTRIA,-41.87
REFINERIA,-65.59
INDUSTRIA,-18.74
INDUSTRIA,-24.56
REFINERIA,-35.93
REFINERIA,-21.42
REFINERIA,-23.67
REFINERIA,-31.28
REFINERIA,-26.16
TRADER,-22.75
REFINERIA,-33.48
TRADER,-31.14
REFINERIA,-48.94
TRADER,-55.71
REFINERIA,-4.73
REFINERIA,-10.39
INDUSTRIA,-33.45
REFINERIA,-32.52
TRADER,-18.53
INDUSTRIA,-29.94
TRADER,-41.26
REFINERIA,-25.77
TRADER,-9.45
INDUSTRIA,-8.62
REFINERIA,-12.2
TRADER,-21.19
REFINERIA,-52.27
TRADER,-26.52
TRADER,-27.6
TRADER,-32.48
INDUSTRIA,-8.86
REFINERIA,-19.01
TRADER,-18.68
REFINERIA,-34.27
TRADER,-26.3
INDUSTRIA,-46.47
REFINERIA,-18.43
TRADER,-52.3
REFINERIA,-56.33
REFINERIA,-20.55
INDUSTRIA,-22.33
TRADER,-39.98
REFINERIA,-32.15
TRADER,-46.95
INDUSTRIA,-5.26
REFINERIA,8.76
INDUSTRIA,-48.34
REFINERIA,-13.85
TRADER,-38.85
INDUSTRIA,-13.71
INDUSTRIA,-9.06
INDUSTRIA,-20.2
REFINERIA,-19.7
INDUSTRIA,-34.1
TRADER,-27.24
TRADER,-44.28
REFINERIA,-22.91
TRADER,-40.12
REFINERIA,-13.36
INDUSTRIA,-25.93
REFINERIA,2.68
REFINERIA,-23.45
INDUSTRIA,-31.78
REFINERIA,-39.82
REFINERIA,-1.53
TRADER,-8.17
TRADER,-30.78
REFINERIA,-26.77
TRADER,-53.9
TRADER,-16.2
REFINERIA,-6.23
REFINERIA,-22.42
INDUSTRIA,-18.19
INDUSTRIA,-13.99
INDUSTRIA,-52.45
INDUSTRIA,-24.24
REFINERIA,-29.13
INDUSTRIA,1.1
TRADER,-20.88
REFINERIA,-15.23
REFINERIA,-17.91
REFINERIA,-45.03
REFINERIA,-24.63
REFINERIA,27.03
INDUSTRIA,-30.47
INDUSTRIA,-54.39
TRADER,-3.5
INDUSTRIA,-36.19
INDUSTRIA,20.3
REFINERIA,-22.23
INDUSTRIA,-28.65
TRADER,-6.55
INDUSTRIA,-26.1
INDUSTRIA,-48.7
INDUSTRIA,-23.85
REFINERIA,-29.62
REFINERIA,-10.47
TRADER,-21.68
REFINERIA,24.78
INDUSTRIA,-33.02
REFINERIA,-39.21
REFINERIA,-36.88
INDUSTRIA,-43.2
INDUSTRIA,-47.69
INDUSTRIA,-44.35
TRADER,-6.56
TRADER,-39.13
TRADER,-34.89
TRADER,-32.41
TRADER,-39.11
INDUSTRIA,25.24
REFINERIA,-20.1
INDUSTRIA,-49.3
REFINERIA,-62.72
REFINERIA,-41.24
INDUSTRIA,-39.09
INDUSTRIA,-36.72
TRADER,-36.79
TRADER,-47.57
REFINERIA,-21.55
INDUSTRIA,-39.26
INDUSTRIA,-17.42
REFINERIA,-18.24
INDUSTRIA,-33.88
TRADER,-46.9
TRADER,-23.2
INDUSTRIA,-32.64
TRADER,-38.76
TRADER,-8.75
REFINERIA,-20.57
INDUSTRIA,-32.33
TRADER,-63.2
INDUSTRIA,-28.1
TRADER,-40.43
TRADER,-26.13
INDUSTRIA,-19.04
INDUSTRIA,-14.81
REFINERIA,-37.7
INDUSTRIA,-17.44
TRADER,-19.74
INDUSTRIA,-41.66
INDUSTRIA,-29.34
TRADER,-34.74
INDUSTRIA,-37.47
REFINERIA,-33.9
TRADER,-45.68
REFINERIA,-8.9
TRADER,-13.76
INDUSTRIA,-28.06
REFINERIA,-38.3
TRADER,-13.54
REFINERIA,-24.99
TRADER,-6.26
TRADER,-27.0
TRADER,-39.08
TRADER,-36.56
INDUSTRIA,-29.08
TRADER,-36.44
REFINERIA,-32.32
TRADER,-28.16
REFINERIA,-21.85
REFINERIA,-16.31
TRADER,-53.8
REFINERIA,-21.73
REFINERIA,-17.79
TRADER,-41.29
INDUSTRIA,-6.42
TRADER,-29.79
INDUSTRIA,-32.16
TRADER,-39.13
TRADER,-12.35
REFINERIA,-35.57
TRADER,-64.61
REFINERIA,-17.67
REFINERIA,-23.03
REFINERIA,-43.84
INDUSTRIA,-40.93
TRADER,-36.4
TRADER,-22.64
REFINERIA,-46.52
REFINERIA,-11.65
TRADER,0.08
INDUSTRIA,-5.82
REFINERIA,-9.28
INDUSTRIA,-34.15
TRADER,-35.63
TRADER,-21.06
TRADER,-44.07
TRADER,-53.93
TRADER,-61.86
INDUSTRIA,-47.21
REFINERIA,-29.6
TRADER,-40.47
TRADER,-30.59
REFINERIA,-36.87
INDUSTRIA,-48.69
REFINERIA,-41.72
REFINERIA,-34.42
REFINERIA,-44.68
TRADER,-57.35
TRADER,-15.28
REFINERIA,-28.67
REFINERIA,-31.88
INDUSTRIA,-47.29
INDUSTRIA,-10.77
TRADER,-37.91
TRADER,-31.43
TRADER,-37.28
REFINERIA,-22.18
REFINERIA,-31.91
REFINERIA,-27.74
TRADER,-44.95
REFINERIA,-27.28
TRADER,-42.48
TRADER,-25.9
REFINERIA,-46.59
INDUSTRIA,-7.83
INDUSTRIA,5.65
INDUSTRIA,-11.91
TRADER,-16.1
TRADER,-35.5
REFINERIA,-26.71
TRADER,-36.8
TRADER,-20.79
INDUSTRIA,-52.54
INDUSTRIA,-44.89
INDUSTRIA,-22.53
INDUSTRIA,-51.61
TRADER,-29.15
TRADER,-32.51
REFINERIA,-9.24
INDUSTRIA,0.01
REFINERIA,-38.88
REFINERIA,-47.76
TRADER,-44.06
INDUSTRIA,-4.48
TRADER,-31.69
INDUSTRIA,-28.08
INDUSTRIA,-30.83
TRADER,-15.14
INDUSTRIA,-16.49
TRADER,-20.61
INDUSTRIA,-49.61
TRADER,-37.6
INDUSTRIA,-2.74
TRADER,3.44
TRADER,-39.66
INDUSTRIA,-47.93
TRADER,-47.76
REFINERIA,-39.19
REFINERIA,-10.62
REFINERIA,-38.69
TRADER,-32.58
REFINERIA,-30.63
TRADER,-44.6
TRADER,-29.25
REFINERIA,-22.96
TRADER,-32.63
TRADER,-29.48
TRADER,-54.04
REFINERIA,-25.42
INDUSTRIA,-17.5
INDUSTRIA,-25.3
INDUSTRIA,-16.87
TRADER,-17.6
TRADER,-17.52
TRADER,-33.56
TRADER,-47.79
TRADER,-23.83
TRADER,12.53
INDUSTRIA,-43.98
TRADER,-42.13
TRADER,-33.09
REFINERIA,-7.43
TRADER,-23.93
TRADER,4.38
REFINERIA,-0.42
TRADER,-10.44
INDUSTRIA,-0.86
TRADER,-43.99
INDUSTRIA,10.3
INDUSTRIA,-29.31
INDUSTRIA,-39.87
REFINERIA,-49.68
TRADER,-16.56
INDUSTRIA,-33.53
REFINERIA,0.73
TRADER,-21.89
TRADER,-27.91
TRADER,-31.05
REFINERIA,-18.43
REFINERIA,-25.81
REFINERIA,-36.47
INDUSTRIA,-22.7
TRADER,-49.0
REFINERIA,-61.84
REFINERIA,-25.82
TRADER,-13.93
TRADER,-25.07
TRADER,-49.25
TRADER,-17.99
TRADER,-21.88
REFINERIA,-23.07
INDUSTRIA,-30.52
INDUSTRIA,-4.35
REFINERIA,-43.58
REFINERIA,-22.08
REFINERIA,-46.3
TRADER,-14.16
REFINERIA,-8.9
REFINERIA,-32.72
INDUSTRIA,0.79
INDUSTRIA,-23.6
REFINERIA,-24.91
INDUSTRIA,-29.17
INDUSTRIA,-43.05
REFINERIA,-9.73
TRADER,-22.04
TRADER,-38.08
TRADER,-57.05
INDUSTRIA,-23.31
REFINERIA,-26.31
REFINERIA,-17.74
REFINERIA,-27.21
REFINERIA,-23.46
TRADER,-28.59
REFINERIA,-24.5
TRADER,-15.98
INDUSTRIA,-23.69
REFINERIA,-30.72
INDUSTRIA,-15.35
INDUSTRIA,-55.42
REFINERIA,-39.32
INDUSTRIA,-53.14
INDUSTRIA,-52.9
INDUSTRIA,-18.97
REFINERIA,-32.4
INDUSTRIA,-35.06
REFINERIA,-21.51
TRADER,-21.03
INDUSTRIA,-34.28
INDUSTRIA,-49.1
REFINERIA,-21.69
TRADER,-29.62
INDUSTRIA,-15.83
INDUSTRIA,-41.25
INDUSTRIA,-11.72
REFINERIA,-33.7
INDUSTRIA,-25.2
TRADER,-19.47
INDUSTRIA,-40.7
INDUSTRIA,-36.57
TRADER,-35.8
TRADER,-35.26
TRADER,-33.67
REFINERIA,-63.95
INDUSTRIA,-21.71
INDUSTRIA,-26.64
REFINERIA,-54.46
INDUSTRIA,-72.96
INDUSTRIA,-42.05
INDUSTRIA,-12.35
INDUSTRIA,-13.89
INDUSTRIA,-34.8
INDUSTRIA,-43.19
TRADER,-26.31
TRADER,-35.37
TRADER,-42.74
REFINERIA,-18.83
TRADER,-52.57
TRADER,-80.65
REFINERIA,-8.0
REFINERIA,-7.71
REFINERIA,-55.13
INDUSTRIA,-46.28
TRADER,-13.33
REFINERIA,-35.03
TRADER,-14.42
INDUSTRIA,-34.91
TRADER,-18.13
TRADER,-28.6
REFINERIA,-35.82
REFINERIA,-54.19
TRADER,-39.97
REFINERIA,-38.21
INDUSTRIA,-37.87
INDUSTRIA,-21.0
TRADER,-18.32
REFINERIA,-5.37
REFINERIA,-45.01
REFINERIA,-38.19
TRADER,-37.89
INDUSTRIA,-16.94
TRADER,-24.99
INDUSTRIA,-37.63
INDUSTRIA,-16.16
TRADER,-35.74
REFINERIA,-45.4
INDUSTRIA,-36.62
REFINERIA,-47.59
INDUSTRIA,-15.46
REFINERIA,-31.63
INDUSTRIA,-13.26
REFINERIA,-36.71
REFINERIA,-34.13
TRADER,-47.74
INDUSTRIA,-33.24
TRADER,-9.69
REFINERIA,-29.75
TRADER,-23.98
REFINERIA,-3.89
TRADER,-6.12
TRADER,-36.88
INDUSTRIA,-47.65
REFINERIA,-46.61
TRADER,-49.17
REFINERIA,-37.49
TRADER,-49.09
INDUSTRIA,-12.97
INDUSTRIA,-22.25
REFINERIA,-2.22
TRADER,-27.73
TRADER,-6.3
TRADER,-22.62
INDUSTRIA,-12.13
TRADER,-45.05
INDUSTRIA,-26.37
REFINERIA,-36.66
REFINERIA,-56.18
TRADER,-55.99
REFINERIA,-17.99
INDUSTRIA,-27.64
REFINERIA,-25.94
TRADER,-38.42
REFINERIA,-29.81
TRADER,-26.68
REFINERIA,-41.61
INDUSTRIA,-39.53
INDUSTRIA,0.69
INDUSTRIA,-11.51
TRADER,-7.28
INDUSTRIA,-35.89
REFINERIA,-6.13
INDUSTRIA,-35.93
REFINERIA,-6.87
REFINERIA,-50.59
INDUSTRIA,-37.57
INDUSTRIA,-26.84
INDUSTRIA,-40.78
REFINERIA,-38.92
REFINERIA,-42.49
INDUSTRIA,-40.28
REFINERIA,-37.67
REFINERIA,-1.4
INDUSTRIA,-25.72
REFINERIA,-32.62
REFINERIA,-23.53
REFINERIA,-20.45
TRADER,-52.76
TRADER,-45.22
REFINERIA,-20.35
TRADER,-12.74
TRADER,-37.49
TRADER,-28.39
REFINERIA,-9.48
TRADER,-45.04
REFINERIA,-27.66
TRADER,-17.67
TRADER,-37.21
INDUSTRIA,-18.0
TRADER,-20.79
INDUSTRIA,-0.44
INDUSTRIA,-17.64
REFINERIA,-35.28
INDUSTRIA,-58.47
TRADER,-28.55
TRADER,-25.66
INDUSTRIA,-38.71
TRADER,-23.34
TRADER,-46.27
TRADER,-38.44
REFINERIA,-26.7
REFINERIA,-54.69
TRADER,-22.36
INDUSTRIA,-25.92
TRADER,-41.46
REFINERIA,-48.22
TRADER,-11.7
REFINERIA,-47.81
TRADER,-30.29
REFINERIA,-39.5
REFINERIA,-34.4
INDUSTRIA,-50.28
TRADER,-39.9
TRADER,-6.4
TRADER,-21.73
REFINERIA,-29.25
REFINERIA,-40.52
INDUSTRIA,-45.35
TRADER,-30.5
REFINERIA,-15.18
REFINERIA,-43.13
INDUSTRIA,-19.31
TRADER,-42.03
INDUSTRIA,-18.32
REFINERIA,-52.1
REFINERIA,1.57
REFINERIA,-35.71
INDUSTRIA,-39.75
INDUSTRIA,-39.52
TRADER,-10.83
REFINERIA,-27.22
INDUSTRIA,-26.67
TRADER,-34.87
REFINERIA,-40.73
REFINERIA,-36.91
TRADER,-47.07
REFINERIA,-20.28
INDUSTRIA,-65.23
TRADER,-30.83
REFINERIA,-49.11
REFINERIA,-33.29
REFINERIA,-38.54
TRADER,-29.09
REFINERIA,-22.41
TRADER,-24.16
REFINERIA,-35.02
INDUSTRIA,-57.82
REFINERIA,-23.5
TRADER,-42.11
REFINERIA,-48.73
INDUSTRIA,-53.22
TRADER,0.59
TRADER,-34.01
INDUSTRIA,-16.04
REFINERIA,-32.55
REFINERIA,-2.74
REFINERIA,-40.79
TRADER,-18.86
INDUSTRIA,-34.81
REFINERIA,-25.91
TRADER,-36.67
TRADER,-42.5
TRADER,-2.25
INDUSTRIA,-34.14
REFINERIA,-18.45
INDUSTRIA,-36.37
TRADER,-34.19
REFINERIA,-17.94
REFINERIA,-43.61
INDUSTRIA,-5.47
INDUSTRIA,-62.04
REFINERIA,-28.25
INDUSTRIA,-38.7
INDUSTRIA,-48.36
TRADER,-15.74
REFINERIA,-54.06
TRADER,-40.11
INDUSTRIA,-33.19
REFINERIA,-5.66
REFINERIA,-0.57
REFINERIA,-38.0
TRADER,0.9
REFINERIA,-25.49
REFINERIA,-29.66
REFINERIA,-12.85
TRADER,-18.35
TRADER,11.88
TRADER,-44.64
INDUSTRIA,-48.82
INDUSTRIA,-1.44
INDUSTRIA,-22.89
TRADER,-24.37
REFINERIA,-48.73
INDUSTRIA,-48.87
TRADER,-44.69
REFINERIA,-29.15
TRADER,-73.8
REFINERIA,-34.79
REFINERIA,-38.62
INDUSTRIA,-14.86
INDUSTRIA,-30.41
REFINERIA,-18.53
REFINERIA,-37.68
INDUSTRIA,-22.75
INDUSTRIA,-56.96
REFINERIA,-37.02
REFINERIA,-2.47
INDUSTRIA,-51.57
REFINERIA,-30.78
TRADER,-17.72
INDUSTRIA,-43.3
REFINERIA,-30.17
TRADER,-44.54
REFINERIA,-41.76
TRADER,-46.49
TRADER,-39.02
TRADER,-26.93
INDUSTRIA,-40.05
TRADER,-7.12
REFINERIA,-44.26
TRADER,-4.0
INDUSTRIA,-70.72
REFINERIA,-39.68
TRADER,-42.91
REFINERIA,-32.57
TRADER,-7.09
REFINERIA,-34.76
INDUSTRIA,4.69
REFINERIA,-39.17
INDUSTRIA,-21.93
REFINERIA,-0.6
REFINERIA,-41.27
INDUSTRIA,-27.32
INDUSTRIA,9.44
INDUSTRIA,-0.4
INDUSTRIA,-39.08
REFINERIA,-30.09
TRADER,-48.42
REFINERIA,-19.25
TRADER,-48.64
REFINERIA,-19.33
REFINERIA,-35.47
REFINERIA,-40.09
INDUSTRIA,-24.76
REFINERIA,-10.14
TRADER,-39.75
INDUSTRIA,-69.91
REFINERIA,-19.83
INDUSTRIA,-40.44
INDUSTRIA,-33.51
REFINERIA,-18.86
INDUSTRIA,-16.35
REFINERIA,-21.05
REFINERIA,-10.58
REFINERIA,-39.78
REFINERIA,-42.13
INDUSTRIA,-41.36
TRADER,-40.52
REFINERIA,-5.26
INDUSTRIA,-32.02
INDUSTRIA,-17.76
INDUSTRIA,-22.38
REFINERIA,-22.24
TRADER,-39.22
TRADER,-10.92
TRADER,-15.37
TRADER,-10.79
TRADER,-24.68
TRADER,-31.35
INDUSTRIA,-60.08
TRADER,-48.37
REFINERIA,-30.06
INDUSTRIA,-34.63
REFINERIA,-28.38
INDUSTRIA,-30.98
INDUSTRIA,-54.43
INDUSTRIA,-51.19
REFINERIA,-32.55
INDUSTRIA,-14.55
TRADER,-24.72
REFINERIA,-18.07
REFINERIA,-65.89
REFINERIA,-35.36
TRADER,-52.83
INDUSTRIA,-35.61
INDUSTRIA,-54.38
REFINERIA,8.81
TRADER,-76.19
INDUSTRIA,-67.11
TRADER,-24.1
INDUSTRIA,-37.98
REFINERIA,-31.33
TRADER,-49.77
REFINERIA,-30.27
INDUSTRIA,-51.31
REFINERIA,-17.71
TRADER,-62.12
TRADER,-37.75
INDUSTRIA,16.87
TRADER,-34.76
REFINERIA,-35.24
TRADER,-37.86
TRADER,-35.63
INDUSTRIA,-39.02
INDUSTRIA,-9.68
REFINERIA,-16.41
TRADER,-36.13
REFINERIA,-9.02
REFINERIA,-36.51
INDUSTRIA,-14.46
INDUSTRIA,-52.27
TRADER,-40.62
INDUSTRIA,-29.53
INDUSTRIA,-37.67
TRADER,-29.87
TRADER,-26.78
TRADER,-40.67
TRADER,-10.17
REFINERIA,-2.6
TRADER,-47.54
REFINERIA,-25.39
INDUSTRIA,-34.29
REFINERIA,-30.48
INDUSTRIA,-21.01
INDUSTRIA,-43.88
TRADER,-30.54
REFINERIA,-55.21
REFINERIA,-28.03
INDUSTRIA,-37.07
TRADER,-9.59
REFINERIA,-41.8
REFINERIA,-7.47
TRADER,-61.19
TRADER,-36.3
REFINERIA,-45.09
TRADER,-48.51
REFINERIA,-6.93
INDUSTRIA,-44.96
INDUSTRIA,-40.19
INDUSTRIA,-52.76
TRADER,-41.54
INDUSTRIA,-23.29
INDUSTRIA,-41.16
TRADER,-30.17
TRADER,-34.17
REFINERIA,-48.8
REFINERIA,-19.26
REFINERIA,-9.94
TRADER,-30.3
TRADER,-25.37
TRADER,-33.99
INDUSTRIA,-41.46
INDUSTRIA,-35.17
REFINERIA,-13.18
INDUSTRIA,-36.49
TRADER,-25.62
REFINERIA,-46.61
TRADER,-46.08
TRADER,-37.06
TRADER,-39.07
REFINERIA,-10.72
REFINERIA,-26.12
TRADER,-48.62
REFINERIA,9.39
INDUSTRIA,-4.39
INDUSTRIA,-7.64
INDUSTRIA,-40.76
INDUSTRIA,-30.28
TRADER,-26.18
INDUSTRIA,-49.77
TRADER,-29.84
INDUSTRIA,-29.61
REFINERIA,-51.37
REFINERIA,-4.8
INDUSTRIA,-31.74
INDUSTRIA,-30.81
TRADER,-31.89
INDUSTRIA,5.96
TRADER,-10.66
INDUSTRIA,-4.9
REFINERIA,-26.42
INDUSTRIA,-61.01
REFINERIA,-37.79
INDUSTRIA,-27.2
INDUSTRIA,-29.26
INDUSTRIA,-23.5
REFINERIA,-42.04
INDUSTRIA,-34.83
REFINERIA,-20.72
INDUSTRIA,-28.37
REFINERIA,-36.84
TRADER,-23.19
TRADER,-28.85
INDUSTRIA,-30.35
REFINERIA,-8.97
REFINERIA,-23.36
INDUSTRIA,-33.46
REFINERIA,-51.61
REFINERIA,-33.62
TRADER,-19.54
TRADER,-22.53
INDUSTRIA,-37.45
REFINERIA,-40.24
REFINERIA,-21.64
REFINERIA,-29.9
TRADER,-23.97
REFINERIA,-53.57
TRADER,-41.87
TRADER,-40.71
INDUSTRIA,-25.28
TRADER,-15.41
REFINERIA,-6.79
REFINERIA,-30.09
REFINERIA,-56.62
TRADER,-18.54
TRADER,-23.19
TRADER,-29.04
INDUSTRIA,-9.02
TRADER,-20.04
TRADER,-30.37
TRADER,-32.35
REFINERIA,-8.68
INDUSTRIA,-15.87
REFINERIA,-41.41
TRADER,-33.11
INDUSTRIA,-19.33
REFINERIA,-8.99
INDUSTRIA,-39.81
TRADER,-12.27
REFINERIA,-35.69
REFINERIA,-29.24
REFINERIA,-12.96
REFINERIA,-17.63
TRADER,-41.86
REFINERIA,-25.67
REFINERIA,-34.11
REFINERIA,-30.62
INDUSTRIA,-44.98
TRADER,-12.02
TRADER,-7.81
INDUSTRIA,-29.98
REFINERIA,-54.76
TRADER,-53.49
TRADER,-39.02
INDUSTRIA,-12.53
REFINERIA,-30.18
INDUSTRIA,-25.71
REFINERIA,-15.03
INDUSTRIA,-48.11
REFINERIA,2.96
REFINERIA,-10.03
INDUSTRIA,0.4
INDUSTRIA,-13.78
INDUSTRIA,-10.75
TRADER,-35.51
REFINERIA,-7.49
TRADER,-53.08
INDUSTRIA,-17.85
REFINERIA,-32.37
INDUSTRIA,-42.19
TRADER,-42.01
INDUSTRIA,-11.08
TRADER,-27.06
TRADER,-25.88
REFINERIA,-41.94
INDUSTRIA,-29.93
REFINERIA,-17.44
INDUSTRIA,-41.76
INDUSTRIA,-25.31
TRADER,-49.14
REFINERIA,-41.07
TRADER,-15.57
REFINERIA,-20.16
INDUSTRIA,-37.62
TRADER,-33.84
INDUSTRIA,-27.95
TRADER,-10.89
INDUSTRIA,-34.24
INDUSTRIA,-36.85
TRADER,-32.66
INDUSTRIA,-22.68
REFINERIA,-11.57
INDUSTRIA,-35.95
INDUSTRIA,-34.26
TRADER,-34.23
TRADER,-32.8
INDUSTRIA,-32.19
REFINERIA,-39.86
INDUSTRIA,-50.44
INDUSTRIA,-46.42
REFINERIA,-44.97
TRADER,-30.57
INDUSTRIA,-22.95
INDUSTRIA,-13.9
REFINERIA,-56.04
INDUSTRIA,-19.99
REFINERIA,-31.08
REFINERIA,-48.88
INDUSTRIA,-26.81
REFINERIA,-7.86
INDUSTRIA,-36.11
REFINERIA,-17.22
REFINERIA,-32.35
TRADER,-2.49
REFINERIA,-59.67
TRADER,-9.59
INDUSTRIA,-30.3
INDUSTRIA,-18.0
INDUSTRIA,-21.79
REFINERIA,-45.72
REFINERIA,-36.48
REFINERIA,-30.48
INDUSTRIA,-21.57
REFINERIA,-40.88
TRADER,-28.49
REFINERIA,-30.92
TRADER,-36.35
REFINERIA,-25.82
INDUSTRIA,-32.82
REFINERIA,-19.72
INDUSTRIA,-30.46
INDUSTRIA,3.93
REFINERIA,-10.86
REFINERIA,-8.99
REFINERIA,-30.29
REFINERIA,-16.01
INDUSTRIA,-15.71
REFINERIA,-30.84
REFINERIA,-38.51
REFINERIA,-15.96
TRADER,-43.86
INDUSTRIA,-36.88
TRADER,-26.24
TRADER,-22.88
INDUSTRIA,-32.09
TRADER,-36.36
TRADER,-74.26
REFINERIA,-39.87
TRADER,-26.64
INDUSTRIA,-29.14
REFINERIA,-21.91
REFINERIA,-30.06
REFINERIA,-37.23
REFINERIA,-27.88
INDUSTRIA,-28.21
INDUSTRIA,4.58
TRADER,-37.69
TRADER,-12.98
REFINERIA,-40.29
REFINERIA,-27.5
REFINERIA,-12.0
TRADER,-19.33
INDUSTRIA,-37.67
TRADER,-48.62
INDUSTRIA,-38.38
INDUSTRIA,-34.15
TRADER,-30.48
INDUSTRIA,-31.62
TRADER,-38.8
REFINERIA,-31.04
INDUSTRIA,-26.48
REFINERIA,-13.71
INDUSTRIA,-23.67
INDUSTRIA,-37.11
REFINERIA,6.03
REFINERIA,-37.84
INDUSTRIA,-21.29
INDUSTRIA,-14.16
INDUSTRIA,-30.36
REFINERIA,-56.8
REFINERIA,-51.48
TRADER,-15.4
TRADER,-55.53
TRADER,-40.91
INDUSTRIA,-18.43
REFINERIA,-21.85
TRADER,-12.17
INDUSTRIA,-31.29
TRADER,-31.63
REFINERIA,-50.98
TRADER,-24.51
REFINERIA,-44.46
INDUSTRIA,-22.69
TRADER,-41.62
INDUSTRIA,-47.08
TRADER,-6.79
TRADER,-47.3
REFINERIA,-26.67
TRADER,-29.65
INDUSTRIA,-17.37
REFINERIA,-8.14
TRADER,-24.75
TRADER,-50.06
INDUSTRIA,-23.46
TRADER,-58.67
REFINERIA,-47.4
REFINERIA,1.6
REFINERIA,-54.09
REFINERIA,-32.31
REFINERIA,-40.23
REFINERIA,-33.09
REFINERIA,-23.04
INDUSTRIA,-32.05
INDUSTRIA,-22.45
INDUSTRIA,-42.03
TRADER,-85.86
INDUSTRIA,-25.48
TRADER,-13.37
REFINERIA,-37.36
INDUSTRIA,-28.47
REFINERIA,-32.35
REFINERIA,-16.1
TRADER,-63.95
REFINERIA,-40.05
REFINERIA,-53.4
REFINERIA,-17.43
INDUSTRIA,-34.39
REFINERIA,-22.94
TRADER,-38.4
TRADER,-48.36
INDUSTRIA,-35.03
TRADER,-22.37
TRADER,-29.07
TRADER,-34.71
TRADER,-38.95
INDUSTRIA,-10.53
TRADER,-45.84
REFINERIA,-58.01
INDUSTRIA,-15.64
INDUSTRIA,-26.89
TRADER,-46.06
REFINERIA,-39.92
TRADER,-19.26
INDUSTRIA,-21.57
INDUSTRIA,-14.23
REFINERIA,-33.03
REFINERIA,-19.84
INDUSTRIA,-39.11
INDUSTRIA,-37.75
REFINERIA,-42.82
INDUSTRIA,-20.43
TRADER,-43.31
INDUSTRIA,-43.13
INDUSTRIA,-27.29
REFINERIA,-10.81
REFINERIA,-36.16
REFINERIA,-33.48
INDUSTRIA,-35.54
INDUSTRIA,-34.21
REFINERIA,-41.04
TRADER,-48.98
INDUSTRIA,-45.7
TRADER,-20.39
INDUSTRIA,-18.92
INDUSTRIA,-37.1
TRADER,7.76
TRADER,-34.11
INDUSTRIA,-53.91
INDUSTRIA,-33.33
TRADER,-16.32
INDUSTRIA,-20.7
REFINERIA,-60.27
REFINERIA,-47.25
TRADER,-42.34
TRADER,-13.19
REFINERIA,-54.96
TRADER,-23.04
TRADER,-14.61
INDUSTRIA,-46.17
TRADER,-12.53
TRADER,-16.96
TRADER,-45.34
REFINERIA,-17.24
TRADER,-43.33
TRADER,-13.21
INDUSTRIA,-34.33
REFINERIA,-26.58
INDUSTRIA,-15.26
INDUSTRIA,-44.69
REFINERIA,-6.72
INDUSTRIA,-51.32
TRADER,-22.95
TRADER,-24.51
TRADER,-7.7
TRADER,-24.74
TRADER,-22.03
INDUSTRIA,-17.66
REFINERIA,-34.39
REFINERIA,-39.91
INDUSTRIA,-15.03
REFINERIA,-59.14
REFINERIA,-45.12
TRADER,-30.73
REFINERIA,-33.49
INDUSTRIA,-19.81
TRADER,-24.2
REFINERIA,-16.63
INDUSTRIA,-35.02
TRADER,-23.97
TRADER,-17.29
REFINERIA,-65.48
INDUSTRIA,-21.87
TRADER,-34.22
REFINERIA,-14.79
INDUSTRIA,-30.93
REFINERIA,-35.36
REFINERIA,-36.59
TRADER,-32.73
REFINERIA,-39.15
TRADER,-4.32
REFINERIA,-24.59
TRADER,-25.64
REFINERIA,-22.75
TRADER,-50.58
TRADER,-55.11
TRADER,-18.32
TRADER,-45.7
REFINERIA,-27.04
TRADER,0.33
TRADER,-31.89
TRADER,-37.96
REFINERIA,-27.1
INDUSTRIA,-12.4
REFINERIA,-26.12
TRADER,-27.23
REFINERIA,-39.25
INDUSTRIA,-13.06
TRADER,-19.39
INDUSTRIA,-4.71
INDUSTRIA,-17.49
REFINERIA,-35.59
TRADER,-6.11
TRADER,-16.41
INDUSTRIA,-15.83
REFINERIA,-42.24
TRADER,-24.42
INDUSTRIA,-13.17
REFINERIA,-2.02
TRADER,-40.15
REFINERIA,-30.16
REFINERIA,-7.83
INDUSTRIA,-33.09
TRADER,-40.87
TRADER,-7.4
TRADER,1.3
INDUSTRIA,-5.76
INDUSTRIA,-18.46
REFINERIA,-31.49
TRADER,-15.01
INDUSTRIA,-38.37
TRADER,-15.31
INDUSTRIA,-25.93
REFINERIA,-31.56
TRADER,-39.64
REFINERIA,-5.06
INDUSTRIA,-27.4
REFINERIA,-5.66
INDUSTRIA,-27.7
REFINERIA,-10.85
REFINERIA,-31.31
TRADER,-0.99
TRADER,-35.78
TRADER,-35.1
TRADER,-25.58
INDUSTRIA,-42.77
INDUSTRIA,-36.48
INDUSTRIA,-23.87
INDUSTRIA,-10.8
TRADER,-15.55
TRADER,-40.63
TRADER,-16.17
TRADER,-19.58
REFINERIA,-37.4
REFINERIA,-19.43
TRADER,-35.01
REFINERIA,-18.41
TRADER,-27.55
INDUSTRIA,-52.59
INDUSTRIA,2.45
TRADER,-26.51
REFINERIA,-22.22
REFINERIA,-40.23
INDUSTRIA,-17.43
INDUSTRIA,-15.95
TRADER,-12.15
INDUSTRIA,-26.06
TRADER,-8.57
TRADER,-48.82
REFINERIA,-72.19
REFINERIA,-29.61
INDUSTRIA,-20.9
INDUSTRIA,-8.38
TRADER,-22.63
REFINERIA,-16.7
TRADER,-48.68
REFINERIA,-26.93
REFINERIA,-32.73
TRADER,-17.11
REFINERIA,-26.0
TRADER,-52.74
REFINERIA,-20.15
TRADER,-35.21
REFINERIA,-13.9
INDUSTRIA,-35.91
REFINERIA,-26.79
INDUSTRIA,-72.82
TRADER,-15.65
TRADER,-67.92
TRADER,-37.94
TRADER,-39.41
INDUSTRIA,-12.52
REFINERIA,-39.05
TRADER,-9.42
INDUSTRIA,-44.84
REFINERIA,-5.36
REFINERIA,-43.33
TRADER,-26.62
INDUSTRIA,-32.06
TRADER,-50.44
TRADER,-43.9
REFINERIA,-40.45
REFINERIA,-21.14
INDUSTRIA,-29.19
INDUSTRIA,-41.78
INDUSTRIA,-25.59
TRADER,-32.47
REFINERIA,-34.5
TRADER,-19.49
REFINERIA,-49.79
REFINERIA,-45.7
INDUSTRIA,-53.42
REFINERIA,-52.52
TRADER,-23.79
REFINERIA,-8.4
TRADER,-23.94
INDUSTRIA,-58.57
REFINERIA,-39.46
TRADER,-8.48
REFINERIA,-36.26
TRADER,-50.29
INDUSTRIA,-18.76
REFINERIA,-25.55
INDUSTRIA,-39.71
INDUSTRIA,-39.83
REFINERIA,-36.79
INDUSTRIA,-24.27
REFINERIA,-39.37
INDUSTRIA,7.59
TRADER,-40.74
INDUSTRIA,-37.44
REFINERIA,-29.28
TRADER,-30.75
INDUSTRIA,-29.03
INDUSTRIA,-32.73
REFINERIA,-13.69
REFINERIA,-9.36
INDUSTRIA,-22.25
TRADER,-21.88
REFINERIA,-27.03
TRADER,-50.62
REFINERIA,7.22
TRADER,-44.5
INDUSTRIA,-2.45
TRADER,-52.5
TRADER,-31.31
TRADER,-34.24
REFINERIA,-31.59
REFINERIA,-17.16
TRADER,-30.86
REFINERIA,-23.74
TRADER,-2.67
REFINERIA,-21.79
TRADER,-16.21
INDUSTRIA,-41.57
REFINERIA,-44.91
INDUSTRIA,-43.65
TRADER,-21.93
INDUSTRIA,-36.1
REFINERIA,-17.7
TRADER,-50.76
REFINERIA,-33.81
INDUSTRIA,-27.77
TRADER,-22.84
INDUSTRIA,-17.86
REFINERIA,-36.8
TRADER,-29.53
REFINERIA,-34.18
TRADER,-46.39
REFINERIA,-20.09
INDUSTRIA,-21.53
INDUSTRIA,-48.07
INDUSTRIA,-41.12
INDUSTRIA,-19.03
INDUSTRIA,-19.14
REFINERIA,-39.67
REFINERIA,-24.84
INDUSTRIA,-22.45
REFINERIA,-41.78
TRADER,-17.41
REFINERIA,-64.46
INDUSTRIA,-29.74
REFINERIA,-53.63
TRADER,-8.17
TRADER,-47.78
REFINERIA,-24.83
INDUSTRIA,-29.73
REFINERIA,-30.08
REFINERIA,-41.35
INDUSTRIA,-4.26
INDUSTRIA,-57.36
INDUSTRIA,-31.84
TRADER,-38.53
REFINERIA,-0.25
INDUSTRIA,-29.77
TRADER,-35.8
TRADER,-53.79
INDUSTRIA,-45.68
REFINERIA,-11.32
INDUSTRIA,-35.16
INDUSTRIA,-14.05
TRADER,-55.71
REFINERIA,-10.7
REFINERIA,-42.92
TRADER,-22.68
REFINERIA,-18.1
INDUSTRIA,-40.08
REFINERIA,-53.09
INDUSTRIA,-42.95
REFINERIA,-15.03
REFINERIA,-54.76
REFINERIA,-45.04
INDUSTRIA,-28.57
REFINERIA,-18.22
TRADER,-0.75
REFINERIA,-10.47
TRADER,-35.98
INDUSTRIA,-30.06
INDUSTRIA,-10.93
INDUSTRIA,-24.72
TRADER,-31.18
INDUSTRIA,-52.65
INDUSTRIA,-14.52
REFINERIA,-36.28
REFINERIA,-13.14
INDUSTRIA,-21.53
TRADER,-46.34
REFINERIA,-53.85
REFINERIA,-44.28
TRADER,-34.07
INDUSTRIA,-18.5
REFINERIA,-45.49
TRADER,-23.81
REFINERIA,-17.76
INDUSTRIA,-35.77
TRADER,-23.0
TRADER,-24.26
REFINERIA,-36.2
REFINERIA,-32.34
REFINERIA,-15.5
REFINERIA,-35.94
TRADER,-32.63
INDUSTRIA,-29.91
REFINERIA,-29.02
INDUSTRIA,-19.83
INDUSTRIA,-38.9
TRADER,-35.47
TRADER,-24.62
INDUSTRIA,-11.41
TRADER,-50.94
INDUSTRIA,-32.27
TRADER,-27.86
REFINERIA,-28.01
REFINERIA,-27.98
REFINERIA,-43.55
INDUSTRIA,-60.91
REFINERIA,-1.92
REFINERIA,-21.9
TRADER,-50.24
REFINERIA,-31.74
INDUSTRIA,-49.95
REFINERIA,-42.56
INDUSTRIA,-22.72
REFINERIA,-27.67
TRADER,-26.17
REFINERIA,-42.95
TRADER,-53.37
TRADER,-45.6
INDUSTRIA,-32.47
REFINERIA,-21.52
INDUSTRIA,-43.22
TRADER,-42.79
REFINERIA,-44.68
REFINERIA,-22.06
TRADER,-18.95
INDUSTRIA,-30.72
TRADER,-21.71
INDUSTRIA,-43.55
INDUSTRIA,-26.53
INDUSTRIA,-29.04
INDUSTRIA,-33.75
REFINERIA,-22.86
INDUSTRIA,-14.7
INDUSTRIA,-13.43
INDUSTRIA,-22.19
TRADER,-47.67
TRADER,-24.44
TRADER,0.93
REFINERIA,-41.16
REFINERIA,-46.03
REFINERIA,-12.04
TRADER,-44.47
TRADER,-25.1
INDUSTRIA,-30.13
INDUSTRIA,-7.79
REFINERIA,-17.49
REFINERIA,-12.58
REFINERIA,-15.91
REFINERIA,-16.07
REFINERIA,-33.46
TRADER,-21.64
REFINERIA,-11.38
INDUSTRIA,1.37
REFINERIA,-34.03
REFINERIA,-12.0
TRADER,-48.81
TRADER,-11.77
REFINERIA,-41.04
TRADER,-20.01
INDUSTRIA,-30.89
TRADER,-54.57
INDUSTRIA,-23.29
INDUSTRIA,-28.29
TRADER,-13.52
REFINERIA,-7.32
REFINERIA,-20.84
INDUSTRIA,-31.49
INDUSTRIA,-41.52
REFINERIA,-37.78
TRADER,-42.14
REFINERIA,-33.31
TRADER,-23.07
TRADER,-23.12
REFINERIA,-50.05
REFINERIA,-27.58
TRADER,-35.07
TRADER,-18.6
INDUSTRIA,-38.47
REFINERIA,-30.97
REFINERIA,-27.67
REFINERIA,-18.09
TRADER,-40.03
INDUSTRIA,-41.44
TRADER,-26.12
INDUSTRIA,-13.68
TRADER,-40.96
TRADER,-22.65
REFINERIA,-43.41
TRADER,-4.78
INDUSTRIA,-26.91
INDUSTRIA,-33.71
INDUSTRIA,-26.08
INDUSTRIA,-63.78
INDUSTRIA,-17.35
REFINERIA,-26.61
REFINERIA,-41.7
REFINERIA,-26.75
INDUSTRIA,-29.99
INDUSTRIA,-37.67
TRADER,-65.91
REFINERIA,-27.94
REFINERIA,-50.92
INDUSTRIA,-52.57
INDUSTRIA,-40.42
TRADER,-7.13
TRADER,-53.56
REFINERIA,-21.23
INDUSTRIA,11.68
INDUSTRIA,7.98
TRADER,-44.61
REFINERIA,-31.47
TRADER,-38.09
TRADER,-51.41
INDUSTRIA,-37.27
INDUSTRIA,-45.95
TRADER,-16.25
REFINERIA,-30.39
TRADER,-26.2
INDUSTRIA,-14.4
TRADER,-30.66
REFINERIA,-27.8
REFINERIA,-39.77
INDUSTRIA,-27.86
REFINERIA,-36.56
REFINERIA,-14.8
INDUSTRIA,-39.84
INDUSTRIA,-38.71
INDUSTRIA,-20.39
REFINERIA,-39.9
TRADER,-13.48
TRADER,-42.14
TRADER,-44.81
INDUSTRIA,-25.09
TRADER,-15.37
INDUSTRIA,-44.16
REFINERIA,-43.96
REFINERIA,-21.86
REFINERIA,-41.62
TRADER,-24.22
INDUSTRIA,-16.01
TRADER,-18.23
TRADER,-37.88
REFINERIA,-36.18
TRADER,-45.2
REFINERIA,-46.04
INDUSTRIA,-40.61
REFINERIA,-17.22
TRADER,-52.32
TRADER,-17.07
REFINERIA,-22.77
REFINERIA,-21.63
TRADER,-29.05
TRADER,-46.59
TRADER,-29.97
TRADER,-10.88
INDUSTRIA,-16.1
REFINERIA,-42.83
TRADER,-29.94
TRADER,-38.7
REFINERIA,-37.53
REFINERIA,-34.35
REFINERIA,-22.56
TRADER,-30.53
INDUSTRIA,-21.1
REFINERIA,-51.66
REFINERIA,16.05
INDUSTRIA,-6.36
TRADER,-26.85
INDUSTRIA,-13.77
REFINERIA,-31.04
TRADER,-44.68
TRADER,-10.95
INDUSTRIA,-27.2
TRADER,-11.45
INDUSTRIA,-21.5
INDUSTRIA,-37.45
TRADER,-20.86
TRADER,-36.08
INDUSTRIA,-37.33
INDUSTRIA,-42.88
REFINERIA,-1.06
INDUSTRIA,-33.96
INDUSTRIA,-38.78
REFINERIA,-30.84
REFINERIA,-15.27
REFINERIA,-51.61
REFINERIA,-9.65
INDUSTRIA,-2.02
INDUSTRIA,-33.52
INDUSTRIA,-44.15
INDUSTRIA,-26.4
TRADER,-48.67
REFINERIA,-12.5
TRADER,-6.55
REFINERIA,-58.11
REFINERIA,-31.82
REFINERIA,-66.44
TRADER,-40.04
REFINERIA,-35.12
INDUSTRIA,-57.22
REFINERIA,7.85
REFINERIA,-32.46
REFINERIA,-52.03
TRADER,-34.25
INDUSTRIA,-17.14
INDUSTRIA,-15.44
REFINERIA,-45.06
TRADER,-27.25
INDUSTRIA,-21.59
REFINERIA,-17.67
TRADER,-34.74
INDUSTRIA,-52.82
REFINERIA,-3.13
TRADER,-40.49
TRADER,-37.41
REFINERIA,-37.56
TRADER,-59.43
REFINERIA,-34.65
TRADER,-2.66
REFINERIA,-34.45
REFINERIA,-13.76
INDUSTRIA,-15.74
INDUSTRIA,-2.57
TRADER,-12.95
REFINERIA,-24.83
TRADER,-26.3
TRADER,-3.33
REFINERIA,-8.81
REFINERIA,-26.13
INDUSTRIA,-50.04
INDUSTRIA,-49.62
TRADER,-61.48
INDUSTRIA,-56.35
INDUSTRIA,-35.91
TRADER,-32.11
INDUSTRIA,-10.59
TRADER,-30.6
INDUSTRIA,-38.37
INDUSTRIA,-23.71
TRADER,-24.58
INDUSTRIA,-32.64
REFINERIA,-11.73
TRADER,-35.58
TRADER,-22.49
TRADER,-48.19
INDUSTRIA,-11.72
REFINERIA,-18.35
TRADER,-28.66
INDUSTRIA,-24.47
TRADER,-13.4
INDUSTRIA,-39.68
INDUSTRIA,-53.14
TRADER,-35.37
TRADER,-52.52
REFINERIA,-23.62
REFINERIA,-12.09
TRADER,-16.53
TRADER,-34.81
TRADER,-14.34
INDUSTRIA,-23.01
INDUSTRIA,-38.76
TRADER,-40.6
REFINERIA,-37.82
REFINERIA,-20.38
INDUSTRIA,-37.97
REFINERIA,-26.29
INDUSTRIA,-15.45
TRADER,-27.13
TRADER,-39.35
REFINERIA,-37.3
REFINERIA,-39.43
INDUSTRIA,-37.99
TRADER,-30.62
INDUSTRIA,-10.91
INDUSTRIA,-22.89
INDUSTRIA,-26.66
TRADER,-25.74
INDUSTRIA,-13.71
INDUSTRIA,-31.42
REFINERIA,-46.87
REFINERIA,-31.94
INDUSTRIA,-23.18
TRADER,-27.54
REFINERIA,-31.67
REFINERIA,-52.68
INDUSTRIA,-34.68
REFINERIA,-15.48
TRADER,-53.3
REFINERIA,-18.26
TRADER,-32.76
REFINERIA,-34.53
INDUSTRIA,-27.18
TRADER,-46.79
REFINERIA,-46.21
REFINERIA,-16.85
INDUSTRIA,-37.11
INDUSTRIA,-23.08
REFINERIA,-60.67
REFINERIA,-36.68
INDUSTRIA,-33.45
REFINERIA,-23.35
TRADER,-24.22
INDUSTRIA,-19.61
REFINERIA,-46.05
TRADER,-36.39
TRADER,-34.49
TRADER,-41.5
TRADER,-66.46
INDUSTRIA,-43.84
INDUSTRIA,-45.1
TRADER,-35.59
TRADER,-31.87
TRADER,-45.28
TRADER,-29.04
INDUSTRIA,-25.7
REFINERIA,-23.22
TRADER,-13.59
REFINERIA,-16.11
INDUSTRIA,-7.31
TRADER,-25.07
TRADER,-57.19
TRADER,-30.12
TRADER,-32.13
TRADER,-22.44
TRADER,-14.81
REFINERIA,-26.2
INDUSTRIA,-36.87
TRADER,-40.93
REFINERIA,-29.2
TRADER,-38.3
TRADER,-24.78
INDUSTRIA,-16.79
TRADER,-21.75
REFINERIA,-31.79
REFINERIA,-59.8
INDUSTRIA,-27.86
TRADER,-61.93
TRADER,-21.74
TRADER,-52.05
REFINERIA,-19.02
REFINERIA,-49.03
INDUSTRIA,-25.67
TRADER,-21.79
INDUSTRIA,-22.89
TRADER,-45.27
INDUSTRIA,-25.35
INDUSTRIA,-33.94
INDUSTRIA,-47.87
INDUSTRIA,-55.73
INDUSTRIA,-16.21
INDUSTRIA,-36.96
INDUSTRIA,-27.99
TRADER,-2.64
INDUSTRIA,-51.5
REFINERIA,-41.58
REFINERIA,-16.46
TRADER,-41.46
INDUSTRIA,-22.3
REFINERIA,-45.17
TRADER,-33.57
REFINERIA,-37.83
REFINERIA,-38.32
REFINERIA,-47.38
TRADER,-22.62
INDUSTRIA,-37.73
TRADER,-41.46
INDUSTRIA,-7.74
REFINERIA,-42.84
INDUSTRIA,-2.14
TRADER,16.62
INDUSTRIA,-43.94
REFINERIA,-1.69
INDUSTRIA,-19.92
REFINERIA,-63.59
TRADER,-32.91
INDUSTRIA,-16.23
REFINERIA,-9.73
INDUSTRIA,-35.8
INDUSTRIA,-20.26
TRADER,-35.09
INDUSTRIA,-31.71
REFINERIA,-49.63
TRADER,-42.31
TRADER,-29.14
INDUSTRIA,-38.83
REFINERIA,-2.15
INDUSTRIA,-53.4
REFINERIA,-24.37
TRADER,-34.6
TRADER,-28.91
INDUSTRIA,-39.13
REFINERIA,-23.88
REFINERIA,-25.03
TRADER,9.38
TRADER,-13.02
TRADER,-24.63
INDUSTRIA,-29.91
REFINERIA,-41.38
REFINERIA,-36.6
REFINERIA,-12.9
INDUSTRIA,-30.92
REFINERIA,-35.08
REFINERIA,-35.86
REFINERIA,-23.56
REFINERIA,-4.01
TRADER,-38.47
REFINERIA,-37.18
TRADER,-36.94
INDUSTRIA,-36.51
REFINERIA,-63.92
REFINERIA,-29.44
INDUSTRIA,-12.67
INDUSTRIA,-44.74
TRADER,-42.1
INDUSTRIA,-49.89
INDUSTRIA,-16.85
TRADER,-51.17
REFINERIA,-14.44
TRADER,-44.63
TRADER,-33.48
INDUSTRIA,-9.01
REFINERIA,-49.45
TRADER,-35.57
TRADER,-46.53
INDUSTRIA,-39.67
TRADER,-30.95
REFINERIA,-19.82
TRADER,-49.51
INDUSTRIA,-23.52
TRADER,-39.46
TRADER,-41.93
INDUSTRIA,-17.2
TRADER,-67.59
REFINERIA,-42.79
REFINERIA,-36.7
INDUSTRIA,-22.12
REFINERIA,-20.25
TRADER,-14.07
REFINERIA,-27.59
INDUSTRIA,-26.37
REFINERIA,-36.08
TRADER,-47.66
TRADER,-39.77
TRADER,-43.25
INDUSTRIA,-4.04
REFINERIA,-74.72
INDUSTRIA,-34.46
TRADER,-51.1
REFINERIA,-31.52
REFINERIA,-38.93
REFINERIA,-48.46
TRADER,-34.78
REFINERIA,-58.5
TRADER,-37.72
TRADER,-32.35
INDUSTRIA,-26.66
TRADER,2.28
TRADER,-10.94
REFINERIA,-33.47
TRADER,-38.18
TRADER,-33.04
TRADER,-41.25
INDUSTRIA,-38.88
INDUSTRIA,-64.68
INDUSTRIA,-15.88
INDUSTRIA,-37.47
INDUSTRIA,-33.91
REFINERIA,-1.0
TRADER,-36.52
REFINERIA,-19.29
TRADER,-55.45
REFINERIA,-48.65
TRADER,-54.64
TRADER,-6.79
INDUSTRIA,-45.56
REFINERIA,-39.43
TRADER,-52.4
INDUSTRIA,-46.01
REFINERIA,-31.94
TRADER,-1.03
REFINERIA,-15.41
INDUSTRIA,-20.53
REFINERIA,-9.91
INDUSTRIA,-32.36
TRADER,4.45
TRADER,-20.64
INDUSTRIA,-31.81
INDUSTRIA,-60.17
TRADER,5.85
REFINERIA,-13.66
INDUSTRIA,-25.26
REFINERIA,-33.07
TRADER,-44.69
INDUSTRIA,-24.41
INDUSTRIA,-29.61
TRADER,-32.24
REFINERIA,-57.67
REFINERIA,-40.77
REFINERIA,-53.1
REFINERIA,-30.57
INDUSTRIA,-48.88
INDUSTRIA,-49.44
INDUSTRIA,-12.15
TRADER,-10.22
INDUSTRIA,-35.06
INDUSTRIA,-36.76
REFINERIA,-22.59
TRADER,-21.05
TRADER,-60.27
TRADER,-51.67
REFINERIA,-28.35
INDUSTRIA,-24.38
INDUSTRIA,-31.78
REFINERIA,-53.74
TRADER,11.95
TRADER,-29.57
REFINERIA,-16.79
INDUSTRIA,-31.65
INDUSTRIA,-29.78
TRADER,-36.5
REFINERIA,-35.07
INDUSTRIA,18.3
REFINERIA,16.61
TRADER,-31.36
TRADER,-25.21
INDUSTRIA,-5.34
TRADER,-35.35
TRADER,-21.25
INDUSTRIA,-28.77
TRADER,-33.4
INDUSTRIA,-35.63
TRADER,-9.84
REFINERIA,-66.28
TRADER,-42.04
REFINERIA,-47.55
REFINERIA,-51.78
REFINERIA,-29.03
TRADER,-30.41
REFINERIA,-44.7
TRADER,-19.93
INDUSTRIA,-28.6
REFINERIA,-42.07
TRADER,-40.37
INDUSTRIA,1.11
TRADER,-38.91
REFINERIA,-40.55
REFINERIA,-14.31
INDUSTRIA,-40.86
INDUSTRIA,-12.47
REFINERIA,-14.34
TRADER,-25.46
TRADER,-53.68
TRADER,-29.39
TRADER,-17.98
INDUSTRIA,-29.86
REFINERIA,-6.1
REFINERIA,-29.86
TRADER,-18.85
INDUSTRIA,-32.12
REFINERIA,-37.17
REFINERIA,-0.38
INDUSTRIA,-9.2
INDUSTRIA,-45.29
INDUSTRIA,-61.51
TRADER,-2.33
REFINERIA,-4.84
REFINERIA,-18.18
TRADER,-31.32
INDUSTRIA,-68.84
INDUSTRIA,-35.27
TRADER,-22.73
TRADER,-29.28
REFINERIA,-32.33
TRADER,-25.63
TRADER,-22.71
REFINERIA,-19.99
REFINERIA,-52.85
REFINERIA,-37.65
INDUSTRIA,-19.55
TRADER,-61.88
REFINERIA,-23.16
REFINERIA,-48.67
REFINERIA,-57.89
INDUSTRIA,-26.67
REFINERIA,-45.3
TRADER,-57.19
TRADER,-36.46
INDUSTRIA,-47.25
REFINERIA,-42.74
TRADER,-27.15
REFINERIA,-42.57
TRADER,-27.23
REFINERIA,-32.57
REFINERIA,-52.56
INDUSTRIA,-28.15
INDUSTRIA,-41.34
TRADER,-24.65
REFINERIA,-22.16
TRADER,-45.24
INDUSTRIA,-10.98
REFINERIA,-18.73
INDUSTRIA,-6.61
REFINERIA,-43.15
REFINERIA,-55.36
TRADER,-26.83
INDUSTRIA,-54.12
REFINERIA,-30.49
INDUSTRIA,-36.94
TRADER,-58.98
INDUSTRIA,-40.3
TRADER,-22.75
INDUSTRIA,-31.39
REFINERIA,-43.29
TRADER,-65.5
REFINERIA,-39.53
REFINERIA,-37.2
INDUSTRIA,-49.56
REFINERIA,-7.72
INDUSTRIA,-45.0
REFINERIA,-50.61
INDUSTRIA,-28.39
TRADER,-53.05
TRADER,-64.34
REFINERIA,-15.31
INDUSTRIA,-43.33
TRADER,-37.02
INDUSTRIA,-44.33
TRADER,-41.63
TRADER,-30.71
INDUSTRIA,-10.47
TRADER,-13.05
TRADER,-52.42
TRADER,-47.72
TRADER,-33.53
INDUSTRIA,-34.66
TRADER,-47.84
REFINERIA,-44.1
REFINERIA,-40.33
REFINERIA,-11.51
TRADER,-36.49
INDUSTRIA,-21.09
REFINERIA,-28.76
INDUSTRIA,-10.67
INDUSTRIA,-7.88
INDUSTRIA,-27.93
INDUSTRIA,-65.16
INDUSTRIA,-3.87
TRADER,-32.39
INDUSTRIA,-52.77
INDUSTRIA,-32.54
INDUSTRIA,-18.01
TRADER,-16.91
INDUSTRIA,-38.1
INDUSTRIA,-31.35
REFINERIA,-9.5
INDUSTRIA,-33.19
REFINERIA,-12.06
TRADER,-17.9
REFINERIA,-64.54
TRADER,-32.85
INDUSTRIA,-27.73
TRADER,-42.55
TRADER,-39.51
REFINERIA,-27.45
REFINERIA,-38.64
REFINERIA,-38.78
TRADER,-2.5
TRADER,-34.79
INDUSTRIA,-32.08
INDUSTRIA,-12.43
INDUSTRIA,-38.23
INDUSTRIA,-16.07
TRADER,-22.92
TRADER,-32.77
TRADER,-26.1
REFINERIA,-62.41
TRADER,-13.05
REFINERIA,-28.34
REFINERIA,-42.2
INDUSTRIA,-47.07
INDUSTRIA,-29.71
REFINERIA,-18.44
INDUSTRIA,-48.21
REFINERIA,-10.03
INDUSTRIA,-32.94
TRADER,-17.78
INDUSTRIA,-57.67
TRADER,-14.55
TRADER,-18.63
INDUSTRIA,-41.48
REFINERIA,-39.55
INDUSTRIA,-39.6
REFINERIA,-40.81
REFINERIA,-25.84
TRADER,-51.84
INDUSTRIA,-57.04
TRADER,-17.22
REFINERIA,-21.29
INDUSTRIA,-42.0
TRADER,-13.27
REFINERIA,-45.44
INDUSTRIA,-21.8
REFINERIA,-29.22
REFINERIA,-35.89
TRADER,-45.38
TRADER,-30.98
TRADER,-5.0
INDUSTRIA,-21.86
REFINERIA,-38.61
REFINERIA,-18.21
REFINERIA,-25.52
TRADER,-30.82
REFINERIA,-8.98
INDUSTRIA,-36.71
INDUSTRIA,-6.92
INDUSTRIA,-27.79
REFINERIA,-14.86
INDUSTRIA,-13.68
INDUSTRIA,-20.75
TRADER,-15.84
REFINERIA,-16.81
INDUSTRIA,-14.86
TRADER,-33.65
INDUSTRIA,-21.21
INDUSTRIA,-58.28
TRADER,-35.37
REFINERIA,-28.07
INDUSTRIA,-30.04
INDUSTRIA,-22.54
REFINERIA,-32.81
TRADER,-55.38
TRADER,-36.13
INDUSTRIA,-3.9
INDUSTRIA,-42.08
INDUSTRIA,-19.6
INDUSTRIA,-36.26
INDUSTRIA,-41.35
REFINERIA,-17.84
REFINERIA,-51.16
INDUSTRIA,-44.74
TRADER,-28.38
TRADER,-9.09
REFINERIA,-36.02
TRADER,-32.39
REFINERIA,-19.88
REFINERIA,-10.75
REFINERIA,-59.89
REFINERIA,9.39
INDUSTRIA,-1.88
INDUSTRIA,-46.19
REFINERIA,-36.55
INDUSTRIA,-51.83
TRADER,-16.54
TRADER,-30.74
REFINERIA,-27.51
TRADER,-24.47
REFINERIA,-25.89
INDUSTRIA,-26.36
TRADER,-13.78
TRADER,-22.53
TRADER,-23.18
REFINERIA,-35.53
TRADER,-62.31
TRADER,-33.12
TRADER,-20.52
INDUSTRIA,-22.42
REFINERIA,-16.98
REFINERIA,-17.15
REFINERIA,-42.0
TRADER,-72.17
INDUSTRIA,-7.81
TRADER,-11.46
TRADER,-67.98
REFINERIA,-3.68
TRADER,-49.0
REFINERIA,-49.23
INDUSTRIA,-29.47
INDUSTRIA,-29.64
INDUSTRIA,-47.92
REFINERIA,-51.68
INDUSTRIA,-31.48
REFINERIA,-16.39
REFINERIA,-34.33
TRADER,-17.87
REFINERIA,-5.31
REFINERIA,-19.12
INDUSTRIA,-3.01
INDUSTRIA,-34.82
REFINERIA,-21.54
REFINERIA,-37.25
INDUSTRIA,-28.54
REFINERIA,-26.42
TRADER,-49.84
TRADER,-15.89
REFINERIA,-21.05
INDUSTRIA,-45.46
TRADER,-24.21
REFINERIA,-31.68
REFINERIA,-16.0
REFINERIA,-16.92
TRADER,-5.66
REFINERIA,-42.71
TRADER,-29.87
TRADER,-22.0
INDUSTRIA,6.85
REFINERIA,-10.56
INDUSTRIA,-31.41
INDUSTRIA,-20.36
INDUSTRIA,-25.85
INDUSTRIA,-50.92
REFINERIA,-47.14
REFINERIA,-34.52
INDUSTRIA,-24.32
REFINERIA,-40.18
REFINERIA,-45.01
REFINERIA,-8.54
TRADER,-14.85
REFINERIA,-21.5
TRADER,-23.36
INDUSTRIA,-33.47
TRADER,-29.58
TRADER,-36.34
TRADER,-23.56
INDUSTRIA,-72.84
INDUSTRIA,-26.0
INDUSTRIA,-21.73
TRADER,-38.77
TRADER,-49.08
REFINERIA,-49.46
REFINERIA,-20.44
REFINERIA,-2.29
INDUSTRIA,-15.23
REFINERIA,-52.67
REFINERIA,-18.84
REFINERIA,-20.29
REFINERIA,-67.92
REFINERIA,-35.61
REFINERIA,-4.89
REFINERIA,-21.54
INDUSTRIA,-34.15
INDUSTRIA,-25.27
INDUSTRIA,-33.45
TRADER,-10.44
REFINERIA,-42.3
INDUSTRIA,-38.67
TRADER,-16.44
REFINERIA,-45.71
TRADER,-48.26
TRADER,-38.77
INDUSTRIA,-30.18
TRADER,-25.24
INDUSTRIA,2.95
INDUSTRIA,-33.77
TRADER,-29.06
INDUSTRIA,-38.77
TRADER,-1.21
TRADER,8.77
TRADER,-9.91
REFINERIA,2.88
INDUSTRIA,-28.23
INDUSTRIA,-26.16
INDUSTRIA,-37.14
INDUSTRIA,-49.83
INDUSTRIA,-50.98
INDUSTRIA,-0.86
INDUSTRIA,-33.91
INDUSTRIA,-51.15
REFINERIA,-14.23
REFINERIA,-16.28
REFINERIA,-12.26
REFINERIA,-55.97
REFINERIA,-26.18
REFINERIA,-19.1
INDUSTRIA,-37.62
INDUSTRIA,-55.49
TRADER,-16.15
TRADER,-21.45
INDUSTRIA,-21.67
REFINERIA,-43.2
INDUSTRIA,-25.94
INDUSTRIA,-46.92
REFINERIA,-40.63
INDUSTRIA,-28.57
TRADER,-21.32
INDUSTRIA,-9.33
REFINERIA,-21.07
INDUSTRIA,-38.62
INDUSTRIA,-41.13
TRADER,-13.89
TRADER,-38.27
INDUSTRIA,-39.29
REFINERIA,-16.32
INDUSTRIA,-52.3
TRADER,-11.08
INDUSTRIA,-46.77
INDUSTRIA,-34.77
INDUSTRIA,-35.8
INDUSTRIA,-51.42
INDUSTRIA,-9.93
INDUSTRIA,-46.11
INDUSTRIA,-32.64
REFINERIA,-10.53
INDUSTRIA,-20.77
INDUSTRIA,-27.08
INDUSTRIA,-26.67
TRADER,-34.73
INDUSTRIA,-34.87
TRADER,-16.94
INDUSTRIA,0.52
REFINERIA,-18.72
INDUSTRIA,-34.57
REFINERIA,-19.91
INDUSTRIA,-44.63
REFINERIA,-50.58
REFINERIA,-14.53
TRADER,-41.17
TRADER,-54.64
TRADER,-5.7
REFINERIA,-27.17
TRADER,-44.7
REFINERIA,-39.23
REFINERIA,-4.98
INDUSTRIA,-43.01
TRADER,-25.64
TRADER,-23.7
TRADER,-4.68
INDUSTRIA,-19.37
REFINERIA,-24.3
REFINERIA,-27.49
TRADER,-35.94
REFINERIA,-13.0
REFINERIA,-15.86
REFINERIA,-21.79
REFINERIA,-33.63
REFINERIA,-17.64
INDUSTRIA,-4.87
TRADER,-30.55
TRADER,-20.68
TRADER,-52.19
INDUSTRIA,-69.92
TRADER,-39.41
TRADER,-21.7
INDUSTRIA,-41.61
INDUSTRIA,-45.83
INDUSTRIA,-21.35
REFINERIA,-35.38
INDUSTRIA,-19.77
TRADER,-29.67
REFINERIA,-36.22
INDUSTRIA,-3.03
REFINERIA,-37.39
TRADER,-36.23
REFINERIA,-25.43
TRADER,-17.44
REFINERIA,-16.14
REFINERIA,-57.16
INDUSTRIA,-17.38
TRADER,-28.93
INDUSTRIA,-26.59
INDUSTRIA,-12.84
REFINERIA,-34.15
INDUSTRIA,-16.36
INDUSTRIA,-16.22
TRADER,-24.16
TRADER,-47.73
TRADER,-49.96
INDUSTRIA,-6.33
REFINERIA,-50.78
REFINERIA,-35.96
INDUSTRIA,-29.52
REFINERIA,-34.23
INDUSTRIA,-56.02
TRADER,-18.46
REFINERIA,-10.11
REFINERIA,-62.73
INDUSTRIA,-14.33
TRADER,-20.82
TRADER,-28.15
TRADER,-37.26
INDUSTRIA,-37.83
TRADER,-26.04
TRADER,-33.68
INDUSTRIA,-10.82
TRADER,-28.24
REFINERIA,-52.56
REFINERIA,-45.23
TRADER,-48.1
REFINERIA,-22.86
INDUSTRIA,-37.59
INDUSTRIA,-28.47
INDUSTRIA,6.15
REFINERIA,-23.25
REFINERIA,-41.97
TRADER,-8.35
REFINERIA,-33.32
TRADER,-29.8
TRADER,-47.19
REFINERIA,-29.29
TRADER,-48.43
TRADER,-36.49
REFINERIA,-14.68
REFINERIA,-10.1
REFINERIA,-59.09
REFINERIA,-23.49
TRADER,-28.61
TRADER,-24.45
REFINERIA,-8.24
INDUSTRIA,-37.36
REFINERIA,-29.96
REFINERIA,-29.65
REFINERIA,-9.93
INDUSTRIA,-11.89
TRADER,-24.13
TRADER,-17.63
TRADER,-19.17
TRADER,-48.19
TRADER,-49.86
INDUSTRIA,-12.56
TRADER,-35.33
TRADER,-34.78
REFINERIA,-17.85
INDUSTRIA,-30.69
TRADER,-36.68
REFINERIA,11.86
TRADER,-62.85
TRADER,-41.91
TRADER,-24.18
REFINERIA,-51.31
REFINERIA,-30.37
REFINERIA,-20.17
INDUSTRIA,-7.42
REFINERIA,-63.12
TRADER,-18.7
INDUSTRIA,-56.32
REFINERIA,-29.29
REFINERIA,-35.48
REFINERIA,-30.12
REFINERIA,-22.84
INDUSTRIA,-33.27
INDUSTRIA,-51.31
REFINERIA,-30.47
REFINERIA,-52.75
TRADER,1.58
REFINERIA,-46.82
INDUSTRIA,-37.28
REFINERIA,-17.36
INDUSTRIA,-8.88
INDUSTRIA,-34.19
INDUSTRIA,-22.47
INDUSTRIA,-50.67
REFINERIA,-44.51
TRADER,-1.57
TRADER,-26.34
TRADER,-36.34
REFINERIA,-34.97
TRADER,-21.7
REFINERIA,-36.61
TRADER,-43.77
INDUSTRIA,-28.87
REFINERIA,-11.87
TRADER,-37.02
TRADER,-39.86
TRADER,-12.57
TRADER,-48.09
INDUSTRIA,-40.95
REFINERIA,-41.6
TRADER,-28.22
TRADER,-18.39
INDUSTRIA,-16.05
TRADER,-29.05
INDUSTRIA,-37.31
REFINERIA,-54.56
INDUSTRIA,-60.62
INDUSTRIA,-29.11
REFINERIA,-0.73
INDUSTRIA,-40.49
TRADER,-58.03
REFINERIA,-26.12
REFINERIA,-30.48
INDUSTRIA,-50.96
REFINERIA,-3.45
REFINERIA,-12.29
TRADER,-10.15
INDUSTRIA,-26.36
INDUSTRIA,-37.05
INDUSTRIA,-39.0
REFINERIA,-47.76
REFINERIA,-19.97
INDUSTRIA,-34.01
REFINERIA,-49.33
INDUSTRIA,-18.74
REFINERIA,-28.74
REFINERIA,-23.29
REFINERIA,-35.22
REFINERIA,-29.97
REFINERIA,-58.92
TRADER,-35.45
INDUSTRIA,-37.62
REFINERIA,-21.82
REFINERIA,-60.48
TRADER,-21.76
REFINERIA,-33.96
TRADER,-39.47
INDUSTRIA,-32.9
INDUSTRIA,-42.83
INDUSTRIA,-25.49
INDUSTRIA,-49.48
INDUSTRIA,-2.4
TRADER,-43.75
REFINERIA,-5.44
REFINERIA,-45.62
INDUSTRIA,-5.92
TRADER,-28.32
REFINERIA,-40.21
INDUSTRIA,-29.42
TRADER,-11.62
TRADER,-6.65
TRADER,-18.32
REFINERIA,-37.22
REFINERIA,-46.38
REFINERIA,-31.03
REFINERIA,-14.94
INDUSTRIA,-28.4
TRADER,-42.53
INDUSTRIA,-39.85
REFINERIA,-15.24
TRADER,-10.15
REFINERIA,-42.54
TRADER,-43.34
REFINERIA,-50.56
REFINERIA,-35.61
INDUSTRIA,-23.03
TRADER,-46.24
INDUSTRIA,-14.46
TRADER,-33.6
TRADER,-36.25
REFINERIA,-16.7
INDUSTRIA,-32.63
REFINERIA,-39.1
TRADER,-52.59
INDUSTRIA,-44.11
TRADER,-21.38
REFINERIA,-35.96
INDUSTRIA,1.16
REFINERIA,-25.91
TRADER,-11.67
TRADER,-17.68
TRADER,-30.27
REFINERIA,-50.56
REFINERIA,-20.82
TRADER,-30.79
REFINERIA,-34.48
TRADER,-9.37
TRADER,-15.92
REFINERIA,-23.23
REFINERIA,-23.23
REFINERIA,-46.03
INDUSTRIA,-35.71
TRADER,-34.82
INDUSTRIA,-19.01
TRADER,-37.36
TRADER,-37.65
REFINERIA,-7.15
INDUSTRIA,-38.52
TRADER,-30.81
INDUSTRIA,-21.74
TRADER,-40.4
INDUSTRIA,-29.03
REFINERIA,-6.93
TRADER,-23.18
REFINERIA,-8.04
INDUSTRIA,-33.44
INDUSTRIA,-23.7
REFINERIA,-45.76
INDUSTRIA,-34.79
INDUSTRIA,-61.11
INDUSTRIA,-32.7
REFINERIA,-50.02
TRADER,-20.73
TRADER,7.99
INDUSTRIA,-27.12
TRADER,4.28
INDUSTRIA,-50.61
INDUSTRIA,-54.38
TRADER,-50.54
TRADER,-54.13
REFINERIA,-46.64
TRADER,-33.61
INDUSTRIA,-39.2
REFINERIA,-39.22
INDUSTRIA,-13.75
TRADER,-36.2
TRADER,-62.53
TRADER,-39.67
TRADER,-2.98
INDUSTRIA,-50.92
TRADER,-52.34
INDUSTRIA,-26.46
INDUSTRIA,-0.58
INDUSTRIA,-26.39
TRADER,-6.09
TRADER,-27.99
REFINERIA,-22.28
TRADER,-17.13
TRADER,-37.04
INDUSTRIA,-33.42
REFINERIA,-15.18
REFINERIA,-31.62
TRADER,-38.19
TRADER,-0.72
TRADER,-37.1
TRADER,-33.91
REFINERIA,-8.97
TRADER,-6.38
REFINERIA,-3.92
TRADER,-6.2
INDUSTRIA,-21.16
TRADER,-36.45
REFINERIA,-28.64
TRADER,-18.6
REFINERIA,-9.52
REFINERIA,-43.6
REFINERIA,-33.67
TRADER,-51.04
INDUSTRIA,-50.2
INDUSTRIA,-7.33
INDUSTRIA,-30.04
TRADER,-22.84
REFINERIA,-59.26
INDUSTRIA,-7.68
TRADER,-0.56
REFINERIA,-39.6
INDUSTRIA,-35.23
REFINERIA,-42.95
REFINERIA,-32.34
INDUSTRIA,-66.66
REFINERIA,-36.38
INDUSTRIA,-37.86
REFINERIA,-39.08
INDUSTRIA,-50.36
REFINERIA,-6.11
TRADER,-12.08
REFINERIA,-4.73
TRADER,-31.13
TRADER,-40.27
TRADER,-32.49
REFINERIA,-18.41
TRADER,-30.39
REFINERIA,-55.76
REFINERIA,-29.71
INDUSTRIA,-32.81
REFINERIA,-19.23
TRADER,-44.49
REFINERIA,0.83
INDUSTRIA,-38.62
INDUSTRIA,-45.18
TRADER,-20.72
REFINERIA,-8.08
INDUSTRIA,-13.69
REFINERIA,-33.59
INDUSTRIA,-26.53
TRADER,-50.31
INDUSTRIA,-35.23
INDUSTRIA,-26.33
TRADER,-23.82
REFINERIA,-14.92
TRADER,-14.48
REFINERIA,-45.7
INDUSTRIA,-18.61
REFINERIA,-15.44
TRADER,-13.62
REFINERIA,-37.4
REFINERIA,-31.0
INDUSTRIA,-39.44
REFINERIA,-34.68
INDUSTRIA,-25.25
TRADER,-32.51
INDUSTRIA,5.61
TRADER,-11.49
TRADER,-20.36
INDUSTRIA,-22.12
REFINERIA,-51.63
REFINERIA,-5.42
TRADER,-30.99
REFINERIA,-49.74
REFINERIA,-25.47
TRADER,-12.46
TRADER,-16.27
INDUSTRIA,-56.72
TRADER,-4.1
REFINERIA,-37.03
TRADER,-0.37
INDUSTRIA,-29.6
INDUSTRIA,-35.23
INDUSTRIA,-47.33
INDUSTRIA,-41.6
REFINERIA,-44.58
REFINERIA,-20.36
REFINERIA,-31.11
INDUSTRIA,13.44
TRADER,-26.92
INDUSTRIA,-39.13
TRADER,-18.16
TRADER,-25.83
INDUSTRIA,-29.55
TRADER,-48.39
REFINERIA,-22.17
TRADER,-22.46
TRADER,-22.57
REFINERIA,-41.39
TRADER,-38.45
TRADER,-6.52
INDUSTRIA,-38.6
INDUSTRIA,-46.43
TRADER,-31.37
INDUSTRIA,-24.71
INDUSTRIA,0.12
TRADER,-35.48
TRADER,-31.2
INDUSTRIA,-29.1
TRADER,-26.12
INDUSTRIA,-31.03
REFINERIA,-28.67
TRADER,-27.28
TRADER,-20.29
REFINERIA,-15.59
INDUSTRIA,-38.45
INDUSTRIA,-46.01
REFINERIA,-13.87
INDUSTRIA,-36.69
REFINERIA,-8.27
TRADER,-48.54
INDUSTRIA,-38.98
TRADER,-27.78
TRADER,-47.72
REFINERIA,-36.22
INDUSTRIA,-13.61
TRADER,-15.44
REFINERIA,-42.37
INDUSTRIA,-10.24
INDUSTRIA,-13.79
INDUSTRIA,-67.5
REFINERIA,-41.12
INDUSTRIA,-36.63
REFINERIA,-22.58
REFINERIA,-31.2
REFINERIA,-27.89
REFINERIA,-17.53
REFINERIA,-41.39
TRADER,-31.32
REFINERIA,-26.08
TRADER,-54.65
REFINERIA,-42.32
TRADER,-47.19
INDUSTRIA,-45.18
TRADER,-70.36
REFINERIA,-23.81
INDUSTRIA,-46.1
INDUSTRIA,-26.91
TRADER,-39.73
INDUSTRIA,-29.16
REFINERIA,-52.71
REFINERIA,-11.83
REFINERIA,-12.94
INDUSTRIA,4.09
TRADER,-20.65
INDUSTRIA,-38.14
REFINERIA,-70.9
REFINERIA,-36.29
TRADER,-45.33
TRADER,-45.07
TRADER,-17.68
REFINERIA,-31.86
REFINERIA,-26.81
INDUSTRIA,-29.33
REFINERIA,-28.68
TRADER,-50.86
TRADER,-49.04
TRADER,-25.86
TRADER,-34.84
TRADER,-29.94
TRADER,-43.62
TRADER,-22.05
REFINERIA,-17.26
REFINERIA,1.82
TRADER,-40.63
REFINERIA,-57.55
TRADER,-33.13
REFINERIA,-9.2
REFINERIA,-50.88
INDUSTRIA,-24.35
REFINERIA,-34.05
INDUSTRIA,-7.06
TRADER,-45.82
REFINERIA,-45.6
TRADER,-20.49
TRADER,-44.78
INDUSTRIA,-35.32
TRADER,-15.24
INDUSTRIA,-26.61
INDUSTRIA,-11.95
REFINERIA,-19.48
TRADER,1.31
REFINERIA,-6.19
INDUSTRIA,-23.81
TRADER,-35.63
REFINERIA,-51.12
REFINERIA,-58.23
TRADER,-30.46
INDUSTRIA,13.72
REFINERIA,-49.7
INDUSTRIA,-20.93
INDUSTRIA,6.9
REFINERIA,-20.33
INDUSTRIA,-28.41
INDUSTRIA,-40.64
INDUSTRIA,-48.45
TRADER,-16.74
INDUSTRIA,-41.62
INDUSTRIA,-16.46
TRADER,-28.43
REFINERIA,-20.02
INDUSTRIA,-55.33
INDUSTRIA,-21.45
REFINERIA,-41.14
REFINERIA,-23.94
TRADER,-28.77
INDUSTRIA,-35.0
INDUSTRIA,-32.4
INDUSTRIA,-31.22
TRADER,-8.92
INDUSTRIA,-58.49
REFINERIA,-21.77
INDUSTRIA,-32.19
TRADER,-32.61
REFINERIA,-30.59
TRADER,-32.38
REFINERIA,-52.1
REFINERIA,-46.76
REFINERIA,-57.72
REFINERIA,-35.07
TRADER,-29.03
REFINERIA,-38.89
TRADER,-20.37
TRADER,-18.91
INDUSTRIA,-35.62
INDUSTRIA,-46.21
TRADER,-36.14
INDUSTRIA,-22.01
REFINERIA,1.11
REFINERIA,-42.51
REFINERIA,-32.02
TRADER,-45.71
REFINERIA,-35.99
INDUSTRIA,-48.98
INDUSTRIA,-31.08
INDUSTRIA,-5.11
INDUSTRIA,-36.66
REFINERIA,-7.78
INDUSTRIA,-39.2
REFINERIA,-23.81
INDUSTRIA,-34.07
REFINERIA,-24.94
INDUSTRIA,-54.35
INDUSTRIA,-45.97
TRADER,-4.1
REFINERIA,-26.0
INDUSTRIA,-50.47
TRADER,-13.12
TRADER,-31.87
TRADER,-23.27
INDUSTRIA,-41.43
INDUSTRIA,-38.73
TRADER,-28.39
INDUSTRIA,-38.05
INDUSTRIA,-40.15
INDUSTRIA,-37.96
TRADER,-19.41
REFINERIA,-23.37
REFINERIA,-35.82
REFINERIA,-46.94
REFINERIA,18.9
TRADER,-62.9
TRADER,-29.58
TRADER,-38.3
TRADER,-14.8
REFINERIA,-11.31
TRADER,-33.57
INDUSTRIA,-40.65
INDUSTRIA,-48.5
TRADER,-47.8
REFINERIA,-38.61
REFINERIA,-29.42
INDUSTRIA,-9.87
REFINERIA,-42.54
TRADER,-51.08
TRADER,-40.64
TRADER,-22.79
REFINERIA,-44.43
REFINERIA,-11.57
REFINERIA,-43.52
REFINERIA,16.94
TRADER,-48.33
REFINERIA,-12.05
REFINERIA,-41.95
TRADER,-29.87
TRADER,-26.63
INDUSTRIA,-26.75
TRADER,-30.11
INDUSTRIA,-26.41
TRADER,-42.55
INDUSTRIA,-10.86
INDUSTRIA,-49.14
REFINERIA,-39.95
TRADER,-39.3
INDUSTRIA,-23.59
TRADER,-21.12
REFINERIA,-54.65
TRADER,-56.91
REFINERIA,-22.73
INDUSTRIA,-19.49
INDUSTRIA,-20.53
INDUSTRIA,-58.15
REFINERIA,-33.48
TRADER,-20.49
TRADER,-20.72
TRADER,-21.51
INDUSTRIA,-34.46
REFINERIA,-36.61
TRADER,-49.77
REFINERIA,-11.26
INDUSTRIA,-32.72
REFINERIA,-6.08
REFINERIA,-11.32
REFINERIA,-24.17
TRADER,-50.02
INDUSTRIA,-57.21
REFINERIA,-76.73
INDUSTRIA,-40.77
TRADER,-25.29
TRADER,-51.79
REFINERIA,-24.88
INDUSTRIA,-39.97
REFINERIA,-42.05
TRADER,-7.76
INDUSTRIA,-45.98
TRADER,-31.64
REFINERIA,-24.52
REFINERIA,-26.36
TRADER,-40.32
TRADER,-42.39
TRADER,-42.08
REFINERIA,-15.86
TRADER,-56.88
INDUSTRIA,-25.51
INDUSTRIA,-20.88
INDUSTRIA,-31.91
TRADER,-17.48
REFINERIA,-32.75
TRADER,-14.8
TRADER,-46.2
INDUSTRIA,-19.72
REFINERIA,-12.52
INDUSTRIA,8.19
INDUSTRIA,-13.55
TRADER,-44.78
REFINERIA,-13.17
REFINERIA,-41.41
INDUSTRIA,-28.58
REFINERIA,1.01
TRADER,-36.38
INDUSTRIA,-36.66
INDUSTRIA,0.01
REFINERIA,-26.23
REFINERIA,-7.53
TRADER,-8.87
REFINERIA,-76.39
INDUSTRIA,-22.54
REFINERIA,-34.38
INDUSTRIA,-14.81
TRADER,-8.56
TRADER,-16.71
INDUSTRIA,-24.02
TRADER,-37.4
REFINERIA,-25.92
TRADER,-32.21
REFINERIA,-23.31
INDUSTRIA,-30.28
TRADER,-23.26
INDUSTRIA,-38.27
INDUSTRIA,-43.78
INDUSTRIA,-17.39
INDUSTRIA,-32.71
INDUSTRIA,-28.9
TRADER,-24.55
INDUSTRIA,-55.49
TRADER,-19.57
INDUSTRIA,-20.47
REFINERIA,-11.06
TRADER,-30.09
REFINERIA,-20.11
REFINERIA,-12.3
TRADER,-28.73
TRADER,-19.2
TRADER,-22.71
INDUSTRIA,-28.98
INDUSTRIA,-44.51
INDUSTRIA,-33.61
TRADER,-20.08
REFINERIA,-53.66
REFINERIA,-19.28
REFINERIA,-23.25
TRADER,-17.09
INDUSTRIA,1.89
INDUSTRIA,-29.88
INDUSTRIA,-15.64
TRADER,-50.32
REFINERIA,-7.88
INDUSTRIA,-26.88
REFINERIA,-39.77
REFINERIA,-54.97
TRADER,-42.97
TRADER,-54.43
INDUSTRIA,-23.41
TRADER,-18.02
TRADER,-45.38
REFINERIA,-27.02
TRADER,-21.69
REFINERIA,-23.63
TRADER,-16.56
TRADER,-11.78
INDUSTRIA,-57.53
INDUSTRIA,-26.37
TRADER,-19.16
REFINERIA,-34.34
TRADER,-28.72
INDUSTRIA,-7.53
TRADER,-6.23
TRADER,-9.72
INDUSTRIA,-34.09
TRADER,-25.57
TRADER,-8.87
TRADER,-15.85
INDUSTRIA,-22.94
REFINERIA,-14.43
INDUSTRIA,-58.0
REFINERIA,-47.79
REFINERIA,-23.01
REFINERIA,-39.35
REFINERIA,-22.3
TRADER,-44.15
TRADER,-29.67
REFINERIA,-6.14
REFINERIA,-33.29
REFINERIA,-15.95
TRADER,-34.23
TRADER,-51.11
INDUSTRIA,-16.52
TRADER,-54.67
REFINERIA,-36.78
INDUSTRIA,-44.89
TRADER,-33.21
REFINERIA,-45.38
TRADER,-63.56
INDUSTRIA,-24.87
INDUSTRIA,-34.56
REFINERIA,-23.83
TRADER,-21.96
TRADER,-18.31
TRADER,-39.14
TRADER,-36.09
REFINERIA,-11.01
TRADER,-37.49
INDUSTRIA,-19.7
REFINERIA,-21.94
TRADER,-42.51
REFINERIA,-12.85
TRADER,-38.77
REFINERIA,-36.97
INDUSTRIA,-42.92
INDUSTRIA,-30.14
INDUSTRIA,-47.81
TRADER,-18.83
TRADER,-36.09
INDUSTRIA,-19.22
REFINERIA,-25.94
TRADER,-38.71
TRADER,-12.37
TRADER,-55.81
REFINERIA,-24.68
TRADER,-47.68
TRADER,-33.5
TRADER,-30.36
INDUSTRIA,-11.37
TRADER,-11.16
REFINERIA,-40.49
TRADER,-64.9
INDUSTRIA,-13.29
INDUSTRIA,-37.62
REFINERIA,-33.46
REFINERIA,-38.8
TRADER,-23.67
INDUSTRIA,-12.15
INDUSTRIA,-4.02
REFINERIA,-54.42
REFINERIA,-12.28
INDUSTRIA,-37.32
INDUSTRIA,-48.06
TRADER,-14.83
REFINERIA,-22.06
INDUSTRIA,-47.41
INDUSTRIA,-30.15
REFINERIA,-40.5
REFINERIA,5.73
REFINERIA,-22.63
REFINERIA,-25.22
INDUSTRIA,-27.05
REFINERIA,-23.23
INDUSTRIA,-24.14
REFINERIA,-46.0
TRADER,-22.18
INDUSTRIA,-54.48
TRADER,-52.59
TRADER,-35.34
REFINERIA,-1.53
INDUSTRIA,-12.94
REFINERIA,-49.12
REFINERIA,-55.42
TRADER,-33.02
REFINERIA,-35.99
REFINERIA,-37.14
TRADER,-41.16
TRADER,-33.84
TRADER,-57.11
TRADER,-21.96
TRADER,-25.52
INDUSTRIA,-27.22
REFINERIA,-39.12
TRADER,-45.58
REFINERIA,-41.71
INDUSTRIA,-34.35
REFINERIA,-51.92
TRADER,-47.33
INDUSTRIA,-31.01
REFINERIA,-31.9
REFINERIA,-12.09
TRADER,-55.06
INDUSTRIA,-25.25
TRADER,-38.42
REFINERIA,-14.7
INDUSTRIA,-14.45
REFINERIA,-41.34
INDUSTRIA,-8.36
TRADER,-20.49
REFINERIA,-33.77
TRADER,-50.31
TRADER,-18.77
TRADER,-19.59
INDUSTRIA,-15.99
REFINERIA,-31.45
REFINERIA,-30.75
TRADER,-33.9
REFINERIA,-46.6
TRADER,-45.43
REFINERIA,-27.18
TRADER,-35.24
REFINERIA,-12.16
TRADER,-6.86
INDUSTRIA,-3.16
TRADER,-27.7
REFINERIA,-31.06
INDUSTRIA,-36.5
TRADER,-33.92
INDUSTRIA,-8.47
REFINERIA,-13.99
REFINERIA,4.96
TRADER,-57.05
TRADER,-25.79
TRADER,-35.83
INDUSTRIA,-13.37
TRADER,-0.97
REFINERIA,-49.22
TRADER,-14.95
REFINERIA,-50.39
TRADER,-44.68
REFINERIA,-42.15
REFINERIA,-9.76
REFINERIA,-40.35
INDUSTRIA,-45.05
TRADER,-27.09
INDUSTRIA,-24.36
INDUSTRIA,-34.74
REFINERIA,-38.76
TRADER,-41.18
TRADER,-23.77
TRADER,-41.06
TRADER,-47.23
INDUSTRIA,-25.32
REFINERIA,-7.96
REFINERIA,-35.11
INDUSTRIA,-5.81
REFINERIA,-40.36
TRADER,-36.98
TRADER,-28.91
REFINERIA,-41.98
TRADER,-49.67
TRADER,-40.06
INDUSTRIA,-22.5
REFINERIA,-37.45
TRADER,-17.3
INDUSTRIA,-17.15
INDUSTRIA,-47.33
INDUSTRIA,-23.99
REFINERIA,-29.96
REFINERIA,-53.18
TRADER,-32.64
INDUSTRIA,-31.38
TRADER,-8.13
REFINERIA,-9.67
TRADER,-20.55
REFINERIA,-15.15
REFINERIA,-61.4
REFINERIA,-43.23
TRADER,-27.83
TRADER,-27.82
TRADER,-23.35
TRADER,-31.85
INDUSTRIA,-24.23
INDUSTRIA,-37.26
REFINERIA,-29.7
REFINERIA,-34.24
REFINERIA,-25.44
REFINERIA,-34.56
REFINERIA,-30.89
REFINERIA,-8.16
REFINERIA,-41.47
TRADER,-55.24
INDUSTRIA,-53.37
INDUSTRIA,-37.38
REFINERIA,10.41
REFINERIA,-19.11
INDUSTRIA,-10.01
REFINERIA,-43.78
REFINERIA,-38.27
TRADER,-24.59
REFINERIA,-22.14
INDUSTRIA,-36.74
REFINERIA,-17.17
INDUSTRIA,-35.41
TRADER,-22.3
INDUSTRIA,-18.26
TRADER,-15.99
REFINERIA,-28.77
INDUSTRIA,-37.82
INDUSTRIA,-31.25
TRADER,5.76
REFINERIA,-36.19
REFINERIA,-51.46
INDUSTRIA,-45.92
INDUSTRIA,-2.2
INDUSTRIA,-2.58
TRADER,-33.48
REFINERIA,-42.38
REFINERIA,-8.05
TRADER,-23.52
TRADER,-32.35
INDUSTRIA,-49.54
TRADER,-39.89
REFINERIA,-15.31
REFINERIA,-23.05
REFINERIA,-38.94
INDUSTRIA,-63.8
REFINERIA,-64.16
REFINERIA,-16.98
REFINERIA,-47.32
TRADER,-2.19
TRADER,-29.72
INDUSTRIA,-27.36
REFINERIA,-29.89
TRADER,-40.4
INDUSTRIA,-33.64
INDUSTRIA,-42.83
TRADER,4.33
REFINERIA,-31.21
TRADER,-17.42
TRADER,-40.08
TRADER,-25.48
INDUSTRIA,-22.18
TRADER,-17.58
TRADER,-8.43
REFINERIA,-39.91
REFINERIA,-32.62
INDUSTRIA,-43.24
REFINERIA,-20.55
INDUSTRIA,-32.72
TRADER,-58.72
TRADER,-31.77
INDUSTRIA,-26.53
REFINERIA,-13.91
TRADER,-33.8
INDUSTRIA,-22.68
INDUSTRIA,-24.79
TRADER,-13.53
TRADER,-30.57
INDUSTRIA,-17.89
REFINERIA,-28.37
REFINERIA,-26.75
REFINERIA,-16.85
TRADER,-40.57
INDUSTRIA,-25.46
REFINERIA,-27.57
TRADER,-5.84
TRADER,-26.41
TRADER,-49.11
REFINERIA,-40.74
TRADER,-70.93
REFINERIA,-13.59
REFINERIA,-41.19
REFINERIA,-31.81
REFINERIA,-36.26
INDUSTRIA,-36.07
REFINERIA,-36.36
REFINERIA,-21.88
REFINERIA,-37.15
REFINERIA,-10.7
INDUSTRIA,-18.63
REFINERIA,-32.36
TRADER,-46.06
REFINERIA,-16.23
INDUSTRIA,-41.2
TRADER,-47.57
REFINERIA,-43.15
REFINERIA,-33.78
INDUSTRIA,-34.89
TRADER,-34.78
REFINERIA,-35.49
REFINERIA,-44.15
REFINERIA,-31.56
REFINERIA,2.87
REFINERIA,-20.33
INDUSTRIA,-5.32
REFINERIA,5.02
TRADER,-8.32
TRADER,-38.01
TRADER,-42.01
TRADER,-49.06
TRADER,-47.24
REFINERIA,19.44
INDUSTRIA,-1.75
REFINERIA,-25.08
INDUSTRIA,-39.31
TRADER,3.04
INDUSTRIA,-11.96
REFINERIA,-52.52
REFINERIA,-45.19
INDUSTRIA,-26.02
INDUSTRIA,-43.22
REFINERIA,-25.34
TRADER,-28.91
INDUSTRIA,-39.88
REFINERIA,-33.0
TRADER,-37.22
TRADER,-42.77
TRADER,-27.4
TRADER,-47.98
TRADER,-35.94
TRADER,-18.56
TRADER,-23.74
TRADER,-28.46
TRADER,-41.33
TRADER,-24.94
INDUSTRIA,-43.45
TRADER,-20.2
TRADER,-31.04
INDUSTRIA,-37.62
REFINERIA,-30.55
INDUSTRIA,-18.81
REFINERIA,-57.1
REFINERIA,-33.65
REFINERIA,-43.06
INDUSTRIA,-14.52
REFINERIA,-48.3
INDUSTRIA,-44.89
TRADER,-40.76
TRADER,-30.24
INDUSTRIA,-0.86
INDUSTRIA,-22.31
TRADER,-53.39
INDUSTRIA,-13.09
TRADER,-20.23
INDUSTRIA,-45.65
REFINERIA,-12.54
INDUSTRIA,-52.89
REFINERIA,-32.41
REFINERIA,-41.57
TRADER,-7.78
TRADER,-31.97
TRADER,-19.54
INDUSTRIA,-40.28
TRADER,-28.29
TRADER,-26.5
REFINERIA,-32.67
TRADER,-21.88
TRADER,-32.98
REFINERIA,-20.57
INDUSTRIA,-43.14
REFINERIA,-44.76
TRADER,6.65
TRADER,-26.45
INDUSTRIA,-29.38
INDUSTRIA,-34.07
REFINERIA,-24.85
REFINERIA,-48.97
REFINERIA,-27.07
TRADER,-44.75
REFINERIA,-32.28
INDUSTRIA,-16.02
INDUSTRIA,-36.17
INDUSTRIA,-27.19
INDUSTRIA,-47.63
INDUSTRIA,-19.24
REFINERIA,-25.11
REFINERIA,-15.92
TRADER,-28.65
INDUSTRIA,-51.78
INDUSTRIA,-8.51
TRADER,-53.91
INDUSTRIA,-23.95
INDUSTRIA,-7.36
TRADER,-29.92
REFINERIA,-23.84
TRADER,-37.67
REFINERIA,-27.71
INDUSTRIA,-50.72
REFINERIA,-23.2
INDUSTRIA,-38.19
REFINERIA,-17.77
INDUSTRIA,-41.76
TRADER,-55.48
TRADER,-33.95
REFINERIA,-27.4
INDUSTRIA,-13.9
REFINERIA,-25.93
INDUSTRIA,-25.65
INDUSTRIA,-48.41
INDUSTRIA,-31.39
INDUSTRIA,-21.36
REFINERIA,-20.37
INDUSTRIA,-67.17
INDUSTRIA,-31.04
TRADER,-16.42
TRADER,-39.75
TRADER,-52.94
INDUSTRIA,-56.43
TRADER,-52.01
REFINERIA,-19.82
INDUSTRIA,-29.14
TRADER,-22.63
REFINERIA,-26.78
INDUSTRIA,-25.51
REFINERIA,-36.87
TRADER,-30.89
INDUSTRIA,-26.26
TRADER,-35.99
TRADER,-35.9
INDUSTRIA,-26.22
REFINERIA,2.12
REFINERIA,-37.24
INDUSTRIA,-28.66
INDUSTRIA,-24.69
TRADER,-51.05
TRADER,-28.37
REFINERIA,-46.28
REFINERIA,-41.45
INDUSTRIA,-42.8
TRADER,-13.14
REFINERIA,-0.19
TRADER,-3.87
TRADER,-39.02
INDUSTRIA,-33.24
TRADER,-50.79
REFINERIA,-48.41
TRADER,3.8
REFINERIA,-19.81
REFINERIA,-41.85
REFINERIA,-45.15
TRADER,-39.56
REFINERIA,-61.09
TRADER,-25.72
REFINERIA,-28.68
REFINERIA,-20.59
TRADER,-4.43
INDUSTRIA,-31.15
REFINERIA,-29.24
REFINERIA,-20.3
REFINERIA,-41.89
REFINERIA,-4.65
REFINERIA,-36.15
INDUSTRIA,-21.16
INDUSTRIA,-19.24
INDUSTRIA,-52.96
TRADER,-40.03
TRADER,-43.95
INDUSTRIA,-50.45
INDUSTRIA,-32.16
TRADER,-41.44
REFINERIA,-19.42
REFINERIA,-18.92
INDUSTRIA,-33.94
REFINERIA,-12.59
INDUSTRIA,-63.63
TRADER,-25.69
REFINERIA,-29.28
TRADER,-35.62
TRADER,-7.64
REFINERIA,-35.53
INDUSTRIA,-37.42
REFINERIA,-4.67
TRADER,-37.76
REFINERIA,-16.57
REFINERIA,-23.71
INDUSTRIA,-11.78
TRADER,-10.95
INDUSTRIA,-6.04
REFINERIA,-6.07
REFINERIA,-34.47
REFINERIA,-24.64
TRADER,-38.59
REFINERIA,-45.22
REFINERIA,-42.27
TRADER,-0.64
TRADER,-14.0
REFINERIA,-23.2
INDUSTRIA,-25.79
TRADER,-40.71
TRADER,-26.4
INDUSTRIA,-43.51
REFINERIA,-33.65
INDUSTRIA,-39.44
INDUSTRIA,-44.17
REFINERIA,-26.73
INDUSTRIA,-32.04
TRADER,-17.53
TRADER,-40.93
INDUSTRIA,-28.91
TRADER,-37.91
INDUSTRIA,-39.91
INDUSTRIA,-20.95
INDUSTRIA,-31.76
INDUSTRIA,-43.8
TRADER,-43.76
REFINERIA,-40.21
TRADER,-56.35
REFINERIA,-57.98
INDUSTRIA,-40.75
REFINERIA,-30.58
TRADER,-23.84
TRADER,-24.52
TRADER,-31.59
INDUSTRIA,-29.31
INDUSTRIA,-16.74
REFINERIA,-35.63
TRADER,-44.66
REFINERIA,-34.47
INDUSTRIA,-9.63
TRADER,-13.62
TRADER,-30.89
INDUSTRIA,-12.97
INDUSTRIA,-31.07
TRADER,-51.4
TRADER,-15.17
REFINERIA,-37.53
REFINERIA,-36.93
REFINERIA,-27.11
TRADER,-32.02
REFINERIA,-38.72
TRADER,-23.48
REFINERIA,-51.3
TRADER,-51.76
TRADER,-22.37
REFINERIA,-5.2
TRADER,-21.83
REFINERIA,-22.61
TRADER,-49.53
TRADER,-23.75
REFINERIA,2.55
REFINERIA,-18.94
REFINERIA,-39.39
TRADER,-39.94
INDUSTRIA,-33.17
TRADER,-19.54
TRADER,-4.35
TRADER,-22.85
INDUSTRIA,-27.09
INDUSTRIA,-33.02
INDUSTRIA,-23.18
TRADER,-48.39
TRADER,-24.0
INDUSTRIA,-29.94
REFINERIA,-37.43
REFINERIA,-11.65
TRADER,-48.91
TRADER,-20.17
TRADER,-46.18
TRADER,-29.21
REFINERIA,-35.54
REFINERIA,-31.19
INDUSTRIA,-29.29
REFINERIA,-32.41
REFINERIA,-49.19
TRADER,-24.42
TRADER,-42.39
TRADER,-16.77
INDUSTRIA,-23.4
REFINERIA,-43.55
TRADER,-28.9
INDUSTRIA,-15.55
TRADER,-20.78
REFINERIA,-21.6
INDUSTRIA,-32.0
TRADER,-29.29
REFINERIA,-44.9
INDUSTRIA,-24.05
TRADER,-41.9
INDUSTRIA,-31.19
REFINERIA,-26.11
TRADER,-17.77
REFINERIA,-36.35
TRADER,-23.21
TRADER,7.8
INDUSTRIA,-9.61
TRADER,-7.86
INDUSTRIA,-13.29
INDUSTRIA,-17.95
TRADER,-34.88
REFINERIA,-44.45
REFINERIA,-41.17
INDUSTRIA,-54.91
INDUSTRIA,-45.38
INDUSTRIA,-44.69
INDUSTRIA,-28.66
TRADER,-40.1
INDUSTRIA,-47.41
INDUSTRIA,-64.04
TRADER,-26.7
TRADER,-14.44
TRADER,-31.83
REFINERIA,-38.77
INDUSTRIA,-33.05
TRADER,13.58
REFINERIA,-13.83
INDUSTRIA,-54.64
INDUSTRIA,-31.41
INDUSTRIA,-44.73
TRADER,-67.05
REFINERIA,-41.82
INDUSTRIA,-3.53
INDUSTRIA,-44.33
REFINERIA,-59.55
INDUSTRIA,-55.85
TRADER,-30.91
REFINERIA,4.53
INDUSTRIA,-26.82
INDUSTRIA,-35.24
INDUSTRIA,-21.0
INDUSTRIA,-5.87
TRADER,-38.25
INDUSTRIA,-6.05
INDUSTRIA,-27.66
REFINERIA,-54.47
INDUSTRIA,-58.61
TRADER,-12.92
INDUSTRIA,-43.16
TRADER,-38.39
TRADER,-38.94
TRADER,-21.43
REFINERIA,-48.32
INDUSTRIA,-42.35
INDUSTRIA,-58.53
INDUSTRIA,-34.76
REFINERIA,-41.26
INDUSTRIA,-49.06
REFINERIA,-12.26
REFINERIA,-8.72
TRADER,-21.04
REFINERIA,-46.52
REFINERIA,-40.34
INDUSTRIA,-21.55
REFINERIA,-38.55
INDUSTRIA,-29.51
REFINERIA,-12.94
INDUSTRIA,-32.95
INDUSTRIA,-14.88
REFINERIA,-50.09
REFINERIA,-19.06
REFINERIA,-50.02
REFINERIA,-20.4
TRADER,-40.3
INDUSTRIA,-22.61
REFINERIA,3.07
TRADER,-32.48
REFINERIA,-53.49
TRADER,-12.76
TRADER,-46.93
TRADER,-31.63
TRADER,-25.65
REFINERIA,-18.21
INDUSTRIA,-10.21
REFINERIA,-33.29
INDUSTRIA,-10.08
INDUSTRIA,-28.96
TRADER,-32.4
REFINERIA,-21.42
REFINERIA,-14.27
REFINERIA,0.84
TRADER,-43.35
INDUSTRIA,-23.2
REFINERIA,7.19
INDUSTRIA,6.53
TRADER,-56.36
REFINERIA,-4.56
REFINERIA,-45.19
INDUSTRIA,-17.9
REFINERIA,-10.56
REFINERIA,-3.81
INDUSTRIA,-50.35
TRADER,-35.79
REFINERIA,-10.86
INDUSTRIA,-62.33
TRADER,-49.79
INDUSTRIA,-30.64
TRADER,-32.86
REFINERIA,-56.43
INDUSTRIA,-8.66
REFINERIA,-0.16
INDUSTRIA,-40.57
TRADER,-40.44
TRADER,-32.28
REFINERIA,-8.25
INDUSTRIA,-22.63
REFINERIA,-42.61
TRADER,-27.3
INDUSTRIA,-38.77
TRADER,-39.07
TRADER,-33.4
TRADER,-22.54
INDUSTRIA,-33.42
INDUSTRIA,-5.86
TRADER,-41.38
INDUSTRIA,-36.98
REFINERIA,-22.98
INDUSTRIA,-55.83
TRADER,-10.09
REFINERIA,-58.94
REFINERIA,-42.64
REFINERIA,-12.84
INDUSTRIA,-49.27
INDUSTRIA,-10.38
INDUSTRIA,-3.41
INDUSTRIA,-17.06
TRADER,-74.32
REFINERIA,-47.11
REFINERIA,-48.25
INDUSTRIA,-17.71
TRADER,-30.05
INDUSTRIA,-31.29
REFINERIA,-22.05
REFINERIA,-38.25
REFINERIA,-15.31
REFINERIA,-25.94
INDUSTRIA,-9.67
INDUSTRIA,-33.48
TRADER,-19.09
TRADER,-24.18
TRADER,-29.31
TRADER,-18.51
INDUSTRIA,-25.48
INDUSTRIA,-30.61
INDUSTRIA,0.04
REFINERIA,-42.04
INDUSTRIA,-37.02
REFINERIA,-23.76
REFINERIA,-59.15
INDUSTRIA,-27.48
REFINERIA,-43.9
REFINERIA,-30.2
INDUSTRIA,-20.51
INDUSTRIA,-48.08
TRADER,-19.24
REFINERIA,-20.42
REFINERIA,-31.32
TRADER,-42.96
INDUSTRIA,-22.79
TRADER,-65.53
TRADER,-28.67
REFINERIA,-27.3
INDUSTRIA,-17.16
INDUSTRIA,-37.03
REFINERIA,-19.68
INDUSTRIA,-33.19
REFINERIA,-26.05
INDUSTRIA,-22.39
TRADER,-12.59
TRADER,-46.28
REFINERIA,-41.23
TRADER,-40.78
REFINERIA,-27.05
TRADER,-45.55
INDUSTRIA,-0.04
TRADER,-22.27
REFINERIA,-39.83
INDUSTRIA,-32.43
REFINERIA,-20.1
TRADER,-63.41
TRADER,-6.63
REFINERIA,-16.59
REFINERIA,-25.52
REFINERIA,-33.22
REFINERIA,-19.94
INDUSTRIA,-27.14
INDUSTRIA,-2.08
INDUSTRIA,-41.99
REFINERIA,-55.54
TRADER,-32.57
REFINERIA,-27.33
REFINERIA,-24.21
REFINERIA,-32.11
REFINERIA,-27.33
TRADER,-30.07
TRADER,-21.18
TRADER,-27.9
INDUSTRIA,-18.39
INDUSTRIA,-50.84
INDUSTRIA,-41.77
TRADER,-28.68
REFINERIA,-37.88
INDUSTRIA,-18.18
TRADER,-28.61
INDUSTRIA,-49.58
REFINERIA,-33.98
TRADER,-16.51
INDUSTRIA,-26.63
TRADER,-26.14
INDUSTRIA,-50.03
INDUSTRIA,-34.42
REFINERIA,-51.33
INDUSTRIA,-21.55
TRADER,-36.63
TRADER,-35.58
REFINERIA,-30.95
INDUSTRIA,-18.89
INDUSTRIA,-52.85
TRADER,-40.28
INDUSTRIA,-42.53
REFINERIA,-53.38
INDUSTRIA,-20.92
TRADER,-12.8
REFINERIA,-23.71
INDUSTRIA,-12.12
INDUSTRIA,-7.2
INDUSTRIA,-33.17
TRADER,-31.06
TRADER,-29.83
INDUSTRIA,-47.86
INDUSTRIA,-12.87
REFINERIA,-41.93
TRADER,-44.18
INDUSTRIA,-24.76
INDUSTRIA,-27.98
TRADER,-12.47
INDUSTRIA,-25.31
REFINERIA,-20.19
INDUSTRIA,-1.4
REFINERIA,-63.13
REFINERIA,-33.25
INDUSTRIA,-50.55
TRADER,-9.26
INDUSTRIA,-38.98
REFINERIA,-27.2
INDUSTRIA,-39.65
INDUSTRIA,-28.72
TRADER,-43.21
REFINERIA,-9.45
TRADER,-42.87
INDUSTRIA,-54.57
TRADER,-43.57
TRADER,-38.72
TRADER,-16.05
TRADER,-26.95
INDUSTRIA,-49.76
INDUSTRIA,-38.96
INDUSTRIA,-63.15
INDUSTRIA,-6.93
REFINERIA,-19.09
INDUSTRIA,-2.95
TRADER,-28.19
REFINERIA,-35.32
TRADER,-28.21
TRADER,-37.72
REFINERIA,-12.68
INDUSTRIA,-7.23
REFINERIA,-36.26
REFINERIA,-27.4
TRADER,-53.2
REFINERIA,-28.26
REFINERIA,-20.55
REFINERIA,-37.63
INDUSTRIA,-28.28
TRADER,-39.27
INDUSTRIA,-4.05
REFINERIA,-37.97
TRADER,-27.48
INDUSTRIA,-41.82
INDUSTRIA,-21.73
TRADER,-34.74
TRADER,0.02
INDUSTRIA,-7.73
TRADER,-52.22
INDUSTRIA,-39.25
INDUSTRIA,-49.21
INDUSTRIA,-2.33
INDUSTRIA,-22.87
TRADER,-26.49
INDUSTRIA,-46.38
REFINERIA,-45.12
INDUSTRIA,-38.3
REFINERIA,-29.07
TRADER,-45.12
INDUSTRIA,-27.27
TRADER,-21.66
TRADER,-15.36
INDUSTRIA,-16.19
INDUSTRIA,-8.5
REFINERIA,-9.44
TRADER,-14.89
REFINERIA,-30.0
TRADER,-29.08
TRADER,-32.43
TRADER,-42.86
REFINERIA,-38.56
TRADER,-18.54
TRADER,-28.05
REFINERIA,-36.25
INDUSTRIA,-24.04
REFINERIA,-20.65
REFINERIA,-53.49
TRADER,-56.35
INDUSTRIA,-37.02
TRADER,-48.79
REFINERIA,-14.97
REFINERIA,-25.36
INDUSTRIA,-9.46
REFINERIA,-41.87
INDUSTRIA,-29.91
INDUSTRIA,-75.46
INDUSTRIA,-27.97
TRADER,-34.37
TRADER,-15.77
TRADER,-16.84
INDUSTRIA,-18.42
REFINERIA,-15.46
REFINERIA,-31.18
TRADER,-35.57
REFINERIA,-19.24
REFINERIA,-34.81
REFINERIA,-33.25
TRADER,-49.68
INDUSTRIA,-32.39
REFINERIA,-18.37
INDUSTRIA,-46.54
TRADER,-22.86
REFINERIA,-40.7
REFINERIA,-39.49
REFINERIA,-26.56
REFINERIA,-34.39
REFINERIA,-36.93
REFINERIA,-13.39
TRADER,-58.23
INDUSTRIA,-33.89
TRADER,2.04
INDUSTRIA,-31.15
REFINERIA,-31.24
INDUSTRIA,-30.84
TRADER,-32.73
REFINERIA,-26.64
TRADER,-15.9
TRADER,-10.66
REFINERIA,-42.88
INDUSTRIA,-49.39
INDUSTRIA,-36.58
TRADER,-47.28
INDUSTRIA,-0.23
TRADER,-23.68
TRADER,-29.23
REFINERIA,-19.8
INDUSTRIA,-12.73
INDUSTRIA,-4.75
REFINERIA,-44.55
TRADER,-38.16
REFINERIA,-42.32
TRADER,-9.69
REFINERIA,-14.48
REFINERIA,-44.2
TRADER,-32.25
INDUSTRIA,-22.05
INDUSTRIA,-15.18
TRADER,-32.06
INDUSTRIA,-21.97
INDUSTRIA,-32.39
TRADER,-52.67
INDUSTRIA,-39.81
TRADER,-40.4
REFINERIA,-19.49
TRADER,-22.44
INDUSTRIA,-36.19
INDUSTRIA,-39.14
REFINERIA,1.64
INDUSTRIA,-46.11
TRADER,-45.06
INDUSTRIA,-20.78
TRADER,-21.33
INDUSTRIA,-39.24
REFINERIA,-9.21
TRADER,-2.63
REFINERIA,-31.34
TRADER,-29.98
TRADER,-47.22
TRADER,-18.69
REFINERIA,-41.18
REFINERIA,-42.0
INDUSTRIA,-28.31
INDUSTRIA,-45.99
REFINERIA,-52.34
INDUSTRIA,-49.57
TRADER,-32.92
REFINERIA,-47.66
INDUSTRIA,-41.43
INDUSTRIA,-11.54
REFINERIA,-40.31
INDUSTRIA,-32.72
TRADER,-52.11
REFINERIA,-31.77
TRADER,-25.53
INDUSTRIA,-35.54
TRADER,-37.09
TRADER,-31.03
TRADER,-26.8
REFINERIA,-30.58
REFINERIA,-8.1
REFINERIA,-25.69
INDUSTRIA,-41.08
INDUSTRIA,-9.68
REFINERIA,-37.25
INDUSTRIA,-8.06
TRADER,-25.52
REFINERIA,-32.98
INDUSTRIA,-32.67
TRADER,-44.96
INDUSTRIA,-49.22
TRADER,-32.84
TRADER,-21.56
REFINERIA,-32.56
TRADER,-37.44
INDUSTRIA,-27.38
REFINERIA,-27.87
TRADER,-48.84
INDUSTRIA,-41.13
TRADER,-39.32
INDUSTRIA,-39.57
TRADER,-37.12
TRADER,-3.21
TRADER,-33.23
INDUSTRIA,-39.46
REFINERIA,-7.39
TRADER,-18.58
INDUSTRIA,-7.51
TRADER,-32.43
TRADER,-36.23
REFINERIA,-54.33
TRADER,-39.74
REFINERIA,-14.33
REFINERIA,-24.96
TRADER,-36.51
REFINERIA,-21.37
REFINERIA,-19.54
INDUSTRIA,-14.69
INDUSTRIA,-12.46
TRADER,-37.26
TRADER,-21.16
REFINERIA,-40.66
REFINERIA,-35.68
TRADER,-19.89
REFINERIA,-24.47
REFINERIA,-42.58
TRADER,-24.36
INDUSTRIA,-39.62
REFINERIA,-25.81
TRADER,-24.45
TRADER,-34.72
TRADER,0.31
INDUSTRIA,-18.68
REFINERIA,-34.59
TRADER,-30.08
REFINERIA,-42.01
INDUSTRIA,-26.11
INDUSTRIA,-22.59
REFINERIA,-25.1
REFINERIA,-23.59
TRADER,-51.78
INDUSTRIA,-28.83
REFINERIA,-22.26
REFINERIA,-14.9
TRADER,-42.61
INDUSTRIA,-44.83
TRADER,-48.75
TRADER,-31.84
REFINERIA,-37.33
INDUSTRIA,-25.78
REFINERIA,-23.1
TRADER,-33.73
REFINERIA,-6.06
INDUSTRIA,-30.96
TRADER,-2.61
TRADER,-41.33
TRADER,-8.98
REFINERIA,-22.91
REFINERIA,-68.98
REFINERIA,-10.44
TRADER,-50.53
INDUSTRIA,-20.61
INDUSTRIA,-32.78
REFINERIA,-25.7
TRADER,-71.98
TRADER,-17.02
TRADER,-50.18
REFINERIA,-48.28
INDUSTRIA,-21.29
REFINERIA,-21.06
TRADER,-22.77
INDUSTRIA,-42.15
INDUSTRIA,-43.22
TRADER,-30.54
TRADER,-36.88
TRADER,-43.15
TRADER,-17.68
TRADER,-55.9
INDUSTRIA,-26.96
REFINERIA,-19.06
INDUSTRIA,-29.46
TRADER,-25.08
TRADER,-44.67
REFINERIA,-46.43
REFINERIA,-19.93
TRADER,-46.96
INDUSTRIA,-38.64
TRADER,-50.29
REFINERIA,-38.46
INDUSTRIA,-35.26
TRADER,-25.51
REFINERIA,3.37
INDUSTRIA,-4.0
INDUSTRIA,-23.85
INDUSTRIA,-46.95
REFINERIA,-47.36
INDUSTRIA,-6.65
INDUSTRIA,-23.5
INDUSTRIA,-33.34
INDUSTRIA,-16.07
REFINERIA,-13.86
TRADER,6.84
TRADER,-30.24
INDUSTRIA,-37.96
INDUSTRIA,-37.68
TRADER,-19.28
TRADER,-45.46
REFINERIA,-21.03
INDUSTRIA,-34.43
TRADER,-30.13
INDUSTRIA,-33.94
TRADER,-35.06
REFINERIA,-40.49
INDUSTRIA,-32.73
TRADER,-5.06
TRADER,-23.22
REFINERIA,-25.09
INDUSTRIA,-19.96
INDUSTRIA,16.59
REFINERIA,-50.54
INDUSTRIA,-17.71
INDUSTRIA,-46.36
TRADER,-34.94
REFINERIA,-15.59
TRADER,-40.12
TRADER,-33.4
REFINERIA,-16.55
TRADER,-17.84
TRADER,-39.17
TRADER,-24.58
REFINERIA,-11.84
REFINERIA,-38.52
REFINERIA,-41.13
REFINERIA,-47.31
INDUSTRIA,-19.55
INDUSTRIA,-29.19
TRADER,-14.96
INDUSTRIA,-42.95
REFINERIA,-43.18
REFINERIA,-29.46
INDUSTRIA,-23.88
INDUSTRIA,-59.0
INDUSTRIA,-61.53
TRADER,-33.97
INDUSTRIA,-35.63
REFINERIA,-22.19
TRADER,-8.66
INDUSTRIA,-21.8
INDUSTRIA,-49.66
INDUSTRIA,-31.69
REFINERIA,-40.74
TRADER,-23.5
REFINERIA,-15.27
REFINERIA,-25.08
REFINERIA,-37.04
INDUSTRIA,-39.51
REFINERIA,-35.63
INDUSTRIA,-5.55
REFINERIA,-30.82
REFINERIA,-16.67
INDUSTRIA,-34.28
INDUSTRIA,-21.73
REFINERIA,-41.32
TRADER,-36.76
REFINERIA,-33.87
TRADER,-30.53
INDUSTRIA,-30.62
INDUSTRIA,-31.62
TRADER,-18.78
REFINERIA,-23.59
REFINERIA,-50.93
REFINERIA,-26.11
INDUSTRIA,-63.3
REFINERIA,-46.12
REFINERIA,-39.76
TRADER,-24.21
INDUSTRIA,-65.18
REFINERIA,-40.31
INDUSTRIA,-46.61
REFINERIA,-49.42
TRADER,-26.0
INDUSTRIA,-20.09
REFINERIA,-8.6
TRADER,-41.24
TRADER,-7.4
TRADER,-49.94
REFINERIA,-17.81
INDUSTRIA,-31.35
REFINERIA,-31.04
TRADER,-33.87
TRADER,-38.15
INDUSTRIA,-49.28
TRADER,-36.27
INDUSTRIA,-36.62
TRADER,-18.46
INDUSTRIA,-21.66
TRADER,-42.49
REFINERIA,-33.88
REFINERIA,-47.6
INDUSTRIA,-44.15
INDUSTRIA,-24.07
REFINERIA,-20.16
TRADER,-17.7
REFINERIA,-5.95
TRADER,-10.1
REFINERIA,-19.8
REFINERIA,-11.78
REFINERIA,-43.19
REFINERIA,-44.63
TRADER,-39.01
TRADER,-4.63
TRADER,-40.71
REFINERIA,-3.12
INDUSTRIA,-33.69
TRADER,-38.09
INDUSTRIA,-27.96
INDUSTRIA,-18.53
INDUSTRIA,-27.64
INDUSTRIA,-7.1
INDUSTRIA,-20.44
INDUSTRIA,-23.93
TRADER,-54.51
INDUSTRIA,-31.27
TRADER,-14.26
REFINERIA,-3.75
INDUSTRIA,-40.13
INDUSTRIA,-29.98
INDUSTRIA,-26.76
TRADER,-15.1
TRADER,-39.09
TRADER,-19.17
TRADER,-17.41
INDUSTRIA,5.51
INDUSTRIA,-51.11
INDUSTRIA,-51.48
REFINERIA,-22.63
INDUSTRIA,-43.97
REFINERIA,-25.97
REFINERIA,-20.6
TRADER,6.49
TRADER,-30.07
INDUSTRIA,-44.07
TRADER,-18.93
REFINERIA,-1.06
TRADER,-43.61
TRADER,-34.41
TRADER,-18.34
REFINERIA,-20.12
TRADER,-36.17
TRADER,-50.38
INDUSTRIA,-27.71
TRADER,-24.63
INDUSTRIA,-36.92
REFINERIA,-46.42
INDUSTRIA,-28.45
REFINERIA,-24.43
INDUSTRIA,-53.88
REFINERIA,-33.11
REFINERIA,-11.32
INDUSTRIA,-25.94
REFINERIA,-24.03
TRADER,-19.11
REFINERIA,-51.78
REFINERIA,-33.79
REFINERIA,-0.14
INDUSTRIA,-26.82
INDUSTRIA,-15.87
TRADER,-34.08
INDUSTRIA,-51.9
INDUSTRIA,-31.8
TRADER,-36.64
TRADER,-14.71
INDUSTRIA,-29.87
INDUSTRIA,-31.01
REFINERIA,-55.34
TRADER,-48.81
REFINERIA,-8.54
REFINERIA,-17.95
REFINERIA,-49.83
REFINERIA,-28.97
TRADER,-12.72
TRADER,-43.35
REFINERIA,-28.04
REFINERIA,-45.99
TRADER,-24.19
INDUSTRIA,-31.73
TRADER,-45.56
REFINERIA,2.73
TRADER,-51.04
TRADER,-23.49
TRADER,-45.63
REFINERIA,-15.73
INDUSTRIA,-44.62
TRADER,-56.54
REFINERIA,-47.05
TRADER,-33.82
TRADER,-23.88
REFINERIA,-22.49
INDUSTRIA,-24.46
TRADER,-32.04
TRADER,-22.42
TRADER,-34.86
TRADER,-8.34
TRADER,-27.94
TRADER,-42.94
INDUSTRIA,-37.75
INDUSTRIA,-44.88
TRADER,-21.65
REFINERIA,-45.82
REFINERIA,-17.45
TRADER,-35.57
TRADER,-10.4
TRADER,-46.78
REFINERIA,-32.93
INDUSTRIA,-26.86
TRADER,-42.27
TRADER,-35.69
TRADER,-32.22
TRADER,-44.44
REFINERIA,-47.79
TRADER,-38.24
INDUSTRIA,-48.86
INDUSTRIA,-30.68
TRADER,-29.24
INDUSTRIA,-52.48
TRADER,-64.98
INDUSTRIA,-31.43
REFINERIA,-39.28
REFINERIA,-15.33
INDUSTRIA,-16.41
INDUSTRIA,-28.79
TRADER,-24.84
TRADER,-45.06
INDUSTRIA,-38.74
REFINERIA,-19.77
INDUSTRIA,-34.08
INDUSTRIA,-34.94
TRADER,-20.66
REFINERIA,-9.07
REFINERIA,-37.57
TRADER,-20.47
REFINERIA,-39.3
TRADER,-9.98
INDUSTRIA,-17.48
INDUSTRIA,-25.25
REFINERIA,-2.81
INDUSTRIA,-18.54
INDUSTRIA,3.69
INDUSTRIA,-27.2
TRADER,-40.09
TRADER,-28.67
INDUSTRIA,-11.67
TRADER,-41.73
INDUSTRIA,-46.41
TRADER,-48.86
REFINERIA,-18.31
INDUSTRIA,-54.64
TRADER,-38.17
REFINERIA,-39.36
TRADER,-24.1
INDUSTRIA,-4.02
INDUSTRIA,-23.74
TRADER,-29.75
INDUSTRIA,-3.12
INDUSTRIA,-5.6
TRADER,-40.58
REFINERIA,-15.39
INDUSTRIA,-39.82
TRADER,-49.12
TRADER,-9.96
INDUSTRIA,-23.66
REFINERIA,-30.75
REFINERIA,-29.03
REFINERIA,-31.29
TRADER,-33.07
REFINERIA,-40.56
TRADER,-18.23
INDUSTRIA,-6.78
TRADER,-57.4
INDUSTRIA,-6.98
TRADER,-38.58
REFINERIA,-40.03
REFINERIA,-15.68
INDUSTRIA,-30.65
INDUSTRIA,-22.66
TRADER,-26.82
INDUSTRIA,-43.67
TRADER,-53.24
TRADER,-33.47
TRADER,-39.95
TRADER,-17.51
REFINERIA,-25.47
REFINERIA,-21.81
INDUSTRIA,-31.9
REFINERIA,-11.03
INDUSTRIA,-29.08
TRADER,-30.12
INDUSTRIA,-30.83
INDUSTRIA,0.57
INDUSTRIA,-36.33
INDUSTRIA,-54.11
INDUSTRIA,-45.19
TRADER,-14.6
TRADER,-58.39
REFINERIA,-6.62
REFINERIA,-16.25
REFINERIA,-20.82
INDUSTRIA,-6.26
TRADER,-40.71
INDUSTRIA,-27.54
TRADER,-51.72
REFINERIA,-11.7
TRADER,-2.52
INDUSTRIA,-23.78
INDUSTRIA,-41.59
REFINERIA,-35.13
REFINERIA,-47.47
REFINERIA,-31.75
REFINERIA,-64.05
TRADER,-35.72
REFINERIA,-28.82
TRADER,-29.75
REFINERIA,-52.61
INDUSTRIA,-31.03
REFINERIA,-10.73
INDUSTRIA,-47.04
TRADER,-13.25
INDUSTRIA,-15.31
INDUSTRIA,-37.14
REFINERIA,1.32
TRADER,-27.74
INDUSTRIA,-10.42
TRADER,-7.95
REFINERIA,-24.71
TRADER,-23.21
TRADER,-19.51
INDUSTRIA,4.48
INDUSTRIA,-58.5
TRADER,-7.13
TRADER,-18.93
REFINERIA,-51.51
REFINERIA,-34.4
TRADER,-33.65
TRADER,-38.28
INDUSTRIA,-21.55
TRADER,-23.9
INDUSTRIA,-42.32
REFINERIA,-10.51
INDUSTRIA,-16.56
INDUSTRIA,-34.64
INDUSTRIA,-62.77
REFINERIA,-35.27
INDUSTRIA,-35.37
TRADER,9.1
TRADER,-38.16
TRADER,-29.52
TRADER,-43.76
TRADER,-25.77
INDUSTRIA,-42.24
TRADER,-40.09
INDUSTRIA,-3.43
INDUSTRIA,-33.59
REFINERIA,-27.95
TRADER,-19.67
REFINERIA,-16.11
TRADER,-65.93
REFINERIA,-32.37
TRADER,-40.09
INDUSTRIA,-39.19
TRADER,-32.34
REFINERIA,-44.57
REFINERIA,-28.42
REFINERIA,-13.47
TRADER,-43.46
TRADER,-12.23
TRADER,-35.84
INDUSTRIA,-26.29
TRADER,-9.76
REFINERIA,-42.88
TRADER,-32.88
TRADER,-36.86
REFINERIA,-54.71
REFINERIA,-42.77
TRADER,-63.43
REFINERIA,-33.01
INDUSTRIA,-34.18
REFINERIA,-28.08
INDUSTRIA,-41.39
TRADER,-47.25
INDUSTRIA,-1.61
TRADER,-73.77
TRADER,-34.84
REFINERIA,-23.66
TRADER,-43.43
REFINERIA,-24.33
INDUSTRIA,-40.56
TRADER,-31.02
INDUSTRIA,-56.92
TRADER,-30.58
REFINERIA,-58.22
INDUSTRIA,-31.48
TRADER,-53.23
INDUSTRIA,-12.3
TRADER,-28.16
REFINERIA,-69.02
INDUSTRIA,-58.75
TRADER,-27.86
INDUSTRIA,-18.72
TRADER,-26.48
INDUSTRIA,-10.23
TRADER,-29.44
TRADER,-11.0
REFINERIA,-59.26
REFINERIA,-35.11
REFINERIA,-21.57
REFINERIA,-50.73
INDUSTRIA,-48.07
TRADER,-43.47
REFINERIA,-25.15
REFINERIA,-46.55
INDUSTRIA,-27.36
REFINERIA,-20.62
TRADER,-29.1
TRADER,-47.54
INDUSTRIA,-46.09
INDUSTRIA,-49.12
TRADER,-31.48
TRADER,-44.35
REFINERIA,-32.25
TRADER,-32.49
REFINERIA,-34.04
INDUSTRIA,-53.99
REFINERIA,-31.89
INDUSTRIA,-47.53
REFINERIA,-21.33
INDUSTRIA,-46.53
INDUSTRIA,-61.69
TRADER,-48.29
TRADER,-34.78
TRADER,-50.66
REFINERIA,-26.76
TRADER,-32.3
REFINERIA,-45.45
REFINERIA,-31.41
REFINERIA,-23.25
REFINERIA,-20.3
INDUSTRIA,-26.75
REFINERIA,-3.77
INDUSTRIA,-23.09
INDUSTRIA,-27.09
REFINERIA,-42.13
INDUSTRIA,-3.06
TRADER,-20.13
REFINERIA,-25.36
TRADER,-29.57
TRADER,-59.74
REFINERIA,-34.56
REFINERIA,-20.41
INDUSTRIA,-29.75
INDUSTRIA,-30.28
REFINERIA,-35.36
TRADER,-23.93
INDUSTRIA,-40.71
INDUSTRIA,-20.54
REFINERIA,-9.89
INDUSTRIA,-40.56
INDUSTRIA,-19.82
REFINERIA,-36.63
TRADER,-33.0
TRADER,-27.5
TRADER,-17.34
REFINERIA,-18.67
TRADER,-41.86
REFINERIA,-11.07
TRADER,-54.37
INDUSTRIA,-26.7
INDUSTRIA,-60.23
INDUSTRIA,-18.41
REFINERIA,6.21
TRADER,-50.52
TRADER,-18.44
INDUSTRIA,-14.66
TRADER,-3.12
INDUSTRIA,-49.2
INDUSTRIA,-40.95
REFINERIA,-51.46
INDUSTRIA,-27.41
REFINERIA,-46.57
REFINERIA,-23.53
INDUSTRIA,-9.93
INDUSTRIA,-22.79
TRADER,-2.62
REFINERIA,-41.12
TRADER,-11.0
INDUSTRIA,-26.0
REFINERIA,-63.04
INDUSTRIA,-18.97
TRADER,-47.75
TRADER,-29.36
INDUSTRIA,-41.47
REFINERIA,-41.18
INDUSTRIA,-37.32
TRADER,-35.22
REFINERIA,-25.63
TRADER,-24.58
INDUSTRIA,-31.92
INDUSTRIA,-34.47
REFINERIA,-30.04
REFINERIA,-63.15
INDUSTRIA,-33.6
INDUSTRIA,-39.04
INDUSTRIA,-31.65
REFINERIA,-31.03
REFINERIA,-8.35
INDUSTRIA,-41.11
TRADER,-41.29
INDUSTRIA,-19.47
INDUSTRIA,-44.71
INDUSTRIA,-23.43
REFINERIA,-20.53
TRADER,-45.33
REFINERIA,-18.84
REFINERIA,-44.46
REFINERIA,-9.21
INDUSTRIA,-32.6
TRADER,-30.16
REFINERIA,-47.58
REFINERIA,-41.69
INDUSTRIA,-51.04
INDUSTRIA,-30.45
TRADER,-28.68
REFINERIA,-36.18
INDUSTRIA,-24.09
REFINERIA,-37.45
TRADER,-19.43
INDUSTRIA,-39.09
TRADER,-11.52
INDUSTRIA,-10.94
INDUSTRIA,-19.3
REFINERIA,-43.25
TRADER,-35.92
INDUSTRIA,-29.47
TRADER,-36.44
INDUSTRIA,-28.83
REFINERIA,-33.89
REFINERIA,-48.57
INDUSTRIA,-22.03
REFINERIA,-61.63
TRADER,-34.02
TRADER,-34.78
INDUSTRIA,-21.54
INDUSTRIA,-32.18
INDUSTRIA,-40.92
REFINERIA,2.73
REFINERIA,12.09
TRADER,-33.21
TRADER,-23.07
TRADER,-30.65
INDUSTRIA,-32.82
REFINERIA,-7.41
TRADER,-32.43
INDUSTRIA,-25.78
INDUSTRIA,-55.64
INDUSTRIA,-16.19
REFINERIA,-12.96
TRADER,-47.91
TRADER,-33.34
REFINERIA,-27.56
TRADER,-24.19
TRADER,-43.01
REFINERIA,-11.28
INDUSTRIA,-34.9
TRADER,-41.73
REFINERIA,-26.42
REFINERIA,-29.11
TRADER,-63.0
REFINERIA,4.73
TRADER,-61.31
REFINERIA,-36.02
TRADER,-34.72
INDUSTRIA,-5.47
TRADER,-16.13
REFINERIA,-30.27
TRADER,-4.61
INDUSTRIA,-30.31
TRADER,-36.65
INDUSTRIA,-41.62
REFINERIA,-18.29
REFINERIA,-18.52
REFINERIA,-38.9
INDUSTRIA,-22.89
TRADER,-23.26
REFINERIA,-52.72
REFINERIA,-33.09
REFINERIA,-16.77
INDUSTRIA,-37.56
REFINERIA,-24.03
TRADER,-52.3
REFINERIA,-30.24
REFINERIA,-24.85
REFINERIA,-46.5
REFINERIA,-43.31
REFINERIA,-27.98
REFINERIA,-16.87
REFINERIA,-38.67
TRADER,-39.91
REFINERIA,-23.4
INDUSTRIA,7.71
INDUSTRIA,-42.94
INDUSTRIA,-41.06
INDUSTRIA,-47.16
TRADER,-14.02
INDUSTRIA,-41.59
INDUSTRIA,-33.48
INDUSTRIA,-52.2
REFINERIA,-40.87
REFINERIA,-34.76
INDUSTRIA,-12.38
TRADER,-40.55
REFINERIA,-53.24
TRADER,-19.13
INDUSTRIA,-9.77
REFINERIA,-21.22
REFINERIA,6.59
REFINERIA,-28.26
TRADER,-26.55
INDUSTRIA,-51.99
TRADER,-41.15
INDUSTRIA,-29.29
TRADER,-10.16
INDUSTRIA,-32.13
INDUSTRIA,-45.61
REFINERIA,-31.9
TRADER,-49.89
TRADER,-41.69
TRADER,-32.13
INDUSTRIA,-20.18
REFINERIA,-10.03
REFINERIA,-18.84
INDUSTRIA,-32.69
INDUSTRIA,-11.09
TRADER,-37.79
TRADER,-10.9
INDUSTRIA,-12.04
REFINERIA,-25.09
INDUSTRIA,-38.13
REFINERIA,1.94
REFINERIA,-47.56
TRADER,-9.88
REFINERIA,-30.97
INDUSTRIA,-21.18
REFINERIA,-36.92
INDUSTRIA,-37.74
REFINERIA,-29.13
INDUSTRIA,-21.15
INDUSTRIA,-37.85
REFINERIA,-44.27
TRADER,-12.11
TRADER,-34.02
TRADER,-61.88
INDUSTRIA,-49.74
REFINERIA,-19.67
REFINERIA,-35.12
REFINERIA,-48.31
REFINERIA,-48.2
REFINERIA,-39.37
INDUSTRIA,-46.97
TRADER,-41.64
INDUSTRIA,-45.9
TRADER,-16.98
TRADER,-22.26
INDUSTRIA,-21.76
INDUSTRIA,-26.03
REFINERIA,-12.24
INDUSTRIA,-5.05
REFINERIA,-47.89
TRADER,-19.81
REFINERIA,-26.96
TRADER,-28.72
TRADER,-25.74
TRADER,-55.27
INDUSTRIA,-41.86
REFINERIA,-27.47
REFINERIA,-23.6
INDUSTRIA,-34.49
REFINERIA,-43.9
REFINERIA,-26.65
TRADER,-39.57
INDUSTRIA,-24.1
INDUSTRIA,-68.85
INDUSTRIA,-62.16
TRADER,-26.6
TRADER,-31.72
TRADER,-33.25
REFINERIA,-0.22
REFINERIA,-32.43
INDUSTRIA,-19.98
TRADER,-34.92
TRADER,-22.7
TRADER,-5.19
REFINERIA,-27.9
TRADER,-43.86
REFINERIA,-50.29
REFINERIA,-60.66
TRADER,-28.47
INDUSTRIA,-45.92
TRADER,-47.86
REFINERIA,-52.67
TRADER,-10.47
INDUSTRIA,-12.74
INDUSTRIA,-25.44
TRADER,-32.07
INDUSTRIA,-41.93
TRADER,-26.94
INDUSTRIA,-39.46
INDUSTRIA,-23.61
TRADER,-18.6
REFINERIA,-33.72
INDUSTRIA,-29.77
INDUSTRIA,-20.58
REFINERIA,-25.01
REFINERIA,-51.9
REFINERIA,-30.27
INDUSTRIA,-42.56
REFINERIA,-35.43
TRADER,-19.91
REFINERIA,-47.6
TRADER,-22.44
REFINERIA,-50.13
INDUSTRIA,-50.85
TRADER,-23.62
INDUSTRIA,-2.67
TRADER,-16.89
INDUSTRIA,-12.37
REFINERIA,-10.98
TRADER,-49.54
TRADER,-28.08
REFINERIA,-39.4
INDUSTRIA,-48.84
REFINERIA,-0.84
REFINERIA,-13.14
INDUSTRIA,-20.76
TRADER,-12.09
TRADER,-41.08
INDUSTRIA,-41.27
REFINERIA,-56.23
INDUSTRIA,-10.96
INDUSTRIA,-16.43
REFINERIA,-36.93
INDUSTRIA,-58.86
REFINERIA,-16.59
TRADER,-22.38
TRADER,-29.54
REFINERIA,2.06
INDUSTRIA,-48.81
TRADER,-22.51
REFINERIA,-48.63
TRADER,-21.19
INDUSTRIA,-0.67
TRADER,-28.42
REFINERIA,-7.1
TRADER,-46.87
INDUSTRIA,-18.0
TRADER,-14.09
INDUSTRIA,-42.47
INDUSTRIA,-41.56
INDUSTRIA,-30.32
INDUSTRIA,-0.6
REFINERIA,-21.65
INDUSTRIA,-18.93
TRADER,-28.41
REFINERIA,-12.6
INDUSTRIA,-4.24
TRADER,-24.03
TRADER,-30.62
REFINERIA,-9.54
REFINERIA,-9.74
INDUSTRIA,-49.79
TRADER,-0.28
TRADER,-33.85
TRADER,-41.81
TRADER,-42.24
REFINERIA,-7.28
REFINERIA,-27.74
TRADER,-49.21
REFINERIA,-43.01
REFINERIA,-28.24
TRADER,-10.08
REFINERIA,-17.61
REFINERIA,-38.76
TRADER,-42.42
INDUSTRIA,-50.54
INDUSTRIA,-16.82
REFINERIA,-58.33
TRADER,-28.55
REFINERIA,-33.41
REFINERIA,-41.99
REFINERIA,-33.18
INDUSTRIA,-20.15
REFINERIA,-45.76
TRADER,-33.53
TRADER,-42.49
TRADER,-46.78
TRADER,-34.36
TRADER,-42.55
INDUSTRIA,-23.62
INDUSTRIA,9.97
INDUSTRIA,-8.02
REFINERIA,-35.67
TRADER,-8.57
TRADER,-21.86
TRADER,-37.17
REFINERIA,-23.46
REFINERIA,-48.37
TRADER,-39.73
REFINERIA,-32.51
REFINERIA,-30.94
TRADER,-35.38
TRADER,-24.99
INDUSTRIA,-18.93
TRADER,-28.73
TRADER,-64.94
REFINERIA,-19.62
REFINERIA,-18.24
REFINERIA,-27.56
REFINERIA,-40.16
INDUSTRIA,-21.48
TRADER,-45.77
TRADER,-33.7
INDUSTRIA,-47.28
INDUSTRIA,-19.72
INDUSTRIA,-21.78
TRADER,-38.56
INDUSTRIA,-41.28
REFINERIA,-25.31
TRADER,-22.74
TRADER,-45.9
INDUSTRIA,-13.38
TRADER,-33.17
INDUSTRIA,-18.48
REFINERIA,-26.96
TRADER,-19.96
REFINERIA,-30.08
TRADER,-54.02
TRADER,-22.71
INDUSTRIA,-29.93
INDUSTRIA,-33.96
REFINERIA,-14.63
INDUSTRIA,-22.61
TRADER,-41.23
INDUSTRIA,-35.61
TRADER,-37.09
INDUSTRIA,-41.1
TRADER,-37.06
REFINERIA,-28.22
TRADER,-34.52
TRADER,-16.59
TRADER,-37.26
INDUSTRIA,-47.76
REFINERIA,-30.86
INDUSTRIA,-15.07
REFINERIA,-19.52
TRADER,-79.07
REFINERIA,-64.17
REFINERIA,-46.57
INDUSTRIA,-12.66
INDUSTRIA,-16.24
TRADER,-32.08
REFINERIA,-51.98
INDUSTRIA,-51.44
REFINERIA,-64.98
REFINERIA,-16.68
TRADER,-27.42
REFINERIA,-18.89
TRADER,-7.71
INDUSTRIA,-45.83
REFINERIA,-16.51
TRADER,-13.37
INDUSTRIA,-45.75
INDUSTRIA,-16.36
INDUSTRIA,-40.46
REFINERIA,-32.27
REFINERIA,-47.29
INDUSTRIA,-17.41
INDUSTRIA,-39.37
INDUSTRIA,-20.74
TRADER,-40.81
TRADER,-43.27
INDUSTRIA,-20.1
TRADER,-37.22
TRADER,-38.19
INDUSTRIA,-46.96
INDUSTRIA,-24.06
REFINERIA,-52.19
REFINERIA,-19.43
INDUSTRIA,-13.17
REFINERIA,-38.11
REFINERIA,-40.28
INDUSTRIA,-43.02
TRADER,-30.33
INDUSTRIA,-37.45
INDUSTRIA,-27.23
TRADER,-35.5
INDUSTRIA,-44.65
TRADER,-26.62
INDUSTRIA,-19.26
TRADER,-34.68
INDUSTRIA,-15.48
TRADER,-14.5
INDUSTRIA,-10.81
TRADER,-31.09
REFINERIA,-41.87
INDUSTRIA,-30.86
REFINERIA,-37.39
TRADER,-15.29
TRADER,-47.91
REFINERIA,-28.21
REFINERIA,-1.35
TRADER,-30.68
INDUSTRIA,-21.68
TRADER,-54.79
TRADER,-20.61
TRADER,-41.22
REFINERIA,-43.64
TRADER,-19.83
REFINERIA,10.17
TRADER,-28.69
TRADER,-6.2
INDUSTRIA,-18.15
REFINERIA,-52.86
REFINERIA,-19.46
INDUSTRIA,-43.67
TRADER,-31.75
REFINERIA,-42.4
INDUSTRIA,-41.71
REFINERIA,-51.69
TRADER,-21.75
REFINERIA,-11.54
TRADER,-44.43
INDUSTRIA,-39.06
REFINERIA,-37.62
REFINERIA,-38.7
TRADER,-23.73
INDUSTRIA,-55.52
REFINERIA,-51.06
REFINERIA,-30.31
TRADER,-17.09
REFINERIA,-4.48
TRADER,-29.09
TRADER,-38.07
REFINERIA,-23.5
INDUSTRIA,-48.22
INDUSTRIA,-61.01
TRADER,-47.25
TRADER,-25.36
INDUSTRIA,-27.04
REFINERIA,-37.16
TRADER,0.25
INDUSTRIA,-15.86
TRADER,-0.94
TRADER,-35.7
INDUSTRIA,-56.53
REFINERIA,8.94
TRADER,-6.59
TRADER,-42.41
TRADER,-25.4
INDUSTRIA,-26.1
TRADER,-31.76
TRADER,-23.45
INDUSTRIA,-32.45
REFINERIA,-28.96
INDUSTRIA,-27.22
INDUSTRIA,-23.66
INDUSTRIA,-26.35
INDUSTRIA,-31.03
TRADER,-29.58
REFINERIA,-60.87
INDUSTRIA,-16.16
TRADER,-12.13
TRADER,-41.56
TRADER,-21.23
REFINERIA,-23.92
REFINERIA,-36.5
REFINERIA,-54.28
INDUSTRIA,-36.36
TRADER,-10.39
REFINERIA,-21.91
INDUSTRIA,-49.22
TRADER,-56.71
REFINERIA,-26.72
REFINERIA,-34.58
TRADER,-24.91
REFINERIA,-13.73
TRADER,-48.65
TRADER,-9.62
INDUSTRIA,-15.25
INDUSTRIA,-19.52
INDUSTRIA,-23.39
TRADER,-5.82
REFINERIA,-72.66
INDUSTRIA,-38.56
TRADER,-15.33
INDUSTRIA,-19.27
REFINERIA,-13.3
TRADER,-15.82
INDUSTRIA,-43.45
TRADER,-43.57
TRADER,-7.96
INDUSTRIA,-41.53
REFINERIA,8.37
REFINERIA,-53.36
INDUSTRIA,-16.05
REFINERIA,-47.12
TRADER,-12.25
TRADER,-61.06
INDUSTRIA,-39.08
TRADER,-33.3
TRADER,-32.35
TRADER,-30.7
INDUSTRIA,-22.89
REFINERIA,-42.96
INDUSTRIA,-35.29
TRADER,-24.26
REFINERIA,-10.6
TRADER,-40.4
TRADER,-44.88
TRADER,-47.93
TRADER,-34.59
INDUSTRIA,-52.47
TRADER,5.06
TRADER,-27.43
INDUSTRIA,-30.37
TRADER,-35.79
REFINERIA,-47.35
INDUSTRIA,-10.08
REFINERIA,-14.7
REFINERIA,-20.48
INDUSTRIA,-32.99
INDUSTRIA,-16.88
INDUSTRIA,-27.52
TRADER,-10.88
REFINERIA,-31.66
INDUSTRIA,-18.13
REFINERIA,-20.39
INDUSTRIA,-38.25
INDUSTRIA,-34.67
REFINERIA,-15.36
TRADER,-13.82
TRADER,-73.31
INDUSTRIA,-23.5
TRADER,-33.95
TRADER,-49.01
TRADER,-41.95
INDUSTRIA,-35.59
REFINERIA,-28.92
TRADER,-33.19
TRADER,-19.64
REFINERIA,-58.6
TRADER,-37.17
TRADER,-37.38
TRADER,8.58
TRADER,-28.91
TRADER,-36.52
TRADER,-36.08
TRADER,-16.26
REFINERIA,-54.74
TRADER,-35.36
REFINERIA,-47.0
INDUSTRIA,-52.15
TRADER,-24.03
INDUSTRIA,-20.65
INDUSTRIA,-26.19
TRADER,-33.56
INDUSTRIA,-2.67
TRADER,-26.66
INDUSTRIA,-9.23
INDUSTRIA,-70.6
INDUSTRIA,-52.84
INDUSTRIA,6.38
INDUSTRIA,4.72
TRADER,-18.71
TRADER,-22.52
INDUSTRIA,-58.22
TRADER,-30.97
REFINERIA,-17.8
REFINERIA,-5.06
TRADER,-50.01
INDUSTRIA,-28.46
REFINERIA,-16.11
TRADER,-24.92
TRADER,-16.93
TRADER,-50.56
INDUSTRIA,-53.86
REFINERIA,-29.44
INDUSTRIA,8.04
INDUSTRIA,-20.34
REFINERIA,-36.67
REFINERIA,-33.49
REFINERIA,-40.63
INDUSTRIA,-25.59
TRADER,-49.84
INDUSTRIA,-16.79
TRADER,-35.61
REFINERIA,-49.84
TRADER,-23.7
REFINERIA,-52.7
INDUSTRIA,-27.97
REFINERIA,-10.96
INDUSTRIA,-21.51
REFINERIA,-51.31
TRADER,-17.76
TRADER,-6.05
REFINERIA,-64.24
INDUSTRIA,-25.27
REFINERIA,-30.23
INDUSTRIA,-7.82
INDUSTRIA,-39.45
TRADER,-31.69
INDUSTRIA,-21.64
INDUSTRIA,-23.11
REFINERIA,-31.41
TRADER,-52.32
TRADER,-39.8
REFINERIA,-62.47
INDUSTRIA,-10.91
TRADER,-32.14
INDUSTRIA,-32.56
INDUSTRIA,-32.56
REFINERIA,-29.48
REFINERIA,-31.16
REFINERIA,-25.68
TRADER,-3.3
TRADER,-80.41
INDUSTRIA,-25.73
REFINERIA,-28.41
REFINERIA,-55.72
REFINERIA,-38.07
INDUSTRIA,-43.78
REFINERIA,-25.51
INDUSTRIA,-42.24
INDUSTRIA,-37.47
REFINERIA,-23.26
REFINERIA,-30.99
TRADER,3.79
REFINERIA,-32.17
INDUSTRIA,-41.8
INDUSTRIA,-22.61
TRADER,-8.68
TRADER,-35.79
INDUSTRIA,-26.43
INDUSTRIA,-48.39
TRADER,-49.09
REFINERIA,-22.5
REFINERIA,-16.43
TRADER,-11.9
REFINERIA,-17.76
TRADER,-24.26
INDUSTRIA,-25.46
INDUSTRIA,-24.31
TRADER,-50.07
INDUSTRIA,-55.63
REFINERIA,-33.54
REFINERIA,-39.35
REFINERIA,-30.22
TRADER,-46.05
REFINERIA,-38.26
INDUSTRIA,-17.65
INDUSTRIA,-29.86
TRADER,-13.2
INDUSTRIA,-27.98
INDUSTRIA,-27.38
REFINERIA,-30.5
TRADER,-11.84
INDUSTRIA,-18.98
INDUSTRIA,-0.78
INDUSTRIA,-19.42
INDUSTRIA,-14.57
INDUSTRIA,7.83
TRADER,-37.45
TRADER,-3.92
INDUSTRIA,-29.23
REFINERIA,-14.81
REFINERIA,-26.34
TRADER,-22.23
INDUSTRIA,-46.64
TRADER,-34.21
TRADER,-37.45
INDUSTRIA,-38.41
INDUSTRIA,-14.65
TRADER,-39.98
INDUSTRIA,-39.55
INDUSTRIA,-44.7
TRADER,-32.91
TRADER,-43.11
TRADER,-16.59
TRADER,-30.5
REFINERIA,-29.1
TRADER,-34.63
TRADER,-17.01
INDUSTRIA,-18.88
TRADER,-28.87
TRADER,-29.67
REFINERIA,-28.37
REFINERIA,-32.73
TRADER,-58.82
TRADER,-19.08
TRADER,-49.25
INDUSTRIA,-40.06
INDUSTRIA,-44.33
TRADER,-20.4
INDUSTRIA,4.1
TRADER,-15.32
REFINERIA,-44.2
INDUSTRIA,-10.19
INDUSTRIA,-31.03
INDUSTRIA,12.89
INDUSTRIA,-38.2
REFINERIA,-27.54
TRADER,-62.64
TRADER,-12.59
INDUSTRIA,-42.95
REFINERIA,-50.96
REFINERIA,-23.58
INDUSTRIA,-2.14
REFINERIA,-42.03
TRADER,-44.73
REFINERIA,5.86
TRADER,-9.34
INDUSTRIA,-64.99
TRADER,-47.18
REFINERIA,-51.26
REFINERIA,-49.14
INDUSTRIA,-24.58
REFINERIA,-20.75
REFINERIA,-27.6
TRADER,-27.03
REFINERIA,-26.93
INDUSTRIA,-27.46
REFINERIA,-1.09
REFINERIA,-50.24
INDUSTRIA,-31.89
INDUSTRIA,-48.41
TRADER,-22.66
INDUSTRIA,-30.91
TRADER,-27.73
INDUSTRIA,-13.16
TRADER,-27.58
INDUSTRIA,-44.46
REFINERIA,-14.84
TRADER,-36.8
INDUSTRIA,-25.86
REFINERIA,-24.84
INDUSTRIA,-18.72
INDUSTRIA,-32.4
REFINERIA,-15.5
TRADER,-25.72
REFINERIA,-27.13
REFINERIA,-60.59
REFINERIA,-21.15
TRADER,-11.33
TRADER,-28.34
INDUSTRIA,-31.24
TRADER,-42.2
TRADER,-41.0
INDUSTRIA,-29.0
REFINERIA,-34.74
TRADER,-33.02
REFINERIA,-12.09
INDUSTRIA,-27.43
INDUSTRIA,-26.43
INDUSTRIA,-38.34
INDUSTRIA,-34.14
TRADER,-41.8
INDUSTRIA,-52.33
TRADER,-33.32
TRADER,-25.06
REFINERIA,-34.58
TRADER,-44.84
REFINERIA,9.26
INDUSTRIA,-47.52
INDUSTRIA,-21.7
REFINERIA,-30.69
INDUSTRIA,-49.65
TRADER,-56.11
TRADER,-11.01
INDUSTRIA,-22.8
TRADER,-40.28
TRADER,-10.78
REFINERIA,-34.52
INDUSTRIA,-12.61
REFINERIA,-30.54
TRADER,-8.54
INDUSTRIA,-37.59
INDUSTRIA,-52.31
REFINERIA,-40.77
TRADER,-54.32
TRADER,-40.06
INDUSTRIA,-28.02
INDUSTRIA,-36.03
TRADER,-26.65
REFINERIA,-43.96
REFINERIA,-30.53
TRADER,-10.7
REFINERIA,-37.96
REFINERIA,-36.08
TRADER,-57.34
INDUSTRIA,-38.1
TRADER,-28.43
REFINERIA,-27.04
REFINERIA,-16.88
REFINERIA,-32.4
INDUSTRIA,-15.58
REFINERIA,-28.27
TRADER,-1.6
REFINERIA,-7.18
REFINERIA,-18.37
REFINERIA,-36.38
REFINERIA,-25.34
TRADER,-21.45
TRADER,-32.97
REFINERIA,-33.42
REFINERIA,-11.45
REFINERIA,-36.21
TRADER,-43.69
REFINERIA,-14.24
REFINERIA,-47.3
TRADER,-31.55
INDUSTRIA,-17.08
TRADER,-21.35
TRADER,-27.96
REFINERIA,-34.97
TRADER,-49.1
TRADER,-27.28
TRADER,-40.18
INDUSTRIA,-29.85
REFINERIA,-36.51
REFINERIA,1.04
TRADER,-47.45
TRADER,-42.28
INDUSTRIA,-37.95
TRADER,-50.14
TRADER,-52.1
INDUSTRIA,-17.5
INDUSTRIA,-26.75
INDUSTRIA,-45.26
INDUSTRIA,-27.84
REFINERIA,-35.82
REFINERIA,-25.02
REFINERIA,1.27
INDUSTRIA,-12.68
REFINERIA,-42.75
REFINERIA,-20.04
TRADER,-38.84
INDUSTRIA,-46.25
TRADER,-21.93
TRADER,-35.03
TRADER,-21.21
INDUSTRIA,-55.57
TRADER,-20.45
TRADER,-7.35
REFINERIA,-30.95
REFINERIA,-20.49
INDUSTRIA,-45.04
TRADER,-31.29
REFINERIA,-9.18
REFINERIA,-20.88
REFINERIA,-0.07
REFINERIA,-8.75
INDUSTRIA,-12.05
INDUSTRIA,-23.44
INDUSTRIA,-25.49
REFINERIA,-28.23
INDUSTRIA,-15.09
INDUSTRIA,-20.92
INDUSTRIA,-1.83
TRADER,-50.08
TRADER,-23.0
INDUSTRIA,-21.77
REFINERIA,-34.38
REFINERIA,-30.96
REFINERIA,-25.97
INDUSTRIA,-37.04
INDUSTRIA,-14.28
TRADER,3.41
TRADER,-31.98
INDUSTRIA,-47.21
REFINERIA,-19.6
TRADER,-22.21
INDUSTRIA,-28.39
REFINERIA,-8.58
INDUSTRIA,-50.14
TRADER,-47.63
TRADER,-49.48
TRADER,-32.21
INDUSTRIA,-33.43
INDUSTRIA,-29.65
REFINERIA,-26.72
INDUSTRIA,-50.69
INDUSTRIA,-12.21
TRADER,-27.25
TRADER,-31.5
INDUSTRIA,-9.06
INDUSTRIA,-8.62
INDUSTRIA,-43.07
TRADER,-14.91
TRADER,-54.0
INDUSTRIA,-46.24
REFINERIA,-25.42
REFINERIA,-31.91
REFINERIA,-29.18
INDUSTRIA,-39.13
TRADER,-26.61
TRADER,-29.38
INDUSTRIA,-35.85
INDUSTRIA,-9.22
INDUSTRIA,-36.87
REFINERIA,-39.92
INDUSTRIA,-37.59
REFINERIA,-22.4
TRADER,-43.92
REFINERIA,-10.03
TRADER,-42.75
INDUSTRIA,-20.17
TRADER,-31.03
INDUSTRIA,-31.54
REFINERIA,-40.49
REFINERIA,-26.05
TRADER,-48.35
REFINERIA,-40.74
INDUSTRIA,-35.41
INDUSTRIA,-53.38
TRADER,-37.17
INDUSTRIA,-35.32
TRADER,-72.51
REFINERIA,-14.91
INDUSTRIA,-32.22
INDUSTRIA,-46.58
TRADER,-43.39
REFINERIA,-12.33
TRADER,-10.22
INDUSTRIA,-44.31
TRADER,-7.15
REFINERIA,-42.91
INDUSTRIA,-34.31
TRADER,-47.13
INDUSTRIA,-32.12
REFINERIA,-27.31
TRADER,-19.24
INDUSTRIA,-43.98
REFINERIA,-12.33
INDUSTRIA,-12.05
INDUSTRIA,-37.58
REFINERIA,-34.77
INDUSTRIA,-25.04
INDUSTRIA,-33.24
TRADER,-37.31
INDUSTRIA,-34.39
INDUSTRIA,-45.37
INDUSTRIA,-13.3
REFINERIA,-35.63
TRADER,-26.31
REFINERIA,-25.33
INDUSTRIA,-40.84
REFINERIA,-70.36
TRADER,-48.62
INDUSTRIA,-32.71
REFINERIA,-37.69
INDUSTRIA,-26.59
TRADER,-44.53
INDUSTRIA,-43.08
REFINERIA,-41.05
REFINERIA,-24.36
TRADER,-33.17
TRADER,-21.65
REFINERIA,-33.63
INDUSTRIA,-35.22
REFINERIA,-54.6
REFINERIA,-8.49
TRADER,-27.02
INDUSTRIA,-13.58
INDUSTRIA,-33.31
TRADER,-5.33
REFINERIA,-11.43
TRADER,-29.38
INDUSTRIA,-51.22
INDUSTRIA,-32.36
TRADER,-13.63
REFINERIA,-27.53
REFINERIA,-12.43
INDUSTRIA,-19.09
TRADER,-20.04
INDUSTRIA,-17.42
REFINERIA,-25.98
REFINERIA,-13.25
INDUSTRIA,-17.66
REFINERIA,-50.29
INDUSTRIA,-25.75
INDUSTRIA,-20.48
REFINERIA,-30.42
INDUSTRIA,-25.11
INDUSTRIA,-12.21
TRADER,-15.57
REFINERIA,-36.92
REFINERIA,-25.42
TRADER,-17.04
INDUSTRIA,-24.52
TRADER,-20.63
REFINERIA,-51.06
REFINERIA,-37.36
TRADER,-28.51
INDUSTRIA,-21.33
REFINERIA,-4.16
REFINERIA,-41.3
REFINERIA,-18.91
TRADER,-28.35
REFINERIA,-30.15
REFINERIA,-5.34
INDUSTRIA,-32.48
REFINERIA,-31.99
TRADER,-8.6
REFINERIA,-34.09
REFINERIA,-36.27
REFINERIA,-44.09
REFINERIA,-25.71
INDUSTRIA,-45.0
TRADER,-44.7
INDUSTRIA,-26.73
REFINERIA,-16.13
REFINERIA,-41.07
REFINERIA,-44.8
INDUSTRIA,-25.55
TRADER,-38.6
TRADER,-46.69
INDUSTRIA,-38.07
REFINERIA,-26.9
REFINERIA,4.18
INDUSTRIA,-15.23
REFINERIA,-43.4
REFINERIA,-47.3
TRADER,-63.77
INDUSTRIA,-55.62
TRADER,-26.03
INDUSTRIA,-50.3
TRADER,-39.77
TRADER,-51.54
REFINERIA,-32.6
REFINERIA,-45.8
INDUSTRIA,-24.77
TRADER,-25.27
INDUSTRIA,-28.83
REFINERIA,-65.03
TRADER,-6.52
INDUSTRIA,-29.1
INDUSTRIA,-25.88
INDUSTRIA,0.18
REFINERIA,-19.1
INDUSTRIA,-31.91
REFINERIA,-14.31
REFINERIA,-20.3
TRADER,-35.44
INDUSTRIA,-20.63
TRADER,-40.25
REFINERIA,-18.69
REFINERIA,-20.13
REFINERIA,-45.62
REFINERIA,-53.21
INDUSTRIA,-19.32
TRADER,-25.86
REFINERIA,-35.62
REFINERIA,-40.09
INDUSTRIA,-48.86
TRADER,-22.28
TRADER,-28.36
REFINERIA,-22.59
REFINERIA,-22.05
INDUSTRIA,-41.08
REFINERIA,-35.39
TRADER,-18.32
REFINERIA,-25.59
TRADER,-28.65
INDUSTRIA,-32.49
TRADER,-19.51
REFINERIA,-36.4
REFINERIA,-17.03
INDUSTRIA,-27.47
INDUSTRIA,-17.92
INDUSTRIA,-4.78
REFINERIA,-22.87
REFINERIA,-36.52
REFINERIA,-29.15
REFINERIA,-19.98
REFINERIA,-33.7
INDUSTRIA,-45.68
TRADER,-11.44
TRADER,-2.97
TRADER,-15.34
REFINERIA,-39.58
TRADER,-4.66
TRADER,-33.84
TRADER,-21.16
TRADER,-59.92
TRADER,-29.49
TRADER,-31.89
INDUSTRIA,-45.62
INDUSTRIA,4.29
INDUSTRIA,-8.72
INDUSTRIA,-37.44
REFINERIA,1.27
INDUSTRIA,-39.86
INDUSTRIA,-33.49
TRADER,-38.39
INDUSTRIA,-46.72
REFINERIA,-1.61
REFINERIA,-15.13
INDUSTRIA,-29.17
TRADER,-23.88
REFINERIA,-22.12
REFINERIA,-31.93
INDUSTRIA,-3.68
TRADER,-29.07
INDUSTRIA,-22.9
INDUSTRIA,-16.88
REFINERIA,-37.98
TRADER,-45.15
INDUSTRIA,-12.59
TRADER,-41.9
REFINERIA,-0.81
TRADER,-36.83
REFINERIA,-29.73
TRADER,-41.8
REFINERIA,-27.65
INDUSTRIA,-27.17
TRADER,-53.44
REFINERIA,-10.46
REFINERIA,-19.57
INDUSTRIA,-52.24
INDUSTRIA,-11.61
INDUSTRIA,-28.88
INDUSTRIA,-13.97
REFINERIA,-46.91
INDUSTRIA,-24.3
TRADER,-33.86
INDUSTRIA,-13.72
TRADER,-52.05
INDUSTRIA,-13.92
TRADER,-23.97
REFINERIA,-46.45
REFINERIA,-17.98
TRADER,-18.69
INDUSTRIA,-37.01
INDUSTRIA,-20.62
INDUSTRIA,-21.33
INDUSTRIA,-32.67
REFINERIA,-14.36
INDUSTRIA,-28.82
REFINERIA,-7.38
TRADER,-39.62
INDUSTRIA,-9.84
REFINERIA,-31.56
TRADER,-6.35
INDUSTRIA,-30.49
TRADER,-40.46
REFINERIA,-36.43
INDUSTRIA,-24.56
REFINERIA,-12.95
REFINERIA,-63.74
REFINERIA,-56.93
INDUSTRIA,-43.75
REFINERIA,-14.44
TRADER,-40.01
INDUSTRIA,-51.53
REFINERIA,-24.82
REFINERIA,-36.92
REFINERIA,-38.16
TRADER,-36.39
TRADER,-33.4
REFINERIA,1.37
INDUSTRIA,-32.38
INDUSTRIA,6.84
REFINERIA,-12.33
REFINERIA,-42.38
INDUSTRIA,-4.64
INDUSTRIA,-40.93
REFINERIA,-29.44
TRADER,-11.55
TRADER,-3.81
TRADER,-33.26
REFINERIA,-34.24
TRADER,-38.52
TRADER,-23.53
TRADER,-38.02
REFINERIA,-36.29
INDUSTRIA,-4.03
REFINERIA,-43.16
REFINERIA,-37.5
REFINERIA,-33.39
REFINERIA,4.14
REFINERIA,-42.25
INDUSTRIA,-8.49
REFINERIA,-26.96
TRADER,-27.55
TRADER,-31.16
TRADER,-9.98
INDUSTRIA,-23.26
REFINERIA,-66.98
INDUSTRIA,-39.38
REFINERIA,-4.89
INDUSTRIA,-21.51
TRADER,-23.39
INDUSTRIA,-25.49
REFINERIA,-41.29
TRADER,-45.86
INDUSTRIA,-32.73
REFINERIA,-35.19
REFINERIA,-39.62
TRADER,-43.15
TRADER,-36.99
TRADER,-35.09
REFINERIA,-9.36
INDUSTRIA,-24.05
REFINERIA,-51.5
INDUSTRIA,-20.37
TRADER,-62.57
INDUSTRIA,-22.94
TRADER,-53.93
INDUSTRIA,-34.26
REFINERIA,-49.84
TRADER,-43.92
TRADER,-33.71
REFINERIA,-16.73
INDUSTRIA,-58.87
REFINERIA,-44.87
REFINERIA,-44.38
TRADER,-41.42
INDUSTRIA,-48.57
TRADER,-36.31
TRADER,-17.43
INDUSTRIA,-25.76
INDUSTRIA,-5.29
INDUSTRIA,-24.39
REFINERIA,-40.75
TRADER,-38.4
INDUSTRIA,-15.08
INDUSTRIA,-46.98
TRADER,-54.57
INDUSTRIA,-21.99
INDUSTRIA,-29.5
INDUSTRIA,-6.25
REFINERIA,-11.08
INDUSTRIA,-13.05
REFINERIA,-50.7
INDUSTRIA,-15.16
INDUSTRIA,-37.48
TRADER,-36.44
INDUSTRIA,-28.75
TRADER,-50.85
TRADER,-39.03
REFINERIA,-43.72
TRADER,-21.83
TRADER,-24.67
TRADER,-30.16
TRADER,-32.2
REFINERIA,-27.31
REFINERIA,-28.33
INDUSTRIA,-36.77
TRADER,-47.51
REFINERIA,-34.47
REFINERIA,-10.68
TRADER,-29.89
TRADER,-40.34
REFINERIA,-43.87
TRADER,-51.22
TRADER,-30.85
TRADER,-40.33
REFINERIA,-40.3
INDUSTRIA,-25.03
TRADER,-46.61
TRADER,-16.22
TRADER,-16.57
INDUSTRIA,-20.09
INDUSTRIA,-33.42
TRADER,-24.39
INDUSTRIA,-45.86
TRADER,-16.4
TRADER,-22.64
REFINERIA,-39.89
REFINERIA,-0.71
INDUSTRIA,-50.87
INDUSTRIA,-25.75
REFINERIA,1.12
TRADER,-35.63
INDUSTRIA,-31.47
INDUSTRIA,-44.54
INDUSTRIA,-23.9
INDUSTRIA,-31.7
TRADER,-24.08
REFINERIA,-34.36
TRADER,-31.48
REFINERIA,-11.33
TRADER,-32.12
INDUSTRIA,-34.92
REFINERIA,-31.9
REFINERIA,-30.03
REFINERIA,-33.97
TRADER,-31.34
REFINERIA,-44.84
INDUSTRIA,-20.98
INDUSTRIA,-36.43
REFINERIA,-30.76
INDUSTRIA,-33.69
TRADER,-16.56
REFINERIA,-17.92
INDUSTRIA,-67.42
INDUSTRIA,-46.06
REFINERIA,-65.2
REFINERIA,-44.93
INDUSTRIA,-13.57
INDUSTRIA,-18.44
TRADER,-43.11
REFINERIA,-18.19
INDUSTRIA,-35.85
TRADER,-29.63
TRADER,-45.48
INDUSTRIA,-55.87
TRADER,-39.42
INDUSTRIA,-45.4
REFINERIA,-28.11
INDUSTRIA,-15.07
INDUSTRIA,-21.54
REFINERIA,-32.54
REFINERIA,-39.91
TRADER,-34.08
REFINERIA,-34.17
TRADER,-34.86
REFINERIA,-19.57
REFINERIA,-54.9
INDUSTRIA,-22.58
TRADER,-52.29
TRADER,-27.86
TRADER,-39.77
REFINERIA,-26.36
REFINERIA,-48.96
INDUSTRIA,-48.05
TRADER,-45.38
REFINERIA,-11.46
REFINERIA,-14.29
REFINERIA,-31.74
REFINERIA,-28.54
INDUSTRIA,-28.73
REFINERIA,-31.63
REFINERIA,-37.85
INDUSTRIA,-36.81
TRADER,-43.36
REFINERIA,-23.03
REFINERIA,-17.72
INDUSTRIA,-50.16
TRADER,-19.98
INDUSTRIA,-12.23
INDUSTRIA,-46.33
TRADER,-48.86
TRADER,-1.33
REFINERIA,-12.65
REFINERIA,-45.5
REFINERIA,-55.46
INDUSTRIA,-29.47
REFINERIA,-32.78
TRADER,-47.76
REFINERIA,-42.93
INDUSTRIA,-23.64
REFINERIA,-21.0
REFINERIA,-26.19
TRADER,-41.18
REFINERIA,-22.07
INDUSTRIA,-26.97
REFINERIA,-46.24
REFINERIA,-2.97
TRADER,-43.48
INDUSTRIA,-30.67
TRADER,-31.6
REFINERIA,-35.48
INDUSTRIA,-8.81
INDUSTRIA,-51.06
INDUSTRIA,-26.7
TRADER,-39.98
INDUSTRIA,-37.64
INDUSTRIA,-23.14
TRADER,-37.97
REFINERIA,-52.73
TRADER,-35.33
TRADER,3.47
TRADER,-46.6
REFINERIA,-24.36
REFINERIA,-35.62
TRADER,-55.05
TRADER,-22.98
TRADER,-16.62
INDUSTRIA,-31.06
INDUSTRIA,-15.11
INDUSTRIA,-28.65
TRADER,-12.41
TRADER,-33.77
TRADER,-22.43
INDUSTRIA,-43.8
REFINERIA,-32.5
INDUSTRIA,-28.74
INDUSTRIA,-22.72
TRADER,-30.48
TRADER,-27.16
TRADER,-66.83
TRADER,-20.65
REFINERIA,-19.67
TRADER,-60.76
INDUSTRIA,-34.46
REFINERIA,-3.3
REFINERIA,-30.18
TRADER,-24.71
REFINERIA,-49.09
TRADER,-25.92
TRADER,-36.87
TRADER,-31.44
REFINERIA,-33.38
TRADER,-23.52
INDUSTRIA,-26.14
TRADER,-24.75
REFINERIA,-6.1
INDUSTRIA,-30.65
REFINERIA,-16.36
REFINERIA,6.53
INDUSTRIA,-58.0
INDUSTRIA,-29.63
TRADER,-40.55
INDUSTRIA,-32.31
REFINERIA,-11.75
REFINERIA,-15.63
TRADER,-65.03
REFINERIA,-5.83
INDUSTRIA,-18.39
REFINERIA,-54.22
INDUSTRIA,-33.21
TRADER,-34.84
INDUSTRIA,-40.51
TRADER,-40.11
TRADER,-11.21
TRADER,-44.8
TRADER,-22.86
REFINERIA,-37.09
TRADER,-54.93
TRADER,-42.25
REFINERIA,-32.3
REFINERIA,-21.15
TRADER,-6.09
REFINERIA,-36.01
INDUSTRIA,-23.83
INDUSTRIA,-39.06
INDUSTRIA,-48.24
INDUSTRIA,-27.5
INDUSTRIA,-20.73
TRADER,-19.91
INDUSTRIA,-20.78
INDUSTRIA,-26.54
TRADER,-38.19
TRADER,-19.23
INDUSTRIA,-16.68
REFINERIA,-41.15
REFINERIA,-34.1
INDUSTRIA,-35.44
REFINERIA,-41.6
TRADER,-10.16
TRADER,-20.42
REFINERIA,-32.71
INDUSTRIA,-21.45
INDUSTRIA,-32.88
TRADER,-43.6
INDUSTRIA,-44.57
INDUSTRIA,-36.52
INDUSTRIA,-38.72
TRADER,-41.35
INDUSTRIA,-18.08
REFINERIA,-24.33
TRADER,-32.06
INDUSTRIA,-37.56
TRADER,-28.91
REFINERIA,-26.67
REFINERIA,-19.42
REFINERIA,4.29
INDUSTRIA,-32.21
TRADER,-59.81
REFINERIA,-41.35
REFINERIA,-47.4
TRADER,-18.46
TRADER,-6.9
INDUSTRIA,-2.49
INDUSTRIA,-8.95
REFINERIA,-35.07
TRADER,-29.11
REFINERIA,-41.97
REFINERIA,-30.62
REFINERIA,-42.65
TRADER,-21.19
REFINERIA,-36.38
REFINERIA,-27.74
INDUSTRIA,-8.55
INDUSTRIA,-56.64
TRADER,-10.54
INDUSTRIA,-16.02
TRADER,-30.48
TRADER,-29.14
REFINERIA,-14.0
TRADER,-6.39
REFINERIA,-2.41
REFINERIA,-52.97
INDUSTRIA,-38.03
REFINERIA,-42.62
REFINERIA,-29.01
TRADER,-36.56
REFINERIA,-14.64
INDUSTRIA,-39.31
REFINERIA,-22.49
TRADER,-26.18
REFINERIA,-30.49
INDUSTRIA,-40.71
INDUSTRIA,-12.41
TRADER,-17.7
REFINERIA,-38.16
INDUSTRIA,-36.05
INDUSTRIA,-38.76
TRADER,-31.99
TRADER,-30.47
INDUSTRIA,-32.46
TRADER,-3.87
TRADER,-18.25
INDUSTRIA,-45.92
INDUSTRIA,-37.48
TRADER,-44.02
REFINERIA,-40.4
TRADER,-15.78
INDUSTRIA,-38.78
TRADER,-32.48
TRADER,-13.23
TRADER,-24.93
REFINERIA,-37.03
INDUSTRIA,-21.72
TRADER,-35.28
INDUSTRIA,-27.09
INDUSTRIA,-42.98
INDUSTRIA,10.73
TRADER,-47.0
INDUSTRIA,-38.19
TRADER,-46.44
REFINERIA,-28.98
TRADER,-19.19
INDUSTRIA,-32.15
REFINERIA,-50.06
TRADER,-4.31
REFINERIA,-21.07
REFINERIA,-44.2
INDUSTRIA,1.77
INDUSTRIA,-21.19
INDUSTRIA,-35.7
INDUSTRIA,-15.4
TRADER,-19.64
TRADER,-28.68
REFINERIA,-14.0
TRADER,-20.58
TRADER,-52.36
REFINERIA,-43.39
TRADER,-13.35
TRADER,3.26
INDUSTRIA,-53.66
REFINERIA,-18.27
TRADER,-23.23
TRADER,-29.78
TRADER,-2.29
TRADER,-35.6
TRADER,-17.57
INDUSTRIA,-23.58
REFINERIA,-65.95
REFINERIA,-28.05
TRADER,13.96
INDUSTRIA,-20.3
INDUSTRIA,-20.96
INDUSTRIA,-12.83
INDUSTRIA,-15.37
TRADER,-22.12
TRADER,-31.64
INDUSTRIA,-39.57
REFINERIA,-43.05
REFINERIA,-16.62
TRADER,-41.52
REFINERIA,-23.25
TRADER,-5.87
TRADER,-47.95
TRADER,-15.01
INDUSTRIA,-12.61
INDUSTRIA,-20.34
REFINERIA,-13.81
REFINERIA,-38.53
TRADER,-46.03
REFINERIA,-32.78
INDUSTRIA,-38.22
REFINERIA,-29.09
TRADER,-12.29
TRADER,-37.84
TRADER,-22.04
TRADER,-10.94
TRADER,-21.01
REFINERIA,-14.52
TRADER,-28.34
TRADER,2.32
REFINERIA,-29.99
INDUSTRIA,-10.0
TRADER,-29.23
REFINERIA,-27.23
TRADER,-40.33
TRADER,-28.48
REFINERIA,4.29
TRADER,4.48
TRADER,-20.76
REFINERIA,-16.08
INDUSTRIA,-17.4
INDUSTRIA,-39.88
REFINERIA,-17.86
REFINERIA,-28.93
INDUSTRIA,-47.27
INDUSTRIA,-35.38
INDUSTRIA,-55.45
INDUSTRIA,-34.21
TRADER,-5.21
REFINERIA,-45.81
INDUSTRIA,-52.71
INDUSTRIA,-40.03
REFINERIA,-27.71
REFINERIA,-31.44
REFINERIA,-61.31
REFINERIA,-27.21
REFINERIA,-33.74
TRADER,-19.01
TRADER,-33.34
TRADER,-33.01
INDUSTRIA,-40.71
TRADER,-34.75
TRADER,-19.76
TRADER,-39.87
TRADER,-49.67
INDUSTRIA,-18.94
TRADER,-39.49
REFINERIA,-31.5
REFINERIA,5.28
REFINERIA,-44.99
REFINERIA,-50.04
INDUSTRIA,-30.96
REFINERIA,9.45
REFINERIA,-51.3
TRADER,-32.97
INDUSTRIA,-31.77
TRADER,-45.32
REFINERIA,-20.22
INDUSTRIA,-5.86
TRADER,-32.44
INDUSTRIA,-33.48
INDUSTRIA,-1.51
TRADER,-62.83
INDUSTRIA,-37.25
REFINERIA,-39.54
REFINERIA,-30.19
REFINERIA,-16.14
INDUSTRIA,-36.89
INDUSTRIA,-59.74
REFINERIA,-53.55
TRADER,-24.21
INDUSTRIA,-24.82
REFINERIA,-35.36
TRADER,-24.15
TRADER,-13.84
TRADER,-26.5
REFINERIA,-13.24
REFINERIA,-23.98
REFINERIA,-19.38
INDUSTRIA,-41.53
REFINERIA,-47.82
INDUSTRIA,-67.21
REFINERIA,-28.28
REFINERIA,-32.55
INDUSTRIA,-1.51
INDUSTRIA,-51.51
REFINERIA,-56.23
REFINERIA,-36.03
INDUSTRIA,-27.76
TRADER,-52.93
INDUSTRIA,-24.57
REFINERIA,-39.08
TRADER,-37.34
REFINERIA,-25.09
REFINERIA,-41.43
INDUSTRIA,-9.58
REFINERIA,-18.1
TRADER,-7.54
INDUSTRIA,-52.0
INDUSTRIA,-22.78
REFINERIA,-7.46
INDUSTRIA,-38.12
TRADER,-30.55
TRADER,-3.43
REFINERIA,-23.39
REFINERIA,-36.6
INDUSTRIA,-52.37
REFINERIA,-33.99
REFINERIA,-12.04
INDUSTRIA,-12.1
REFINERIA,-45.16
TRADER,-40.84
REFINERIA,-53.23
INDUSTRIA,-28.94
TRADER,-50.86
REFINERIA,-5.27
INDUSTRIA,-29.32
REFINERIA,-44.0
REFINERIA,-28.97
TRADER,-49.07
INDUSTRIA,-26.53
TRADER,-27.9
TRADER,-67.12
TRADER,0.7
TRADER,-51.55
TRADER,-30.87
REFINERIA,-15.9
REFINERIA,-33.21
TRADER,-18.43
INDUSTRIA,-38.04
REFINERIA,-27.54
REFINERIA,-28.41
REFINERIA,-26.3
INDUSTRIA,-25.29
TRADER,-57.62
TRADER,-7.11
TRADER,-26.41
REFINERIA,-26.56
TRADER,-37.99
TRADER,-8.56
TRADER,-31.25
TRADER,-24.47
REFINERIA,-21.47
REFINERIA,-47.61
INDUSTRIA,-53.47
INDUSTRIA,-16.59
REFINERIA,-13.94
TRADER,-15.54
INDUSTRIA,-30.22
REFINERIA,-31.75
REFINERIA,-32.15
TRADER,-34.79
REFINERIA,-38.09
INDUSTRIA,19.06
TRADER,-46.31
TRADER,-33.87
REFINERIA,-18.11
INDUSTRIA,-42.35
TRADER,-45.52
REFINERIA,-18.51
INDUSTRIA,-39.44
TRADER,-28.41
REFINERIA,-26.3
REFINERIA,-57.58
INDUSTRIA,-38.41
REFINERIA,-22.27
INDUSTRIA,-14.2
INDUSTRIA,-21.12
TRADER,-27.59
TRADER,-36.93
TRADER,-29.58
TRADER,-47.05
REFINERIA,-33.14
REFINERIA,-47.47
INDUSTRIA,-22.72
REFINERIA,-20.51
REFINERIA,-29.6
REFINERIA,-43.55
REFINERIA,-34.11
TRADER,-19.45
TRADER,-25.43
TRADER,-29.88
TRADER,-40.67
REFINERIA,-25.99
INDUSTRIA,-38.45
INDUSTRIA,-38.7
REFINERIA,-51.04
REFINERIA,-25.91
INDUSTRIA,-37.76
TRADER,-21.18
TRADER,-42.18
INDUSTRIA,-19.01
REFINERIA,-36.86
INDUSTRIA,1.64
TRADER,-30.08
REFINERIA,-50.71
REFINERIA,-44.28
INDUSTRIA,-12.97
INDUSTRIA,-7.59
REFINERIA,-25.6
REFINERIA,-21.42
TRADER,-38.45
INDUSTRIA,-26.95
INDUSTRIA,-22.02
INDUSTRIA,-30.59
INDUSTRIA,-32.7
REFINERIA,-38.04
REFINERIA,1.78
REFINERIA,-13.18
TRADER,-20.62
TRADER,-16.85
INDUSTRIA,-29.65
REFINERIA,-21.38
TRADER,-24.7
TRADER,-41.63
REFINERIA,-7.42
REFINERIA,-38.25
TRADER,-22.94
INDUSTRIA,-39.73
REFINERIA,-50.73
INDUSTRIA,-24.86
TRADER,-17.31
REFINERIA,-28.2
TRADER,-39.07
INDUSTRIA,-27.93
INDUSTRIA,-29.31
REFINERIA,-41.9
TRADER,-36.03
TRADER,-23.15
REFINERIA,-38.65
REFINERIA,-2.06
INDUSTRIA,-27.79
TRADER,-40.52
REFINERIA,-32.27
REFINERIA,-21.47
INDUSTRIA,-37.33
REFINERIA,-44.35
INDUSTRIA,-37.22
INDUSTRIA,-28.29
REFINERIA,-11.61
REFINERIA,-35.59
INDUSTRIA,-22.38
INDUSTRIA,-19.12
INDUSTRIA,-37.57
INDUSTRIA,-33.94
REFINERIA,-30.47
REFINERIA,-30.37
REFINERIA,-35.4
INDUSTRIA,-14.36
REFINERIA,-48.74
TRADER,-43.16
INDUSTRIA,-49.17
TRADER,-35.78
INDUSTRIA,-36.61
INDUSTRIA,-38.5
REFINERIA,-32.73
INDUSTRIA,-35.91
INDUSTRIA,-19.07
TRADER,-31.56
REFINERIA,-5.07
TRADER,-18.7
TRADER,-23.6
TRADER,-24.22
REFINERIA,-47.97
INDUSTRIA,-37.06
TRADER,-28.47
TRADER,-38.5
TRADER,-0.3
TRADER,-13.04
REFINERIA,-30.66
REFINERIA,-0.76
REFINERIA,-15.4
INDUSTRIA,-13.7
INDUSTRIA,-8.64
INDUSTRIA,-23.64
REFINERIA,-13.83
TRADER,-30.15
REFINERIA,-50.12
REFINERIA,-28.84
TRADER,-48.98
TRADER,-33.48
INDUSTRIA,-32.48
REFINERIA,-24.25
REFINERIA,-61.11
INDUSTRIA,-23.38
INDUSTRIA,-23.45
REFINERIA,-33.33
TRADER,-48.52
TRADER,-58.92
REFINERIA,-56.47
REFINERIA,-61.44
REFINERIA,-40.23
INDUSTRIA,-20.12
REFINERIA,-34.65
REFINERIA,-14.14
REFINERIA,-49.23
REFINERIA,-52.7
REFINERIA,-71.87
INDUSTRIA,-15.07
TRADER,-33.13
REFINERIA,-50.82
TRADER,-45.96
INDUSTRIA,-13.91
TRADER,-14.08
REFINERIA,-29.62
TRADER,-33.34
INDUSTRIA,-0.16
REFINERIA,-31.12
TRADER,-28.51
REFINERIA,-44.5
TRADER,-11.37
INDUSTRIA,-40.11
TRADER,-20.26
TRADER,-50.64
REFINERIA,-3.49
INDUSTRIA,-52.17
INDUSTRIA,-30.54
TRADER,-9.72
TRADER,-31.51
INDUSTRIA,-22.04
TRADER,-35.3
INDUSTRIA,-29.84
INDUSTRIA,-31.82
TRADER,-24.99
REFINERIA,-47.79
TRADER,-28.07
TRADER,-38.71
INDUSTRIA,-54.24
TRADER,-24.99
TRADER,-35.58
INDUSTRIA,-15.24
REFINERIA,-38.01
TRADER,-8.66
INDUSTRIA,-21.16
REFINERIA,-37.01
TRADER,-12.63
REFINERIA,-46.22
TRADER,-16.32
REFINERIA,-17.03
REFINERIA,-5.35
REFINERIA,8.44
REFINERIA,-71.14
TRADER,-50.06
TRADER,-24.58
INDUSTRIA,-18.48
TRADER,-32.64
REFINERIA,-27.75
TRADER,-10.13
REFINERIA,-23.49
REFINERIA,-41.29
INDUSTRIA,-48.94
TRADER,-29.79
TRADER,-45.97
INDUSTRIA,-45.91
TRADER,-28.76
TRADER,-31.58
TRADER,-19.11
REFINERIA,-26.48
TRADER,-42.65
REFINERIA,-50.79
TRADER,-37.86
TRADER,-13.48
REFINERIA,-52.61
INDUSTRIA,17.82
REFINERIA,-44.58
TRADER,-25.78
REFINERIA,-43.9
TRADER,-22.86
INDUSTRIA,-1.6
TRADER,-49.28
TRADER,-53.52
TRADER,-48.29
REFINERIA,-38.06
TRADER,-51.0
INDUSTRIA,-36.0
REFINERIA,-51.86
REFINERIA,-33.74
REFINERIA,-59.56
REFINERIA,-12.84
TRADER,-17.79
INDUSTRIA,-46.14
REFINERIA,-44.46
TRADER,-27.07
TRADER,-19.34
INDUSTRIA,-23.39
INDUSTRIA,-18.72
INDUSTRIA,-51.66
REFINERIA,-64.84
INDUSTRIA,-36.82
TRADER,-18.5
REFINERIA,-23.11
TRADER,-12.31
TRADER,-22.28
REFINERIA,-28.2
TRADER,-3.5
TRADER,-26.72
TRADER,-52.73
TRADER,-16.0
REFINERIA,-40.63
INDUSTRIA,-14.44
INDUSTRIA,-24.24
INDUSTRIA,-71.91
TRADER,-36.52
TRADER,-24.84
TRADER,-42.71
TRADER,-45.41
TRADER,-10.63
INDUSTRIA,-2.9
INDUSTRIA,-21.19
TRADER,-29.71
TRADER,-9.33
INDUSTRIA,-53.96
INDUSTRIA,-52.35
REFINERIA,-34.23
INDUSTRIA,-25.55
INDUSTRIA,-22.11
TRADER,-31.71
INDUSTRIA,-29.39
INDUSTRIA,-37.08
TRADER,-41.04
TRADER,-40.42
INDUSTRIA,-27.93
REFINERIA,-39.64
INDUSTRIA,-2.18
TRADER,-33.31
TRADER,-15.61
TRADER,-27.66
TRADER,-17.63
INDUSTRIA,-42.92
TRADER,-17.68
INDUSTRIA,-28.76
INDUSTRIA,-4.33
REFINERIA,-48.91
REFINERIA,-22.99
TRADER,-14.65
TRADER,-28.25
INDUSTRIA,-51.41
REFINERIA,-22.34
REFINERIA,-26.49
INDUSTRIA,-42.44
REFINERIA,-15.85
REFINERIA,-57.47
INDUSTRIA,-16.93
REFINERIA,-39.77
INDUSTRIA,-13.56
REFINERIA,-53.27
TRADER,-23.52
INDUSTRIA,-12.45
INDUSTRIA,-54.8
INDUSTRIA,-41.19
TRADER,-13.82
REFINERIA,-25.16
REFINERIA,-42.84
TRADER,-25.32
REFINERIA,-0.77
INDUSTRIA,-26.95
INDUSTRIA,-28.83
REFINERIA,-7.76
INDUSTRIA,-48.83
REFINERIA,-43.0
REFINERIA,-55.68
INDUSTRIA,-54.82
REFINERIA,-20.81
REFINERIA,-11.65
TRADER,-44.92
REFINERIA,-32.46
REFINERIA,-17.25
TRADER,-4.27
REFINERIA,3.17
TRADER,-21.84
REFINERIA,-34.31
TRADER,-31.8
INDUSTRIA,-21.53
INDUSTRIA,-27.66
REFINERIA,-31.65
REFINERIA,-25.71
INDUSTRIA,-32.51
INDUSTRIA,-46.85
REFINERIA,-31.0
REFINERIA,-30.99
INDUSTRIA,-47.47
TRADER,-34.99
TRADER,-48.34
TRADER,-15.97
TRADER,-32.26
TRADER,-44.94
INDUSTRIA,-27.71
TRADER,-10.63
INDUSTRIA,-57.15
TRADER,-0.26
REFINERIA,-12.21
REFINERIA,-42.59
TRADER,-44.72
INDUSTRIA,-24.26
INDUSTRIA,-39.14
INDUSTRIA,-18.52
TRADER,-32.79
INDUSTRIA,-17.43
TRADER,-17.53
REFINERIA,-43.79
INDUSTRIA,-32.69
REFINERIA,-7.86
TRADER,-32.87
TRADER,-29.43
REFINERIA,-33.69
REFINERIA,-16.24
INDUSTRIA,-18.56
INDUSTRIA,-24.01
TRADER,-24.64
TRADER,0.16
REFINERIA,-48.12
REFINERIA,-11.23
TRADER,-31.47
REFINERIA,-22.92
TRADER,-20.05
TRADER,-63.55
TRADER,-39.26
REFINERIA,-34.16
TRADER,-55.75
INDUSTRIA,-40.73
REFINERIA,-50.35
TRADER,-41.67
INDUSTRIA,-23.42
INDUSTRIA,-19.43
TRADER,-16.89
REFINERIA,-14.99
REFINERIA,-29.37
REFINERIA,-35.17
REFINERIA,-40.34
TRADER,-44.02
REFINERIA,-13.41
TRADER,-55.93
INDUSTRIA,-37.86
REFINERIA,-27.21
REFINERIA,-39.63
INDUSTRIA,-21.02
INDUSTRIA,-48.68
TRADER,-46.04
INDUSTRIA,-17.48
REFINERIA,-29.27
INDUSTRIA,-37.18
INDUSTRIA,-17.78
TRADER,-47.56
TRADER,-47.11
REFINERIA,-11.26
TRADER,-34.04
REFINERIA,-44.28
TRADER,-37.59
INDUSTRIA,-34.3
INDUSTRIA,-31.95
TRADER,-7.99
INDUSTRIA,-26.77
INDUSTRIA,-42.87
TRADER,-48.12
REFINERIA,-42.3
TRADER,-36.54
INDUSTRIA,-37.83
TRADER,-23.75
INDUSTRIA,-22.71
TRADER,-38.23
INDUSTRIA,-29.06
TRADER,-39.17
INDUSTRIA,-22.52
REFINERIA,-32.51
REFINERIA,-64.42
REFINERIA,-22.46
INDUSTRIA,-42.93
TRADER,-12.28
INDUSTRIA,-5.8
TRADER,-2.96
TRADER,-50.97
TRADER,-66.75
REFINERIA,-18.35
REFINERIA,-12.47
REFINERIA,-25.41
TRADER,-8.71
REFINERIA,-37.26
REFINERIA,-44.47
TRADER,-24.81
REFINERIA,-23.33
REFINERIA,-32.1
REFINERIA,-13.88
INDUSTRIA,-24.81
TRADER,-56.9
TRADER,-23.71
TRADER,-34.48
REFINERIA,-53.3
TRADER,-24.06
TRADER,-45.92
REFINERIA,-32.91
REFINERIA,-44.4
REFINERIA,-21.54
REFINERIA,-13.67
INDUSTRIA,-48.01
INDUSTRIA,-39.03
REFINERIA,-19.65
INDUSTRIA,-34.39
REFINERIA,-39.44
INDUSTRIA,-11.69
INDUSTRIA,-16.04
INDUSTRIA,-16.48
TRADER,-41.55
INDUSTRIA,-26.28
TRADER,-7.22
REFINERIA,-55.86
INDUSTRIA,-20.77
REFINERIA,-40.13
TRADER,-16.02
REFINERIA,-19.6
TRADER,-22.19
INDUSTRIA,-21.2
REFINERIA,-23.74
TRADER,-26.61
REFINERIA,-29.61
REFINERIA,-9.65
REFINERIA,-42.74
TRADER,-3.87
TRADER,1.53
INDUSTRIA,-21.57
TRADER,-31.91
REFINERIA,-40.56
INDUSTRIA,-7.66
REFINERIA,-30.41
TRADER,-23.75
TRADER,-42.77
REFINERIA,-7.23
REFINERIA,-39.63
REFINERIA,-51.37
REFINERIA,-37.31
REFINERIA,-48.99
INDUSTRIA,-0.03
REFINERIA,-20.96
INDUSTRIA,-53.75
TRADER,-36.22
REFINERIA,-8.95
INDUSTRIA,-39.33
REFINERIA,-24.24
REFINERIA,-34.93
INDUSTRIA,-13.0
REFINERIA,-46.4
REFINERIA,-53.39
INDUSTRIA,-23.27
REFINERIA,-51.08
INDUSTRIA,6.97
TRADER,-20.89
INDUSTRIA,-21.66
TRADER,-3.34
REFINERIA,-11.21
TRADER,-45.71
TRADER,-3.07
INDUSTRIA,-54.56
TRADER,-40.83
TRADER,-58.24
TRADER,-51.08
REFINERIA,-18.19
TRADER,-51.74
REFINERIA,-56.56
INDUSTRIA,-45.68
INDUSTRIA,-18.65
REFINERIA,-35.22
TRADER,-11.72
INDUSTRIA,-54.49
REFINERIA,-26.28
TRADER,-36.67
INDUSTRIA,-5.85
TRADER,-35.54
REFINERIA,-10.35
TRADER,-13.33
TRADER,-49.54
REFINERIA,-9.54
REFINERIA,-41.91
INDUSTRIA,-22.58
INDUSTRIA,-31.09
INDUSTRIA,-17.78
INDUSTRIA,-19.34
REFINERIA,-32.98
INDUSTRIA,-38.96
TRADER,-19.54
TRADER,-22.09
REFINERIA,-50.5
INDUSTRIA,-33.13
INDUSTRIA,-22.75
INDUSTRIA,-33.28
REFINERIA,-26.65
INDUSTRIA,-14.51
INDUSTRIA,-32.5
INDUSTRIA,-32.69
REFINERIA,-20.47
REFINERIA,-21.99
TRADER,-17.46
INDUSTRIA,-27.53
INDUSTRIA,-32.33
REFINERIA,-37.39
TRADER,-3.96
TRADER,-36.48
REFINERIA,-40.97
INDUSTRIA,-66.49
INDUSTRIA,-8.19
INDUSTRIA,-54.21
REFINERIA,-27.95
INDUSTRIA,-14.58
TRADER,-31.43
REFINERIA,-45.05
INDUSTRIA,-38.05
TRADER,-67.91
INDUSTRIA,-33.18
TRADER,-34.38
INDUSTRIA,-2.5
TRADER,-35.1
TRADER,-35.84
REFINERIA,-36.63
INDUSTRIA,-26.49
REFINERIA,-21.96
REFINERIA,-9.47
TRADER,-34.34
REFINERIA,-29.38
TRADER,-38.23
TRADER,-48.56
TRADER,-6.65
REFINERIA,-15.46
INDUSTRIA,-32.89
INDUSTRIA,-69.08
TRADER,-16.06
INDUSTRIA,-28.19
TRADER,-51.88
REFINERIA,-36.87
REFINERIA,-33.83
REFINERIA,-21.0
REFINERIA,-55.23
INDUSTRIA,-38.2
REFINERIA,-46.7
TRADER,-5.78
INDUSTRIA,-32.96
REFINERIA,-19.66
INDUSTRIA,-48.51
REFINERIA,-13.82
REFINERIA,-49.83
INDUSTRIA,-14.91
INDUSTRIA,-34.17
REFINERIA,-24.71
TRADER,-35.59
TRADER,-22.52
TRADER,-88.07
TRADER,-37.86
TRADER,-14.35
REFINERIA,-37.54
REFINERIA,-33.66
INDUSTRIA,-11.88
TRADER,-26.98
INDUSTRIA,-34.25
INDUSTRIA,-15.26
TRADER,-41.4
TRADER,-44.7
REFINERIA,-13.26
REFINERIA,-47.41
REFINERIA,-28.27
TRADER,-21.88
REFINERIA,-39.89
INDUSTRIA,-50.2
REFINERIA,-21.06
REFINERIA,-42.4
REFINERIA,-49.05
TRADER,-23.44
REFINERIA,-21.72
TRADER,-47.47
REFINERIA,-8.25
INDUSTRIA,-50.56
TRADER,-30.44
INDUSTRIA,-33.29
TRADER,-15.21
REFINERIA,4.2
INDUSTRIA,-17.98
INDUSTRIA,-34.51
INDUSTRIA,-30.69
INDUSTRIA,-39.92
TRADER,-10.16
REFINERIA,-27.2
REFINERIA,-4.05
TRADER,-28.47
REFINERIA,-50.1
TRADER,-41.45
INDUSTRIA,-37.55
REFINERIA,-45.53
TRADER,-23.93
TRADER,-34.61
REFINERIA,-38.13
INDUSTRIA,-8.75
TRADER,-35.26
INDUSTRIA,-45.68
INDUSTRIA,-7.95
REFINERIA,-8.24
TRADER,-28.41
TRADER,-33.32
TRADER,-24.41
INDUSTRIA,-30.16
REFINERIA,-41.98
REFINERIA,-38.53
REFINERIA,-51.66
INDUSTRIA,-27.15
REFINERIA,-13.56
TRADER,-34.45
REFINERIA,-25.59
TRADER,-27.47
INDUSTRIA,-75.54
INDUSTRIA,-42.04
TRADER,-23.08
INDUSTRIA,-50.82
REFINERIA,-38.61
REFINERIA,-5.92
REFINERIA,-55.82
REFINERIA,-30.09
REFINERIA,-57.14
REFINERIA,-31.15
INDUSTRIA,-34.54
REFINERIA,-25.46
TRADER,-38.68
TRADER,-16.02
TRADER,-12.52
TRADER,-50.47
TRADER,-27.98
TRADER,-38.73
TRADER,-45.09
INDUSTRIA,-11.47
TRADER,-43.86
TRADER,-26.91
REFINERIA,-42.13
REFINERIA,-39.77
INDUSTRIA,-32.63
INDUSTRIA,-31.21
TRADER,-33.38
TRADER,-16.37
TRADER,-22.13
INDUSTRIA,-21.99
REFINERIA,-34.49
INDUSTRIA,-15.08
REFINERIA,-48.39
INDUSTRIA,-53.32
INDUSTRIA,2.97
TRADER,0.44
REFINERIA,-24.95
REFINERIA,-22.87
REFINERIA,-38.62
TRADER,-11.17
TRADER,-11.42
TRADER,-6.79
INDUSTRIA,-50.03
INDUSTRIA,-41.58
TRADER,-22.98
TRADER,-7.93
INDUSTRIA,-41.65
REFINERIA,-26.1
REFINERIA,-25.59
TRADER,-38.98
REFINERIA,-14.09
REFINERIA,-65.02
REFINERIA,-33.71
TRADER,-28.26
TRADER,-21.77
REFINERIA,-15.8
TRADER,-34.77
REFINERIA,-41.52
INDUSTRIA,-29.08
TRADER,-14.06
REFINERIA,-41.64
REFINERIA,-56.1
REFINERIA,-9.06
REFINERIA,-20.31
TRADER,-47.32
TRADER,-2.81
REFINERIA,-33.21
INDUSTRIA,-29.38
INDUSTRIA,-9.12
TRADER,-12.9
INDUSTRIA,-40.96
TRADER,-13.97
INDUSTRIA,-6.6
INDUSTRIA,1.35
INDUSTRIA,-21.43
INDUSTRIA,-23.41
REFINERIA,-48.23
INDUSTRIA,-47.52
TRADER,-25.26
INDUSTRIA,-36.08
INDUSTRIA,-37.14
REFINERIA,-48.46
INDUSTRIA,-61.15
INDUSTRIA,-38.53
TRADER,-9.84
INDUSTRIA,-41.08
INDUSTRIA,-55.82
INDUSTRIA,-46.54
TRADER,-20.9
REFINERIA,-35.88
INDUSTRIA,-37.83
REFINERIA,-39.55
TRADER,-2.05
REFINERIA,-36.73
REFINERIA,-24.43
INDUSTRIA,-48.26
REFINERIA,-26.21
TRADER,-1.23
REFINERIA,-48.78
TRADER,-50.44
INDUSTRIA,-19.48
TRADER,-29.49
REFINERIA,-22.97
REFINERIA,-16.79
TRADER,-31.29
TRADER,-23.47
INDUSTRIA,-30.15
INDUSTRIA,-21.39
REFINERIA,-34.4
REFINERIA,-16.75
TRADER,-46.16
REFINERIA,-12.17
REFINERIA,-40.44
INDUSTRIA,-18.82
TRADER,-8.9
REFINERIA,-1.3
INDUSTRIA,-24.65
TRADER,-41.02
REFINERIA,-17.23
TRADER,-19.19
INDUSTRIA,-34.89
INDUSTRIA,-28.87
REFINERIA,-29.08
INDUSTRIA,-27.5
TRADER,-37.74
TRADER,-24.0
TRADER,-33.95
TRADER,-16.39
TRADER,-31.17
INDUSTRIA,-42.71
INDUSTRIA,-14.63
TRADER,-30.01
REFINERIA,-31.53
REFINERIA,-26.41
REFINERIA,-32.34
REFINERIA,-20.3
TRADER,-43.19
INDUSTRIA,-48.36
INDUSTRIA,-5.84
INDUSTRIA,-44.68
INDUSTRIA,-1.7
REFINERIA,-23.3
TRADER,-22.55
INDUSTRIA,-47.02
INDUSTRIA,-35.72
REFINERIA,6.0
REFINERIA,-37.36
TRADER,-26.37
TRADER,-44.24
INDUSTRIA,-38.98
TRADER,-51.41
REFINERIA,-27.64
REFINERIA,-32.31
REFINERIA,-28.64
INDUSTRIA,-24.36
REFINERIA,-30.21
TRADER,-28.66
REFINERIA,-35.06
INDUSTRIA,-53.16
REFINERIA,-10.93
INDUSTRIA,-46.1
INDUSTRIA,-35.5
INDUSTRIA,-20.67
TRADER,-51.01
TRADER,-40.59
REFINERIA,-40.82
INDUSTRIA,-41.56
TRADER,-11.56
REFINERIA,0.86
TRADER,-28.2
TRADER,-41.03
INDUSTRIA,-50.25
REFINERIA,-49.32
INDUSTRIA,-10.34
TRADER,-6.2
REFINERIA,-39.42
TRADER,0.69
INDUSTRIA,-38.04
TRADER,-14.46
INDUSTRIA,2.54
TRADER,-23.0
INDUSTRIA,-29.61
TRADER,-14.93
INDUSTRIA,-7.92
REFINERIA,-25.0
INDUSTRIA,-43.05
INDUSTRIA,-33.34
REFINERIA,-28.86
TRADER,-33.4
INDUSTRIA,-48.6
TRADER,-37.03
REFINERIA,-21.09
REFINERIA,-26.74
TRADER,-43.71
REFINERIA,-17.59
REFINERIA,-34.81
REFINERIA,-41.17
INDUSTRIA,-19.6
TRADER,-14.68
TRADER,-35.34
INDUSTRIA,-28.54
REFINERIA,-34.36
REFINERIA,-18.15
INDUSTRIA,-54.89
REFINERIA,-35.95
REFINERIA,-32.19
INDUSTRIA,-50.63
REFINERIA,-52.34
REFINERIA,-56.14
REFINERIA,7.96
TRADER,-21.9
TRADER,-3.16
REFINERIA,-44.96
INDUSTRIA,-28.45
INDUSTRIA,-16.77
INDUSTRIA,-51.32
TRADER,-32.47
TRADER,-13.67
INDUSTRIA,-35.57
REFINERIA,7.96
INDUSTRIA,-24.4
REFINERIA,-28.88
REFINERIA,-50.26
REFINERIA,-30.96
INDUSTRIA,-51.38
REFINERIA,-26.49
INDUSTRIA,-46.2
REFINERIA,-38.31
REFINERIA,-15.72
REFINERIA,-24.99
REFINERIA,-53.0
REFINERIA,-17.22
INDUSTRIA,-43.48
INDUSTRIA,-27.7
TRADER,-48.9
INDUSTRIA,-14.5
INDUSTRIA,-57.11
REFINERIA,-27.89
REFINERIA,-3.94
REFINERIA,-7.75
REFINERIA,-38.53
TRADER,-25.1
REFINERIA,-28.35
REFINERIA,-29.06
REFINERIA,-36.48
REFINERIA,-23.82
INDUSTRIA,-0.68
REFINERIA,-36.7
INDUSTRIA,-35.89
TRADER,-45.72
INDUSTRIA,-37.41
INDUSTRIA,-23.63
TRADER,-51.3
INDUSTRIA,-39.33
INDUSTRIA,-32.54
REFINERIA,-49.2
INDUSTRIA,-18.93
TRADER,-13.56
INDUSTRIA,-22.54
REFINERIA,-31.83
REFINERIA,-44.51
INDUSTRIA,-35.94
REFINERIA,-17.97
INDUSTRIA,-20.09
INDUSTRIA,-10.39
TRADER,-62.53
INDUSTRIA,-21.04
REFINERIA,-37.89
INDUSTRIA,-12.24
TRADER,-42.99
REFINERIA,-46.63
INDUSTRIA,-49.43
REFINERIA,-26.11
INDUSTRIA,-39.8
INDUSTRIA,-38.07
REFINERIA,-35.22
INDUSTRIA,-24.2
INDUSTRIA,-32.96
INDUSTRIA,-17.55
INDUSTRIA,-38.43
REFINERIA,19.37
INDUSTRIA,-18.64
REFINERIA,-25.02
TRADER,-24.1
TRADER,-28.62
INDUSTRIA,-35.93
REFINERIA,-52.12
REFINERIA,-29.19
REFINERIA,-25.72
TRADER,-47.96
INDUSTRIA,-35.68
INDUSTRIA,-32.58
TRADER,-34.54
REFINERIA,-22.61
INDUSTRIA,-25.07
REFINERIA,-11.07
REFINERIA,-35.35
TRADER,-42.63
REFINERIA,-13.3
TRADER,-4.62
INDUSTRIA,-41.61
REFINERIA,-42.89
INDUSTRIA,-8.35
INDUSTRIA,-39.03
TRADER,-4.36
TRADER,-31.92
TRADER,-16.63
TRADER,-56.76
INDUSTRIA,-36.17
INDUSTRIA,-47.1
TRADER,-31.41
INDUSTRIA,-16.7
REFINERIA,-37.96
REFINERIA,-35.22
REFINERIA,-38.26
REFINERIA,-13.45
REFINERIA,-39.49
INDUSTRIA,-6.79
REFINERIA,-45.64
INDUSTRIA,-42.61
INDUSTRIA,-47.99
REFINERIA,-25.21
REFINERIA,-29.23
TRADER,-30.42
INDUSTRIA,-7.38
INDUSTRIA,-31.34
REFINERIA,-35.88
REFINERIA,-6.19
TRADER,-50.01
REFINERIA,-4.71
REFINERIA,-30.12
INDUSTRIA,-6.37
INDUSTRIA,-38.92
TRADER,-6.95
INDUSTRIA,-4.96
INDUSTRIA,-32.69
TRADER,-22.19
REFINERIA,-26.93
INDUSTRIA,-42.42
INDUSTRIA,-0.89
TRADER,-61.49
REFINERIA,-20.73
INDUSTRIA,-11.95
INDUSTRIA,4.05
REFINERIA,-24.94
REFINERIA,-25.43
TRADER,-24.99
TRADER,-5.62
TRADER,-23.17
REFINERIA,-31.86
TRADER,-6.0
INDUSTRIA,-31.14
TRADER,-39.54
TRADER,-43.41
REFINERIA,-18.81
TRADER,-22.46
REFINERIA,-18.98
INDUSTRIA,-5.41
INDUSTRIA,-46.81
INDUSTRIA,-36.52
REFINERIA,-3.81
TRADER,-37.61
REFINERIA,-47.53
INDUSTRIA,-48.62
REFINERIA,-52.25
TRADER,-15.06
REFINERIA,-41.31
REFINERIA,-15.76
INDUSTRIA,-21.43
INDUSTRIA,-34.57
TRADER,-43.93
TRADER,-10.44
TRADER,-43.28
INDUSTRIA,-11.77
TRADER,-16.08
INDUSTRIA,-47.19
TRADER,-37.34
REFINERIA,-24.8
TRADER,-9.38
INDUSTRIA,-40.93
REFINERIA,-42.99
TRADER,-52.91
INDUSTRIA,-40.03
TRADER,-37.92
INDUSTRIA,-15.55
REFINERIA,-21.96
TRADER,-21.22
INDUSTRIA,-10.84
REFINERIA,-27.77
INDUSTRIA,-55.01
TRADER,-27.21
INDUSTRIA,-18.74
TRADER,-36.83
TRADER,-34.34
TRADER,-12.18
INDUSTRIA,-2.76
TRADER,-35.94
REFINERIA,-36.11
TRADER,-58.47
TRADER,-35.53
TRADER,-63.67
TRADER,-33.46
REFINERIA,-11.8
TRADER,-23.4
INDUSTRIA,-16.28
REFINERIA,-28.77
REFINERIA,-20.78
REFINERIA,-47.09
INDUSTRIA,-20.62
TRADER,-31.29
REFINERIA,-39.71
INDUSTRIA,-29.15
INDUSTRIA,-58.13
REFINERIA,-42.59
REFINERIA,-46.53
TRADER,-0.02
INDUSTRIA,-20.91
REFINERIA,-37.55
INDUSTRIA,-32.21
TRADER,-16.61
TRADER,-43.77
INDUSTRIA,-39.85
INDUSTRIA,-16.97
REFINERIA,-37.23
INDUSTRIA,-26.77
INDUSTRIA,-44.63
INDUSTRIA,-35.55
REFINERIA,-27.24
TRADER,-15.47
TRADER,-58.32
INDUSTRIA,-53.63
REFINERIA,-41.19
INDUSTRIA,-27.49
INDUSTRIA,-9.8
TRADER,-36.09
TRADER,-15.37
INDUSTRIA,-13.13
REFINERIA,-35.92
TRADER,-16.97
INDUSTRIA,-17.14
REFINERIA,-33.73
REFINERIA,-25.4
TRADER,-33.63
INDUSTRIA,-30.1
INDUSTRIA,-47.72
TRADER,-32.78
INDUSTRIA,-33.06
INDUSTRIA,-23.73
REFINERIA,-24.32
INDUSTRIA,-6.41
INDUSTRIA,-5.35
TRADER,-30.9
TRADER,-68.25
INDUSTRIA,-21.0
INDUSTRIA,-24.89
INDUSTRIA,-60.72
TRADER,-39.15
INDUSTRIA,-44.41
REFINERIA,-7.76
TRADER,-48.86
REFINERIA,-19.87
REFINERIA,-9.72
INDUSTRIA,-43.0
REFINERIA,-19.76
REFINERIA,-41.79
TRADER,-31.38
INDUSTRIA,-19.41
INDUSTRIA,-41.42
INDUSTRIA,-45.52
REFINERIA,-15.1
TRADER,-44.02
TRADER,-44.63
INDUSTRIA,-57.57
TRADER,-29.59
TRADER,-19.43
TRADER,1.76
REFINERIA,-18.11
REFINERIA,-28.59
INDUSTRIA,-39.06
TRADER,-41.19
REFINERIA,-13.38
REFINERIA,-23.74
TRADER,-7.42
REFINERIA,-38.64
INDUSTRIA,-19.61
TRADER,-33.7
INDUSTRIA,-21.15
TRADER,-37.03
INDUSTRIA,-21.41
TRADER,-52.08
REFINERIA,-32.07
REFINERIA,-31.48
INDUSTRIA,-50.78
TRADER,-36.16
REFINERIA,-66.95
TRADER,-50.94
REFINERIA,-8.33
TRADER,8.4
TRADER,-30.38
TRADER,-17.66
TRADER,-42.6
INDUSTRIA,-33.44
INDUSTRIA,-43.72
INDUSTRIA,-39.19
TRADER,-15.98
TRADER,-37.58
TRADER,-55.92
REFINERIA,-50.77
REFINERIA,-56.75
REFINERIA,-54.87
REFINERIA,-40.26
INDUSTRIA,-35.55
REFINERIA,-42.28
TRADER,-21.18
INDUSTRIA,-22.81
REFINERIA,-43.04
INDUSTRIA,-24.7
TRADER,-17.23
TRADER,-15.39
INDUSTRIA,-31.33
REFINERIA,-58.52
REFINERIA,-12.04
REFINERIA,-39.47
TRADER,-36.16
REFINERIA,-27.55
TRADER,-32.18
REFINERIA,-45.38
REFINERIA,-18.99
REFINERIA,-22.22
TRADER,-26.16
INDUSTRIA,-18.36
INDUSTRIA,-16.91
REFINERIA,-46.09
INDUSTRIA,-50.07
INDUSTRIA,-31.5
REFINERIA,-28.39
TRADER,-34.87
REFINERIA,-31.93
REFINERIA,-47.05
TRADER,-29.76
INDUSTRIA,-34.41
REFINERIA,-19.23
REFINERIA,-52.93
TRADER,-36.35
TRADER,-55.54
INDUSTRIA,-21.95
INDUSTRIA,-60.65
TRADER,-49.84
REFINERIA,-35.74
REFINERIA,-45.41
TRADER,-26.96
REFINERIA,-32.83
INDUSTRIA,-13.2
REFINERIA,-11.89
INDUSTRIA,-36.51
TRADER,-36.99
INDUSTRIA,-72.01
REFINERIA,-21.39
INDUSTRIA,-8.16
TRADER,-46.69
REFINERIA,-50.7
REFINERIA,-40.15
INDUSTRIA,-13.26
REFINERIA,-52.09
INDUSTRIA,-22.08
REFINERIA,-22.95
REFINERIA,-17.94
REFINERIA,-35.77
REFINERIA,-49.45
REFINERIA,-16.14
REFINERIA,-36.82
REFINERIA,-48.19
INDUSTRIA,-37.23
REFINERIA,-39.63
TRADER,-9.76
REFINERIA,-65.58
REFINERIA,-33.08
TRADER,-52.24
REFINERIA,-40.5
INDUSTRIA,-33.61
REFINERIA,-44.88
REFINERIA,-45.44
TRADER,-12.26
INDUSTRIA,-19.25
REFINERIA,-23.56
INDUSTRIA,-29.3
TRADER,-21.62
INDUSTRIA,-35.87
REFINERIA,-31.11
REFINERIA,-23.29
TRADER,-24.94
INDUSTRIA,3.9
TRADER,-9.96
REFINERIA,-38.13
INDUSTRIA,-13.5
TRADER,-8.84
TRADER,-46.11
INDUSTRIA,-30.96
TRADER,-19.77
REFINERIA,-24.14
REFINERIA,-62.25
REFINERIA,-40.47
TRADER,-44.24
TRADER,-48.82
INDUSTRIA,18.03
REFINERIA,-28.34
TRADER,-36.87
REFINERIA,-24.17
TRADER,-52.34
REFINERIA,-50.86
INDUSTRIA,-57.72
REFINERIA,-30.92
TRADER,-27.47
REFINERIA,-10.34
REFINERIA,-33.85
INDUSTRIA,-27.4
INDUSTRIA,-27.71
INDUSTRIA,-31.58
TRADER,-31.54
REFINERIA,-14.14
TRADER,-19.27
INDUSTRIA,-27.36
INDUSTRIA,-31.96
INDUSTRIA,-22.27
REFINERIA,-47.99
REFINERIA,-14.32
TRADER,-10.92
INDUSTRIA,-19.41
TRADER,-23.8
INDUSTRIA,-16.67
TRADER,-25.26
TRADER,-15.23
REFINERIA,-13.36
REFINERIA,-35.8
REFINERIA,-36.68
INDUSTRIA,-39.0
INDUSTRIA,-26.92
INDUSTRIA,-58.25
REFINERIA,-46.36
INDUSTRIA,-5.62
INDUSTRIA,-42.35
INDUSTRIA,-27.79
TRADER,-32.47
TRADER,-30.35
TRADER,-27.3
INDUSTRIA,-42.26
TRADER,-43.96
REFINERIA,-11.1
REFINERIA,-18.44
TRADER,-9.84
REFINERIA,-25.57
TRADER,-31.32
REFINERIA,-34.0
REFINERIA,-36.39
TRADER,-25.75
REFINERIA,-6.14
TRADER,-23.26
REFINERIA,-52.48
TRADER,-66.42
TRADER,-42.43
INDUSTRIA,-32.63
REFINERIA,-30.83
REFINERIA,-32.32
INDUSTRIA,-10.02
INDUSTRIA,-18.34
INDUSTRIA,-20.74
REFINERIA,-44.51
INDUSTRIA,-29.34
INDUSTRIA,-13.16
REFINERIA,-43.43
TRADER,-27.69
INDUSTRIA,-36.79
INDUSTRIA,-27.82
INDUSTRIA,-21.65
TRADER,-28.9
TRADER,-27.13
INDUSTRIA,-9.28
TRADER,-32.58
TRADER,-20.21
INDUSTRIA,-32.75
TRADER,-37.29
REFINERIA,-31.76
REFINERIA,-24.12
INDUSTRIA,-26.11
REFINERIA,-18.48
TRADER,-20.77
TRADER,-63.96
TRADER,-40.24
REFINERIA,-6.88
INDUSTRIA,-26.17
INDUSTRIA,-28.87
TRADER,-28.54
INDUSTRIA,-36.07
REFINERIA,-21.76
INDUSTRIA,-46.35
TRADER,-40.51
INDUSTRIA,-52.55
REFINERIA,-29.61
REFINERIA,-53.22
TRADER,-16.62
TRADER,-21.79
TRADER,-29.63
INDUSTRIA,-72.85
INDUSTRIA,-39.31
INDUSTRIA,-20.24
REFINERIA,-38.56
INDUSTRIA,-51.01
REFINERIA,-35.63
TRADER,-17.94
TRADER,-14.66
REFINERIA,-42.53
TRADER,-16.72
REFINERIA,-30.61
REFINERIA,-0.64
TRADER,-49.27
INDUSTRIA,-22.72
TRADER,-47.83
INDUSTRIA,-6.08
REFINERIA,-21.89
REFINERIA,-37.53
REFINERIA,-26.55
TRADER,-9.78
TRADER,-25.19
INDUSTRIA,-24.14
INDUSTRIA,-5.11
TRADER,-52.28
TRADER,-21.26
INDUSTRIA,-28.47
TRADER,-51.05
REFINERIA,-19.59
INDUSTRIA,-5.86
REFINERIA,-1.48
INDUSTRIA,-26.1
INDUSTRIA,-32.69
REFINERIA,-38.5
TRADER,-31.0
TRADER,-32.99
REFINERIA,-32.32
INDUSTRIA,-6.39
TRADER,-32.93
INDUSTRIA,-28.08
TRADER,-15.11
TRADER,-47.59
TRADER,-20.48
INDUSTRIA,-17.17
REFINERIA,-23.88
TRADER,-40.17
INDUSTRIA,-37.15
TRADER,-27.45
INDUSTRIA,-16.22
REFINERIA,-37.04
REFINERIA,-28.06
REFINERIA,-22.07
REFINERIA,-33.88
INDUSTRIA,-60.2
TRADER,-1.36
INDUSTRIA,-37.92
REFINERIA,-59.91
TRADER,-33.88
INDUSTRIA,-28.1
TRADER,-41.04
REFINERIA,-20.38
REFINERIA,-53.64
REFINERIA,-9.03
TRADER,-29.74
INDUSTRIA,-4.88
TRADER,-8.03
INDUSTRIA,-46.64
INDUSTRIA,-13.0
REFINERIA,-45.82
TRADER,-26.97
INDUSTRIA,-38.24
TRADER,-24.24
TRADER,-54.96
TRADER,-48.05
TRADER,-29.29
REFINERIA,-31.76
INDUSTRIA,-29.68
TRADER,-13.68
TRADER,-18.92
INDUSTRIA,-15.32
REFINERIA,-11.78
TRADER,-28.65
REFINERIA,-25.66
TRADER,-13.65
TRADER,-50.04
TRADER,-30.71
INDUSTRIA,-26.04
INDUSTRIA,-20.1
TRADER,-32.48
TRADER,-45.22
REFINERIA,-35.1
TRADER,-33.57
TRADER,-27.11
TRADER,-66.31
INDUSTRIA,-44.96
INDUSTRIA,-35.56
REFINERIA,-23.12
TRADER,6.74
REFINERIA,-35.32
TRADER,-21.78
TRADER,-32.29
INDUSTRIA,-42.97
REFINERIA,-21.78
TRADER,-21.7
TRADER,-42.72
TRADER,-41.76
TRADER,-33.25
REFINERIA,-49.3
TRADER,-25.42
INDUSTRIA,-21.98
INDUSTRIA,-41.01
TRADER,-29.43
TRADER,-49.56
TRADER,-8.85
TRADER,-41.22
REFINERIA,-12.26
REFINERIA,-32.24
TRADER,-43.11
REFINERIA,-19.61
REFINERIA,-26.8
INDUSTRIA,-21.53
TRADER,-25.62
REFINERIA,-46.0
INDUSTRIA,-37.25
TRADER,-9.04
TRADER,-28.31
REFINERIA,-48.63
INDUSTRIA,-14.53
REFINERIA,-12.04
TRADER,-38.51
REFINERIA,-8.2
INDUSTRIA,-41.07
TRADER,-70.24
REFINERIA,-33.13
REFINERIA,-48.07
INDUSTRIA,-32.55
REFINERIA,-17.84
REFINERIA,-20.23
REFINERIA,-13.65
INDUSTRIA,-34.45
REFINERIA,-30.2
REFINERIA,-24.16
TRADER,-18.76
REFINERIA,-41.75
REFINERIA,-48.49
TRADER,-24.02
INDUSTRIA,-24.29
TRADER,-38.66
TRADER,-30.93
REFINERIA,-42.98
REFINERIA,-31.69
INDUSTRIA,-15.48
REFINERIA,-41.81
INDUSTRIA,-23.97
INDUSTRIA,-37.67
REFINERIA,-32.44
REFINERIA,-14.54
INDUSTRIA,-28.91
TRADER,-30.06
TRADER,-4.61
INDUSTRIA,-40.75
TRADER,-26.47
REFINERIA,-35.71
TRADER,-33.48
REFINERIA,-41.74
INDUSTRIA,-49.67
REFINERIA,-44.4
INDUSTRIA,-7.15
INDUSTRIA,-45.61
TRADER,-39.77
INDUSTRIA,-44.26
TRADER,-26.81
TRADER,-56.05
TRADER,-11.1
REFINERIA,-30.21
TRADER,-19.15
TRADER,-25.13
REFINERIA,-3.83
INDUSTRIA,-22.58
REFINERIA,-14.03
TRADER,-26.25
INDUSTRIA,-38.41
INDUSTRIA,-17.75
INDUSTRIA,-47.75
REFINERIA,-44.04
REFINERIA,-29.49
INDUSTRIA,-42.63
INDUSTRIA,-30.93
INDUSTRIA,-67.66
TRADER,-28.44
REFINERIA,-9.06
TRADER,-12.9
INDUSTRIA,-47.08
REFINERIA,-28.81
TRADER,-21.14
REFINERIA,-45.21
REFINERIA,-27.73
TRADER,-34.52
REFINERIA,-53.16
REFINERIA,-63.17
TRADER,-53.09
REFINERIA,-56.09
REFINERIA,-17.8
INDUSTRIA,-10.79
INDUSTRIA,-46.06
TRADER,-22.65
REFINERIA,-14.49
REFINERIA,-23.04
TRADER,-45.74
TRADER,-28.04
REFINERIA,-30.65
REFINERIA,-38.81
INDUSTRIA,-41.67
TRADER,-29.26
TRADER,-20.33
TRADER,-28.29
TRADER,-29.8
TRADER,-62.33
REFINERIA,-7.32
REFINERIA,-39.01
INDUSTRIA,-61.68
TRADER,-39.63
REFINERIA,-37.01
TRADER,-29.49
TRADER,-38.67
INDUSTRIA,-19.15
REFINERIA,-31.18
TRADER,-48.82
TRADER,8.09
REFINERIA,-28.15
INDUSTRIA,-34.52
INDUSTRIA,-46.23
INDUSTRIA,5.83
TRADER,-21.4
REFINERIA,6.79
TRADER,-18.98
REFINERIA,-32.23
REFINERIA,-40.35
REFINERIA,-14.16
TRADER,-31.34
REFINERIA,-16.15
INDUSTRIA,-33.27
REFINERIA,-32.93
INDUSTRIA,-13.63
INDUSTRIA,-17.02
TRADER,-24.75
REFINERIA,-27.58
INDUSTRIA,-50.03
REFINERIA,-37.8
TRADER,-17.61
INDUSTRIA,-11.4
REFINERIA,-31.23
INDUSTRIA,-36.45
REFINERIA,-16.52
TRADER,-23.35
REFINERIA,-34.07
TRADER,-23.99
REFINERIA,-13.99
TRADER,-29.54
INDUSTRIA,-39.14
TRADER,-19.98
TRADER,-9.07
TRADER,-20.76
TRADER,3.67
REFINERIA,-35.01
INDUSTRIA,-39.16
TRADER,-47.14
TRADER,-25.37
INDUSTRIA,5.44
TRADER,-23.61
REFINERIA,-31.21
TRADER,-31.2
TRADER,-46.0
REFINERIA,-20.25
INDUSTRIA,-23.45
REFINERIA,-27.29
INDUSTRIA,-41.84
TRADER,-59.96
INDUSTRIA,9.01
REFINERIA,-22.69
REFINERIA,-9.58
TRADER,-6.82
INDUSTRIA,-35.99
INDUSTRIA,-41.24
TRADER,-44.04
INDUSTRIA,-35.89
INDUSTRIA,-3.76
REFINERIA,-53.46
INDUSTRIA,-21.35
REFINERIA,-3.26
REFINERIA,-29.87
TRADER,-40.11
REFINERIA,-14.15
TRADER,-38.22
REFINERIA,-31.86
TRADER,-33.9
TRADER,-21.91
REFINERIA,-38.16
INDUSTRIA,-20.88
TRADER,-30.84
INDUSTRIA,-41.42
REFINERIA,-54.21
TRADER,-21.4
INDUSTRIA,-34.9
TRADER,-29.76
INDUSTRIA,-51.13
INDUSTRIA,-18.8
INDUSTRIA,-20.72
INDUSTRIA,-5.23
TRADER,-33.75
TRADER,-25.1
REFINERIA,-16.09
INDUSTRIA,-39.68
TRADER,16.27
REFINERIA,-31.52
TRADER,-44.52
REFINERIA,-53.93
REFINERIA,-39.86
TRADER,-22.29
REFINERIA,-9.72
TRADER,-15.99
INDUSTRIA,-50.54
REFINERIA,-46.78
REFINERIA,-15.84
REFINERIA,-17.93
INDUSTRIA,-13.43
REFINERIA,-22.54
REFINERIA,-9.14
INDUSTRIA,-30.11
INDUSTRIA,-23.73
TRADER,-27.98
INDUSTRIA,-29.3
TRADER,-64.6
REFINERIA,-15.02
INDUSTRIA,-6.91
REFINERIA,-13.64
TRADER,-42.34
REFINERIA,-21.26
REFINERIA,-44.51
INDUSTRIA,-49.47
INDUSTRIA,-34.56
REFINERIA,-40.44
TRADER,-56.83
REFINERIA,-21.05
REFINERIA,-47.96
INDUSTRIA,-25.37
TRADER,-7.87
TRADER,-38.41
INDUSTRIA,-33.46
INDUSTRIA,-17.4
INDUSTRIA,-22.19
TRADER,-28.47
INDUSTRIA,-35.94
TRADER,-6.06
REFINERIA,-49.24
TRADER,-34.86
INDUSTRIA,-35.43
INDUSTRIA,-39.45
INDUSTRIA,-48.91
TRADER,-42.56
INDUSTRIA,-20.17
INDUSTRIA,-13.57
TRADER,-33.41
REFINERIA,-30.33
TRADER,-21.82
TRADER,-20.81
REFINERIA,-29.6
REFINERIA,-54.05
TRADER,-35.72
INDUSTRIA,9.46
INDUSTRIA,-31.93
TRADER,-58.36
TRADER,-27.03
REFINERIA,-24.54
REFINERIA,-17.29
REFINERIA,-46.79
REFINERIA,-42.15
TRADER,-16.53
TRADER,-29.01
REFINERIA,-17.65
INDUSTRIA,-22.93
TRADER,-30.51
INDUSTRIA,-59.24
REFINERIA,-28.7
REFINERIA,-49.55
TRADER,-23.62
INDUSTRIA,3.84
TRADER,-46.55
TRADER,-8.2
REFINERIA,-27.7
REFINERIA,-8.29
REFINERIA,-33.44
INDUSTRIA,-46.38
TRADER,-8.29
REFINERIA,-38.51
REFINERIA,-44.95
REFINERIA,-30.49
REFINERIA,-20.99
TRADER,-1.38
TRADER,-22.67
TRADER,-47.39
TRADER,-21.65
INDUSTRIA,-26.09
INDUSTRIA,-45.42
TRADER,-11.73
INDUSTRIA,-14.82
INDUSTRIA,-7.8
INDUSTRIA,-27.66
REFINERIA,-50.84
REFINERIA,-59.38
INDUSTRIA,-42.31
REFINERIA,-35.04
INDUSTRIA,-50.57
REFINERIA,-48.64
TRADER,-41.39
TRADER,-8.18
INDUSTRIA,2.91
INDUSTRIA,-21.43
TRADER,-61.65
REFINERIA,-32.35
REFINERIA,-34.37
REFINERIA,-33.93
REFINERIA,-20.71
TRADER,-47.45
REFINERIA,-31.45
REFINERIA,-18.36
TRADER,-40.5
TRADER,-41.8
REFINERIA,-48.71
REFINERIA,-24.2
REFINERIA,-63.11
REFINERIA,-22.54
INDUSTRIA,-18.5
INDUSTRIA,-36.6
REFINERIA,-50.42
REFINERIA,-35.05
INDUSTRIA,-12.11
REFINERIA,-8.63
REFINERIA,-47.6
TRADER,-19.57
INDUSTRIA,-4.56
TRADER,-39.69
TRADER,-10.1
REFINERIA,-60.86
REFINERIA,-6.36
INDUSTRIA,-26.87
REFINERIA,-16.52
TRADER,-50.15
REFINERIA,-18.09
TRADER,-43.81
TRADER,-46.82
TRADER,-27.58
REFINERIA,-31.66
INDUSTRIA,-48.49
TRADER,-52.4
REFINERIA,-19.16
TRADER,-16.05
INDUSTRIA,-23.24
REFINERIA,-22.51
TRADER,-6.36
INDUSTRIA,-26.54
INDUSTRIA,-22.88
TRADER,-27.24
INDUSTRIA,-14.51
INDUSTRIA,-28.7
TRADER,-38.33
TRADER,-38.18
TRADER,-42.96
REFINERIA,-40.76
INDUSTRIA,-24.63
TRADER,-57.8
REFINERIA,-25.62
REFINERIA,-22.75
INDUSTRIA,-33.98
REFINERIA,-46.94
REFINERIA,-27.09
TRADER,-6.22
REFINERIA,-16.27
TRADER,-19.67
REFINERIA,-27.72
REFINERIA,-14.74
TRADER,-80.79
REFINERIA,-25.96
TRADER,-2.49
INDUSTRIA,-41.33
REFINERIA,-49.07
REFINERIA,-51.56
TRADER,-51.74
TRADER,-39.04
INDUSTRIA,-41.9
INDUSTRIA,-22.63
INDUSTRIA,-21.41
REFINERIA,-18.99
TRADER,-33.26
TRADER,-32.88
TRADER,-42.79
TRADER,-21.06
TRADER,-2.42
REFINERIA,-36.94
REFINERIA,-10.01
REFINERIA,-25.22
TRADER,-25.14
TRADER,-4.07
INDUSTRIA,-20.65
TRADER,-25.74
REFINERIA,-11.52
REFINERIA,-16.07
INDUSTRIA,-44.13
INDUSTRIA,-45.03
TRADER,-48.19
INDUSTRIA,-29.58
INDUSTRIA,-38.96
INDUSTRIA,-18.12
REFINERIA,-11.08
INDUSTRIA,-24.67
TRADER,-16.41
TRADER,12.74
TRADER,-19.65
REFINERIA,-30.83
REFINERIA,-25.82
TRADER,-39.33
REFINERIA,-26.93
TRADER,-27.98
TRADER,-34.77
REFINERIA,-4.42
TRADER,-47.39
REFINERIA,-44.31
REFINERIA,-8.26
INDUSTRIA,-37.63
REFINERIA,-30.71
INDUSTRIA,-20.25
INDUSTRIA,-45.72
TRADER,-18.11
REFINERIA,-24.82
TRADER,-25.44
REFINERIA,-44.55
TRADER,-36.9
TRADER,-25.92
REFINERIA,-8.92
REFINERIA,-38.38
INDUSTRIA,-17.1
TRADER,-40.94
TRADER,-41.72
REFINERIA,-57.61
INDUSTRIA,-15.47
REFINERIA,-24.22
TRADER,-33.58
INDUSTRIA,-27.29
INDUSTRIA,-36.64
INDUSTRIA,-34.87
INDUSTRIA,-47.05
INDUSTRIA,-44.83
INDUSTRIA,-52.24
REFINERIA,-21.51
INDUSTRIA,-19.72
INDUSTRIA,-16.92
REFINERIA,-46.36
REFINERIA,-37.49
INDUSTRIA,-22.29
REFINERIA,-12.47
TRADER,-36.05
TRADER,-16.45
REFINERIA,-29.85
INDUSTRIA,1.45
INDUSTRIA,-44.74
REFINERIA,-36.39
REFINERIA,-29.28
INDUSTRIA,-30.62
TRADER,18.22
INDUSTRIA,-48.02
REFINERIA,-35.81
TRADER,-38.56
REFINERIA,-38.23
REFINERIA,-33.95
INDUSTRIA,-35.87
TRADER,-34.4
REFINERIA,-40.87
INDUSTRIA,-53.57
INDUSTRIA,-29.19
INDUSTRIA,-42.21
REFINERIA,-21.31
REFINERIA,-20.54
TRADER,-63.98
INDUSTRIA,-25.91
REFINERIA,-29.21
TRADER,-20.93
INDUSTRIA,-55.71
TRADER,-35.09
TRADER,-25.49
REFINERIA,-0.44
REFINERIA,-37.58
INDUSTRIA,-37.15
TRADER,-18.48
TRADER,-42.59
REFINERIA,-19.8
INDUSTRIA,3.65
INDUSTRIA,-25.79
TRADER,-16.24
INDUSTRIA,-45.4
TRADER,-42.23
REFINERIA,-25.87
REFINERIA,-57.15
INDUSTRIA,-24.25
REFINERIA,-23.82
INDUSTRIA,-26.52
TRADER,-38.11
INDUSTRIA,-25.13
TRADER,-24.29
INDUSTRIA,-60.92
TRADER,-18.76
REFINERIA,-10.98
REFINERIA,-50.17
REFINERIA,-44.77
INDUSTRIA,-30.74
TRADER,-11.83
INDUSTRIA,-28.98
TRADER,-21.64
TRADER,-36.0
INDUSTRIA,-41.48
REFINERIA,-24.86
TRADER,-27.42
REFINERIA,-21.96
TRADER,-45.85
REFINERIA,-30.24
REFINERIA,-41.81
TRADER,-6.75
REFINERIA,-14.43
REFINERIA,-43.87
REFINERIA,-33.52
TRADER,-51.51
REFINERIA,-70.82
REFINERIA,-25.32
INDUSTRIA,-48.37
REFINERIA,-50.5
TRADER,-51.7
INDUSTRIA,-45.6
REFINERIA,-21.11
TRADER,-26.24
INDUSTRIA,-11.76
TRADER,-16.83
REFINERIA,-30.49
REFINERIA,-32.48
TRADER,-52.38
TRADER,-63.76
INDUSTRIA,-21.02
TRADER,-49.35
REFINERIA,-26.41
REFINERIA,14.91
REFINERIA,-10.58
REFINERIA,-7.88
TRADER,-27.19
INDUSTRIA,-37.83
INDUSTRIA,-9.64
TRADER,-32.58
TRADER,-54.88
REFINERIA,-24.57
TRADER,-43.33
TRADER,-35.95
TRADER,-10.8
INDUSTRIA,-14.52
TRADER,-16.66
INDUSTRIA,-37.58
INDUSTRIA,-30.69
INDUSTRIA,-46.81
INDUSTRIA,-23.69
INDUSTRIA,-34.38
TRADER,-29.39
TRADER,-37.84
REFINERIA,-69.84
TRADER,-45.78
TRADER,-44.65
TRADER,-37.75
REFINERIA,-37.53
TRADER,-37.27
REFINERIA,-36.43
TRADER,-23.62
TRADER,-42.65
TRADER,-33.58
TRADER,-23.61
INDUSTRIA,-30.71
REFINERIA,-16.11
REFINERIA,-38.39
REFINERIA,-39.07
INDUSTRIA,-33.89
REFINERIA,-34.2
REFINERIA,-40.49
TRADER,-28.75
TRADER,-21.08
REFINERIA,-63.73
INDUSTRIA,-30.53
INDUSTRIA,-33.35
REFINERIA,-17.92
REFINERIA,-47.65
INDUSTRIA,-29.94
INDUSTRIA,-31.38
TRADER,-52.07
TRADER,-22.26
REFINERIA,-31.96
TRADER,-38.65
TRADER,-46.6
REFINERIA,-42.92
REFINERIA,-4.39
TRADER,-34.35
TRADER,-27.23
INDUSTRIA,-22.54
INDUSTRIA,-16.07
REFINERIA,-43.66
REFINERIA,-36.07
REFINERIA,-46.9
INDUSTRIA,-28.26
TRADER,-32.3
TRADER,7.47
REFINERIA,-10.09
INDUSTRIA,-11.75
TRADER,-28.05
TRADER,-19.84
TRADER,-5.43
REFINERIA,-53.27
INDUSTRIA,-34.96
INDUSTRIA,-42.21
INDUSTRIA,-20.77
TRADER,-11.11
REFINERIA,-28.09
INDUSTRIA,-30.51
INDUSTRIA,-40.33
REFINERIA,-56.64
TRADER,-33.7
REFINERIA,4.51
REFINERIA,-44.41
REFINERIA,-52.27
TRADER,-33.21
TRADER,-47.89
INDUSTRIA,-7.77
INDUSTRIA,-26.93
REFINERIA,-39.38
TRADER,-20.91
TRADER,-35.46
REFINERIA,-21.97
INDUSTRIA,-25.36
REFINERIA,-63.19
REFINERIA,-68.81
REFINERIA,-32.81
REFINERIA,-45.69
REFINERIA,-25.83
INDUSTRIA,5.69
TRADER,-19.39
TRADER,-22.19
REFINERIA,-11.93
TRADER,-9.92
REFINERIA,-37.16
TRADER,-5.3
TRADER,-2.59
TRADER,-15.07
INDUSTRIA,-59.77
TRADER,-34.45
INDUSTRIA,-11.34
INDUSTRIA,-52.88
TRADER,-3.67
TRADER,-13.49
TRADER,-16.24
REFINERIA,-47.98
INDUSTRIA,-40.33
REFINERIA,3.34
TRADER,-36.04
REFINERIA,-3.96
REFINERIA,-30.12
TRADER,-25.52
TRADER,-28.66
REFINERIA,-8.97
REFINERIA,-28.05
TRADER,-20.85
INDUSTRIA,-22.1
REFINERIA,-12.3
TRADER,-27.17
TRADER,-50.44
TRADER,-7.42
INDUSTRIA,-29.8
INDUSTRIA,-25.77
INDUSTRIA,-27.35
TRADER,-8.94
TRADER,-2.0
REFINERIA,-18.4
REFINERIA,-43.31
TRADER,-0.06
TRADER,-14.46
TRADER,-55.31
INDUSTRIA,-32.11
REFINERIA,-40.12
REFINERIA,-37.9
INDUSTRIA,-51.95
TRADER,-41.9
REFINERIA,-34.9
INDUSTRIA,-36.7
REFINERIA,-35.81
INDUSTRIA,-45.62
TRADER,-2.49
INDUSTRIA,-43.18
TRADER,-19.41
TRADER,-32.06
INDUSTRIA,-14.41
TRADER,-28.29
INDUSTRIA,-36.6
TRADER,-43.34
REFINERIA,-29.84
TRADER,-19.23
TRADER,-28.44
REFINERIA,-15.8
REFINERIA,-35.91
REFINERIA,-83.77
TRADER,-29.87
TRADER,-25.18
TRADER,-23.98
INDUSTRIA,-50.48
REFINERIA,-39.15
INDUSTRIA,-66.68
TRADER,-15.57
INDUSTRIA,-8.58
TRADER,-21.39
TRADER,-24.55
TRADER,-43.67
TRADER,-19.9
INDUSTRIA,-6.18
INDUSTRIA,-43.85
INDUSTRIA,-22.41
TRADER,-36.91
TRADER,-6.86
REFINERIA,-1.33
INDUSTRIA,-35.7
REFINERIA,-39.38
INDUSTRIA,-21.36
REFINERIA,-27.26
TRADER,-38.56
INDUSTRIA,-31.6
REFINERIA,-8.99
REFINERIA,-23.21
INDUSTRIA,-58.74
REFINERIA,-48.07
INDUSTRIA,-28.02
TRADER,-46.74
REFINERIA,-49.32
TRADER,-32.49
INDUSTRIA,-33.0
INDUSTRIA,-14.23
REFINERIA,-42.05
REFINERIA,-25.42
TRADER,-49.41
TRADER,-31.47
INDUSTRIA,-41.5
TRADER,14.81
REFINERIA,-45.2
TRADER,-37.91
INDUSTRIA,-14.34
TRADER,-17.9
TRADER,-24.56
INDUSTRIA,-42.73
INDUSTRIA,-31.05
REFINERIA,-29.36
TRADER,-22.48
INDUSTRIA,-29.12
INDUSTRIA,-3.07
INDUSTRIA,-10.73
TRADER,-7.94
TRADER,-7.43
INDUSTRIA,-41.55
INDUSTRIA,-15.92
INDUSTRIA,-18.9
REFINERIA,-25.44
REFINERIA,-44.43
TRADER,-30.93
INDUSTRIA,-48.73
REFINERIA,-23.16
REFINERIA,-24.59
TRADER,-69.89
INDUSTRIA,-43.85
INDUSTRIA,-31.49
INDUSTRIA,-41.54
REFINERIA,-10.89
TRADER,-33.18
INDUSTRIA,-43.97
INDUSTRIA,-22.96
INDUSTRIA,-1.05
REFINERIA,-34.74
INDUSTRIA,-29.66
INDUSTRIA,-26.5
INDUSTRIA,-55.14
TRADER,-28.53
INDUSTRIA,-30.61
REFINERIA,-39.6
REFINERIA,-19.51
TRADER,-11.72
REFINERIA,-51.87
INDUSTRIA,-36.4
INDUSTRIA,-15.17
INDUSTRIA,-48.92
INDUSTRIA,-36.23
INDUSTRIA,-32.44
INDUSTRIA,-23.91
REFINERIA,-23.98
INDUSTRIA,-17.53
TRADER,-35.74
REFINERIA,-50.85
REFINERIA,-37.91
TRADER,-43.19
TRADER,-13.13
TRADER,-28.87
REFINERIA,-11.59
INDUSTRIA,-48.58
REFINERIA,-30.44
REFINERIA,-43.66
REFINERIA,-43.66
TRADER,-38.85
INDUSTRIA,-25.41
REFINERIA,-34.57
TRADER,-34.86
REFINERIA,-6.02
REFINERIA,-34.61
INDUSTRIA,-16.14
INDUSTRIA,-42.06
INDUSTRIA,-10.18
TRADER,-12.44
REFINERIA,-76.2
INDUSTRIA,-34.61
INDUSTRIA,-46.55
INDUSTRIA,-20.04
REFINERIA,-15.35
INDUSTRIA,-28.59
TRADER,-13.83
INDUSTRIA,-23.23
TRADER,-39.7
TRADER,-27.87
INDUSTRIA,-33.35
TRADER,-10.92
TRADER,-52.79
TRADER,-16.17
REFINERIA,-27.45
REFINERIA,-18.82
INDUSTRIA,-24.9
TRADER,-53.32
INDUSTRIA,-42.49
REFINERIA,-3.32
REFINERIA,-25.54
REFINERIA,-41.93
TRADER,-23.1
TRADER,-28.74
INDUSTRIA,-48.8
TRADER,-3.5
REFINERIA,-38.23
REFINERIA,-58.09
REFINERIA,-36.6
REFINERIA,-55.29
TRADER,-32.28
INDUSTRIA,-28.74
TRADER,-12.62
INDUSTRIA,-44.88
REFINERIA,-30.07
INDUSTRIA,-41.45
REFINERIA,-36.74
TRADER,-11.2
TRADER,-39.39
TRADER,-30.83
TRADER,-28.94
INDUSTRIA,-28.92
TRADER,-32.91
REFINERIA,-37.24
TRADER,-40.61
TRADER,-23.6
TRADER,-39.93
INDUSTRIA,-23.75
INDUSTRIA,-14.2
TRADER,-24.28
INDUSTRIA,-39.95
TRADER,12.85
REFINERIA,-17.3
REFINERIA,-40.5
TRADER,-57.47
REFINERIA,-23.55
INDUSTRIA,-15.28
TRADER,-44.35
REFINERIA,-42.0
TRADER,-60.49
TRADER,-35.49
TRADER,-30.08
TRADER,-15.63
REFINERIA,-14.69
TRADER,-41.18
TRADER,-24.64
TRADER,-44.8
REFINERIA,-49.99
INDUSTRIA,-49.42
REFINERIA,-40.58
TRADER,-33.99
REFINERIA,-24.6
TRADER,-32.97
REFINERIA,-33.06
REFINERIA,-35.43
REFINERIA,-52.86
TRADER,-39.46
INDUSTRIA,-31.19
TRADER,-19.64
REFINERIA,-37.51
INDUSTRIA,-4.99
TRADER,-29.43
INDUSTRIA,-12.08
INDUSTRIA,-50.67
TRADER,-24.2
INDUSTRIA,-14.04
TRADER,-32.99
INDUSTRIA,-51.14
TRADER,-28.38
TRADER,-55.93
TRADER,-26.6
INDUSTRIA,-15.41
REFINERIA,-40.61
TRADER,-51.19
REFINERIA,-13.54
INDUSTRIA,-15.97
REFINERIA,-37.8
INDUSTRIA,-28.2
TRADER,-13.39
INDUSTRIA,-38.59
REFINERIA,-5.45
TRADER,-35.52
TRADER,-40.75
TRADER,-40.46
INDUSTRIA,-40.39
TRADER,-62.64
REFINERIA,-52.07
REFINERIA,-47.7
REFINERIA,-48.78
INDUSTRIA,-55.77
REFINERIA,-37.65
TRADER,-19.29
REFINERIA,-2.19
TRADER,-4.24
TRADER,-9.71
TRADER,-10.98
REFINERIA,-15.46
INDUSTRIA,-22.06
REFINERIA,-20.3
TRADER,-27.56
INDUSTRIA,-28.12
REFINERIA,-54.13
REFINERIA,-19.88
INDUSTRIA,-36.93
TRADER,-30.56
REFINERIA,-40.87
TRADER,-44.62
TRADER,-38.15
REFINERIA,-23.42
TRADER,-26.72
INDUSTRIA,-27.77
INDUSTRIA,-46.87
REFINERIA,-29.55
REFINERIA,-2.65
INDUSTRIA,-2.15
INDUSTRIA,-16.74
INDUSTRIA,-44.05
TRADER,-31.95
INDUSTRIA,-5.18
TRADER,-54.48
REFINERIA,-44.22
TRADER,-25.79
INDUSTRIA,-51.61
REFINERIA,-35.51
REFINERIA,-34.32
INDUSTRIA,-41.03
REFINERIA,-40.23
TRADER,-28.52
REFINERIA,-29.53
REFINERIA,-25.51
REFINERIA,-10.69
REFINERIA,-40.99
INDUSTRIA,-27.93
TRADER,-22.54
INDUSTRIA,-35.02
TRADER,-40.33
REFINERIA,-25.3
TRADER,-39.98
INDUSTRIA,-29.19
INDUSTRIA,-23.08
TRADER,-21.02
INDUSTRIA,-37.43
TRADER,-29.21
INDUSTRIA,-14.57
INDUSTRIA,-47.71
REFINERIA,-19.38
TRADER,-37.5
REFINERIA,-24.44
INDUSTRIA,-38.27
REFINERIA,-25.03
INDUSTRIA,-43.56
INDUSTRIA,-27.43
INDUSTRIA,-32.48
INDUSTRIA,-20.84
REFINERIA,-5.69
INDUSTRIA,-25.89
REFINERIA,-42.49
TRADER,-8.21
REFINERIA,-40.99
TRADER,-33.32
INDUSTRIA,-42.99
REFINERIA,-52.96
INDUSTRIA,8.87
INDUSTRIA,-55.71
TRADER,-25.65
INDUSTRIA,-12.7
REFINERIA,-27.8
INDUSTRIA,-20.3
REFINERIA,-15.52
INDUSTRIA,-49.42
TRADER,-18.49
REFINERIA,-3.27
INDUSTRIA,-37.07
INDUSTRIA,-20.35
REFINERIA,-50.32
REFINERIA,-51.49
TRADER,-36.83
REFINERIA,-27.74
TRADER,-53.01
REFINERIA,-40.22
REFINERIA,-40.78
TRADER,-39.85
INDUSTRIA,2.08
TRADER,-34.01
REFINERIA,-24.67
REFINERIA,-24.69
INDUSTRIA,-20.8
INDUSTRIA,-34.26
TRADER,-39.5
TRADER,-41.23
TRADER,-22.7
TRADER,-28.21
REFINERIA,-19.97
REFINERIA,-59.02
REFINERIA,-38.27
REFINERIA,-12.14
REFINERIA,-47.64
REFINERIA,-51.93
REFINERIA,-43.75
TRADER,-52.71
TRADER,-37.91
REFINERIA,-38.09
INDUSTRIA,-4.85
TRADER,-53.54
INDUSTRIA,-20.6
TRADER,-47.38
TRADER,-53.01
REFINERIA,-28.83
TRADER,-53.71
INDUSTRIA,-53.39
TRADER,-24.0
INDUSTRIA,-23.15
REFINERIA,-44.27
INDUSTRIA,-48.58
TRADER,-17.06
REFINERIA,-32.14
TRADER,-42.12
INDUSTRIA,-33.87
INDUSTRIA,-14.8
INDUSTRIA,-36.95
INDUSTRIA,-23.5
REFINERIA,-25.04
TRADER,-46.41
INDUSTRIA,-54.69
REFINERIA,-15.7
REFINERIA,-16.48
TRADER,-28.66
REFINERIA,-13.98
REFINERIA,-42.77
TRADER,-8.06
INDUSTRIA,-50.57
INDUSTRIA,-32.13
REFINERIA,-50.83
INDUSTRIA,-8.42
REFINERIA,-41.26
REFINERIA,-18.37
TRADER,-42.69
REFINERIA,-47.35
INDUSTRIA,-47.25
REFINERIA,-21.69
INDUSTRIA,-38.4
TRADER,-25.19
REFINERIA,-27.18
TRADER,-14.72
TRADER,-44.96
TRADER,-42.12
REFINERIA,-31.57
INDUSTRIA,-40.02
REFINERIA,-29.46
INDUSTRIA,-31.74
TRADER,-7.44
REFINERIA,-32.37
INDUSTRIA,-10.01
INDUSTRIA,-37.99
TRADER,-59.82
REFINERIA,-36.94
REFINERIA,-38.15
INDUSTRIA,-44.34
INDUSTRIA,-26.91
TRADER,-48.05
REFINERIA,-13.9
TRADER,-35.22
TRADER,-35.53
TRADER,-28.19
TRADER,-24.77
TRADER,-40.11
TRADER,-24.95
TRADER,-7.74
INDUSTRIA,-38.44
TRADER,-25.21
REFINERIA,-40.73
REFINERIA,-22.23
REFINERIA,-41.43
REFINERIA,-41.24
TRADER,-21.06
REFINERIA,-10.09
TRADER,-42.74
TRADER,-2.9
REFINERIA,-2.07
INDUSTRIA,-26.8
TRADER,-37.02
TRADER,-23.2
REFINERIA,-39.92
INDUSTRIA,-38.54
INDUSTRIA,-31.65
TRADER,-45.55
REFINERIA,-29.16
REFINERIA,-32.35
REFINERIA,-40.11
REFINERIA,-3.77
TRADER,-34.15
TRADER,-48.63
INDUSTRIA,-40.83
REFINERIA,-34.53
TRADER,-42.8
TRADER,-46.87
REFINERIA,-51.9
INDUSTRIA,-62.16
INDUSTRIA,-25.1
TRADER,-42.52
REFINERIA,-28.59
INDUSTRIA,-36.88
REFINERIA,0.04
TRADER,-31.61
INDUSTRIA,-19.31
REFINERIA,-35.16
TRADER,-6.68
REFINERIA,-24.58
INDUSTRIA,-42.08
REFINERIA,-31.98
TRADER,-36.65
INDUSTRIA,-31.34
REFINERIA,-27.3
TRADER,-25.43
TRADER,-7.55
TRADER,-9.51
INDUSTRIA,-32.65
INDUSTRIA,-20.62
REFINERIA,-7.65
INDUSTRIA,-45.39
REFINERIA,-20.54
REFINERIA,-9.36
INDUSTRIA,-55.89
INDUSTRIA,-12.25
REFINERIA,-5.58
REFINERIA,-32.12
REFINERIA,-46.86
TRADER,-25.09
TRADER,-40.8
REFINERIA,-28.2
INDUSTRIA,-44.41
TRADER,-38.24
TRADER,-44.32
INDUSTRIA,-19.42
TRADER,-29.01
TRADER,-28.0
REFINERIA,-58.72
REFINERIA,-27.45
REFINERIA,-13.92
REFINERIA,-16.01
INDUSTRIA,-7.67
INDUSTRIA,-34.42
REFINERIA,-20.33
TRADER,-16.56
INDUSTRIA,-60.24
INDUSTRIA,-58.22
TRADER,-45.63
TRADER,-39.58
TRADER,-11.82
INDUSTRIA,-50.14
REFINERIA,-34.64
INDUSTRIA,-23.38
TRADER,-28.78
TRADER,-43.44
INDUSTRIA,-26.6
INDUSTRIA,-3.71
INDUSTRIA,-41.9
TRADER,-29.28
INDUSTRIA,-33.01
REFINERIA,-5.17
TRADER,-23.33
INDUSTRIA,-13.46
REFINERIA,-39.22
INDUSTRIA,-28.09
TRADER,-21.9
REFINERIA,-29.99
REFINERIA,-53.23
TRADER,-37.43
REFINERIA,-47.86
TRADER,-25.05
TRADER,-27.09
INDUSTRIA,-22.65
TRADER,-21.97
INDUSTRIA,-16.05
INDUSTRIA,-27.18
TRADER,-46.33
TRADER,-56.16
REFINERIA,-11.23
TRADER,-53.97
REFINERIA,-26.96
INDUSTRIA,-39.69
INDUSTRIA,-16.37
REFINERIA,-26.11
INDUSTRIA,-9.53
TRADER,-34.39
TRADER,-6.52
REFINERIA,-48.14
INDUSTRIA,-25.92
REFINERIA,-35.26
TRADER,-17.51
INDUSTRIA,-16.97
TRADER,-31.59
REFINERIA,-28.22
TRADER,-21.58
REFINERIA,-16.61
REFINERIA,-37.0
REFINERIA,-33.73
INDUSTRIA,-40.11
INDUSTRIA,-3.25
INDUSTRIA,-32.06
INDUSTRIA,-6.68
REFINERIA,-7.01
INDUSTRIA,-5.53
TRADER,-25.84
INDUSTRIA,-43.82
INDUSTRIA,-12.13
TRADER,-32.47
INDUSTRIA,-8.96
INDUSTRIA,-32.62
INDUSTRIA,-26.85
INDUSTRIA,-28.85
TRADER,-32.2
REFINERIA,-15.34
TRADER,-51.88
TRADER,-31.34
INDUSTRIA,-9.5
TRADER,-20.44
TRADER,-23.78
TRADER,-25.16
TRADER,-43.08
TRADER,-41.82
INDUSTRIA,-22.35
INDUSTRIA,-47.15
REFINERIA,-42.13
REFINERIA,-31.66
INDUSTRIA,-42.7
TRADER,-36.38
TRADER,-37.54
INDUSTRIA,-11.39
INDUSTRIA,-30.85
INDUSTRIA,-13.21
TRADER,-3.37
INDUSTRIA,-31.74
INDUSTRIA,-34.81
INDUSTRIA,-55.14
INDUSTRIA,-32.54
TRADER,-17.03
INDUSTRIA,-37.73
TRADER,-26.29
REFINERIA,-14.98
INDUSTRIA,-24.73
INDUSTRIA,-15.5
INDUSTRIA,-51.14
REFINERIA,-29.13
TRADER,-18.26
REFINERIA,-26.43
INDUSTRIA,-52.3
TRADER,-10.32
REFINERIA,-10.88
TRADER,-23.88
INDUSTRIA,-50.79
REFINERIA,-19.66
REFINERIA,-47.34
TRADER,-65.03
REFINERIA,-14.34
INDUSTRIA,-49.84
TRADER,-41.67
INDUSTRIA,-26.2
TRADER,-31.01
TRADER,-23.01
TRADER,-53.85
TRADER,-32.71
TRADER,-40.46
TRADER,-35.79
INDUSTRIA,-21.82
TRADER,-13.61
TRADER,-16.73
TRADER,-12.53
REFINERIA,-1.61
INDUSTRIA,-40.46
INDUSTRIA,-29.97
REFINERIA,-44.3
REFINERIA,-38.29
INDUSTRIA,-14.58
INDUSTRIA,-28.03
REFINERIA,-4.74
TRADER,-37.16
INDUSTRIA,-16.22
REFINERIA,-50.26
TRADER,-8.0
INDUSTRIA,-37.3
INDUSTRIA,-31.83
REFINERIA,-7.19
REFINERIA,-55.14
INDUSTRIA,-3.42
TRADER,-42.61
INDUSTRIA,-39.75
INDUSTRIA,-37.2
TRADER,-32.26
REFINERIA,-21.88
TRADER,-47.98
TRADER,-15.96
INDUSTRIA,-27.1
REFINERIA,-33.05
REFINERIA,-42.97
REFINERIA,-52.54
REFINERIA,-30.97
TRADER,-11.4
REFINERIA,-11.0
INDUSTRIA,-0.54
REFINERIA,-48.79
TRADER,-1.67
INDUSTRIA,-7.87
REFINERIA,-34.3
REFINERIA,-41.14
REFINERIA,-30.04
REFINERIA,-33.24
INDUSTRIA,-25.37
INDUSTRIA,-9.23
REFINERIA,-40.28
INDUSTRIA,-39.15
INDUSTRIA,-22.63
TRADER,-25.29
REFINERIA,-38.2
REFINERIA,-27.4
TRADER,-52.16
TRADER,-12.18
REFINERIA,-34.22
TRADER,-20.98
REFINERIA,-34.69
INDUSTRIA,-18.31
TRADER,-44.17
INDUSTRIA,-11.45
REFINERIA,-14.11
TRADER,-34.46
REFINERIA,-15.67
TRADER,-31.78
REFINERIA,-28.54
REFINERIA,-39.9
INDUSTRIA,-7.23
REFINERIA,-27.18
INDUSTRIA,-40.55
REFINERIA,-48.34
INDUSTRIA,-35.15
INDUSTRIA,-59.75
TRADER,-36.51
INDUSTRIA,-34.31
INDUSTRIA,-20.2
INDUSTRIA,-33.34
TRADER,-26.89
TRADER,-33.24
INDUSTRIA,-17.77
INDUSTRIA,-38.49
TRADER,-27.47
REFINERIA,-14.86
INDUSTRIA,-21.8
INDUSTRIA,-29.33
REFINERIA,-22.12
INDUSTRIA,-32.9
INDUSTRIA,-32.18
INDUSTRIA,-19.2
TRADER,-26.02
INDUSTRIA,-10.59
INDUSTRIA,-29.75
REFINERIA,-11.25
REFINERIA,-5.85
REFINERIA,-40.73
REFINERIA,-12.84
INDUSTRIA,-50.97
INDUSTRIA,-17.34
REFINERIA,-16.6
TRADER,-27.41
INDUSTRIA,-34.95
TRADER,-20.2
INDUSTRIA,-31.95
TRADER,-33.09
TRADER,-39.66
INDUSTRIA,-43.57
TRADER,-49.44
REFINERIA,-48.68
INDUSTRIA,-32.51
TRADER,-25.08
REFINERIA,-44.71
TRADER,-31.74
REFINERIA,-20.01
INDUSTRIA,-15.74
REFINERIA,-26.28
TRADER,-15.8
REFINERIA,-46.09
REFINERIA,-3.66
REFINERIA,-18.44
REFINERIA,-27.07
TRADER,-36.56
REFINERIA,-41.34
REFINERIA,-12.68
REFINERIA,-8.21
INDUSTRIA,-40.15
INDUSTRIA,-27.35
INDUSTRIA,-27.87
REFINERIA,-20.93
INDUSTRIA,-38.57
INDUSTRIA,-45.5
REFINERIA,-12.11
TRADER,-25.95
REFINERIA,-42.58
INDUSTRIA,-56.81
TRADER,-22.21
INDUSTRIA,-23.1
INDUSTRIA,-13.17
TRADER,-14.4
TRADER,-39.53
REFINERIA,-47.02
TRADER,-43.8
INDUSTRIA,-32.72
TRADER,-21.11
INDUSTRIA,-20.37
INDUSTRIA,-15.41
INDUSTRIA,-33.67
INDUSTRIA,-27.25
TRADER,-60.68
TRADER,-26.66
INDUSTRIA,-8.97
TRADER,-27.57
TRADER,-17.87
INDUSTRIA,-28.55
REFINERIA,-45.12
INDUSTRIA,-16.67
TRADER,-11.44
INDUSTRIA,-56.86
INDUSTRIA,-19.09
REFINERIA,-31.04
REFINERIA,-37.75
INDUSTRIA,-35.41
REFINERIA,-25.61
TRADER,-54.7
REFINERIA,-31.15
REFINERIA,-9.25
TRADER,-40.52
REFINERIA,-12.9
REFINERIA,-10.02
INDUSTRIA,-29.01
REFINERIA,-30.63
INDUSTRIA,-18.88
INDUSTRIA,-20.99
REFINERIA,-26.14
REFINERIA,-24.81
INDUSTRIA,-15.84
INDUSTRIA,-16.79
REFINERIA,-40.03
INDUSTRIA,-46.33
INDUSTRIA,-48.86
TRADER,-11.83
TRADER,-27.34
REFINERIA,-13.8
REFINERIA,-31.94
REFINERIA,-25.69
INDUSTRIA,-41.04
REFINERIA,-47.37
INDUSTRIA,-66.31
REFINERIA,-21.19
INDUSTRIA,-8.3
TRADER,-24.53
TRADER,-56.87
TRADER,-34.21
INDUSTRIA,2.44
TRADER,-10.73
REFINERIA,-20.39
INDUSTRIA,-34.38
REFINERIA,-37.26
INDUSTRIA,-54.08
TRADER,-34.93
TRADER,-29.7
REFINERIA,-16.88
REFINERIA,-36.91
TRADER,-24.79
REFINERIA,-39.27
REFINERIA,-46.84
REFINERIA,-28.83
INDUSTRIA,-20.44
REFINERIA,-28.82
TRADER,-39.78
TRADER,-30.54
REFINERIA,-19.83
REFINERIA,-14.18
INDUSTRIA,-27.65
REFINERIA,-46.7
TRADER,-15.84
TRADER,-8.08
REFINERIA,-35.89
REFINERIA,-33.71
INDUSTRIA,-25.74
TRADER,-6.33
REFINERIA,-25.08
TRADER,-24.8
TRADER,-52.48
TRADER,-51.17
REFINERIA,-39.3
TRADER,-15.58
INDUSTRIA,-26.21
INDUSTRIA,-9.18
TRADER,-0.88
TRADER,-35.0
INDUSTRIA,-22.41
INDUSTRIA,-35.49
REFINERIA,-42.16
TRADER,-11.87
TRADER,-42.38
TRADER,-37.67
REFINERIA,-52.95
TRADER,-46.52
INDUSTRIA,-48.79
TRADER,-22.61
TRADER,-34.51
REFINERIA,-53.89
TRADER,-21.23
REFINERIA,-46.75
TRADER,-11.14
INDUSTRIA,-30.81
INDUSTRIA,-30.26
TRADER,-48.22
TRADER,-25.7
REFINERIA,-44.9
INDUSTRIA,-55.85
INDUSTRIA,-61.39
INDUSTRIA,-2.62
TRADER,-59.23
INDUSTRIA,-42.69
REFINERIA,-35.34
TRADER,-45.84
REFINERIA,-24.32
TRADER,-46.2
REFINERIA,-39.56
TRADER,-16.35
INDUSTRIA,-41.72
TRADER,-25.04
REFINERIA,-48.66
INDUSTRIA,-32.96
REFINERIA,-14.23
TRADER,-31.29
INDUSTRIA,-29.94
REFINERIA,-24.04
REFINERIA,-20.19
REFINERIA,-26.13
INDUSTRIA,-34.88
INDUSTRIA,-20.47
TRADER,-36.82
INDUSTRIA,-46.12
TRADER,-22.81
TRADER,-24.48
INDUSTRIA,-16.62
REFINERIA,-31.01
TRADER,-50.36
INDUSTRIA,-37.37
INDUSTRIA,-31.54
TRADER,-35.95
REFINERIA,-31.34
INDUSTRIA,-31.42
REFINERIA,-43.46
REFINERIA,-20.9
TRADER,-45.51
TRADER,9.94
INDUSTRIA,-42.45
TRADER,-16.6
REFINERIA,-25.27
INDUSTRIA,-29.76
INDUSTRIA,-32.0
TRADER,-46.11
TRADER,-27.89
INDUSTRIA,-13.74
TRADER,-35.89
INDUSTRIA,-47.2
INDUSTRIA,-30.3
TRADER,-16.39
INDUSTRIA,9.79
TRADER,-27.18
REFINERIA,-49.29
TRADER,-30.74
TRADER,-25.41
INDUSTRIA,-60.18
INDUSTRIA,-39.34
TRADER,-21.59
INDUSTRIA,-36.74
TRADER,-44.65
REFINERIA,-17.35
REFINERIA,-26.91
TRADER,-37.4
INDUSTRIA,-11.98
INDUSTRIA,-49.25
TRADER,9.83
INDUSTRIA,-16.52
INDUSTRIA,-37.81
REFINERIA,-28.93
REFINERIA,-30.23
INDUSTRIA,-9.15
INDUSTRIA,-23.64
TRADER,-43.47
REFINERIA,-21.09
TRADER,-16.7
INDUSTRIA,-20.44
TRADER,-25.96
REFINERIA,-37.38
INDUSTRIA,-17.13
TRADER,-34.05
TRADER,-43.48
TRADER,-21.17
TRADER,-50.94
REFINERIA,-9.22
REFINERIA,-25.41
TRADER,2.0
TRADER,-53.55
TRADER,5.54
REFINERIA,-30.94
TRADER,-23.0
REFINERIA,-49.91
REFINERIA,-33.36
REFINERIA,-24.88
INDUSTRIA,-35.41
INDUSTRIA,-50.13
REFINERIA,-46.0
TRADER,-14.91
REFINERIA,-36.36
REFINERIA,-44.04
INDUSTRIA,-30.23
REFINERIA,-15.73
TRADER,-23.02
TRADER,-20.28
TRADER,-26.58
INDUSTRIA,-21.77
TRADER,-45.22
REFINERIA,-26.97
INDUSTRIA,-32.42
TRADER,-16.39
INDUSTRIA,-42.38
REFINERIA,-22.55
TRADER,-18.71
INDUSTRIA,-20.96
INDUSTRIA,12.22
TRADER,-12.38
TRADER,7.94
TRADER,-15.58
REFINERIA,-7.58
TRADER,0.0
TRADER,-24.62
TRADER,-41.22
TRADER,-52.68
TRADER,-20.36
REFINERIA,-17.35
INDUSTRIA,-39.7
TRADER,-18.77
TRADER,-38.89
INDUSTRIA,-37.06
REFINERIA,-39.17
TRADER,-45.5
INDUSTRIA,-26.49
INDUSTRIA,-27.19
REFINERIA,-2.18
REFINERIA,-55.55
REFINERIA,-27.38
INDUSTRIA,-6.02
TRADER,-43.7
TRADER,-24.26
REFINERIA,-21.29
TRADER,-33.24
INDUSTRIA,-46.95
INDUSTRIA,-73.07
INDUSTRIA,-16.92
TRADER,-41.8
REFINERIA,-49.72
REFINERIA,-12.29
INDUSTRIA,-43.36
TRADER,-48.84
INDUSTRIA,-42.89
TRADER,-23.81
INDUSTRIA,-17.33
INDUSTRIA,-27.87
TRADER,-39.13
TRADER,0.35
REFINERIA,-52.42
TRADER,-62.15
TRADER,-45.08
REFINERIA,-40.86
TRADER,-32.15
INDUSTRIA,-22.5
INDUSTRIA,-13.52
TRADER,-26.59
REFINERIA,-34.19
REFINERIA,-35.07
REFINERIA,-36.77
INDUSTRIA,-21.72
REFINERIA,-54.16
INDUSTRIA,-66.65
INDUSTRIA,-14.65
REFINERIA,-28.38
REFINERIA,-34.23
INDUSTRIA,-36.51
REFINERIA,-28.46
REFINERIA,-46.14
TRADER,-29.0
INDUSTRIA,-22.81
REFINERIA,-26.15
TRADER,-19.22
TRADER,-13.7
TRADER,-18.59
REFINERIA,-39.2
REFINERIA,-30.22
REFINERIA,-40.47
REFINERIA,-12.45
TRADER,-17.04
TRADER,-49.16
INDUSTRIA,-47.51
REFINERIA,-29.93
INDUSTRIA,-34.48
INDUSTRIA,-28.28
REFINERIA,-18.19
INDUSTRIA,-33.02
INDUSTRIA,-27.1
INDUSTRIA,-56.29
INDUSTRIA,-21.13
REFINERIA,-34.91
TRADER,-30.65
REFINERIA,-42.62
REFINERIA,2.99
TRADER,-59.49
INDUSTRIA,-40.48
REFINERIA,-30.89
TRADER,-43.39
TRADER,-29.47
REFINERIA,-37.3
TRADER,-24.82
REFINERIA,-24.01
INDUSTRIA,-26.74
INDUSTRIA,-22.71
TRADER,-20.63
REFINERIA,-33.75
REFINERIA,-28.72
TRADER,-28.26
REFINERIA,-45.29
TRADER,-40.26
INDUSTRIA,-38.59
INDUSTRIA,-28.34
INDUSTRIA,-69.19
INDUSTRIA,-41.76
REFINERIA,-23.32
REFINERIA,-23.0
TRADER,-56.4
TRADER,-24.32
REFINERIA,-39.04
TRADER,-16.76
REFINERIA,-18.35
TRADER,-26.45
INDUSTRIA,-21.62
INDUSTRIA,-28.16
REFINERIA,-29.63
REFINERIA,-18.25
REFINERIA,-54.96
REFINERIA,-52.12
TRADER,-8.92
TRADER,-37.64
INDUSTRIA,-54.27
REFINERIA,-0.16
REFINERIA,-39.06
INDUSTRIA,-41.08
TRADER,-12.39
REFINERIA,-36.72
TRADER,-59.46
REFINERIA,-31.81
TRADER,-8.82
REFINERIA,-12.53
TRADER,-6.76
TRADER,-37.13
TRADER,-23.86
INDUSTRIA,-35.67
INDUSTRIA,-35.52
REFINERIA,-35.0
TRADER,-49.97
TRADER,-33.65
TRADER,-0.66
REFINERIA,-68.54
TRADER,-11.55
REFINERIA,-7.44
REFINERIA,-24.69
INDUSTRIA,-41.69
REFINERIA,-40.84
TRADER,-30.6
REFINERIA,-33.57
INDUSTRIA,-38.42
REFINERIA,-44.12
REFINERIA,-53.17
TRADER,-29.08
INDUSTRIA,-34.87
REFINERIA,-16.54
REFINERIA,-13.86
TRADER,-33.95
TRADER,-24.2
TRADER,-51.14
TRADER,-41.51
TRADER,-16.34
REFINERIA,-45.57
TRADER,-28.3
REFINERIA,-31.08
INDUSTRIA,-15.3
INDUSTRIA,-70.83
REFINERIA,-22.65
REFINERIA,-53.29
INDUSTRIA,-29.5
INDUSTRIA,-24.05
INDUSTRIA,-31.24
REFINERIA,-6.01
REFINERIA,-18.29
TRADER,-22.9
REFINERIA,-31.0
INDUSTRIA,-15.88
REFINERIA,-11.09
TRADER,-9.8
REFINERIA,-14.42
TRADER,-55.24
INDUSTRIA,-3.1
INDUSTRIA,-31.14
INDUSTRIA,-72.42
REFINERIA,-49.49
TRADER,-32.79
INDUSTRIA,-16.29
INDUSTRIA,-46.22
REFINERIA,-42.99
INDUSTRIA,-41.28
TRADER,-17.97
REFINERIA,-10.13
REFINERIA,-23.49
TRADER,-29.95
REFINERIA,-20.57
TRADER,-5.61
TRADER,-30.29
INDUSTRIA,-28.03
INDUSTRIA,-33.7
REFINERIA,-47.97
TRADER,-36.23
TRADER,-37.35
REFINERIA,-2.87
REFINERIA,-32.36
REFINERIA,-39.9
INDUSTRIA,-58.62
INDUSTRIA,-38.71
INDUSTRIA,-24.86
REFINERIA,-44.23
REFINERIA,-30.25
TRADER,-30.34
INDUSTRIA,-21.51
INDUSTRIA,-20.77
REFINERIA,-40.42
TRADER,-34.58
TRADER,-0.74
TRADER,-27.66
INDUSTRIA,-33.62
TRADER,-35.79
TRADER,-54.74
INDUSTRIA,-19.76
INDUSTRIA,-23.45
INDUSTRIA,-46.6
TRADER,-28.88
REFINERIA,-44.78
TRADER,-21.66
REFINERIA,-17.79
REFINERIA,-49.82
INDUSTRIA,-45.48
TRADER,-48.69
REFINERIA,-39.69
INDUSTRIA,-8.87
REFINERIA,-28.03
INDUSTRIA,-44.13
REFINERIA,-41.67
INDUSTRIA,-57.26
TRADER,-39.84
TRADER,-4.49
TRADER,-35.36
REFINERIA,-24.44
TRADER,-28.7
TRADER,-19.56
TRADER,-27.95
INDUSTRIA,-42.67
REFINERIA,-30.64
INDUSTRIA,-31.49
TRADER,-3.95
REFINERIA,-39.67
REFINERIA,-11.61
TRADER,-31.31
INDUSTRIA,-19.4
INDUSTRIA,-43.23
TRADER,-28.05
TRADER,-37.81
TRADER,-8.22
REFINERIA,-19.59
REFINERIA,-30.52
REFINERIA,-33.0
INDUSTRIA,-37.33
INDUSTRIA,-33.18
REFINERIA,-19.81
INDUSTRIA,-48.51
INDUSTRIA,-24.4
REFINERIA,-25.26
REFINERIA,-24.05
REFINERIA,-64.44
TRADER,-27.43
TRADER,-16.13
INDUSTRIA,-21.03
REFINERIA,-38.0
REFINERIA,-31.38
TRADER,-24.12
REFINERIA,-31.27
REFINERIA,-25.74
REFINERIA,-47.88
INDUSTRIA,-24.78
REFINERIA,-22.49
REFINERIA,-29.91
REFINERIA,-18.96
TRADER,-5.78
INDUSTRIA,-27.35
TRADER,-23.58
TRADER,-4.16
TRADER,-26.22
TRADER,-71.3
TRADER,-38.52
TRADER,-17.18
TRADER,-16.38
REFINERIA,-29.14
REFINERIA,-55.91
INDUSTRIA,-17.19
REFINERIA,-33.64
INDUSTRIA,-32.58
REFINERIA,-40.97
REFINERIA,-17.51
REFINERIA,-26.21
TRADER,-10.19
TRADER,-22.71
TRADER,-8.05
REFINERIA,-17.43
INDUSTRIA,-19.63
INDUSTRIA,-27.93
INDUSTRIA,-75.65
INDUSTRIA,-33.97
INDUSTRIA,-34.21
TRADER,-28.76
REFINERIA,-4.62
INDUSTRIA,-5.98
INDUSTRIA,-11.92
INDUSTRIA,3.71
INDUSTRIA,-18.64
TRADER,-46.58
TRADER,-9.63
REFINERIA,-23.33
REFINERIA,-8.04
REFINERIA,-60.24
INDUSTRIA,-25.54
TRADER,-9.07
INDUSTRIA,-35.08
REFINERIA,-36.21
INDUSTRIA,-58.57
INDUSTRIA,-36.76
INDUSTRIA,-31.98
INDUSTRIA,-33.71
REFINERIA,-51.58
REFINERIA,-46.71
REFINERIA,-52.36
TRADER,-42.97
REFINERIA,-38.3
TRADER,-51.97
INDUSTRIA,-5.93
TRADER,-40.64
REFINERIA,-13.17
REFINERIA,-34.19
INDUSTRIA,-37.61
INDUSTRIA,-21.27
REFINERIA,-59.87
TRADER,-10.69
REFINERIA,-32.79
TRADER,-38.21
INDUSTRIA,-8.73
TRADER,-34.35
INDUSTRIA,-26.78
TRADER,-33.45
REFINERIA,-72.91
TRADER,-16.29
REFINERIA,-26.5
REFINERIA,-30.24
REFINERIA,-19.42
TRADER,-38.04
INDUSTRIA,-25.19
TRADER,-28.16
TRADER,-20.6
REFINERIA,-21.96
TRADER,-9.72
INDUSTRIA,-8.21
REFINERIA,-32.62
INDUSTRIA,-21.67
TRADER,-29.65
INDUSTRIA,-21.4
INDUSTRIA,-24.65
TRADER,-8.48
TRADER,-28.3
REFINERIA,-49.88
TRADER,-33.84
REFINERIA,-36.5
TRADER,-21.45
INDUSTRIA,-21.07
TRADER,-25.64
TRADER,-36.14
REFINERIA,-32.78
INDUSTRIA,-23.52
INDUSTRIA,-14.57
INDUSTRIA,-4.05
REFINERIA,-2.61
REFINERIA,-10.77
TRADER,-34.87
REFINERIA,-31.04
REFINERIA,-44.72
TRADER,-30.58
TRADER,-44.04
TRADER,-41.92
TRADER,-50.3
INDUSTRIA,-24.37
REFINERIA,-28.4
INDUSTRIA,-23.48
INDUSTRIA,-30.81
REFINERIA,-13.33
REFINERIA,-5.59
REFINERIA,-15.26
TRADER,-28.09
TRADER,-36.51
REFINERIA,-41.24
INDUSTRIA,-47.46
REFINERIA,-62.18
REFINERIA,-5.93
REFINERIA,-23.45
INDUSTRIA,-22.73
REFINERIA,-2.61
TRADER,-20.52
INDUSTRIA,-29.11
REFINERIA,-22.01
REFINERIA,-20.7
TRADER,-14.62
REFINERIA,-6.25
INDUSTRIA,-33.18
TRADER,-19.78
TRADER,-29.56
TRADER,-31.69
REFINERIA,-25.01
TRADER,-21.42
INDUSTRIA,-38.78
REFINERIA,-7.11
REFINERIA,-52.8
TRADER,-41.86
REFINERIA,-52.19
TRADER,-56.25
REFINERIA,-32.8
TRADER,-19.76
INDUSTRIA,8.67
TRADER,-21.16
REFINERIA,-22.31
INDUSTRIA,-23.67
INDUSTRIA,-46.04
REFINERIA,-8.34
REFINERIA,-19.1
TRADER,-47.33
REFINERIA,-46.13
REFINERIA,-46.63
TRADER,-5.87
TRADER,-18.88
REFINERIA,-50.62
TRADER,-43.03
INDUSTRIA,-11.83
TRADER,-42.54
REFINERIA,-21.4
INDUSTRIA,-78.93
TRADER,-35.57
TRADER,-18.21
INDUSTRIA,-58.46
REFINERIA,-13.32
INDUSTRIA,-12.72
TRADER,-33.23
INDUSTRIA,-64.9
REFINERIA,-25.75
TRADER,-10.96
TRADER,-27.36
REFINERIA,-45.03
REFINERIA,-30.62
INDUSTRIA,-48.88
INDUSTRIA,-53.45
REFINERIA,-45.16
TRADER,-41.64
REFINERIA,-55.81
TRADER,-25.04
INDUSTRIA,-19.3
INDUSTRIA,-38.35
REFINERIA,-82.27
INDUSTRIA,-46.95
TRADER,-21.58
REFINERIA,-2.81
INDUSTRIA,-33.77
INDUSTRIA,-30.34
TRADER,-21.6
REFINERIA,-41.57
INDUSTRIA,-46.25
REFINERIA,-14.6
INDUSTRIA,-16.61
REFINERIA,-27.69
TRADER,-26.11
REFINERIA,-38.42
INDUSTRIA,-3.91
REFINERIA,-59.15
TRADER,-31.52
REFINERIA,-26.98
INDUSTRIA,-47.98
REFINERIA,-10.92
TRADER,9.34
TRADER,-11.17
REFINERIA,0.52
TRADER,-51.92
TRADER,-7.43
INDUSTRIA,-37.66
INDUSTRIA,-3.49
INDUSTRIA,-31.81
INDUSTRIA,-45.38
INDUSTRIA,3.98
INDUSTRIA,-30.42
TRADER,-18.31
INDUSTRIA,-13.0
TRADER,-50.96
REFINERIA,-21.37
INDUSTRIA,-26.95
TRADER,-52.87
REFINERIA,-62.68
REFINERIA,-45.31
TRADER,-32.38
INDUSTRIA,-61.67
INDUSTRIA,-34.54
TRADER,-31.28
REFINERIA,-40.44
REFINERIA,-32.75
INDUSTRIA,-39.64
TRADER,-24.85
TRADER,-15.67
REFINERIA,-51.87
REFINERIA,-26.33
TRADER,-21.79
TRADER,-32.08
TRADER,-29.21
REFINERIA,-52.78
INDUSTRIA,-24.67
TRADER,-29.28
INDUSTRIA,-13.86
INDUSTRIA,-27.94
TRADER,-45.93
INDUSTRIA,-24.68
REFINERIA,-37.98
TRADER,-16.29
REFINERIA,-36.13
REFINERIA,-57.87
REFINERIA,-34.73
REFINERIA,-42.3
TRADER,-4.74
TRADER,-51.08
REFINERIA,-43.28
INDUSTRIA,-36.3
REFINERIA,2.08
TRADER,-36.47
TRADER,-44.69
INDUSTRIA,-33.42
TRADER,-52.67
TRADER,-33.69
TRADER,-27.37
TRADER,-7.86
INDUSTRIA,-49.6
INDUSTRIA,-29.77
TRADER,-4.26
REFINERIA,-4.56
TRADER,-21.88
TRADER,-38.44
INDUSTRIA,-21.09
TRADER,-21.75
INDUSTRIA,-30.65
REFINERIA,-55.71
TRADER,-56.1
REFINERIA,-36.11
INDUSTRIA,-6.38
TRADER,-38.52
REFINERIA,-44.35
REFINERIA,-27.54
TRADER,-35.5
TRADER,-58.55
TRADER,-16.01
REFINERIA,-27.65
REFINERIA,-47.0
REFINERIA,-36.05
REFINERIA,-27.54
TRADER,-36.47
REFINERIA,-9.69
INDUSTRIA,-38.73
INDUSTRIA,-23.22
INDUSTRIA,-14.25
TRADER,-34.86
INDUSTRIA,-41.45
REFINERIA,-19.58
INDUSTRIA,-14.22
INDUSTRIA,-44.14
INDUSTRIA,-49.74
INDUSTRIA,-22.15
INDUSTRIA,-25.7
REFINERIA,-32.87
TRADER,-23.05
REFINERIA,-55.54
TRADER,-5.74
INDUSTRIA,-47.01
INDUSTRIA,4.84
TRADER,-7.8
TRADER,-38.46
INDUSTRIA,-40.26
TRADER,-10.45
TRADER,-34.41
TRADER,-38.09
TRADER,-31.31
INDUSTRIA,-39.02
TRADER,-31.26
TRADER,-47.17
REFINERIA,-28.56
TRADER,-25.55
REFINERIA,-22.16
INDUSTRIA,-27.92
REFINERIA,-73.95
REFINERIA,-42.54
INDUSTRIA,-25.49
INDUSTRIA,-28.61
REFINERIA,-40.38
TRADER,-35.93
REFINERIA,-29.61
TRADER,6.91
TRADER,-65.26
INDUSTRIA,-29.51
TRADER,-24.8
REFINERIA,-28.55
REFINERIA,-26.55
TRADER,-31.61
REFINERIA,-14.31
REFINERIA,-14.74
TRADER,-21.48
TRADER,-54.42
TRADER,-6.71
INDUSTRIA,-62.44
TRADER,-51.88
REFINERIA,-30.68
REFINERIA,-31.63
INDUSTRIA,-27.58
REFINERIA,-28.8
INDUSTRIA,-24.17
REFINERIA,-32.76
REFINERIA,-31.62
INDUSTRIA,-39.02
REFINERIA,-48.35
REFINERIA,-34.07
REFINERIA,-37.43
REFINERIA,-21.31
TRADER,-33.59
REFINERIA,-14.33
REFINERIA,-46.25
REFINERIA,-25.86
INDUSTRIA,-35.5
INDUSTRIA,-11.31
REFINERIA,-41.21
REFINERIA,-13.32
REFINERIA,-17.42
REFINERIA,-31.53
TRADER,-28.11
INDUSTRIA,-54.73
TRADER,-43.32
REFINERIA,-17.14
INDUSTRIA,-33.81
TRADER,-38.6
TRADER,-24.29
TRADER,-18.45
INDUSTRIA,-37.02
INDUSTRIA,-31.77
TRADER,-30.28
REFINERIA,-37.52
TRADER,-33.73
TRADER,-25.75
INDUSTRIA,-27.03
TRADER,-37.12
INDUSTRIA,-17.76
TRADER,-16.66
REFINERIA,-22.97
TRADER,-51.58
INDUSTRIA,-46.97
REFINERIA,-36.81
REFINERIA,-28.01
TRADER,-16.9
TRADER,-31.23
TRADER,-64.84
INDUSTRIA,12.48
INDUSTRIA,-39.78
TRADER,-22.49
TRADER,-30.84
TRADER,-14.92
TRADER,-11.32
REFINERIA,-18.13
INDUSTRIA,-38.96
TRADER,-2.02
TRADER,-19.05
TRADER,-40.91
TRADER,-13.72
TRADER,-51.02
INDUSTRIA,-44.55
INDUSTRIA,-20.85
TRADER,13.07
TRADER,-45.93
INDUSTRIA,-50.17
TRADER,-21.82
TRADER,-40.29
INDUSTRIA,-6.72
REFINERIA,-44.23
REFINERIA,-38.88
REFINERIA,-2.03
TRADER,-31.84
INDUSTRIA,-29.84
REFINERIA,-38.59
TRADER,-30.79
REFINERIA,-20.89
TRADER,-33.37
TRADER,-18.65
INDUSTRIA,-2.47
REFINERIA,-20.97
REFINERIA,-20.29
REFINERIA,-24.42
INDUSTRIA,-25.63
INDUSTRIA,-26.2
INDUSTRIA,-49.3
TRADER,-49.58
REFINERIA,-54.32
TRADER,-10.14
REFINERIA,-48.79
TRADER,-7.83
INDUSTRIA,-30.55
TRADER,-12.51
INDUSTRIA,-1.26
INDUSTRIA,-20.04
INDUSTRIA,-46.12
REFINERIA,-37.73
REFINERIA,-44.3
TRADER,-12.11
TRADER,-46.6
INDUSTRIA,5.32
INDUSTRIA,-8.47
TRADER,-23.15
REFINERIA,-55.52
REFINERIA,-44.21
TRADER,-31.24
REFINERIA,-25.0
TRADER,-12.24
INDUSTRIA,-12.06
REFINERIA,-24.27
REFINERIA,-25.47
INDUSTRIA,-27.89
TRADER,-27.49
TRADER,-32.66
INDUSTRIA,-25.25
INDUSTRIA,-25.66
INDUSTRIA,-43.24
INDUSTRIA,-8.26
INDUSTRIA,-32.56
REFINERIA,-34.19
REFINERIA,-3.3
REFINERIA,-26.12
INDUSTRIA,-4.49
TRADER,-4.22
TRADER,-24.34
REFINERIA,-34.32
TRADER,-30.84
REFINERIA,-31.06
INDUSTRIA,-22.68
TRADER,-42.06
TRADER,-5.08
TRADER,-0.23
REFINERIA,-36.96
INDUSTRIA,-50.52
INDUSTRIA,-27.85
TRADER,-27.53
REFINERIA,-43.08
INDUSTRIA,-43.79
INDUSTRIA,-24.73
TRADER,-27.15
TRADER,-52.21
INDUSTRIA,-16.77
REFINERIA,-45.95
REFINERIA,-45.21
REFINERIA,-29.42
TRADER,-15.56
TRADER,-27.36
TRADER,-31.38
INDUSTRIA,-52.74
INDUSTRIA,-47.8
INDUSTRIA,-17.0
INDUSTRIA,-25.3
INDUSTRIA,-32.87
TRADER,-37.4
REFINERIA,-51.31
TRADER,-42.89
REFINERIA,-43.28
REFINERIA,-22.04
TRADER,-56.85
TRADER,-21.95
INDUSTRIA,-37.51
REFINERIA,-27.52
TRADER,-25.52
INDUSTRIA,-22.6
INDUSTRIA,-53.14
REFINERIA,-5.45
INDUSTRIA,-25.23
REFINERIA,-25.29
REFINERIA,-13.71
REFINERIA,-40.77
REFINERIA,-22.42
TRADER,-16.06
INDUSTRIA,-8.76
INDUSTRIA,-15.71
INDUSTRIA,-25.67
REFINERIA,-32.85
REFINERIA,-43.14
REFINERIA,-41.36
INDUSTRIA,-28.96
TRADER,-31.13
REFINERIA,-52.94
TRADER,-44.73
INDUSTRIA,-41.99
REFINERIA,-28.16
REFINERIA,-40.99
REFINERIA,-9.67
TRADER,-51.79
INDUSTRIA,-16.39
INDUSTRIA,-6.39
TRADER,-13.84
INDUSTRIA,-24.72
INDUSTRIA,-45.69
REFINERIA,-34.48
TRADER,-43.59
TRADER,-12.91
INDUSTRIA,-25.94
REFINERIA,-27.56
REFINERIA,-8.44
REFINERIA,-9.47
INDUSTRIA,-45.04
INDUSTRIA,-20.61
REFINERIA,-59.56
REFINERIA,-28.33
INDUSTRIA,-38.51
TRADER,-44.72
REFINERIA,-17.1
INDUSTRIA,-49.29
REFINERIA,-33.64
REFINERIA,-16.73
REFINERIA,-18.38
TRADER,-24.17
REFINERIA,-48.44
TRADER,-41.63
TRADER,-26.79
TRADER,-20.27
REFINERIA,-34.88
TRADER,-16.32
REFINERIA,-34.34
TRADER,-22.74
TRADER,-25.16
TRADER,5.93
REFINERIA,-14.97
TRADER,-25.39
REFINERIA,-24.49
REFINERIA,-39.08
REFINERIA,-48.35
TRADER,-29.3
INDUSTRIA,-40.0
TRADER,-5.46
INDUSTRIA,-41.16
INDUSTRIA,-46.02
REFINERIA,-25.34
TRADER,-36.01
REFINERIA,-46.15
INDUSTRIA,-43.69
TRADER,-67.61
REFINERIA,-38.18
INDUSTRIA,-7.6
TRADER,-26.58
INDUSTRIA,-44.02
INDUSTRIA,-15.09
REFINERIA,-31.59
INDUSTRIA,-20.38
TRADER,-18.32
INDUSTRIA,-3.28
INDUSTRIA,-12.27
INDUSTRIA,-38.6
INDUSTRIA,-1.55
INDUSTRIA,-53.85
INDUSTRIA,-30.89
TRADER,-45.12
INDUSTRIA,-51.29
INDUSTRIA,-39.21
INDUSTRIA,-7.36
INDUSTRIA,-34.86
INDUSTRIA,-40.68
INDUSTRIA,-46.29
REFINERIA,-33.9
REFINERIA,-40.52
INDUSTRIA,-35.59
REFINERIA,-29.95
INDUSTRIA,-54.84
REFINERIA,-26.78
INDUSTRIA,-27.34
REFINERIA,-15.18
TRADER,-47.63
REFINERIA,-17.74
TRADER,-14.5
REFINERIA,-46.76
TRADER,-60.3
INDUSTRIA,-62.18
INDUSTRIA,-40.4
TRADER,-31.93
TRADER,-42.94
TRADER,-45.28
REFINERIA,-72.07
REFINERIA,-24.66
TRADER,-47.45
REFINERIA,-43.31
REFINERIA,-27.25
INDUSTRIA,-23.79
REFINERIA,-24.19
REFINERIA,-27.52
TRADER,-47.8
TRADER,-36.56
INDUSTRIA,-15.2
INDUSTRIA,-24.99
REFINERIA,-9.78
TRADER,-47.12
TRADER,-14.4
TRADER,-34.16
TRADER,-6.68
TRADER,-27.91
INDUSTRIA,-44.9
REFINERIA,-7.32
REFINERIA,-42.9
REFINERIA,-31.23
TRADER,-40.47
INDUSTRIA,-34.96
REFINERIA,-23.93
REFINERIA,-49.68
INDUSTRIA,-50.41
TRADER,-4.16
TRADER,-48.18
TRADER,-47.74
REFINERIA,-23.34
REFINERIA,-51.99
REFINERIA,-16.26
REFINERIA,-32.55
TRADER,-43.34
TRADER,-41.48
INDUSTRIA,-22.35
INDUSTRIA,-19.25
TRADER,-6.52
REFINERIA,-12.93
TRADER,-8.53
TRADER,-51.05
REFINERIA,-45.69
REFINERIA,-14.02
REFINERIA,-20.09
TRADER,-37.71
INDUSTRIA,-59.22
INDUSTRIA,-27.39
TRADER,-40.24
REFINERIA,-51.56
TRADER,-31.85
TRADER,-28.5
REFINERIA,-31.18
REFINERIA,-56.3
TRADER,-16.79
TRADER,-33.34
REFINERIA,-39.39
TRADER,-37.52
INDUSTRIA,-26.2
INDUSTRIA,-26.5
REFINERIA,-35.82
INDUSTRIA,3.23
TRADER,-26.9
TRADER,-43.02
TRADER,-6.4
TRADER,-47.06
TRADER,-32.22
INDUSTRIA,-1.86
TRADER,-9.83
INDUSTRIA,-16.17
TRADER,-2.72
TRADER,-16.42
REFINERIA,-18.5
TRADER,-39.97
INDUSTRIA,-37.76
REFINERIA,-50.52
REFINERIA,-43.31
INDUSTRIA,-14.1
INDUSTRIA,-31.48
TRADER,-32.83
TRADER,-38.68
REFINERIA,-42.46
INDUSTRIA,-42.3
REFINERIA,-6.18
INDUSTRIA,-19.89
REFINERIA,-12.02
INDUSTRIA,-36.48
INDUSTRIA,-24.22
REFINERIA,-45.85
TRADER,-12.46
TRADER,-11.24
TRADER,-29.75
INDUSTRIA,-52.56
INDUSTRIA,-59.44
REFINERIA,-34.44
REFINERIA,-20.79
REFINERIA,-36.06
REFINERIA,-33.92
TRADER,-51.03
TRADER,-18.07
REFINERIA,-36.82
INDUSTRIA,-19.94
INDUSTRIA,1.44
TRADER,-20.2
TRADER,-25.35
REFINERIA,-20.81
REFINERIA,-51.89
INDUSTRIA,-61.17
INDUSTRIA,-48.23
TRADER,-55.46
REFINERIA,-1.75
INDUSTRIA,-35.82
TRADER,-11.18
REFINERIA,-41.66
INDUSTRIA,-32.5
INDUSTRIA,6.59
INDUSTRIA,-37.92
TRADER,-30.97
TRADER,-54.24
TRADER,-26.57
REFINERIA,-29.0
INDUSTRIA,-36.59
INDUSTRIA,-19.78
INDUSTRIA,-30.21
TRADER,-29.89
REFINERIA,-26.74
INDUSTRIA,-64.46
REFINERIA,-20.32
TRADER,-42.33
REFINERIA,-12.69
TRADER,-39.95
INDUSTRIA,-46.02
INDUSTRIA,-13.25
REFINERIA,-45.4
TRADER,-40.35
INDUSTRIA,-59.14
REFINERIA,-19.06
REFINERIA,-32.9
TRADER,-30.52
TRADER,-35.84
TRADER,-45.66
TRADER,-43.34
INDUSTRIA,-16.83
REFINERIA,-27.24
REFINERIA,-17.34
REFINERIA,-38.7
REFINERIA,-37.23
TRADER,-31.75
TRADER,-45.87
INDUSTRIA,-34.66
INDUSTRIA,-20.02
INDUSTRIA,-24.01
INDUSTRIA,-32.28
INDUSTRIA,-26.2
INDUSTRIA,-36.22
REFINERIA,-30.04
REFINERIA,-32.03
TRADER,-33.55
INDUSTRIA,-32.98
INDUSTRIA,-40.81
INDUSTRIA,-41.39
INDUSTRIA,-28.36
TRADER,-13.98
INDUSTRIA,-34.88
TRADER,-39.52
TRADER,-30.62
REFINERIA,-18.57
INDUSTRIA,-38.18
TRADER,-1.36
TRADER,-33.82
TRADER,-12.38
REFINERIA,-6.18
REFINERIA,-12.3
REFINERIA,-33.81
INDUSTRIA,-21.5
INDUSTRIA,-29.37
REFINERIA,-40.11
TRADER,-15.93
TRADER,-20.4
REFINERIA,-11.1
INDUSTRIA,-40.69
INDUSTRIA,-32.72
TRADER,-35.87
REFINERIA,-23.42
REFINERIA,-46.19
REFINERIA,-29.26
INDUSTRIA,-54.43
INDUSTRIA,-40.59
TRADER,-41.65
REFINERIA,-21.01
TRADER,-53.82
INDUSTRIA,-10.02
INDUSTRIA,0.9
INDUSTRIA,-19.3
REFINERIA,-21.43
INDUSTRIA,-3.96
TRADER,-43.6
REFINERIA,-63.61
TRADER,-22.54
INDUSTRIA,-33.54
REFINERIA,-17.88
TRADER,-33.39
INDUSTRIA,-19.28
REFINERIA,-49.17
INDUSTRIA,-34.39
REFINERIA,-32.02
REFINERIA,-16.75
INDUSTRIA,-54.05
TRADER,-46.81
INDUSTRIA,-42.87
REFINERIA,-40.58
INDUSTRIA,-17.22
TRADER,-23.09
TRADER,-28.7
TRADER,-59.62
INDUSTRIA,-30.04
TRADER,-26.92
REFINERIA,-33.05
REFINERIA,-30.65
REFINERIA,-31.68
INDUSTRIA,-32.01
INDUSTRIA,-11.11
INDUSTRIA,-16.74
INDUSTRIA,-47.75
INDUSTRIA,-32.38
REFINERIA,-53.01
REFINERIA,-41.32
TRADER,-49.74
REFINERIA,-34.65
INDUSTRIA,-39.59
TRADER,-10.9
INDUSTRIA,-32.12
INDUSTRIA,-18.45
INDUSTRIA,-42.8
REFINERIA,-11.58
TRADER,-43.86
REFINERIA,-29.67
TRADER,-36.71
TRADER,-61.38
REFINERIA,-46.63
REFINERIA,-14.95
REFINERIA,-13.35
TRADER,-23.47
REFINERIA,-10.78
REFINERIA,-26.58
TRADER,7.66
REFINERIA,-44.75
INDUSTRIA,-41.49
TRADER,-24.52
REFINERIA,-16.84
REFINERIA,-44.81
INDUSTRIA,-15.89
INDUSTRIA,-44.83
REFINERIA,-47.6
INDUSTRIA,-27.05
TRADER,-31.74
INDUSTRIA,-31.78
TRADER,-20.93
REFINERIA,-42.61
REFINERIA,-55.85
REFINERIA,-19.52
REFINERIA,-2.69
TRADER,-22.96
INDUSTRIA,-28.01
TRADER,-13.81
REFINERIA,-31.45
TRADER,-18.39
TRADER,-45.82
TRADER,-39.4
REFINERIA,-33.12
REFINERIA,-22.04
INDUSTRIA,-17.25
INDUSTRIA,-27.41
TRADER,-36.34
INDUSTRIA,-17.83
INDUSTRIA,-33.16
TRADER,-5.77
INDUSTRIA,-41.23
INDUSTRIA,-22.99
TRADER,-66.86
TRADER,-58.03
TRADER,-18.86
REFINERIA,-42.59
TRADER,-20.29
INDUSTRIA,-36.37
REFINERIA,-24.66
REFINERIA,-5.63
REFINERIA,-11.6
TRADER,-24.19
REFINERIA,-46.08
REFINERIA,-51.42
TRADER,-43.81
INDUSTRIA,-7.88
TRADER,-39.86
INDUSTRIA,-43.87
TRADER,-11.5
INDUSTRIA,-28.42
INDUSTRIA,-41.73
REFINERIA,-10.57
REFINERIA,-30.0
INDUSTRIA,-23.53
TRADER,-36.38
TRADER,-21.37
INDUSTRIA,-2.24
REFINERIA,-25.38
INDUSTRIA,-3.33
INDUSTRIA,14.62
INDUSTRIA,-32.77
TRADER,-32.48
INDUSTRIA,-4.07
REFINERIA,-50.3
REFINERIA,-33.46
INDUSTRIA,-37.09
TRADER,-36.61
INDUSTRIA,-28.42
REFINERIA,-62.07
TRADER,-45.3
REFINERIA,-32.95
REFINERIA,-14.83
TRADER,-9.69
REFINERIA,-33.21
TRADER,-38.61
REFINERIA,-22.0
REFINERIA,-58.14
INDUSTRIA,-40.93
INDUSTRIA,-40.94
REFINERIA,-20.95
REFINERIA,-17.07
TRADER,-31.66
INDUSTRIA,-32.25
REFINERIA,-32.16
TRADER,-34.71
INDUSTRIA,-8.79
REFINERIA,-23.52
REFINERIA,-40.3
REFINERIA,-30.98
INDUSTRIA,-22.68
INDUSTRIA,-45.29
INDUSTRIA,-2.81
REFINERIA,-36.39
REFINERIA,-15.78
TRADER,-22.01
TRADER,-56.51
TRADER,-25.37
REFINERIA,-18.23
INDUSTRIA,-21.64
INDUSTRIA,-43.56
TRADER,-31.03
TRADER,-27.83
REFINERIA,-38.45
TRADER,-10.82
REFINERIA,-33.73
TRADER,-24.0
REFINERIA,-16.66
TRADER,-43.83
REFINERIA,-48.17
INDUSTRIA,-22.0
REFINERIA,-51.17
TRADER,-8.41
INDUSTRIA,-22.58
INDUSTRIA,-49.49
INDUSTRIA,-24.99
TRADER,-27.46
INDUSTRIA,-11.45
INDUSTRIA,-34.52
REFINERIA,-26.77
TRADER,-35.15
REFINERIA,-43.42
INDUSTRIA,-17.25
INDUSTRIA,-26.92
INDUSTRIA,-66.87
INDUSTRIA,-10.94
INDUSTRIA,-46.2
INDUSTRIA,-31.91
TRADER,-2.49
REFINERIA,-32.77
REFINERIA,-11.16
INDUSTRIA,-40.66
INDUSTRIA,-28.47
REFINERIA,-45.42
TRADER,-28.24
TRADER,-17.32
REFINERIA,-15.39
TRADER,-19.24
REFINERIA,-25.51
INDUSTRIA,-25.47
REFINERIA,-31.56
INDUSTRIA,-60.2
REFINERIA,-51.97
TRADER,-45.72
REFINERIA,-24.3
TRADER,9.28
TRADER,-45.88
REFINERIA,-34.85
TRADER,-50.44
TRADER,-30.03
INDUSTRIA,-11.27
INDUSTRIA,-1.45
INDUSTRIA,-39.51
REFINERIA,-17.18
REFINERIA,-12.21
REFINERIA,-6.37
REFINERIA,1.0
TRADER,-32.79
INDUSTRIA,-32.98
TRADER,-25.08
REFINERIA,-35.52
TRADER,-25.32
REFINERIA,-56.89
INDUSTRIA,-23.43
TRADER,-17.18
INDUSTRIA,-32.96
INDUSTRIA,-32.8
REFINERIA,-6.78
INDUSTRIA,-19.93
TRADER,-32.21
TRADER,-12.2
INDUSTRIA,-29.24
TRADER,-20.87
INDUSTRIA,-46.57
REFINERIA,-45.83
TRADER,-22.14
REFINERIA,-28.06
TRADER,-3.48
REFINERIA,-20.64
INDUSTRIA,-24.27
INDUSTRIA,-44.53
INDUSTRIA,-4.91
REFINERIA,-11.06
REFINERIA,-12.17
INDUSTRIA,-25.67
TRADER,-18.49
REFINERIA,-19.62
REFINERIA,-33.62
INDUSTRIA,-38.57
TRADER,15.16
INDUSTRIA,-9.65
REFINERIA,-37.66
REFINERIA,-38.72
TRADER,-24.81
INDUSTRIA,-18.01
TRADER,-54.25
INDUSTRIA,-70.35
INDUSTRIA,-42.65
REFINERIA,-46.24
REFINERIA,-64.53
TRADER,-45.63
INDUSTRIA,-44.24
INDUSTRIA,-28.03
INDUSTRIA,-19.25
REFINERIA,-39.3
INDUSTRIA,-56.45
REFINERIA,-24.68
REFINERIA,-39.93
TRADER,-51.42
REFINERIA,-8.57
INDUSTRIA,-16.83
TRADER,-20.71
TRADER,-26.12
INDUSTRIA,-17.3
TRADER,-35.47
TRADER,-37.06
REFINERIA,-20.15
TRADER,-21.75
TRADER,-47.08
INDUSTRIA,-34.18
TRADER,-39.36
INDUSTRIA,-11.8
TRADER,-34.4
TRADER,0.65
INDUSTRIA,-21.91
TRADER,-55.61
REFINERIA,-11.29
INDUSTRIA,-33.72
INDUSTRIA,-27.77
REFINERIA,-26.45
TRADER,-30.92
INDUSTRIA,-3.34
INDUSTRIA,-31.03
REFINERIA,-30.82
TRADER,-15.68
TRADER,-33.91
INDUSTRIA,-22.71
INDUSTRIA,-29.59
TRADER,-36.35
TRADER,-46.78
INDUSTRIA,-39.78
REFINERIA,-1.93
INDUSTRIA,4.29
REFINERIA,-23.89
INDUSTRIA,-64.24
REFINERIA,-22.55
INDUSTRIA,-39.54
TRADER,2.04
INDUSTRIA,-54.98
INDUSTRIA,-21.08
TRADER,-19.65
INDUSTRIA,-30.73
REFINERIA,-24.45
TRADER,-34.71
INDUSTRIA,9.09
REFINERIA,-31.66
TRADER,-49.81
INDUSTRIA,-19.46
INDUSTRIA,-47.5
TRADER,-22.04
TRADER,-42.54
REFINERIA,-10.38
INDUSTRIA,-19.89
REFINERIA,-35.08
REFINERIA,-27.64
INDUSTRIA,-24.32
TRADER,-45.59
REFINERIA,-19.95
TRADER,-23.48
INDUSTRIA,-46.87
INDUSTRIA,-28.01
INDUSTRIA,-10.99
REFINERIA,-44.68
REFINERIA,-23.09
INDUSTRIA,-19.01
TRADER,-22.38
TRADER,-41.21
REFINERIA,-19.14
INDUSTRIA,-41.16
INDUSTRIA,-17.9
INDUSTRIA,-10.32
INDUSTRIA,-35.89
REFINERIA,-9.79
TRADER,-36.9
TRADER,-33.73
TRADER,-48.1
TRADER,-12.16
TRADER,-23.35
TRADER,-38.38
REFINERIA,-32.19
REFINERIA,-36.36
INDUSTRIA,-48.4
INDUSTRIA,-39.85
TRADER,-26.12
INDUSTRIA,-39.83
REFINERIA,-16.99
TRADER,-33.24
INDUSTRIA,-32.04
INDUSTRIA,-28.34
TRADER,5.64
TRADER,-4.49
INDUSTRIA,-40.89
TRADER,-42.58
TRADER,-23.26
INDUSTRIA,-46.44
TRADER,-15.65
TRADER,-6.2
INDUSTRIA,-25.8
TRADER,-49.15
TRADER,-11.08
INDUSTRIA,-44.74
REFINERIA,-40.03
INDUSTRIA,-14.29
TRADER,-28.39
TRADER,-55.67
REFINERIA,-17.52
INDUSTRIA,-26.49
REFINERIA,-22.01
TRADER,-37.57
REFINERIA,-36.08
TRADER,-13.63
TRADER,-61.41
TRADER,-3.47
REFINERIA,-29.88
REFINERIA,-35.96
REFINERIA,-29.75
REFINERIA,-37.02
TRADER,-19.69
REFINERIA,-56.07
INDUSTRIA,-24.0
REFINERIA,-35.66
INDUSTRIA,-43.16
TRADER,-19.61
TRADER,-30.59
INDUSTRIA,-1.68
REFINERIA,-33.77
TRADER,-23.47
INDUSTRIA,-20.95
TRADER,-19.65
TRADER,-5.85
INDUSTRIA,-23.75
INDUSTRIA,-44.8
TRADER,-27.65
REFINERIA,-12.81
TRADER,-47.41
REFINERIA,-42.68
TRADER,-40.86
TRADER,-48.55
INDUSTRIA,-33.63
INDUSTRIA,-12.1
INDUSTRIA,-44.67
INDUSTRIA,-14.24
REFINERIA,-32.22
REFINERIA,-7.22
INDUSTRIA,-35.01
REFINERIA,-36.45
REFINERIA,-29.26
INDUSTRIA,-49.72
TRADER,-27.86
REFINERIA,-28.98
REFINERIA,-41.42
INDUSTRIA,-21.6
TRADER,0.72
INDUSTRIA,-29.8
TRADER,-8.41
REFINERIA,-41.44
INDUSTRIA,-36.89
INDUSTRIA,-44.24
INDUSTRIA,-20.51
REFINERIA,0.69
TRADER,-6.88
INDUSTRIA,-22.62
INDUSTRIA,-47.52
INDUSTRIA,-37.08
INDUSTRIA,-44.13
TRADER,-19.18
REFINERIA,0.16
INDUSTRIA,-28.64
INDUSTRIA,-22.64
REFINERIA,-28.26
REFINERIA,-37.28
TRADER,-16.69
TRADER,-26.6
REFINERIA,-38.64
INDUSTRIA,-13.11
INDUSTRIA,-69.51
TRADER,-10.3
INDUSTRIA,-53.94
TRADER,-53.43
INDUSTRIA,-36.49
REFINERIA,-28.96
TRADER,-64.65
TRADER,-24.86
INDUSTRIA,-3.32
REFINERIA,-35.11
TRADER,-16.74
INDUSTRIA,-16.12
INDUSTRIA,-24.66
INDUSTRIA,-43.48
REFINERIA,-35.39
TRADER,-26.03
INDUSTRIA,-12.27
REFINERIA,-33.23
TRADER,-41.26
TRADER,-27.24
INDUSTRIA,-43.79
TRADER,-26.05
REFINERIA,-43.63
INDUSTRIA,-17.25
TRADER,-35.58
TRADER,-18.84
INDUSTRIA,-47.37
REFINERIA,-29.36
INDUSTRIA,-6.99
TRADER,-43.2
INDUSTRIA,-12.52
TRADER,-14.92
INDUSTRIA,-24.0
INDUSTRIA,-44.25
TRADER,-71.09
INDUSTRIA,-26.63
REFINERIA,-30.29
REFINERIA,-36.03
REFINERIA,-23.44
REFINERIA,-6.94
REFINERIA,-60.72
INDUSTRIA,-13.12
INDUSTRIA,-36.75
TRADER,-47.49
TRADER,-34.46
REFINERIA,-20.62
REFINERIA,-22.56
REFINERIA,-72.48
TRADER,-12.69
TRADER,-41.73
REFINERIA,-43.13
REFINERIA,-32.99
REFINERIA,-43.31
INDUSTRIA,-16.42
INDUSTRIA,-12.93
TRADER,-10.01
TRADER,-26.39
TRADER,-36.45
INDUSTRIA,-35.92
REFINERIA,-21.22
INDUSTRIA,-33.12
TRADER,-13.75
TRADER,-41.72
INDUSTRIA,-28.52
REFINERIA,-48.07
REFINERIA,-1.98
INDUSTRIA,-38.14
REFINERIA,-12.61
INDUSTRIA,-4.8
INDUSTRIA,-36.68
TRADER,-45.92
TRADER,-44.88
REFINERIA,-5.58
INDUSTRIA,-10.98
REFINERIA,-29.96
REFINERIA,-29.83
INDUSTRIA,-15.69
INDUSTRIA,-26.46
REFINERIA,-63.86
INDUSTRIA,-41.19
INDUSTRIA,-27.12
INDUSTRIA,-25.64
REFINERIA,-52.96
INDUSTRIA,-54.07
REFINERIA,-42.78
TRADER,-54.35
INDUSTRIA,-23.03
TRADER,-26.18
REFINERIA,-20.15
TRADER,-20.85
REFINERIA,-50.33
TRADER,-37.13
INDUSTRIA,-55.78
REFINERIA,-36.54
REFINERIA,-46.93
REFINERIA,-31.63
REFINERIA,-18.43
REFINERIA,-36.03
INDUSTRIA,-7.63
REFINERIA,-19.09
TRADER,-8.51
INDUSTRIA,-32.97
TRADER,-37.19
INDUSTRIA,-46.22
TRADER,-31.42
REFINERIA,-29.79
INDUSTRIA,-25.89
INDUSTRIA,-38.28
REFINERIA,-17.47
REFINERIA,-36.12
REFINERIA,-17.9
INDUSTRIA,-53.51
INDUSTRIA,-20.48
TRADER,-11.94
INDUSTRIA,-9.28
REFINERIA,-20.72
REFINERIA,-39.7
INDUSTRIA,-47.42
REFINERIA,-24.09
INDUSTRIA,-42.36
REFINERIA,-31.73
REFINERIA,-44.15
TRADER,-21.02
REFINERIA,-30.96
TRADER,-4.5
TRADER,-10.77
INDUSTRIA,-44.28
INDUSTRIA,-29.38
REFINERIA,-44.81
REFINERIA,-51.08
REFINERIA,-59.29
REFINERIA,-32.78
INDUSTRIA,-19.54
REFINERIA,-55.49
TRADER,-22.76
TRADER,-50.0
TRADER,-29.62
TRADER,-55.74
REFINERIA,-46.92
TRADER,-28.7
TRADER,-40.11
TRADER,6.66
TRADER,-28.24
INDUSTRIA,-26.66
TRADER,-15.48
TRADER,-30.73
TRADER,-31.0
TRADER,-32.87
REFINERIA,-9.15
REFINERIA,-32.61
TRADER,-40.55
REFINERIA,-41.91
INDUSTRIA,8.54
REFINERIA,-29.79
TRADER,-22.8
INDUSTRIA,-43.34
REFINERIA,-25.76
TRADER,-47.19
INDUSTRIA,4.67
INDUSTRIA,-23.46
INDUSTRIA,-22.43
REFINERIA,-24.55
REFINERIA,-29.18
INDUSTRIA,-30.26
REFINERIA,-24.88
INDUSTRIA,-6.44
REFINERIA,-35.23
TRADER,-40.95
TRADER,-27.35
TRADER,-7.11
INDUSTRIA,-43.85
INDUSTRIA,-52.91
INDUSTRIA,-45.0
TRADER,-38.53
REFINERIA,-32.05
REFINERIA,-15.9
INDUSTRIA,-30.16
INDUSTRIA,-41.01
REFINERIA,-29.21
REFINERIA,-18.0
REFINERIA,-46.98
INDUSTRIA,-46.17
REFINERIA,-21.94
TRADER,-11.71
TRADER,-7.15
INDUSTRIA,-31.3
TRADER,-22.29
REFINERIA,-20.6
REFINERIA,-29.61
TRADER,-14.71
INDUSTRIA,-28.14
INDUSTRIA,-42.61
REFINERIA,-29.38
REFINERIA,-16.43
REFINERIA,-30.28
INDUSTRIA,-31.3
TRADER,-38.39
REFINERIA,-14.77
TRADER,-29.72
INDUSTRIA,-27.58
REFINERIA,-40.65
TRADER,-24.9
TRADER,-9.73
TRADER,-35.01
REFINERIA,-7.4
REFINERIA,-25.82
REFINERIA,-36.03
REFINERIA,-38.22
INDUSTRIA,-38.3
REFINERIA,-4.7
INDUSTRIA,-35.08
REFINERIA,-25.16
INDUSTRIA,-36.25
INDUSTRIA,-37.44
TRADER,-22.24
TRADER,-21.44
REFINERIA,-15.09
TRADER,-47.27
INDUSTRIA,-54.1
REFINERIA,-23.4
REFINERIA,-25.63
REFINERIA,-54.59
REFINERIA,-16.37
REFINERIA,-41.32
TRADER,-21.27
INDUSTRIA,3.35
INDUSTRIA,-26.15
TRADER,-32.71
TRADER,-50.94
INDUSTRIA,-36.99
REFINERIA,-15.64
TRADER,-17.58
REFINERIA,-23.98
INDUSTRIA,-36.08
INDUSTRIA,-30.98
REFINERIA,-9.85
TRADER,-22.47
INDUSTRIA,-17.61
INDUSTRIA,-42.47
TRADER,-2.39
REFINERIA,-22.88
REFINERIA,-20.99
TRADER,-0.41
REFINERIA,-28.37
INDUSTRIA,-27.22
TRADER,-31.69
REFINERIA,-41.62
REFINERIA,-22.0
TRADER,-11.8
INDUSTRIA,-11.13
TRADER,-48.5
TRADER,-35.35
REFINERIA,-35.71
REFINERIA,-43.24
TRADER,-23.52
INDUSTRIA,-28.92
REFINERIA,-24.43
TRADER,-31.93
INDUSTRIA,-20.02
TRADER,-26.57
TRADER,-36.49
TRADER,-18.72
TRADER,-18.36
INDUSTRIA,-39.85
INDUSTRIA,-45.92
INDUSTRIA,-52.55
REFINERIA,-50.78
TRADER,-36.73
TRADER,-25.76
TRADER,-24.82
INDUSTRIA,-45.89
TRADER,-20.22
TRADER,-19.06
INDUSTRIA,-42.78
INDUSTRIA,-17.3
REFINERIA,-17.99
REFINERIA,-38.47
INDUSTRIA,-20.99
TRADER,-17.95
INDUSTRIA,-49.22
INDUSTRIA,-42.21
TRADER,-22.44
TRADER,-39.25
TRADER,-10.47
INDUSTRIA,-34.01
INDUSTRIA,-26.65
TRADER,-25.55
TRADER,-4.73
TRADER,-3.38
REFINERIA,-18.05
REFINERIA,-31.49
TRADER,-16.75
INDUSTRIA,-21.49
INDUSTRIA,-26.1
REFINERIA,-42.38
TRADER,-35.61
REFINERIA,-23.65
REFINERIA,31.24
REFINERIA,-10.07
INDUSTRIA,-20.8
REFINERIA,-45.5
TRADER,9.09
TRADER,-34.29
REFINERIA,-22.11
REFINERIA,-64.77
REFINERIA,-32.91
REFINERIA,-26.77
REFINERIA,-41.36
REFINERIA,-32.89
INDUSTRIA,-27.16
REFINERIA,-55.82
TRADER,-17.75
TRADER,-18.54
TRADER,-60.67
TRADER,-5.99
TRADER,-16.89
INDUSTRIA,-24.75
TRADER,-37.0
INDUSTRIA,-34.62
TRADER,-45.73
TRADER,-31.86
INDUSTRIA,-24.25
TRADER,-17.88
INDUSTRIA,-6.82
REFINERIA,-46.54
INDUSTRIA,-24.95
INDUSTRIA,-15.46
REFINERIA,-9.24
REFINERIA,-36.69
INDUSTRIA,-31.32
INDUSTRIA,-56.16
TRADER,-30.83
INDUSTRIA,-20.12
INDUSTRIA,-45.67
INDUSTRIA,-51.9
REFINERIA,-21.98
INDUSTRIA,-43.34
REFINERIA,-36.55
INDUSTRIA,-54.31
REFINERIA,-32.17
INDUSTRIA,-43.69
TRADER,-45.08
INDUSTRIA,-41.2
INDUSTRIA,-6.42
TRADER,-55.77
REFINERIA,-49.95
REFINERIA,-47.89
REFINERIA,-22.67
INDUSTRIA,-38.81
TRADER,-33.12
INDUSTRIA,-28.5
REFINERIA,-34.14
INDUSTRIA,-1.74
TRADER,-37.71
TRADER,-41.73
REFINERIA,-39.3
REFINERIA,-36.87
INDUSTRIA,-18.48
INDUSTRIA,-14.47
TRADER,-68.15
TRADER,-24.78
TRADER,-18.77
INDUSTRIA,-28.75
TRADER,-25.95
REFINERIA,-13.46
INDUSTRIA,-25.3
REFINERIA,-13.69
REFINERIA,-18.76
REFINERIA,-13.83
REFINERIA,-23.89
INDUSTRIA,-44.43
REFINERIA,-63.08
INDUSTRIA,-63.0
INDUSTRIA,-43.7
TRADER,-40.44
TRADER,-7.09
INDUSTRIA,-33.07
TRADER,-38.22
REFINERIA,-23.73
INDUSTRIA,-21.78
TRADER,-32.53
REFINERIA,-33.04
INDUSTRIA,-26.3
TRADER,-26.08
TRADER,-46.02
TRADER,-36.42
REFINERIA,-34.46
REFINERIA,-25.41
INDUSTRIA,-36.34
INDUSTRIA,-29.96
TRADER,-33.8
INDUSTRIA,-49.14
TRADER,10.74
REFINERIA,-7.92
REFINERIA,-17.39
INDUSTRIA,-43.1
INDUSTRIA,-39.97
TRADER,-24.87
REFINERIA,-37.56
TRADER,-48.16
INDUSTRIA,-26.3
TRADER,-27.55
INDUSTRIA,-31.34
REFINERIA,-34.95
TRADER,-54.59
INDUSTRIA,-39.01
INDUSTRIA,-38.31
REFINERIA,-23.18
TRADER,-33.96
TRADER,-36.19
REFINERIA,-58.06
TRADER,-26.96
TRADER,-30.77
REFINERIA,-8.14
INDUSTRIA,-41.47
INDUSTRIA,-15.48
TRADER,-20.08
REFINERIA,-4.29
TRADER,-25.18
TRADER,-40.89
INDUSTRIA,-17.43
TRADER,-44.19
REFINERIA,-27.08
INDUSTRIA,-34.41
REFINERIA,-36.42
INDUSTRIA,-23.12
INDUSTRIA,-40.5
TRADER,-25.68
INDUSTRIA,-28.83
REFINERIA,-27.75
TRADER,-22.26
TRADER,-52.87
INDUSTRIA,-24.19
REFINERIA,-5.22
REFINERIA,-23.6
INDUSTRIA,-40.34
REFINERIA,-10.13
INDUSTRIA,-26.74
INDUSTRIA,-24.36
REFINERIA,-22.9
INDUSTRIA,-44.66
REFINERIA,-20.8
INDUSTRIA,-26.75
TRADER,-51.19
TRADER,-17.97
INDUSTRIA,-43.59
TRADER,-26.13
REFINERIA,-11.45
TRADER,-2.8
REFINERIA,-13.94
REFINERIA,-16.84
TRADER,-33.45
INDUSTRIA,-12.5
INDUSTRIA,-24.9
TRADER,-40.06
INDUSTRIA,-42.47
INDUSTRIA,-20.51
INDUSTRIA,-40.37
TRADER,-51.88
INDUSTRIA,-11.78
INDUSTRIA,-62.29
REFINERIA,-45.51
TRADER,1.34
REFINERIA,-49.3
REFINERIA,-44.23
TRADER,-55.75
TRADER,-28.96
REFINERIA,-22.84
REFINERIA,-35.92
TRADER,-43.68
INDUSTRIA,-25.3
TRADER,-42.3
REFINERIA,-30.31
INDUSTRIA,-37.17
INDUSTRIA,-5.75
TRADER,-21.59
TRADER,-11.37
TRADER,-44.73
REFINERIA,-35.79
TRADER,-26.75
REFINERIA,-21.67
INDUSTRIA,-35.46
INDUSTRIA,1.27
INDUSTRIA,4.14
TRADER,-27.16
REFINERIA,-17.72
INDUSTRIA,-11.51
INDUSTRIA,-32.78
INDUSTRIA,-52.86
INDUSTRIA,-16.15
REFINERIA,-22.23
TRADER,-58.99
REFINERIA,-34.46
TRADER,-45.88
REFINERIA,-50.06
INDUSTRIA,-12.15
TRADER,-11.94
INDUSTRIA,-18.99
TRADER,-21.86
TRADER,-16.18
TRADER,-5.66
INDUSTRIA,-31.12
TRADER,-21.24
INDUSTRIA,-12.79
TRADER,21.49
TRADER,-20.2
REFINERIA,-42.94
TRADER,-14.77
REFINERIA,-35.98
INDUSTRIA,-14.02
TRADER,-41.56
REFINERIA,1.74
INDUSTRIA,-27.98
TRADER,-35.46
REFINERIA,-2.42
INDUSTRIA,-13.9
TRADER,-29.14
INDUSTRIA,-30.47
REFINERIA,-46.42
INDUSTRIA,-14.37
REFINERIA,-22.71
REFINERIA,-18.13
TRADER,1.63
REFINERIA,-25.95
INDUSTRIA,-2.03
INDUSTRIA,-42.62
TRADER,-32.26
REFINERIA,-4.55
TRADER,-25.43
TRADER,-23.73
REFINERIA,-16.84
REFINERIA,-30.98
TRADER,-36.54
REFINERIA,-40.62
REFINERIA,-12.69
INDUSTRIA,-18.81
TRADER,-18.76
REFINERIA,-23.38
REFINERIA,-34.37
INDUSTRIA,-43.21
INDUSTRIA,-35.14
INDUSTRIA,-9.79
TRADER,-27.25
TRADER,-48.52
INDUSTRIA,-29.5
TRADER,-23.72
REFINERIA,-3.15
TRADER,-26.0
TRADER,-16.87
TRADER,-5.67
TRADER,-37.22
REFINERIA,-55.13
TRADER,-34.21
INDUSTRIA,-20.1
INDUSTRIA,-14.88
TRADER,-32.78
INDUSTRIA,-16.67
INDUSTRIA,-50.05
INDUSTRIA,-53.91
TRADER,-43.85
INDUSTRIA,-41.12
INDUSTRIA,-21.23
TRADER,-33.15
REFINERIA,-31.84
INDUSTRIA,-43.08
REFINERIA,-20.77
REFINERIA,-25.73
REFINERIA,-26.62
TRADER,-19.24
INDUSTRIA,-57.04
TRADER,-28.41
REFINERIA,-43.27
INDUSTRIA,-41.3
INDUSTRIA,0.55
TRADER,-28.09
REFINERIA,-41.58
REFINERIA,-46.76
INDUSTRIA,-56.34
INDUSTRIA,-72.18
INDUSTRIA,-45.57
INDUSTRIA,-39.96
REFINERIA,-20.25
REFINERIA,-28.37
INDUSTRIA,-28.64
TRADER,-31.14
TRADER,-32.81
TRADER,-42.66
INDUSTRIA,-34.07
REFINERIA,-10.02
TRADER,-23.86
TRADER,-5.83
REFINERIA,-30.94
REFINERIA,-14.4
TRADER,-25.96
INDUSTRIA,-30.07
TRADER,-46.94
INDUSTRIA,-48.66
TRADER,-53.62
REFINERIA,-46.31
REFINERIA,-29.18
REFINERIA,-24.61
REFINERIA,-39.13
REFINERIA,-33.57
INDUSTRIA,-38.21
TRADER,-30.3
INDUSTRIA,-22.99
TRADER,-34.88
INDUSTRIA,-5.74
INDUSTRIA,-20.63
TRADER,-45.59
INDUSTRIA,-21.12
INDUSTRIA,-17.3
TRADER,-56.07
INDUSTRIA,-50.22
TRADER,-12.61
REFINERIA,-31.18
REFINERIA,-10.57
REFINERIA,-35.87
TRADER,-53.08
TRADER,-24.77
REFINERIA,-44.69
REFINERIA,-31.65
INDUSTRIA,-25.75
INDUSTRIA,-40.62
INDUSTRIA,-10.88
INDUSTRIA,-19.79
REFINERIA,-15.76
TRADER,-33.16
REFINERIA,-29.73
TRADER,-37.46
INDUSTRIA,-41.77
REFINERIA,-14.24
REFINERIA,-26.78
REFINERIA,-8.84
TRADER,-46.07
REFINERIA,-47.26
INDUSTRIA,-30.62
REFINERIA,-43.61
REFINERIA,-48.95
TRADER,-21.15
REFINERIA,-22.23
REFINERIA,-29.97
TRADER,-42.34
TRADER,-53.05
TRADER,-32.5
TRADER,-27.71
INDUSTRIA,-42.15
INDUSTRIA,-46.42
INDUSTRIA,-27.53
INDUSTRIA,-33.14
INDUSTRIA,-37.68
INDUSTRIA,-17.42
TRADER,-36.27
TRADER,-50.57
REFINERIA,-24.75
TRADER,-27.43
INDUSTRIA,-26.03
REFINERIA,-15.45
REFINERIA,-39.51
TRADER,-19.83
INDUSTRIA,-19.16
TRADER,-32.47
TRADER,-23.5
REFINERIA,-16.78
REFINERIA,-33.05
TRADER,-32.69
INDUSTRIA,-48.76
REFINERIA,-29.76
TRADER,-22.38
INDUSTRIA,-40.91
INDUSTRIA,-50.23
TRADER,-48.09
TRADER,-32.12
REFINERIA,0.04
TRADER,-32.78
REFINERIA,-31.27
TRADER,-44.77
INDUSTRIA,-4.4
REFINERIA,4.8
REFINERIA,-6.82
INDUSTRIA,-22.42
INDUSTRIA,-12.85
INDUSTRIA,-26.19
TRADER,-8.8
INDUSTRIA,-44.86
TRADER,-35.52
REFINERIA,-26.66
INDUSTRIA,5.64
REFINERIA,-17.2
REFINERIA,-26.82
TRADER,-30.12
TRADER,-30.56
TRADER,-25.55
REFINERIA,12.2
REFINERIA,-23.22
TRADER,-28.06
TRADER,-46.08
REFINERIA,-34.89
TRADER,-1.5
REFINERIA,-49.96
INDUSTRIA,-32.32
TRADER,-46.95
TRADER,-12.46
INDUSTRIA,-32.63
REFINERIA,-10.02
TRADER,-41.01
TRADER,-12.81
REFINERIA,-45.0
REFINERIA,-52.83
INDUSTRIA,-18.24
TRADER,-33.36
REFINERIA,-31.93
TRADER,-15.45
TRADER,-28.8
REFINERIA,-41.83
INDUSTRIA,-17.24
TRADER,-31.73
REFINERIA,1.47
REFINERIA,-48.65
REFINERIA,-21.44
INDUSTRIA,-28.77
REFINERIA,-49.7
REFINERIA,-41.73
TRADER,-19.35
INDUSTRIA,-6.14
TRADER,-10.44
INDUSTRIA,-53.13
REFINERIA,-46.91
REFINERIA,-8.32
TRADER,-36.16
TRADER,4.43
TRADER,-20.33
TRADER,-34.11
INDUSTRIA,-34.62
INDUSTRIA,-26.89
INDUSTRIA,-19.63
TRADER,-23.33
TRADER,-13.76
REFINERIA,-37.63
REFINERIA,-45.12
TRADER,-20.44
TRADER,-8.96
REFINERIA,-10.89
TRADER,-38.36
REFINERIA,-31.37
TRADER,-25.04
INDUSTRIA,-28.53
INDUSTRIA,-7.34
INDUSTRIA,-30.93
REFINERIA,-13.47
REFINERIA,-34.72
TRADER,-26.1
TRADER,-20.72
TRADER,-35.19
REFINERIA,-61.1
INDUSTRIA,-32.59
TRADER,-66.16
INDUSTRIA,-35.67
TRADER,-33.93
INDUSTRIA,-23.73
REFINERIA,-20.05
TRADER,-0.66
TRADER,-9.64
REFINERIA,-12.42
REFINERIA,-14.8
REFINERIA,-33.21
INDUSTRIA,-28.15
TRADER,-30.88
TRADER,-29.67
INDUSTRIA,-52.53
INDUSTRIA,-19.63
REFINERIA,-7.48
REFINERIA,-34.09
REFINERIA,-24.11
REFINERIA,-44.08
INDUSTRIA,-31.16
REFINERIA,-59.8
TRADER,-44.64
REFINERIA,-19.76
TRADER,-22.31
REFINERIA,-38.69
INDUSTRIA,-28.53
REFINERIA,-4.68
INDUSTRIA,-38.76
INDUSTRIA,-42.92
TRADER,-26.55
REFINERIA,-26.49
TRADER,-26.57
REFINERIA,-14.62
INDUSTRIA,-32.93
REFINERIA,-19.55
REFINERIA,-27.82
TRADER,-44.53
TRADER,-42.95
REFINERIA,-29.79
INDUSTRIA,-27.59
INDUSTRIA,-28.81
REFINERIA,-32.26
INDUSTRIA,-8.24
TRADER,-42.42
TRADER,-53.29
INDUSTRIA,-15.83
INDUSTRIA,12.22
INDUSTRIA,-33.72
INDUSTRIA,-19.33
REFINERIA,-42.0
INDUSTRIA,-20.5
REFINERIA,-34.45
REFINERIA,-32.38
TRADER,-13.84
TRADER,-29.96
INDUSTRIA,-37.48
INDUSTRIA,-40.91
INDUSTRIA,-24.41
TRADER,-8.68
TRADER,-31.51
TRADER,-12.35
INDUSTRIA,6.68
TRADER,-39.41
REFINERIA,-25.46
TRADER,-43.51
REFINERIA,-44.51
TRADER,-52.77
TRADER,-28.82
REFINERIA,-13.39
TRADER,-45.64
INDUSTRIA,-43.3
INDUSTRIA,-22.66
INDUSTRIA,-46.1
REFINERIA,-25.3
REFINERIA,-9.56
REFINERIA,-18.21
INDUSTRIA,-49.29
REFINERIA,-30.36
INDUSTRIA,-24.66
INDUSTRIA,-12.39
INDUSTRIA,-20.98
TRADER,-48.62
TRADER,-21.25
TRADER,-33.82
INDUSTRIA,-39.51
REFINERIA,-37.41
REFINERIA,-33.87
REFINERIA,-14.91
TRADER,-29.61
INDUSTRIA,-3.11
TRADER,-16.64
TRADER,-31.5
REFINERIA,-13.5
REFINERIA,-15.09
INDUSTRIA,-14.05
TRADER,-24.58
TRADER,-18.51
REFINERIA,-34.46
TRADER,-31.95
INDUSTRIA,-19.14
TRADER,-17.11
REFINERIA,-22.87
TRADER,-45.6
REFINERIA,-27.47
TRADER,-38.13
REFINERIA,-13.26
INDUSTRIA,-40.87
REFINERIA,-39.68
INDUSTRIA,-26.99
TRADER,-29.16
INDUSTRIA,-27.79
INDUSTRIA,-12.22
INDUSTRIA,-49.51
TRADER,-31.85
INDUSTRIA,-10.94
TRADER,-22.59
INDUSTRIA,-6.29
TRADER,-40.89
TRADER,-34.72
INDUSTRIA,-55.8
REFINERIA,-42.25
REFINERIA,-46.56
REFINERIA,-33.45
INDUSTRIA,-15.24
REFINERIA,-32.59
REFINERIA,-50.66
TRADER,6.57
TRADER,-44.29
INDUSTRIA,-19.98
INDUSTRIA,-23.54
TRADER,-20.6
INDUSTRIA,-21.45
TRADER,-40.12
TRADER,-34.1
TRADER,-55.31
REFINERIA,-14.95
INDUSTRIA,-56.75
INDUSTRIA,-30.81
INDUSTRIA,-21.48
REFINERIA,-2.88
TRADER,-30.65
INDUSTRIA,-33.49
INDUSTRIA,-27.39
INDUSTRIA,-54.22
TRADER,-44.62
REFINERIA,-61.28
INDUSTRIA,-4.52
TRADER,-37.61
REFINERIA,-34.9
INDUSTRIA,-42.93
INDUSTRIA,-19.53
TRADER,-30.98
INDUSTRIA,-28.04
TRADER,-43.45
TRADER,-33.66
INDUSTRIA,-35.2
TRADER,-34.48
INDUSTRIA,-32.46
TRADER,-16.95
TRADER,-14.11
REFINERIA,-51.34
REFINERIA,-39.07
TRADER,-16.84
TRADER,-16.42
INDUSTRIA,-41.56
REFINERIA,-39.81
TRADER,-30.85
INDUSTRIA,-15.72
REFINERIA,-44.48
REFINERIA,-41.63
TRADER,-4.32
TRADER,-25.22
INDUSTRIA,-44.19
INDUSTRIA,-24.18
TRADER,-30.18
TRADER,-31.66
INDUSTRIA,-40.8
TRADER,-42.74
INDUSTRIA,-19.74
REFINERIA,-35.92
REFINERIA,-21.92
TRADER,-37.92
REFINERIA,-31.59
REFINERIA,-26.08
INDUSTRIA,-27.62
TRADER,-27.27
TRADER,-38.59
TRADER,-36.01
TRADER,-28.42
REFINERIA,-1.0
TRADER,-46.84
REFINERIA,-38.82
TRADER,-14.85
TRADER,-19.43
INDUSTRIA,-19.85
TRADER,-37.87
INDUSTRIA,-31.08
TRADER,-19.73
INDUSTRIA,-31.01
TRADER,-43.39
TRADER,-35.92
INDUSTRIA,-39.52
TRADER,-32.76
INDUSTRIA,-26.55
REFINERIA,-26.54
TRADER,-41.61
REFINERIA,-18.91
REFINERIA,-24.84
INDUSTRIA,-29.81
INDUSTRIA,-26.26
REFINERIA,-35.47
INDUSTRIA,-33.84
INDUSTRIA,-35.22
INDUSTRIA,-48.62
TRADER,-33.31
INDUSTRIA,-18.93
TRADER,-30.16
REFINERIA,-28.16
TRADER,-33.28
INDUSTRIA,-51.01
TRADER,-46.5
TRADER,-31.21
TRADER,-50.18
REFINERIA,-10.96
INDUSTRIA,-17.97
REFINERIA,-8.25
INDUSTRIA,-36.98
TRADER,-46.6
INDUSTRIA,-47.36
REFINERIA,-38.21
INDUSTRIA,-25.97
TRADER,-7.79
TRADER,-19.78
TRADER,-15.7
REFINERIA,-55.8
INDUSTRIA,-25.61
TRADER,-32.79
TRADER,-17.26
REFINERIA,-6.01
TRADER,-9.27
REFINERIA,-12.79
INDUSTRIA,-27.85
INDUSTRIA,-21.69
REFINERIA,-25.3
REFINERIA,-35.59
REFINERIA,-39.33
TRADER,-15.0
INDUSTRIA,-21.23
REFINERIA,-50.85
TRADER,-28.48
TRADER,-30.57
INDUSTRIA,-43.59
TRADER,-7.23
REFINERIA,6.07
REFINERIA,-44.19
INDUSTRIA,-47.3
REFINERIA,-44.09
REFINERIA,-26.48
REFINERIA,-31.37
TRADER,-24.5
INDUSTRIA,-24.06
REFINERIA,-26.96
INDUSTRIA,-39.27
INDUSTRIA,-36.56
INDUSTRIA,-11.64
TRADER,-25.17
INDUSTRIA,-42.66
TRADER,-44.72
INDUSTRIA,-18.19
INDUSTRIA,-17.99
INDUSTRIA,-33.35
INDUSTRIA,-45.3
REFINERIA,-25.94
REFINERIA,-19.61
REFINERIA,-20.81
INDUSTRIA,-33.13
INDUSTRIA,-50.26
TRADER,-51.28
INDUSTRIA,-58.25
TRADER,-48.43
REFINERIA,-24.76
REFINERIA,-44.2
REFINERIA,-16.52
TRADER,-21.83
REFINERIA,-61.55
INDUSTRIA,-26.45
REFINERIA,-17.53
INDUSTRIA,-25.93
INDUSTRIA,-48.36
TRADER,-23.55
REFINERIA,-4.21
TRADER,-58.66
INDUSTRIA,-41.83
TRADER,-49.73
INDUSTRIA,-34.48
REFINERIA,-16.39
TRADER,-17.24
INDUSTRIA,-35.32
INDUSTRIA,-3.18
INDUSTRIA,-30.59
TRADER,-41.91
REFINERIA,-56.49
INDUSTRIA,-15.34
INDUSTRIA,-28.35
REFINERIA,-25.19
REFINERIA,-15.99
REFINERIA,-54.2
INDUSTRIA,-34.81
TRADER,-71.4
REFINERIA,-23.28
REFINERIA,-39.1
TRADER,-26.74
TRADER,-32.0
REFINERIA,-23.63
TRADER,-24.45
REFINERIA,-21.01
REFINERIA,-51.06
TRADER,-30.28
REFINERIA,-26.98
TRADER,-24.91
REFINERIA,-52.55
TRADER,-27.19
REFINERIA,-73.77
TRADER,-29.82
TRADER,-39.34
INDUSTRIA,-26.95
TRADER,-47.18
REFINERIA,-36.19
INDUSTRIA,-15.33
REFINERIA,-42.19
INDUSTRIA,-55.06
INDUSTRIA,-12.86
TRADER,-30.76
INDUSTRIA,-49.64
INDUSTRIA,-5.79
TRADER,-30.53
REFINERIA,-17.96
REFINERIA,-37.49
INDUSTRIA,-33.77
INDUSTRIA,-47.87
INDUSTRIA,-40.84
TRADER,-57.29
REFINERIA,-30.25
TRADER,-37.29
TRADER,-46.44
TRADER,-18.3
REFINERIA,-36.43
TRADER,-39.15
TRADER,-12.33
REFINERIA,-14.73
INDUSTRIA,-40.65
TRADER,-28.98
INDUSTRIA,-36.01
REFINERIA,-43.2
REFINERIA,-27.04
INDUSTRIA,-25.48
TRADER,-36.5
INDUSTRIA,-30.53
INDUSTRIA,-39.58
TRADER,-39.36
INDUSTRIA,-4.25
REFINERIA,-31.07
TRADER,-32.58
TRADER,-23.42
TRADER,-34.6
INDUSTRIA,-44.42
INDUSTRIA,-29.05
INDUSTRIA,-34.26
TRADER,-38.69
INDUSTRIA,-42.41
REFINERIA,-39.59
TRADER,-39.09
REFINERIA,-11.36
REFINERIA,-51.83
INDUSTRIA,-28.82
REFINERIA,-35.17
TRADER,0.39
TRADER,-47.91
TRADER,-41.86
TRADER,-4.76
INDUSTRIA,-39.9
REFINERIA,-57.28
REFINERIA,-26.11
REFINERIA,-38.64
REFINERIA,-0.24
INDUSTRIA,-34.93
INDUSTRIA,-52.02
REFINERIA,-29.36
REFINERIA,-23.84
TRADER,-11.38
INDUSTRIA,-31.24
INDUSTRIA,-15.05
INDUSTRIA,-50.28
REFINERIA,-31.53
REFINERIA,-18.09
INDUSTRIA,-22.99
REFINERIA,-23.61
INDUSTRIA,-38.69
TRADER,-25.52
REFINERIA,-40.43
REFINERIA,-31.85
REFINERIA,-24.41
TRADER,-26.98
TRADER,-17.91
TRADER,-17.42
REFINERIA,-54.24
INDUSTRIA,-40.79
INDUSTRIA,9.48
INDUSTRIA,-25.27
TRADER,-51.12
INDUSTRIA,-32.2
REFINERIA,-33.07
INDUSTRIA,-29.57
REFINERIA,-52.51
REFINERIA,-46.17
INDUSTRIA,-26.98
TRADER,-0.23
REFINERIA,-36.89
REFINERIA,-37.5
REFINERIA,-38.95
REFINERIA,-16.39
REFINERIA,-22.52
REFINERIA,-33.67
REFINERIA,-53.14
TRADER,-46.79
TRADER,-45.78
INDUSTRIA,-37.62
TRADER,-6.87
TRADER,-34.1
TRADER,-29.77
TRADER,-33.41
REFINERIA,-25.72
REFINERIA,-1.18
REFINERIA,-35.82
INDUSTRIA,-10.08
TRADER,-27.69
INDUSTRIA,-29.75
REFINERIA,-44.1
INDUSTRIA,-19.1
TRADER,-20.05
TRADER,-43.72
REFINERIA,-41.85
TRADER,-15.76
INDUSTRIA,-28.3
INDUSTRIA,-23.21
REFINERIA,-16.0
TRADER,-43.15
INDUSTRIA,-21.22
TRADER,-44.83
REFINERIA,-26.36
INDUSTRIA,-26.98
REFINERIA,-28.87
INDUSTRIA,-26.62
INDUSTRIA,-28.12
TRADER,-51.05
REFINERIA,-5.12
REFINERIA,-19.88
INDUSTRIA,-18.24
REFINERIA,-26.43
INDUSTRIA,-40.8
TRADER,-15.36
TRADER,-56.09
TRADER,-20.39
INDUSTRIA,-14.14
TRADER,-15.39
REFINERIA,-11.82
REFINERIA,-3.49
REFINERIA,-46.47
INDUSTRIA,-22.27
INDUSTRIA,-31.28
TRADER,6.7
TRADER,-41.11
INDUSTRIA,1.98
INDUSTRIA,-31.32
REFINERIA,-11.54
TRADER,-24.27
TRADER,-19.49
INDUSTRIA,-41.15
TRADER,-34.57
REFINERIA,-50.72
REFINERIA,-35.31
REFINERIA,-75.4
REFINERIA,-35.66
INDUSTRIA,-23.02
REFINERIA,-20.91
INDUSTRIA,-39.05
TRADER,-31.05
TRADER,-10.75
INDUSTRIA,-13.73
INDUSTRIA,-29.14
TRADER,-45.64
REFINERIA,-43.0
TRADER,-42.86
INDUSTRIA,-30.14
TRADER,-46.03
TRADER,-19.08
TRADER,-19.39
REFINERIA,-42.58
TRADER,-50.86
INDUSTRIA,-42.57
TRADER,-52.6
INDUSTRIA,-20.82
TRADER,-13.24
TRADER,-50.43
INDUSTRIA,-41.48
REFINERIA,-21.2
INDUSTRIA,-24.33
TRADER,-29.65
INDUSTRIA,-22.65
INDUSTRIA,-13.36
TRADER,-13.91
INDUSTRIA,-9.54
INDUSTRIA,-24.6
TRADER,-7.55
REFINERIA,-46.19
INDUSTRIA,-25.43
INDUSTRIA,-10.14
REFINERIA,-37.29
INDUSTRIA,-12.3
REFINERIA,-31.05
TRADER,-12.36
REFINERIA,-29.93
REFINERIA,-24.79
TRADER,-18.68
TRADER,-26.87
REFINERIA,-32.25
REFINERIA,-39.41
INDUSTRIA,-27.25
TRADER,-13.97
INDUSTRIA,-26.62
TRADER,-24.04
REFINERIA,-5.73
REFINERIA,-27.16
REFINERIA,-28.45
REFINERIA,-15.11
INDUSTRIA,-22.47
TRADER,-28.63
REFINERIA,-28.32
REFINERIA,-20.7
INDUSTRIA,-29.23
REFINERIA,-36.8
INDUSTRIA,-25.92
TRADER,-40.81
TRADER,-30.92
TRADER,-32.24
TRADER,-22.97
REFINERIA,-42.61
REFINERIA,-30.76
REFINERIA,-7.5
INDUSTRIA,-43.28
INDUSTRIA,-22.86
INDUSTRIA,-11.32
TRADER,-37.07
INDUSTRIA,-62.17
INDUSTRIA,-32.49
REFINERIA,-35.93
INDUSTRIA,-7.78
INDUSTRIA,-40.23
REFINERIA,-5.76
INDUSTRIA,-3.73
TRADER,-36.76
REFINERIA,-43.62
REFINERIA,-24.6
TRADER,-38.52
TRADER,-17.15
REFINERIA,-22.47
REFINERIA,-31.01
TRADER,-2.74
INDUSTRIA,-26.66
INDUSTRIA,-25.63
REFINERIA,-4.97
TRADER,-17.92
TRADER,-48.5
TRADER,-62.24
TRADER,-42.98
TRADER,-23.38
INDUSTRIA,-14.19
REFINERIA,-22.05
INDUSTRIA,-34.15
REFINERIA,-37.21
INDUSTRIA,-28.36
REFINERIA,-22.88
INDUSTRIA,-62.37
REFINERIA,-34.09
INDUSTRIA,-48.51
INDUSTRIA,-27.1
TRADER,-3.39
REFINERIA,-21.44
TRADER,-36.74
INDUSTRIA,-21.84
REFINERIA,7.48
REFINERIA,-29.02
INDUSTRIA,-56.48
INDUSTRIA,-24.8
TRADER,-8.15
REFINERIA,-34.39
REFINERIA,-6.32
INDUSTRIA,-23.34
INDUSTRIA,-60.24
TRADER,-38.09
REFINERIA,-15.56
REFINERIA,-6.85
REFINERIA,-32.35
TRADER,-57.26
REFINERIA,-57.32
TRADER,-21.3
REFINERIA,-25.26
REFINERIA,-21.25
INDUSTRIA,-25.78
TRADER,-27.77
INDUSTRIA,-35.8
TRADER,-21.2
REFINERIA,0.35
REFINERIA,-31.57
REFINERIA,-40.31
INDUSTRIA,-31.69
REFINERIA,-41.1
REFINERIA,-7.88
REFINERIA,-30.97
INDUSTRIA,-20.21
INDUSTRIA,-48.29
TRADER,-30.67
REFINERIA,-30.86
INDUSTRIA,-25.73
TRADER,-4.11
REFINERIA,-30.14
REFINERIA,-38.71
REFINERIA,-33.32
REFINERIA,-16.96
TRADER,-38.04
INDUSTRIA,-28.59
INDUSTRIA,-40.2
REFINERIA,-25.27
TRADER,-40.0
REFINERIA,-24.04
TRADER,-55.26
REFINERIA,-57.21
INDUSTRIA,-37.52
REFINERIA,-17.69
TRADER,-35.38
TRADER,-0.69
INDUSTRIA,-18.53
REFINERIA,-35.23
REFINERIA,-5.3
REFINERIA,-15.2
REFINERIA,-17.64
REFINERIA,-28.23
REFINERIA,-37.77
REFINERIA,-20.49
REFINERIA,-41.65
TRADER,-48.1
INDUSTRIA,-38.49
REFINERIA,-36.49
REFINERIA,-40.26
TRADER,-21.42
INDUSTRIA,-42.29
REFINERIA,-37.05
INDUSTRIA,-39.3
TRADER,-19.21
INDUSTRIA,-32.47
REFINERIA,-34.56
REFINERIA,-60.01
TRADER,-42.53
REFINERIA,-62.6
REFINERIA,-1.87
INDUSTRIA,-39.23
INDUSTRIA,4.76
TRADER,-58.52
REFINERIA,-30.62
INDUSTRIA,-21.09
TRADER,-7.63
INDUSTRIA,-4.34
INDUSTRIA,-48.09
TRADER,-31.74
INDUSTRIA,-11.99
INDUSTRIA,-24.77
INDUSTRIA,-42.0
TRADER,-20.86
TRADER,-18.06
TRADER,-39.91
INDUSTRIA,-11.2
TRADER,-16.63
TRADER,-43.15
TRADER,-59.9
REFINERIA,-23.95
INDUSTRIA,6.2
TRADER,-37.91
INDUSTRIA,-44.56
REFINERIA,-33.17
TRADER,-36.58
INDUSTRIA,-23.34
REFINERIA,-34.97
INDUSTRIA,-30.91
TRADER,-47.94
INDUSTRIA,-41.97
TRADER,-8.51
INDUSTRIA,-27.56
INDUSTRIA,-14.66
INDUSTRIA,3.94
TRADER,-37.99
TRADER,-39.59
TRADER,-23.69
REFINERIA,-28.05
REFINERIA,-14.38
INDUSTRIA,-18.68
INDUSTRIA,-45.39
INDUSTRIA,-50.33
TRADER,-39.64
TRADER,-48.18
INDUSTRIA,-9.07
REFINERIA,-38.23
INDUSTRIA,-25.12
REFINERIA,-32.2
INDUSTRIA,-15.0
INDUSTRIA,-23.46
TRADER,-41.38
TRADER,-22.85
REFINERIA,-13.69
TRADER,-42.38
TRADER,-33.95
TRADER,-4.54
TRADER,-32.65
REFINERIA,-12.41
INDUSTRIA,-41.34
TRADER,-32.54
TRADER,-24.66
REFINERIA,-41.45
REFINERIA,-38.66
TRADER,-43.53
INDUSTRIA,-47.61
TRADER,-29.28
INDUSTRIA,-26.09
INDUSTRIA,-17.29
INDUSTRIA,-14.82
INDUSTRIA,-29.46
REFINERIA,-30.0
REFINERIA,-35.97
TRADER,-19.55
INDUSTRIA,-35.55
INDUSTRIA,-30.53
TRADER,-33.28
TRADER,-42.35
INDUSTRIA,-2.83
INDUSTRIA,-17.27
INDUSTRIA,-40.38
REFINERIA,-9.32
REFINERIA,-31.47
INDUSTRIA,-29.45
TRADER,-26.23
TRADER,-29.15
INDUSTRIA,-44.1
TRADER,-0.43
TRADER,-22.9
REFINERIA,-32.52
REFINERIA,-12.06
REFINERIA,-31.02
REFINERIA,-25.81
TRADER,4.16
TRADER,-50.76
REFINERIA,-25.62
REFINERIA,-27.72
TRADER,-44.4
TRADER,-16.67
TRADER,-11.52
REFINERIA,-38.19
TRADER,-36.14
TRADER,-50.29
INDUSTRIA,-38.46
TRADER,-24.88
REFINERIA,-18.84
TRADER,-20.45
TRADER,-11.87
REFINERIA,-27.75
INDUSTRIA,-40.6
TRADER,-36.75
REFINERIA,-28.29
INDUSTRIA,-8.37
REFINERIA,-3.77
TRADER,-35.25
REFINERIA,-14.97
TRADER,-15.76
TRADER,-40.99
INDUSTRIA,4.3
INDUSTRIA,-33.39
REFINERIA,-42.26
TRADER,-23.03
REFINERIA,-30.6
INDUSTRIA,-19.36
INDUSTRIA,-4.0
REFINERIA,-57.58
REFINERIA,-60.37
INDUSTRIA,-34.73
TRADER,-16.03
INDUSTRIA,-37.03
TRADER,-25.87
INDUSTRIA,-41.12
REFINERIA,-33.21
REFINERIA,-34.52
TRADER,-31.67
INDUSTRIA,-24.15
TRADER,-49.46
TRADER,-23.56
TRADER,-40.32
INDUSTRIA,-49.39
TRADER,-30.73
REFINERIA,-46.96
TRADER,-55.88
REFINERIA,-10.48
TRADER,-23.46
TRADER,-38.69
REFINERIA,-14.72
REFINERIA,-4.07
REFINERIA,-30.01
TRADER,-27.89
INDUSTRIA,-14.04
INDUSTRIA,-16.38
INDUSTRIA,-13.85
TRADER,-18.02
INDUSTRIA,-13.35
REFINERIA,3.33
TRADER,-24.94
TRADER,-8.69
INDUSTRIA,-31.24
INDUSTRIA,-29.75
TRADER,-17.17
INDUSTRIA,-8.03
REFINERIA,-4.94
TRADER,-20.48
INDUSTRIA,-24.25
TRADER,-26.77
TRADER,-39.05
INDUSTRIA,-34.62
TRADER,-27.53
INDUSTRIA,-41.34
INDUSTRIA,17.42
TRADER,-36.57
INDUSTRIA,-42.97
REFINERIA,-45.68
REFINERIA,-31.91
REFINERIA,-2.49
TRADER,-33.62
REFINERIA,-23.03
TRADER,-32.75
REFINERIA,-60.49
TRADER,-24.14
INDUSTRIA,-39.94
INDUSTRIA,-30.56
INDUSTRIA,-46.61
REFINERIA,-39.87
INDUSTRIA,-52.15
INDUSTRIA,-22.56
INDUSTRIA,-18.14
TRADER,-20.65
TRADER,-25.67
TRADER,-49.75
TRADER,-48.08
TRADER,-22.46
REFINERIA,-27.53
INDUSTRIA,-47.02
TRADER,-48.64
TRADER,-29.63
REFINERIA,-36.23
INDUSTRIA,-23.16
INDUSTRIA,-13.5
INDUSTRIA,-19.92
TRADER,-54.74
TRADER,-30.61
REFINERIA,-27.48
REFINERIA,-8.95
TRADER,-48.33
REFINERIA,-24.96
INDUSTRIA,-51.35
TRADER,-30.64
INDUSTRIA,-26.37
TRADER,-38.07
INDUSTRIA,-56.04
REFINERIA,-10.81
INDUSTRIA,-53.69
INDUSTRIA,-36.23
REFINERIA,-25.62
INDUSTRIA,-45.44
REFINERIA,-38.55
TRADER,-4.7
TRADER,-50.4
REFINERIA,-54.25
TRADER,-33.21
TRADER,-12.89
TRADER,-36.69
REFINERIA,-30.06
TRADER,-18.73
REFINERIA,-26.76
REFINERIA,-33.43
TRADER,-17.23
INDUSTRIA,-18.71
REFINERIA,-36.35
TRADER,-7.82
INDUSTRIA,-30.33
TRADER,-36.39
TRADER,-14.19
INDUSTRIA,-31.22
TRADER,-49.75
REFINERIA,-30.41
INDUSTRIA,-40.34
INDUSTRIA,-13.13
INDUSTRIA,-9.1
REFINERIA,-33.18
INDUSTRIA,-53.72
INDUSTRIA,6.5
REFINERIA,-28.15
TRADER,-51.32
INDUSTRIA,-39.65
REFINERIA,-40.38
REFINERIA,-31.47
INDUSTRIA,-24.11
TRADER,-30.81
TRADER,-40.75
TRADER,0.6
INDUSTRIA,-20.47
TRADER,-36.71
INDUSTRIA,-37.09
INDUSTRIA,-46.3
REFINERIA,-35.57
REFINERIA,-45.69
REFINERIA,-29.33
INDUSTRIA,-62.1
INDUSTRIA,-43.04
REFINERIA,-27.75
INDUSTRIA,-38.62
REFINERIA,-53.54
REFINERIA,-17.02
INDUSTRIA,-31.92
INDUSTRIA,-23.66
INDUSTRIA,-18.4
REFINERIA,-14.01
TRADER,-34.52
TRADER,-41.44
INDUSTRIA,-13.27
REFINERIA,-33.31
TRADER,-35.62
TRADER,-4.32
INDUSTRIA,-8.52
INDUSTRIA,-40.13
INDUSTRIA,-23.3
INDUSTRIA,-11.65
TRADER,-43.91
INDUSTRIA,-4.41
TRADER,-37.57
REFINERIA,-26.44
REFINERIA,-31.4
TRADER,-32.53
REFINERIA,-22.23
REFINERIA,-44.26
TRADER,-15.43
REFINERIA,-25.7
TRADER,-55.78
INDUSTRIA,-18.21
TRADER,-35.89
TRADER,-33.75
INDUSTRIA,-35.44
REFINERIA,-38.67
INDUSTRIA,-14.34
INDUSTRIA,-29.84
REFINERIA,-56.88
INDUSTRIA,-6.69
REFINERIA,9.59
TRADER,-21.96
REFINERIA,-8.35
TRADER,-9.46
TRADER,-46.35
REFINERIA,-44.9
TRADER,-34.87
TRADER,-35.58
TRADER,-14.12
REFINERIA,-8.42
TRADER,-24.62
INDUSTRIA,-27.13
REFINERIA,-37.88
REFINERIA,-69.75
INDUSTRIA,8.07
TRADER,-34.89
TRADER,-34.63
REFINERIA,-32.57
REFINERIA,-28.92
INDUSTRIA,-48.79
INDUSTRIA,-47.73
INDUSTRIA,-45.23
REFINERIA,-42.81
REFINERIA,-21.28
INDUSTRIA,-27.14
TRADER,-55.47
REFINERIA,-41.33
TRADER,-27.37
INDUSTRIA,-17.46
INDUSTRIA,-56.11
REFINERIA,-40.29
INDUSTRIA,-31.85
TRADER,-18.89
INDUSTRIA,-55.16
TRADER,-36.26
INDUSTRIA,-1.25
REFINERIA,-54.26
REFINERIA,-25.42
INDUSTRIA,-30.25
REFINERIA,-57.63
REFINERIA,-17.26
TRADER,-14.49
REFINERIA,-44.16
REFINERIA,-26.97
INDUSTRIA,-52.01
TRADER,-24.36
REFINERIA,-18.23
INDUSTRIA,-32.7
TRADER,-49.14
INDUSTRIA,-43.94
INDUSTRIA,-39.56
TRADER,-66.06
TRADER,-39.9
TRADER,-25.69
REFINERIA,-25.21
REFINERIA,-17.37
INDUSTRIA,-39.23
INDUSTRIA,-35.83
INDUSTRIA,3.97
TRADER,-52.6
REFINERIA,-16.64
REFINERIA,-23.43
TRADER,4.23
REFINERIA,-24.62
REFINERIA,-25.99
TRADER,-30.93
REFINERIA,-5.06
REFINERIA,-31.72
TRADER,-30.26
REFINERIA,-19.41
INDUSTRIA,-29.73
REFINERIA,-30.99
INDUSTRIA,-2.63
INDUSTRIA,-25.66
REFINERIA,-15.31
INDUSTRIA,-31.64
TRADER,-30.37
TRADER,-19.22
TRADER,-54.89
INDUSTRIA,-45.5
TRADER,-51.28
REFINERIA,-19.58
INDUSTRIA,-28.47
INDUSTRIA,-47.75
INDUSTRIA,-12.44
TRADER,1.16
INDUSTRIA,10.88
INDUSTRIA,-40.82
REFINERIA,5.97
REFINERIA,-40.76
INDUSTRIA,-17.42
INDUSTRIA,-43.54
REFINERIA,-34.44
TRADER,-7.7
TRADER,-63.07
INDUSTRIA,-38.86
INDUSTRIA,-37.64
TRADER,-52.96
REFINERIA,-45.8
REFINERIA,-44.86
INDUSTRIA,-48.16
REFINERIA,-44.59
INDUSTRIA,-39.99
TRADER,-23.91
TRADER,-41.39
INDUSTRIA,-51.66
INDUSTRIA,-41.01
INDUSTRIA,-34.91
INDUSTRIA,-35.71
INDUSTRIA,-43.96
TRADER,-23.33
REFINERIA,-12.35
TRADER,-37.6
TRADER,-40.9
INDUSTRIA,-34.96
INDUSTRIA,-27.91
INDUSTRIA,-21.21
INDUSTRIA,-11.21
INDUSTRIA,-47.59
REFINERIA,-40.94
TRADER,-42.78
INDUSTRIA,-35.81
REFINERIA,-42.77
REFINERIA,-22.42
TRADER,-24.63
INDUSTRIA,-2.71
TRADER,4.83
INDUSTRIA,-40.84
REFINERIA,-43.08
REFINERIA,-23.19
INDUSTRIA,-48.22
REFINERIA,-51.14
REFINERIA,-26.35
INDUSTRIA,-2.57
REFINERIA,-56.82
REFINERIA,-11.71
REFINERIA,-39.91
TRADER,-15.54
TRADER,-9.72
TRADER,-19.44
TRADER,-4.49
TRADER,-47.87
INDUSTRIA,-21.44
REFINERIA,-33.99
INDUSTRIA,-20.0
REFINERIA,-67.93
TRADER,-58.73
REFINERIA,-39.39
TRADER,-35.8
REFINERIA,-22.14
TRADER,-28.24
REFINERIA,-18.21
INDUSTRIA,-32.67
TRADER,-25.86
INDUSTRIA,-43.11
TRADER,-25.29
TRADER,-14.36
INDUSTRIA,-18.25
INDUSTRIA,-37.95
INDUSTRIA,-36.65
INDUSTRIA,-41.03
REFINERIA,-35.41
TRADER,-36.47
REFINERIA,-16.08
TRADER,-32.61
INDUSTRIA,-40.18
TRADER,-38.28
REFINERIA,-27.43
REFINERIA,-55.89
TRADER,-48.82
TRADER,-43.97
REFINERIA,-49.99
REFINERIA,-41.81
REFINERIA,-20.78
REFINERIA,-13.13
INDUSTRIA,-30.23
REFINERIA,-47.85
TRADER,-60.01
TRADER,-13.05
INDUSTRIA,-39.21
REFINERIA,-51.25
INDUSTRIA,-32.44
INDUSTRIA,-14.13
TRADER,-7.31
INDUSTRIA,-5.86
INDUSTRIA,-16.85
INDUSTRIA,-13.28
REFINERIA,-5.97
INDUSTRIA,-15.54
REFINERIA,-20.84
TRADER,-54.26
INDUSTRIA,-28.6
REFINERIA,-47.79
REFINERIA,-23.71
INDUSTRIA,-43.91
TRADER,-9.4
TRADER,-30.66
TRADER,-22.08
TRADER,-61.84
INDUSTRIA,-42.96
TRADER,-20.93
TRADER,-26.5
TRADER,-36.02
INDUSTRIA,-43.14
REFINERIA,-27.47
INDUSTRIA,-41.99
TRADER,-54.41
REFINERIA,-22.69
REFINERIA,-26.14
TRADER,-26.77
REFINERIA,-21.88
INDUSTRIA,-10.73
TRADER,-13.68
INDUSTRIA,-24.45
INDUSTRIA,-40.5
TRADER,-34.24
TRADER,-48.0
TRADER,-9.23
REFINERIA,-28.62
INDUSTRIA,-53.66
TRADER,-26.91
INDUSTRIA,-25.77
TRADER,-56.16
INDUSTRIA,-45.38
TRADER,-12.52
INDUSTRIA,-18.42
INDUSTRIA,-35.48
TRADER,-33.53
INDUSTRIA,-29.45
INDUSTRIA,-35.88
TRADER,-38.42
INDUSTRIA,-3.88
REFINERIA,-44.95
TRADER,-49.84
TRADER,3.7
TRADER,-48.59
TRADER,-51.68
INDUSTRIA,-35.53
TRADER,-30.55
TRADER,-15.84
TRADER,-40.08
REFINERIA,-22.34
REFINERIA,-28.44
INDUSTRIA,-34.16
REFINERIA,-34.12
TRADER,-34.61
TRADER,-12.13
INDUSTRIA,-1.99
INDUSTRIA,-40.05
REFINERIA,-43.47
INDUSTRIA,-24.44
INDUSTRIA,-27.08
TRADER,-42.38
REFINERIA,-33.19
TRADER,-38.94
REFINERIA,-10.99
REFINERIA,-17.96
TRADER,-33.41
TRADER,-45.61
REFINERIA,-25.09
TRADER,-24.1
TRADER,-20.66
INDUSTRIA,-16.21
REFINERIA,-14.34
TRADER,-22.23
TRADER,-30.2
TRADER,-43.76
REFINERIA,-30.88
INDUSTRIA,-18.57
INDUSTRIA,-2.75
REFINERIA,-31.29
INDUSTRIA,-37.69
TRADER,-25.45
TRADER,-23.4
TRADER,-42.4
TRADER,-46.81
TRADER,-39.01
INDUSTRIA,-17.29
REFINERIA,-25.05
INDUSTRIA,10.54
INDUSTRIA,-19.79
REFINERIA,-13.17
INDUSTRIA,-33.76
INDUSTRIA,-25.91
REFINERIA,-40.38
TRADER,-41.68
TRADER,-5.73
INDUSTRIA,-26.97
REFINERIA,-28.49
TRADER,6.17
TRADER,-36.09
INDUSTRIA,-64.99
INDUSTRIA,-23.48
TRADER,-31.45
TRADER,-49.43
TRADER,-44.33
TRADER,-30.1
REFINERIA,-41.38
REFINERIA,-29.04
INDUSTRIA,-3.53
REFINERIA,-40.27
REFINERIA,-30.78
INDUSTRIA,-24.0
TRADER,-23.09
REFINERIA,-18.08
INDUSTRIA,-50.61
TRADER,-34.45
TRADER,-20.45
TRADER,-35.32
TRADER,-29.26
TRADER,-27.65
INDUSTRIA,-27.1
REFINERIA,-42.63
INDUSTRIA,-29.67
INDUSTRIA,-10.9
INDUSTRIA,-17.92
TRADER,-42.11
REFINERIA,-55.68
INDUSTRIA,-45.02
TRADER,-35.64
TRADER,-23.52
REFINERIA,-25.11
INDUSTRIA,-21.08
TRADER,-35.1
INDUSTRIA,-32.0
REFINERIA,-28.74
TRADER,-21.73
REFINERIA,-45.61
TRADER,-28.18
INDUSTRIA,-23.94
TRADER,-15.49
REFINERIA,-35.94
INDUSTRIA,-55.45
INDUSTRIA,-45.32
INDUSTRIA,-34.4
REFINERIA,-42.4
TRADER,-50.55
INDUSTRIA,-27.39
REFINERIA,-25.47
REFINERIA,-57.39
REFINERIA,-19.66
REFINERIA,-32.35
INDUSTRIA,-33.65
INDUSTRIA,-18.97
REFINERIA,-10.51
TRADER,-34.64
REFINERIA,-26.17
INDUSTRIA,-16.28
REFINERIA,-12.48
REFINERIA,-34.16
REFINERIA,-18.5
INDUSTRIA,-40.77
REFINERIA,-22.67
REFINERIA,-29.12
REFINERIA,-27.09
INDUSTRIA,-0.44
REFINERIA,-47.5
INDUSTRIA,-50.86
TRADER,-41.14
TRADER,-61.28
REFINERIA,-26.73
TRADER,-20.6
REFINERIA,-23.28
INDUSTRIA,-18.41
TRADER,-32.95
REFINERIA,-60.46
REFINERIA,-13.45
INDUSTRIA,-40.58
REFINERIA,-25.56
TRADER,-12.77
INDUSTRIA,-24.57
REFINERIA,-51.37
REFINERIA,-45.41
REFINERIA,-31.58
TRADER,-16.29
REFINERIA,-39.71
TRADER,-67.66
REFINERIA,-37.7
TRADER,-25.37
REFINERIA,-47.37
REFINERIA,-42.17
REFINERIA,-45.87
REFINERIA,-42.7
TRADER,-18.9
REFINERIA,-23.14
TRADER,-22.72
INDUSTRIA,-34.64
TRADER,-26.02
INDUSTRIA,-17.64
REFINERIA,-22.28
REFINERIA,-40.05
TRADER,-27.33
INDUSTRIA,-42.8
REFINERIA,-21.94
INDUSTRIA,-15.88
REFINERIA,-20.46
TRADER,-50.21
REFINERIA,-53.11
INDUSTRIA,-14.4
REFINERIA,-28.74
REFINERIA,-42.51
TRADER,-40.1
INDUSTRIA,-13.16
REFINERIA,-35.71
REFINERIA,-29.44
REFINERIA,-53.92
TRADER,-34.95
REFINERIA,-33.85
TRADER,-10.34
INDUSTRIA,-32.11
INDUSTRIA,-22.98
REFINERIA,-46.5
INDUSTRIA,-32.93
TRADER,-2.66
TRADER,-32.47
REFINERIA,-33.05
INDUSTRIA,-31.01
REFINERIA,-10.59
TRADER,-27.39
REFINERIA,-14.48
TRADER,-45.48
INDUSTRIA,-5.33
TRADER,-25.21
REFINERIA,-35.37
INDUSTRIA,-37.56
REFINERIA,-20.4
REFINERIA,-35.71
INDUSTRIA,-34.71
REFINERIA,-14.65
TRADER,-36.06
INDUSTRIA,-26.58
REFINERIA,-13.57
REFINERIA,-31.71
TRADER,-30.76
REFINERIA,-15.35
REFINERIA,-14.0
REFINERIA,-9.45
INDUSTRIA,-39.98
TRADER,-10.68
INDUSTRIA,-30.56
REFINERIA,-15.79
REFINERIA,-27.01
INDUSTRIA,-14.73
TRADER,-29.4
TRADER,-34.29
REFINERIA,-43.57
TRADER,-42.3
INDUSTRIA,-34.65
TRADER,-10.6
INDUSTRIA,-28.91
INDUSTRIA,-47.56
TRADER,-37.55
TRADER,-22.84
TRADER,-47.49
INDUSTRIA,-31.79
INDUSTRIA,-26.52
REFINERIA,-44.81
REFINERIA,-36.12
INDUSTRIA,-42.54
INDUSTRIA,-31.57
INDUSTRIA,-35.92
INDUSTRIA,5.12
TRADER,-51.25
INDUSTRIA,-53.8
INDUSTRIA,19.02
TRADER,-42.54
INDUSTRIA,-17.32
INDUSTRIA,-10.88
TRADER,-38.17
REFINERIA,-2.23
REFINERIA,-41.78
TRADER,-38.58
REFINERIA,3.3
INDUSTRIA,-15.34
REFINERIA,-28.9
INDUSTRIA,-22.99
REFINERIA,-23.89
INDUSTRIA,-37.93
INDUSTRIA,-42.46
REFINERIA,-51.8
REFINERIA,-38.76
INDUSTRIA,-30.3
REFINERIA,-33.43
REFINERIA,-23.45
TRADER,-45.83
TRADER,-56.24
TRADER,-13.05
REFINERIA,-17.0
REFINERIA,-15.03
REFINERIA,-27.66
TRADER,-19.35
INDUSTRIA,-45.88
TRADER,-22.24
REFINERIA,-17.86
REFINERIA,-42.14
REFINERIA,-45.14
INDUSTRIA,-53.4
INDUSTRIA,-22.74
INDUSTRIA,-36.55
TRADER,-33.77
TRADER,8.48
TRADER,-23.31
TRADER,-46.63
TRADER,-26.92
REFINERIA,-8.89
INDUSTRIA,-9.04
TRADER,14.13
TRADER,-9.45
INDUSTRIA,-29.48
TRADER,-51.18
TRADER,-38.05
REFINERIA,-21.19
REFINERIA,-21.62
REFINERIA,-51.89
TRADER,-32.92
TRADER,-23.39
INDUSTRIA,-43.31
REFINERIA,-6.48
REFINERIA,-45.6
TRADER,-24.68
INDUSTRIA,-20.32
INDUSTRIA,-28.94
TRADER,-50.53
REFINERIA,-47.22
INDUSTRIA,-32.97
INDUSTRIA,-16.69
REFINERIA,-32.03
TRADER,-29.42
INDUSTRIA,-5.31
REFINERIA,-19.03
REFINERIA,-53.51
TRADER,-47.89
TRADER,-19.99
INDUSTRIA,-43.37
TRADER,-39.68
TRADER,-50.57
REFINERIA,-43.97
INDUSTRIA,-8.43
REFINERIA,-21.71
TRADER,-44.68
REFINERIA,-40.54
TRADER,-29.22
REFINERIA,-30.38
TRADER,-37.79
TRADER,-43.66
REFINERIA,3.11
INDUSTRIA,-39.94
TRADER,-38.43
REFINERIA,-24.45
REFINERIA,-18.57
TRADER,-38.21
INDUSTRIA,-23.39
INDUSTRIA,-12.06
INDUSTRIA,-36.33
INDUSTRIA,-41.62
TRADER,-15.74
REFINERIA,-37.86
REFINERIA,-44.48
INDUSTRIA,-33.36
TRADER,-24.9
INDUSTRIA,-22.93
INDUSTRIA,1.79
TRADER,-11.87
REFINERIA,-18.35
TRADER,-13.43
INDUSTRIA,-28.01
REFINERIA,-9.73
TRADER,-18.86
TRADER,-42.84
REFINERIA,-13.31
TRADER,-12.08
INDUSTRIA,-37.85
INDUSTRIA,-41.67
INDUSTRIA,-30.95
INDUSTRIA,-30.61
INDUSTRIA,-62.84
TRADER,-23.3
REFINERIA,-13.26
REFINERIA,-38.04
TRADER,-26.13
INDUSTRIA,-5.53
INDUSTRIA,-19.22
REFINERIA,-11.29
INDUSTRIA,-27.03
REFINERIA,-53.29
REFINERIA,-33.7
TRADER,-28.34
TRADER,-47.22
INDUSTRIA,-8.14
TRADER,-35.18
REFINERIA,-40.36
REFINERIA,-16.84
REFINERIA,-65.71
TRADER,-50.96
TRADER,-34.52
TRADER,-9.97
TRADER,-36.18
REFINERIA,-33.71
INDUSTRIA,2.58
TRADER,-14.08
TRADER,5.2
REFINERIA,-32.36
REFINERIA,-8.16
INDUSTRIA,-16.91
TRADER,-36.79
TRADER,-43.32
REFINERIA,-37.55
REFINERIA,-15.66
REFINERIA,-25.93
INDUSTRIA,-47.64
TRADER,-31.28
INDUSTRIA,-28.43
REFINERIA,-39.99
TRADER,-11.44
REFINERIA,-36.18
INDUSTRIA,-34.79
TRADER,-30.48
REFINERIA,-7.85
TRADER,-13.52
TRADER,-36.68
TRADER,-30.96
TRADER,-55.59
INDUSTRIA,-37.97
INDUSTRIA,-13.09
INDUSTRIA,-38.92
TRADER,-44.14
TRADER,-18.23
TRADER,-56.19
INDUSTRIA,-26.12
INDUSTRIA,4.75
REFINERIA,-32.51
REFINERIA,-20.35
REFINERIA,-19.39
REFINERIA,9.69
TRADER,-28.3
REFINERIA,-59.1
INDUSTRIA,-37.77
INDUSTRIA,-6.08
INDUSTRIA,-34.84
REFINERIA,-5.74
INDUSTRIA,-54.47
INDUSTRIA,-1.88
REFINERIA,-21.37
TRADER,-54.63
TRADER,-13.02
INDUSTRIA,-41.67
REFINERIA,-13.59
INDUSTRIA,-22.07
REFINERIA,-54.95
INDUSTRIA,-26.44
INDUSTRIA,-7.68
INDUSTRIA,-26.0
INDUSTRIA,-29.6
TRADER,-31.96
INDUSTRIA,-15.67
TRADER,-12.32
REFINERIA,-27.36
TRADER,-17.65
REFINERIA,-69.4
TRADER,-29.96
TRADER,-36.72
INDUSTRIA,-38.95
INDUSTRIA,-24.3
TRADER,-25.89
TRADER,-38.72
TRADER,-17.74
REFINERIA,-30.19
REFINERIA,-16.06
INDUSTRIA,-38.46
REFINERIA,-52.46
TRADER,-35.01
TRADER,-28.92
INDUSTRIA,-19.21
REFINERIA,-49.14
TRADER,-38.92
REFINERIA,-34.4
TRADER,-6.5
INDUSTRIA,-32.69
INDUSTRIA,-24.26
TRADER,-6.26
REFINERIA,-44.63
REFINERIA,-33.52
TRADER,-43.11
TRADER,-40.35
TRADER,-53.9
REFINERIA,-33.29
INDUSTRIA,-52.68
INDUSTRIA,-42.18
INDUSTRIA,-47.28
TRADER,-28.43
INDUSTRIA,-3.52
REFINERIA,-15.27
INDUSTRIA,-14.16
REFINERIA,-20.29
INDUSTRIA,-35.36
REFINERIA,-19.05
TRADER,-33.35
INDUSTRIA,-13.28
REFINERIA,-21.56
TRADER,-45.63
REFINERIA,-11.45
INDUSTRIA,-38.01
TRADER,-47.19
TRADER,-33.86
INDUSTRIA,-30.55
REFINERIA,-7.23
INDUSTRIA,-21.55
INDUSTRIA,-31.17
TRADER,-23.34
INDUSTRIA,-52.62
REFINERIA,-25.85
TRADER,-15.36
TRADER,-43.96
TRADER,-47.51
INDUSTRIA,-40.4
REFINERIA,-45.45
REFINERIA,-31.34
INDUSTRIA,-8.61
REFINERIA,-4.21
INDUSTRIA,-29.13
INDUSTRIA,-36.33
TRADER,-1.65
REFINERIA,5.88
INDUSTRIA,-42.46
TRADER,-39.42
REFINERIA,-54.06
TRADER,-54.53
REFINERIA,-47.49
TRADER,-45.78
REFINERIA,-29.2
REFINERIA,-53.89
TRADER,-37.39
TRADER,-26.41
INDUSTRIA,-12.79
REFINERIA,-30.47
REFINERIA,-59.75
TRADER,-52.97
TRADER,-30.83
TRADER,-27.03
INDUSTRIA,-52.13
TRADER,-39.21
INDUSTRIA,-14.68
INDUSTRIA,-43.71
INDUSTRIA,-26.13
INDUSTRIA,-53.27
TRADER,-40.27
INDUSTRIA,-57.38
TRADER,-8.14
REFINERIA,-40.51
TRADER,-27.29
REFINERIA,-52.24
TRADER,-13.12
REFINERIA,-35.01
REFINERIA,-26.06
INDUSTRIA,-46.89
REFINERIA,-43.8
TRADER,-15.38
REFINERIA,-20.24
TRADER,-25.11
INDUSTRIA,-16.9
INDUSTRIA,-30.84
INDUSTRIA,-25.93
INDUSTRIA,-10.3
TRADER,-1.53
TRADER,-55.32
REFINERIA,-49.23
INDUSTRIA,-16.25
INDUSTRIA,-49.11
TRADER,-38.13
TRADER,-35.92
TRADER,-34.38
REFINERIA,-41.53
REFINERIA,-8.74
INDUSTRIA,-45.76
REFINERIA,-28.73
REFINERIA,-40.71
REFINERIA,-15.07
TRADER,-9.86
REFINERIA,-43.1
REFINERIA,-33.7
INDUSTRIA,-13.43
TRADER,-10.53
TRADER,-19.1
REFINERIA,-46.04
REFINERIA,-54.3
TRADER,-52.33
INDUSTRIA,-23.31
REFINERIA,-31.28
REFINERIA,-9.66
TRADER,-19.96
TRADER,-35.85
INDUSTRIA,-24.29
TRADER,-12.99
REFINERIA,-24.21
REFINERIA,-64.83
TRADER,-23.73
REFINERIA,-23.7
INDUSTRIA,-10.85
REFINERIA,-24.54
REFINERIA,-35.12
TRADER,-22.74
REFINERIA,-15.37
INDUSTRIA,-11.73
REFINERIA,-19.67
TRADER,-22.82
INDUSTRIA,-69.9
INDUSTRIA,-36.16
INDUSTRIA,-48.25
INDUSTRIA,-47.67
REFINERIA,-9.41
REFINERIA,-19.83
TRADER,-21.56
REFINERIA,-3.46
REFINERIA,-20.45
INDUSTRIA,-59.33
INDUSTRIA,-25.57
REFINERIA,-34.1
INDUSTRIA,-40.62
REFINERIA,-53.11
REFINERIA,-21.27
REFINERIA,-28.59
INDUSTRIA,-9.74
TRADER,-31.21
INDUSTRIA,-30.46
REFINERIA,-35.82
TRADER,-24.04
INDUSTRIA,-7.08
INDUSTRIA,-65.0
INDUSTRIA,-15.28
TRADER,-21.96
REFINERIA,-45.2
INDUSTRIA,-18.32
REFINERIA,-4.06
TRADER,-32.06
INDUSTRIA,-37.59
REFINERIA,-18.16
TRADER,-37.83
REFINERIA,-20.21
TRADER,-41.17
INDUSTRIA,-42.16
REFINERIA,-30.29
INDUSTRIA,-53.9
TRADER,-22.14
INDUSTRIA,-35.99
REFINERIA,-25.33
TRADER,-31.36
TRADER,-29.77
TRADER,-42.39
INDUSTRIA,-47.18
INDUSTRIA,-37.14
INDUSTRIA,-20.84
INDUSTRIA,-2.43
REFINERIA,-27.56
TRADER,-51.55
INDUSTRIA,-34.02
REFINERIA,-46.47
INDUSTRIA,-24.68
TRADER,-41.75
REFINERIA,-31.77
INDUSTRIA,-34.18
TRADER,-21.12
REFINERIA,-57.16
TRADER,-59.17
INDUSTRIA,-25.15
TRADER,-42.06
REFINERIA,-36.97
INDUSTRIA,-36.65
TRADER,-43.74
INDUSTRIA,-38.81
TRADER,-44.24
REFINERIA,-29.88
REFINERIA,-18.0
TRADER,-48.02
INDUSTRIA,-30.09
INDUSTRIA,-38.11
TRADER,-35.26
REFINERIA,-42.59
REFINERIA,-17.51
REFINERIA,-44.43
INDUSTRIA,-34.86
TRADER,-33.09
TRADER,-40.79
INDUSTRIA,-48.86
REFINERIA,-36.17
REFINERIA,-36.43
TRADER,-27.85
TRADER,-1.62
INDUSTRIA,-38.47
INDUSTRIA,-46.22
TRADER,-20.01
INDUSTRIA,9.8
TRADER,-14.54
TRADER,-13.94
REFINERIA,-23.34
INDUSTRIA,-17.08
TRADER,-24.92
INDUSTRIA,-4.49
INDUSTRIA,-47.33
INDUSTRIA,-39.64
REFINERIA,-39.93
INDUSTRIA,-39.2
TRADER,-42.45
TRADER,-52.76
REFINERIA,-26.59
TRADER,-32.41
INDUSTRIA,-39.29
REFINERIA,-51.14
TRADER,-32.94
INDUSTRIA,-32.74
INDUSTRIA,-43.85
INDUSTRIA,-39.26
INDUSTRIA,-29.37
TRADER,-17.6
REFINERIA,-35.23
TRADER,-22.37
TRADER,-27.25
REFINERIA,-17.78
REFINERIA,-30.61
TRADER,-22.56
REFINERIA,-33.59
INDUSTRIA,-36.77
INDUSTRIA,-11.95
INDUSTRIA,-44.94
REFINERIA,-18.82
INDUSTRIA,-35.91
TRADER,2.89
INDUSTRIA,-47.1
REFINERIA,-34.24
INDUSTRIA,-32.07
TRADER,-45.44
REFINERIA,-29.77
INDUSTRIA,-44.22
INDUSTRIA,-25.72
TRADER,-36.27
REFINERIA,-20.51
TRADER,11.54
TRADER,-20.56
REFINERIA,-39.27
TRADER,-41.8
REFINERIA,-7.94
REFINERIA,-41.65
TRADER,-12.85
TRADER,2.74
REFINERIA,-46.77
TRADER,-32.04
REFINERIA,-30.7
REFINERIA,-34.43
TRADER,-38.41
INDUSTRIA,-15.99
REFINERIA,-12.69
INDUSTRIA,-14.15
TRADER,-13.63
REFINERIA,-40.32
INDUSTRIA,-48.26
REFINERIA,-31.23
TRADER,-32.86
INDUSTRIA,-30.82
TRADER,-24.18
INDUSTRIA,-5.89
TRADER,-32.98
TRADER,-26.31
REFINERIA,-21.76
INDUSTRIA,-15.78
TRADER,-20.02
INDUSTRIA,-21.22
TRADER,-50.92
REFINERIA,-57.01
INDUSTRIA,-53.29
REFINERIA,-46.57
TRADER,-20.84
TRADER,-17.15
TRADER,-38.43
TRADER,-51.72
TRADER,-14.35
INDUSTRIA,-15.76
TRADER,-1.24
TRADER,-23.98
REFINERIA,-32.44
INDUSTRIA,-10.23
TRADER,-61.62
REFINERIA,-46.92
REFINERIA,-27.46
INDUSTRIA,-31.43
INDUSTRIA,-27.69
INDUSTRIA,-22.0
REFINERIA,-30.98
INDUSTRIA,-18.21
REFINERIA,-46.31
REFINERIA,-33.64
INDUSTRIA,-38.91
REFINERIA,-22.24
INDUSTRIA,-37.82
TRADER,-31.96
TRADER,-33.08
TRADER,-23.74
INDUSTRIA,-15.16
REFINERIA,-24.34
INDUSTRIA,-8.39
TRADER,-13.98
TRADER,-38.08
INDUSTRIA,-40.87
TRADER,-7.05
TRADER,-25.75
INDUSTRIA,-49.12
REFINERIA,-64.57
REFINERIA,-11.18
TRADER,-24.96
INDUSTRIA,-9.2
REFINERIA,-48.73
REFINERIA,-7.35
TRADER,-32.96
TRADER,-40.38
REFINERIA,-50.29
INDUSTRIA,-37.52
INDUSTRIA,-23.15
TRADER,-55.29
REFINERIA,-25.24
TRADER,-42.15
TRADER,-25.79
INDUSTRIA,-29.8
TRADER,-34.41
REFINERIA,-55.57
REFINERIA,-19.62
INDUSTRIA,-29.51
TRADER,-20.13
REFINERIA,-26.59
INDUSTRIA,-3.69
TRADER,-13.18
INDUSTRIA,-7.62
REFINERIA,-37.07
INDUSTRIA,-28.81
REFINERIA,-43.49
TRADER,-43.44
INDUSTRIA,-20.51
INDUSTRIA,-34.7
REFINERIA,-54.78
INDUSTRIA,-41.71
INDUSTRIA,-19.48
TRADER,-55.21
INDUSTRIA,-37.99
INDUSTRIA,-32.9
INDUSTRIA,-32.77
INDUSTRIA,-42.15
REFINERIA,-27.49
INDUSTRIA,-12.45
TRADER,-49.14
REFINERIA,-41.95
TRADER,-26.57
REFINERIA,-30.31
INDUSTRIA,-43.87
INDUSTRIA,-40.88
REFINERIA,-47.49
INDUSTRIA,-16.08
TRADER,-46.19
REFINERIA,-23.67
INDUSTRIA,-32.4
REFINERIA,-25.01
REFINERIA,-23.99
REFINERIA,-15.07
REFINERIA,-32.84
REFINERIA,-21.98
TRADER,-48.29
REFINERIA,-25.86
REFINERIA,-16.61
INDUSTRIA,-34.64
REFINERIA,-34.68
REFINERIA,-50.39
REFINERIA,-43.74
REFINERIA,-31.06
REFINERIA,-17.42
TRADER,-39.93
REFINERIA,-63.47
TRADER,-44.3
REFINERIA,-55.85
REFINERIA,-42.26
REFINERIA,-61.71
REFINERIA,-33.65
TRADER,-17.79
INDUSTRIA,-42.87
REFINERIA,-39.13
REFINERIA,-8.71
TRADER,-27.41
TRADER,-7.11
INDUSTRIA,-22.63
REFINERIA,-37.72
TRADER,-27.52
TRADER,-41.64
INDUSTRIA,-33.41
TRADER,-39.01
REFINERIA,-40.43
TRADER,-25.97
TRADER,-65.24
INDUSTRIA,-41.51
REFINERIA,-38.87
TRADER,-20.92
TRADER,-39.89
REFINERIA,-39.66
TRADER,-23.48
TRADER,-33.66
INDUSTRIA,-47.06
REFINERIA,-32.42
REFINERIA,5.67
REFINERIA,-42.08
INDUSTRIA,-60.23
INDUSTRIA,-32.67
TRADER,-37.54
REFINERIA,-34.46
REFINERIA,-17.46
TRADER,-35.75
TRADER,-34.7
INDUSTRIA,-38.76
TRADER,-38.81
REFINERIA,-15.78
INDUSTRIA,-3.67
REFINERIA,-41.37
TRADER,-30.67
TRADER,-6.85
REFINERIA,-12.96
TRADER,-26.04
INDUSTRIA,-28.52
REFINERIA,-48.8
INDUSTRIA,-11.26
INDUSTRIA,-14.21
TRADER,-34.61
INDUSTRIA,-1.17
REFINERIA,-25.28
INDUSTRIA,-32.63
TRADER,-22.63
INDUSTRIA,-31.02
REFINERIA,-9.23
INDUSTRIA,-68.23
REFINERIA,-36.79
TRADER,-37.7
REFINERIA,-7.32
INDUSTRIA,-26.77
INDUSTRIA,-23.48
TRADER,-30.97
TRADER,-5.41
INDUSTRIA,-51.27
INDUSTRIA,-34.86
INDUSTRIA,-41.64
INDUSTRIA,-11.25
TRADER,-30.79
REFINERIA,-16.78
TRADER,-13.73
INDUSTRIA,-29.02
TRADER,-45.67
INDUSTRIA,-35.2
INDUSTRIA,-32.55
REFINERIA,-25.14
INDUSTRIA,-12.32
REFINERIA,-25.22
TRADER,-34.3
INDUSTRIA,-52.22
TRADER,-9.39
TRADER,-30.78
REFINERIA,-25.45
TRADER,-8.51
REFINERIA,-38.63
REFINERIA,-48.91
TRADER,-38.61
TRADER,-26.43
INDUSTRIA,-36.02
INDUSTRIA,-29.9
INDUSTRIA,-26.76
INDUSTRIA,-42.54
REFINERIA,-19.87
INDUSTRIA,-39.73
REFINERIA,-35.06
REFINERIA,-22.93
TRADER,-41.96
TRADER,-71.76
REFINERIA,-53.67
REFINERIA,-47.39
TRADER,-23.77
TRADER,-37.29
TRADER,-37.09
REFINERIA,1.24
TRADER,-36.81
INDUSTRIA,3.32
INDUSTRIA,-36.39
TRADER,-27.04
INDUSTRIA,-44.44
TRADER,-27.15
TRADER,-30.41
TRADER,-18.54
INDUSTRIA,-19.92
TRADER,-36.78
INDUSTRIA,-29.21
TRADER,-33.57
TRADER,-30.73
TRADER,-13.67
TRADER,-18.1
TRADER,-18.82
TRADER,-39.85
REFINERIA,-12.43
REFINERIA,-65.96
TRADER,-33.36
INDUSTRIA,-27.88
TRADER,-38.3
REFINERIA,-56.99
REFINERIA,-24.45
REFINERIA,-30.54
REFINERIA,-32.77
REFINERIA,-46.21
TRADER,-7.2
REFINERIA,-43.2
TRADER,-26.76
INDUSTRIA,-9.01
INDUSTRIA,-31.77
INDUSTRIA,-43.98
INDUSTRIA,-16.08
REFINERIA,-49.77
TRADER,-39.49
TRADER,-30.26
TRADER,-49.29
REFINERIA,-8.0
TRADER,-15.7
TRADER,-33.53
INDUSTRIA,-63.37
INDUSTRIA,-23.27
TRADER,-49.55
TRADER,-26.59
INDUSTRIA,-16.02
REFINERIA,-23.0
TRADER,-13.06
TRADER,-36.4
REFINERIA,-26.54
TRADER,-37.1
TRADER,-15.49
REFINERIA,-27.38
TRADER,-2.23
TRADER,-64.54
TRADER,-23.64
TRADER,-20.76
TRADER,-35.58
TRADER,-24.65
INDUSTRIA,-45.05
REFINERIA,-50.59
REFINERIA,-17.16
TRADER,-19.58
INDUSTRIA,-11.67
INDUSTRIA,-28.04
REFINERIA,-44.44
REFINERIA,-27.21
INDUSTRIA,-33.69
REFINERIA,-29.41
REFINERIA,-32.16
TRADER,-38.88
TRADER,-73.52
TRADER,-32.43
REFINERIA,-33.85
REFINERIA,3.24
TRADER,-14.71
INDUSTRIA,-51.15
REFINERIA,-65.51
REFINERIA,-18.51
INDUSTRIA,-32.71
REFINERIA,-38.44
REFINERIA,-23.76
TRADER,-32.9
REFINERIA,-30.36
REFINERIA,-34.37
REFINERIA,-29.31
TRADER,-30.93
REFINERIA,-38.22
REFINERIA,-25.14
REFINERIA,-43.43
INDUSTRIA,-47.68
TRADER,-27.88
REFINERIA,-39.92
REFINERIA,-29.58
REFINERIA,-36.81
INDUSTRIA,-44.53
INDUSTRIA,-28.07
TRADER,-54.32
INDUSTRIA,-31.02
INDUSTRIA,-12.35
TRADER,-43.7
INDUSTRIA,-39.95
REFINERIA,-27.65
REFINERIA,-11.47
REFINERIA,-46.11
INDUSTRIA,-38.18
REFINERIA,-0.05
INDUSTRIA,-21.46
REFINERIA,-16.1
TRADER,-58.96
TRADER,-14.57
TRADER,-35.45
REFINERIA,-47.05
INDUSTRIA,-29.86
INDUSTRIA,-28.56
REFINERIA,-38.87
REFINERIA,-24.66
TRADER,-36.37
INDUSTRIA,-42.27
INDUSTRIA,-25.96
INDUSTRIA,-31.05
REFINERIA,-33.27
INDUSTRIA,-11.61
INDUSTRIA,-34.99
REFINERIA,-22.38
REFINERIA,-46.3
TRADER,-11.58
INDUSTRIA,-13.71
INDUSTRIA,21.6
TRADER,-37.46
REFINERIA,-7.31
REFINERIA,-18.28
TRADER,-29.35
INDUSTRIA,-16.87
TRADER,-13.53
REFINERIA,-40.49
TRADER,-14.31
REFINERIA,-37.62
REFINERIA,-41.52
INDUSTRIA,-33.27
INDUSTRIA,0.65
REFINERIA,-19.89
REFINERIA,-32.41
TRADER,-58.29
REFINERIA,-47.28
INDUSTRIA,-52.85
TRADER,-50.58
INDUSTRIA,-17.81
INDUSTRIA,-14.9
TRADER,-18.5
INDUSTRIA,-34.8
REFINERIA,-0.37
REFINERIA,-1.21
REFINERIA,-27.42
INDUSTRIA,-20.03
REFINERIA,-6.13
REFINERIA,-30.15
REFINERIA,-31.11
REFINERIA,-26.35
REFINERIA,-28.86
INDUSTRIA,-44.78
INDUSTRIA,-18.12
TRADER,-34.34
TRADER,-36.83
REFINERIA,-38.95
TRADER,-14.55
TRADER,-25.54
TRADER,-23.83
REFINERIA,-43.34
REFINERIA,-37.38
INDUSTRIA,-35.28
INDUSTRIA,-31.39
INDUSTRIA,-7.71
REFINERIA,-32.3
TRADER,-31.15
TRADER,-37.25
TRADER,-27.03
INDUSTRIA,-28.24
TRADER,-37.08
TRADER,-30.81
INDUSTRIA,-39.8
INDUSTRIA,-17.29
INDUSTRIA,-20.24
INDUSTRIA,-62.86
REFINERIA,-46.43
TRADER,-33.63
TRADER,-28.15
REFINERIA,-28.44
INDUSTRIA,-29.95
TRADER,-37.07
REFINERIA,-15.78
INDUSTRIA,-56.06
REFINERIA,-25.24
REFINERIA,-7.5
TRADER,-35.63
INDUSTRIA,-32.73
TRADER,-40.31
TRADER,-9.67
TRADER,-47.09
INDUSTRIA,9.84
INDUSTRIA,-45.33
INDUSTRIA,-16.1
INDUSTRIA,-27.76
TRADER,-26.26
TRADER,-14.36
TRADER,-40.15
TRADER,-27.2
INDUSTRIA,-32.01
REFINERIA,-42.47
INDUSTRIA,-26.14
TRADER,-26.61
REFINERIA,-15.29
INDUSTRIA,-33.21
TRADER,-21.22
TRADER,-47.51
TRADER,-17.08
TRADER,-17.73
INDUSTRIA,-34.84
TRADER,-29.74
INDUSTRIA,-38.99
TRADER,-57.64
TRADER,-22.35
TRADER,-27.84
REFINERIA,-33.12
REFINERIA,-25.97
REFINERIA,-18.74
INDUSTRIA,-28.43
REFINERIA,-13.71
INDUSTRIA,-31.58
TRADER,-47.47
INDUSTRIA,-23.99
INDUSTRIA,-7.64
TRADER,-26.48
TRADER,-44.2
TRADER,-19.24
REFINERIA,-37.55
TRADER,-29.22
INDUSTRIA,-12.74
REFINERIA,-35.57
REFINERIA,-35.95
TRADER,-22.77
TRADER,-26.25
REFINERIA,-50.33
REFINERIA,-41.73
TRADER,-19.08
REFINERIA,-17.96
TRADER,-38.87
REFINERIA,-23.12
REFINERIA,-17.45
TRADER,-36.68
INDUSTRIA,-55.07
REFINERIA,-24.69
INDUSTRIA,-24.34
REFINERIA,-30.86
REFINERIA,-28.22
INDUSTRIA,-41.84
TRADER,-32.74
REFINERIA,-0.72
TRADER,-15.16
REFINERIA,-59.93
INDUSTRIA,-52.22
INDUSTRIA,-21.97
INDUSTRIA,-31.56
TRADER,-17.1
REFINERIA,-27.39
REFINERIA,-32.23
TRADER,-3.62
INDUSTRIA,-23.24
INDUSTRIA,-27.09
INDUSTRIA,-12.06
REFINERIA,-7.91
INDUSTRIA,-45.73
REFINERIA,-21.15
INDUSTRIA,-55.53
INDUSTRIA,-22.24
REFINERIA,-41.67
INDUSTRIA,-24.03
REFINERIA,-59.67
INDUSTRIA,-54.34
INDUSTRIA,-19.37
TRADER,-35.89
INDUSTRIA,-11.91
INDUSTRIA,-22.85
INDUSTRIA,-27.79
INDUSTRIA,-54.64
INDUSTRIA,-15.39
TRADER,-50.17
TRADER,-9.36
REFINERIA,-22.4
TRADER,-7.09
REFINERIA,-38.25
TRADER,-45.96
INDUSTRIA,-50.46
INDUSTRIA,-57.09
REFINERIA,-59.36
TRADER,-13.74
INDUSTRIA,-24.51
INDUSTRIA,-33.49
REFINERIA,-46.72
INDUSTRIA,-44.69
TRADER,-56.4
INDUSTRIA,-35.38
REFINERIA,-30.23
TRADER,-36.0
INDUSTRIA,-32.02
INDUSTRIA,-53.53
INDUSTRIA,-25.11
TRADER,-32.92
REFINERIA,-28.19
INDUSTRIA,-33.75
TRADER,-32.54
INDUSTRIA,-43.55
INDUSTRIA,-18.94
REFINERIA,-52.31
TRADER,-47.61
INDUSTRIA,-28.2
REFINERIA,-29.99
TRADER,-13.21
INDUSTRIA,-27.56
TRADER,-38.88
TRADER,-30.04
TRADER,-0.74
TRADER,-27.51
REFINERIA,-35.18
TRADER,-34.53
TRADER,1.03
REFINERIA,-16.2
INDUSTRIA,-20.61
TRADER,-12.09
REFINERIA,-28.33
INDUSTRIA,-54.27
TRADER,-31.79
REFINERIA,-12.12
INDUSTRIA,-56.92
TRADER,-34.41
INDUSTRIA,-47.54
REFINERIA,-31.13
INDUSTRIA,-21.74
REFINERIA,-21.03
REFINERIA,-41.81
TRADER,-35.45
INDUSTRIA,-59.01
INDUSTRIA,-35.45
INDUSTRIA,-36.1
INDUSTRIA,-14.15
INDUSTRIA,-1.59
TRADER,-54.52
INDUSTRIA,-20.26
INDUSTRIA,-19.66
REFINERIA,-13.14
INDUSTRIA,-30.47
REFINERIA,4.15
INDUSTRIA,-28.51
INDUSTRIA,-17.56
TRADER,-33.99
TRADER,-31.51
INDUSTRIA,-50.78
INDUSTRIA,-55.88
TRADER,-46.11
INDUSTRIA,-30.49
INDUSTRIA,-43.69
REFINERIA,-33.68
TRADER,-6.53
REFINERIA,-18.04
INDUSTRIA,-14.51
TRADER,-35.85
INDUSTRIA,-20.67
INDUSTRIA,-29.26
INDUSTRIA,-27.36
TRADER,-10.9
TRADER,-32.33
REFINERIA,-37.14
INDUSTRIA,-37.82
REFINERIA,-17.42
INDUSTRIA,-28.25
TRADER,-20.44
TRADER,-33.71
REFINERIA,-45.35
REFINERIA,-11.5
TRADER,-39.86
TRADER,-24.69
INDUSTRIA,-28.33
TRADER,-38.83
INDUSTRIA,-7.42
TRADER,-40.04
TRADER,-32.67
INDUSTRIA,-36.47
TRADER,-44.85
REFINERIA,-17.83
INDUSTRIA,-46.67
INDUSTRIA,-27.04
TRADER,-22.19
INDUSTRIA,-24.49
REFINERIA,-8.79
INDUSTRIA,-21.46
TRADER,-44.24
TRADER,-31.77
INDUSTRIA,-25.82
REFINERIA,-19.93
TRADER,-43.31
INDUSTRIA,-4.81
TRADER,-22.17
TRADER,-24.03
TRADER,-68.3
INDUSTRIA,-17.76
REFINERIA,-24.87
TRADER,0.39
INDUSTRIA,-38.51
REFINERIA,-18.88
INDUSTRIA,-45.0
INDUSTRIA,-56.66
TRADER,-28.25
INDUSTRIA,-32.03
REFINERIA,-47.93
TRADER,-8.65
REFINERIA,-18.19
INDUSTRIA,-23.04
INDUSTRIA,-38.2
INDUSTRIA,3.4
TRADER,-30.73
TRADER,-1.52
INDUSTRIA,-27.04
REFINERIA,-22.02
TRADER,-35.67
REFINERIA,-33.51
INDUSTRIA,-48.79
REFINERIA,-43.48
INDUSTRIA,-38.59
REFINERIA,-21.12
TRADER,-41.03
TRADER,-45.41
REFINERIA,-26.74
REFINERIA,-36.66
INDUSTRIA,-36.14
REFINERIA,-15.14
TRADER,-7.46
TRADER,-12.67
REFINERIA,-13.07
TRADER,-15.84
TRADER,-26.05
INDUSTRIA,-33.7
INDUSTRIA,-11.58
INDUSTRIA,-21.66
REFINERIA,-27.66
TRADER,-20.12
INDUSTRIA,-57.36
INDUSTRIA,-17.78
REFINERIA,-35.06
INDUSTRIA,-14.27
INDUSTRIA,-33.69
REFINERIA,-38.56
REFINERIA,-52.06
INDUSTRIA,-60.28
INDUSTRIA,-26.62
TRADER,-31.5
INDUSTRIA,-22.03
TRADER,-65.19
REFINERIA,-74.13
TRADER,-23.2
REFINERIA,6.12
INDUSTRIA,-52.95
TRADER,-49.86
TRADER,-80.5
REFINERIA,-18.94
REFINERIA,-34.54
INDUSTRIA,-53.3
TRADER,-39.36
INDUSTRIA,-19.79
INDUSTRIA,-6.58
REFINERIA,-35.77
TRADER,-34.76
TRADER,-41.81
INDUSTRIA,-12.68
TRADER,-39.17
REFINERIA,-14.69
REFINERIA,-18.9
INDUSTRIA,-39.87
TRADER,-22.09
TRADER,-29.81
REFINERIA,-47.63
INDUSTRIA,-42.46
TRADER,-29.81
TRADER,-41.97
REFINERIA,-37.88
INDUSTRIA,-56.94
REFINERIA,-20.17
INDUSTRIA,-45.09
REFINERIA,-24.83
REFINERIA,-8.8
INDUSTRIA,-14.42
INDUSTRIA,-27.92
TRADER,-52.35
TRADER,-25.96
INDUSTRIA,-6.84
REFINERIA,-9.35
REFINERIA,-0.37
TRADER,-10.52
TRADER,-36.09
TRADER,-25.72
INDUSTRIA,5.0
INDUSTRIA,1.38
REFINERIA,-50.51
TRADER,-25.08
INDUSTRIA,-33.84
REFINERIA,-30.97
INDUSTRIA,-7.23
INDUSTRIA,-29.85
INDUSTRIA,-17.8
REFINERIA,-33.9
TRADER,-49.39
INDUSTRIA,-32.49
REFINERIA,-44.23
TRADER,-37.41
REFINERIA,-38.51
REFINERIA,-26.75
TRADER,-11.88
INDUSTRIA,-53.0
INDUSTRIA,-30.36
REFINERIA,-41.17
INDUSTRIA,-31.78
INDUSTRIA,-24.88
REFINERIA,-22.61
REFINERIA,-9.7
TRADER,-7.3
INDUSTRIA,-31.31
INDUSTRIA,-26.62
REFINERIA,-23.31
INDUSTRIA,-30.48
INDUSTRIA,-42.39
REFINERIA,-28.74
TRADER,-34.71
TRADER,-27.0
TRADER,-29.59
REFINERIA,-33.71
INDUSTRIA,-27.63
INDUSTRIA,-16.85
TRADER,-34.71
INDUSTRIA,-24.84
REFINERIA,-11.92
REFINERIA,-34.23
TRADER,-46.0
INDUSTRIA,-42.17
INDUSTRIA,-48.05
REFINERIA,-33.28
REFINERIA,-14.81
INDUSTRIA,-55.46
REFINERIA,-19.88
REFINERIA,-31.26
TRADER,-26.74
REFINERIA,-33.99
INDUSTRIA,-43.52
REFINERIA,-54.19
REFINERIA,-19.86
REFINERIA,-18.94
INDUSTRIA,-44.96
TRADER,-31.0
TRADER,-4.99
REFINERIA,-14.52
TRADER,-24.04
REFINERIA,-14.28
REFINERIA,-41.08
INDUSTRIA,-21.71
REFINERIA,-20.43
REFINERIA,-35.27
INDUSTRIA,-20.55
INDUSTRIA,-40.05
TRADER,-8.82
REFINERIA,-31.25
INDUSTRIA,-33.35
INDUSTRIA,-13.01
TRADER,3.79
TRADER,-26.17
INDUSTRIA,-30.17
TRADER,-23.95
INDUSTRIA,-40.25
TRADER,-32.61
REFINERIA,-21.94
INDUSTRIA,-12.21
TRADER,-20.63
REFINERIA,-37.44
REFINERIA,-29.8
INDUSTRIA,-40.4
REFINERIA,-10.94
REFINERIA,-38.01
REFINERIA,-40.97
REFINERIA,-49.9
REFINERIA,-30.42
INDUSTRIA,-33.65
INDUSTRIA,-32.99
REFINERIA,-3.78
INDUSTRIA,-13.32
TRADER,-22.09
INDUSTRIA,-1.08
INDUSTRIA,-14.77
TRADER,-16.92
TRADER,-10.88
INDUSTRIA,-23.21
INDUSTRIA,-26.76
REFINERIA,-45.73
REFINERIA,-62.97
TRADER,-31.06
REFINERIA,-9.7
INDUSTRIA,-8.56
TRADER,-29.08
INDUSTRIA,-35.11
INDUSTRIA,-39.27
INDUSTRIA,-22.93
REFINERIA,-29.87
INDUSTRIA,-20.31
REFINERIA,-39.92
TRADER,-9.82
REFINERIA,-5.34
INDUSTRIA,-27.49
TRADER,-42.11
REFINERIA,-5.21
INDUSTRIA,-27.65
REFINERIA,-25.88
INDUSTRIA,-16.77
TRADER,-26.13
REFINERIA,-18.74
INDUSTRIA,-30.27
INDUSTRIA,-23.55
TRADER,-14.9
REFINERIA,-40.65
REFINERIA,-35.08
INDUSTRIA,1.37
INDUSTRIA,6.53
REFINERIA,-48.96
REFINERIA,-22.5
REFINERIA,-19.02
REFINERIA,-32.99
TRADER,-32.29
INDUSTRIA,-26.93
TRADER,-42.81
REFINERIA,-65.04
REFINERIA,-13.2
INDUSTRIA,-9.49
REFINERIA,-35.79
INDUSTRIA,-37.01
INDUSTRIA,-33.02
TRADER,-20.52
REFINERIA,-26.73
TRADER,-39.08
REFINERIA,-48.42
TRADER,-11.17
INDUSTRIA,-35.29
INDUSTRIA,-13.81
REFINERIA,-22.88
TRADER,-37.68
REFINERIA,-36.04
INDUSTRIA,-30.82
REFINERIA,-41.67
INDUSTRIA,-27.91
INDUSTRIA,-38.66
REFINERIA,-65.99
TRADER,-35.24
TRADER,-30.18
INDUSTRIA,-30.03
REFINERIA,-40.24
INDUSTRIA,-46.84
TRADER,-4.75
INDUSTRIA,-25.27
REFINERIA,-13.54
INDUSTRIA,-52.68
TRADER,-33.4
TRADER,-17.79
TRADER,-21.62
INDUSTRIA,-48.95
TRADER,-12.76
TRADER,-33.57
TRADER,-10.11
REFINERIA,-15.32
TRADER,-40.07
INDUSTRIA,-35.08
TRADER,-20.77
REFINERIA,-26.05
REFINERIA,-35.45
TRADER,-18.42
TRADER,-14.83
INDUSTRIA,-35.38
INDUSTRIA,-31.02
REFINERIA,-12.62
REFINERIA,-24.18
TRADER,-7.64
INDUSTRIA,-25.31
INDUSTRIA,-20.6
TRADER,-24.53
REFINERIA,-39.12
INDUSTRIA,-40.44
REFINERIA,-34.72
REFINERIA,-66.7
INDUSTRIA,-43.67
REFINERIA,-45.34
INDUSTRIA,-25.22
TRADER,-26.41
TRADER,-22.76
TRADER,-40.1
REFINERIA,-39.01
TRADER,-34.88
REFINERIA,-56.82
TRADER,-3.13
TRADER,-43.62
INDUSTRIA,-5.79
REFINERIA,-35.39
REFINERIA,-48.99
INDUSTRIA,-20.18
REFINERIA,-29.75
TRADER,-33.22
REFINERIA,-31.11
INDUSTRIA,-43.65
REFINERIA,-19.23
INDUSTRIA,-28.67
REFINERIA,-18.68
TRADER,-33.74
TRADER,-29.27
INDUSTRIA,-50.27
REFINERIA,-41.5
INDUSTRIA,-22.48
REFINERIA,-21.6
INDUSTRIA,-33.16
INDUSTRIA,6.11
INDUSTRIA,-21.72
INDUSTRIA,-40.25
INDUSTRIA,-43.45
TRADER,-34.89
REFINERIA,-20.78
INDUSTRIA,-25.94
TRADER,-33.68
INDUSTRIA,-38.67
INDUSTRIA,-28.43
REFINERIA,-38.86
TRADER,-26.41
REFINERIA,-17.61
TRADER,-51.11
TRADER,-20.32
INDUSTRIA,-18.07
REFINERIA,-43.65
REFINERIA,-24.75
INDUSTRIA,-33.51
REFINERIA,-28.37
INDUSTRIA,-52.24
INDUSTRIA,-1.71
INDUSTRIA,-23.32
REFINERIA,-36.85
TRADER,-22.84
INDUSTRIA,-24.22
INDUSTRIA,-14.52
TRADER,-54.1
TRADER,-31.28
REFINERIA,-27.96
INDUSTRIA,-41.05
TRADER,-11.71
INDUSTRIA,-13.04
TRADER,-29.21
TRADER,-25.22
REFINERIA,-29.42
TRADER,-46.13
REFINERIA,-14.02
TRADER,-36.16
INDUSTRIA,-0.61
INDUSTRIA,-30.52
INDUSTRIA,-52.64
REFINERIA,-38.43
INDUSTRIA,-31.83
INDUSTRIA,-28.06
INDUSTRIA,-17.03
REFINERIA,-42.98
TRADER,-42.53
REFINERIA,-24.38
INDUSTRIA,-32.7
TRADER,-6.58
INDUSTRIA,-53.37
TRADER,-37.25
TRADER,-42.15
REFINERIA,-18.71
INDUSTRIA,-37.4
TRADER,-23.46
TRADER,-40.8
INDUSTRIA,-37.05
REFINERIA,-39.03
TRADER,-13.25
REFINERIA,-42.72
INDUSTRIA,-7.49
TRADER,-18.67
TRADER,-33.73
TRADER,-44.33
INDUSTRIA,-21.42
TRADER,-21.7
INDUSTRIA,-14.86
INDUSTRIA,-19.85
INDUSTRIA,-15.42
REFINERIA,-32.05
INDUSTRIA,-29.46
INDUSTRIA,-28.69
TRADER,-10.98
REFINERIA,-33.88
TRADER,-18.01
REFINERIA,-45.16
TRADER,-40.94
TRADER,-16.01
REFINERIA,-33.06
INDUSTRIA,-31.8
INDUSTRIA,-19.11
TRADER,-50.17
TRADER,-38.47
INDUSTRIA,-6.4
INDUSTRIA,-20.79
TRADER,-38.47
INDUSTRIA,-41.13
TRADER,-32.6
INDUSTRIA,-9.3
TRADER,-26.69
INDUSTRIA,-40.61
INDUSTRIA,-19.43
INDUSTRIA,-16.8
REFINERIA,-29.66
TRADER,-17.35
REFINERIA,-32.48
INDUSTRIA,-47.41
TRADER,-25.12
REFINERIA,-52.74
TRADER,-40.2
TRADER,-35.66
TRADER,-37.38
TRADER,-47.39
REFINERIA,-39.49
INDUSTRIA,-48.49
INDUSTRIA,-43.68
REFINERIA,-35.71
REFINERIA,-28.63
INDUSTRIA,-24.62
REFINERIA,-42.75
TRADER,-3.26
REFINERIA,-31.97
TRADER,-19.78
TRADER,-31.27
TRADER,-4.3
TRADER,-36.12
REFINERIA,-48.25
REFINERIA,-19.08
TRADER,-9.36
INDUSTRIA,-41.25
INDUSTRIA,-62.02
INDUSTRIA,-46.85
REFINERIA,-43.88
REFINERIA,-42.48
TRADER,-39.07
INDUSTRIA,0.04
TRADER,-64.01
INDUSTRIA,-56.57
REFINERIA,-32.58
INDUSTRIA,-39.74
TRADER,-11.81
INDUSTRIA,-3.28
REFINERIA,-29.23
REFINERIA,-22.31
REFINERIA,-27.91
REFINERIA,-7.44
INDUSTRIA,-48.98
INDUSTRIA,-54.84
TRADER,-13.65
TRADER,-8.16
TRADER,-12.24
TRADER,-15.38
INDUSTRIA,-46.19
REFINERIA,-54.82
TRADER,-39.18
REFINERIA,-48.12
TRADER,-39.05
REFINERIA,-0.09
TRADER,-17.78
REFINERIA,-32.34
INDUSTRIA,-58.26
TRADER,-46.88
INDUSTRIA,-32.55
INDUSTRIA,-39.07
TRADER,-52.4
REFINERIA,-20.55
TRADER,-33.7
TRADER,-31.13
INDUSTRIA,-14.61
REFINERIA,-51.79
INDUSTRIA,-40.92
REFINERIA,-41.46
TRADER,-31.7
REFINERIA,-43.12
REFINERIA,-20.31
TRADER,-26.09
INDUSTRIA,-31.13
TRADER,-38.01
TRADER,-38.63
INDUSTRIA,-26.77
INDUSTRIA,-32.16
INDUSTRIA,-39.45
TRADER,-42.48
TRADER,-39.68
TRADER,-25.09
TRADER,-32.7
TRADER,-30.58
TRADER,-23.4
TRADER,-34.04
INDUSTRIA,1.85
INDUSTRIA,-21.13
REFINERIA,-36.37
REFINERIA,-28.36
REFINERIA,-0.91
REFINERIA,-36.8
TRADER,-25.52
INDUSTRIA,-29.51
TRADER,-20.11
INDUSTRIA,-26.27
TRADER,-46.75
TRADER,-8.7
INDUSTRIA,-21.33
REFINERIA,-13.7
TRADER,1.49
REFINERIA,-26.77
TRADER,-38.72
TRADER,-26.33
REFINERIA,-9.63
TRADER,-43.68
TRADER,-19.97
REFINERIA,-19.67
TRADER,-16.35
REFINERIA,-22.86
REFINERIA,1.46
REFINERIA,-34.12
INDUSTRIA,-37.31
TRADER,-11.1
TRADER,-19.59
TRADER,-44.65
TRADER,-32.87
INDUSTRIA,-16.7
TRADER,-19.79
INDUSTRIA,-28.76
INDUSTRIA,-56.59
REFINERIA,-34.95
INDUSTRIA,-32.37
TRADER,-39.65
REFINERIA,-7.12
INDUSTRIA,-32.35
INDUSTRIA,-24.97
TRADER,-38.19
TRADER,-4.42
INDUSTRIA,-43.89
TRADER,-31.83
TRADER,-41.88
TRADER,-24.62
TRADER,-47.51
TRADER,-4.37
REFINERIA,-50.25
TRADER,-40.89
INDUSTRIA,-32.37
TRADER,-51.61
INDUSTRIA,-35.09
TRADER,-54.37
TRADER,-23.78
TRADER,-31.71
INDUSTRIA,-28.08
REFINERIA,-6.62
INDUSTRIA,-37.56
TRADER,-48.47
TRADER,-22.8
INDUSTRIA,-45.25
INDUSTRIA,-43.43
REFINERIA,-30.29
REFINERIA,-7.89
TRADER,-25.49
INDUSTRIA,-26.89
TRADER,-25.18
TRADER,-43.48
REFINERIA,-41.75
TRADER,7.89
INDUSTRIA,-40.39
REFINERIA,-7.0
REFINERIA,-5.37
TRADER,-39.53
TRADER,-32.44
TRADER,-34.43
REFINERIA,-43.17
INDUSTRIA,-28.33
INDUSTRIA,-31.24
TRADER,-49.44
TRADER,-40.46
TRADER,-29.28
TRADER,-16.04
TRADER,-10.75
REFINERIA,-40.44
TRADER,-45.89
TRADER,-13.2
TRADER,-63.98
TRADER,-27.5
REFINERIA,-30.23
TRADER,-32.85
TRADER,-32.16
INDUSTRIA,-33.49
INDUSTRIA,-32.73
TRADER,-43.41
REFINERIA,-28.64
INDUSTRIA,-41.51
REFINERIA,-29.12
TRADER,-28.27
TRADER,-18.99
INDUSTRIA,-27.15
INDUSTRIA,-39.77
TRADER,-19.17
TRADER,-49.83
INDUSTRIA,-21.42
REFINERIA,-34.66
REFINERIA,-43.55
REFINERIA,-51.66
TRADER,-46.98
REFINERIA,-25.96
TRADER,-20.46
TRADER,-32.04
TRADER,-1.83
TRADER,-13.3
INDUSTRIA,-51.69
TRADER,-39.04
INDUSTRIA,-18.95
REFINERIA,-25.69
REFINERIA,-14.95
INDUSTRIA,-31.68
INDUSTRIA,-27.66
TRADER,-44.55
TRADER,-12.48
REFINERIA,-42.67
TRADER,-25.89
TRADER,-38.81
TRADER,-26.74
REFINERIA,-27.27
INDUSTRIA,-32.03
TRADER,-26.62
TRADER,-15.35
REFINERIA,-53.19
REFINERIA,-10.56
REFINERIA,-54.04
TRADER,-13.53
INDUSTRIA,-30.99
REFINERIA,-31.06
TRADER,-16.98
TRADER,-43.74
REFINERIA,-39.56
INDUSTRIA,-25.95
REFINERIA,-59.54
INDUSTRIA,-41.21
INDUSTRIA,-17.35
REFINERIA,-40.85
INDUSTRIA,-33.52
REFINERIA,-46.16
REFINERIA,-49.84
REFINERIA,-23.16
TRADER,-22.84
INDUSTRIA,-43.52
TRADER,-30.82
TRADER,7.7
INDUSTRIA,-61.5
REFINERIA,-49.24
REFINERIA,-41.45
INDUSTRIA,-30.58
TRADER,-45.93
REFINERIA,-31.57
TRADER,-49.06
TRADER,-17.67
TRADER,-1.97
TRADER,-18.79
INDUSTRIA,-15.19
REFINERIA,-9.06
REFINERIA,-32.98
INDUSTRIA,-25.62
REFINERIA,-47.05
INDUSTRIA,-19.86
INDUSTRIA,-30.15
TRADER,-2.02
REFINERIA,28.7
TRADER,-39.44
REFINERIA,-29.43
TRADER,-37.05
REFINERIA,-22.54
TRADER,-4.18
REFINERIA,-4.93
REFINERIA,-23.9
INDUSTRIA,-61.09
INDUSTRIA,5.13
TRADER,-23.01
REFINERIA,-27.74
INDUSTRIA,-22.17
INDUSTRIA,-40.02
TRADER,-23.35
REFINERIA,-29.89
REFINERIA,-62.22
TRADER,-30.41
REFINERIA,-29.36
REFINERIA,-18.9
REFINERIA,-53.13
INDUSTRIA,-40.17
REFINERIA,-9.59
INDUSTRIA,-35.24
INDUSTRIA,-43.38
TRADER,-18.63
TRADER,-28.19
TRADER,-42.74
TRADER,-30.63
INDUSTRIA,-41.96
INDUSTRIA,-25.18
INDUSTRIA,-50.14
INDUSTRIA,-23.3
INDUSTRIA,-61.76
INDUSTRIA,-41.16
INDUSTRIA,-35.5
TRADER,-25.94
TRADER,-27.75
INDUSTRIA,-16.81
TRADER,-25.68
REFINERIA,-30.09
TRADER,-8.46
INDUSTRIA,-26.95
INDUSTRIA,-35.62
REFINERIA,-40.22
REFINERIA,-49.79
REFINERIA,-13.27
INDUSTRIA,-34.71
REFINERIA,5.55
REFINERIA,-16.45
INDUSTRIA,-14.0
REFINERIA,-12.58
REFINERIA,-24.56
INDUSTRIA,-18.62
TRADER,-24.09
TRADER,3.8
INDUSTRIA,-3.87
REFINERIA,-23.0
TRADER,-3.41
TRADER,-21.9
INDUSTRIA,7.54
TRADER,-22.73
INDUSTRIA,-43.29
TRADER,-28.46
INDUSTRIA,-25.28
INDUSTRIA,-37.97
INDUSTRIA,-14.61
TRADER,-39.14
REFINERIA,2.71
INDUSTRIA,-55.75
TRADER,-14.24
INDUSTRIA,-38.43
REFINERIA,-31.33
TRADER,-48.16
TRADER,-24.23
REFINERIA,-17.13
REFINERIA,-48.42
REFINERIA,-41.88
TRADER,-33.03
REFINERIA,-31.06
REFINERIA,-31.17
INDUSTRIA,-17.77
TRADER,-32.05
TRADER,-47.98
INDUSTRIA,-35.53
TRADER,-20.97
INDUSTRIA,-22.48
REFINERIA,-15.73
TRADER,-46.18
REFINERIA,-32.8
TRADER,-21.28
TRADER,-43.88
INDUSTRIA,-43.45
TRADER,-31.83
INDUSTRIA,-50.01
TRADER,-20.55
INDUSTRIA,-52.15
TRADER,-39.49
INDUSTRIA,-37.31
REFINERIA,-4.06
TRADER,-19.74
REFINERIA,-28.53
INDUSTRIA,-30.11
REFINERIA,-8.44
TRADER,-34.18
INDUSTRIA,-31.43
TRADER,-43.03
INDUSTRIA,-23.88
INDUSTRIA,-58.41
INDUSTRIA,-26.32
INDUSTRIA,-25.99
TRADER,-49.43
TRADER,-15.73
TRADER,-66.56
REFINERIA,-44.76
TRADER,-43.96
TRADER,-6.18
INDUSTRIA,-47.49
TRADER,-31.8
TRADER,-17.74
INDUSTRIA,-32.64
REFINERIA,-18.25
REFINERIA,-27.99
REFINERIA,-13.02
TRADER,-29.59
REFINERIA,-32.23
REFINERIA,-8.01
INDUSTRIA,-23.99
REFINERIA,-31.49
TRADER,-60.67
REFINERIA,-20.55
REFINERIA,-32.01
TRADER,-32.13
TRADER,-28.17
TRADER,-49.62
TRADER,-28.0
TRADER,-29.28
TRADER,-31.35
INDUSTRIA,-13.96
TRADER,-38.14
TRADER,-46.76
REFINERIA,-30.14
REFINERIA,-27.65
INDUSTRIA,-37.58
INDUSTRIA,-65.33
REFINERIA,-39.22
REFINERIA,-38.19
REFINERIA,-23.39
TRADER,-39.44
INDUSTRIA,-9.68
REFINERIA,-34.69
TRADER,-32.82
REFINERIA,-28.57
TRADER,-15.37
REFINERIA,-32.1
INDUSTRIA,-27.99
REFINERIA,-9.88
INDUSTRIA,-35.12
REFINERIA,-7.45
INDUSTRIA,-18.42
INDUSTRIA,-26.92
INDUSTRIA,-2.33
INDUSTRIA,-36.44
TRADER,-43.86
INDUSTRIA,-34.58
INDUSTRIA,-6.06
INDUSTRIA,-23.23
INDUSTRIA,-18.68
INDUSTRIA,-22.61
TRADER,-36.98
REFINERIA,-49.94
TRADER,-27.02
INDUSTRIA,-61.82
REFINERIA,-35.55
INDUSTRIA,-60.01
REFINERIA,-13.14
REFINERIA,-25.14
INDUSTRIA,-58.05
TRADER,-23.29
INDUSTRIA,-4.54
INDUSTRIA,-32.81
INDUSTRIA,-20.1
TRADER,-41.73
REFINERIA,-45.37
TRADER,-17.31
INDUSTRIA,-28.04
REFINERIA,-30.11
TRADER,-17.46
REFINERIA,-6.29
INDUSTRIA,3.05
REFINERIA,-15.76
INDUSTRIA,-23.67
TRADER,-37.56
TRADER,-40.53
REFINERIA,-53.36
TRADER,-62.41
REFINERIA,-43.73
INDUSTRIA,-22.03
INDUSTRIA,-52.45
TRADER,-23.19
REFINERIA,-49.3
INDUSTRIA,-35.45
REFINERIA,-29.95
REFINERIA,-8.86
TRADER,-10.89
TRADER,-13.6
TRADER,-40.11
TRADER,-19.16
TRADER,-44.5
TRADER,-16.77
REFINERIA,-8.31
REFINERIA,9.6
REFINERIA,-32.08
REFINERIA,-31.56
TRADER,-38.82
TRADER,-7.88
REFINERIA,-48.32
TRADER,-10.32
INDUSTRIA,-37.22
REFINERIA,2.4
INDUSTRIA,-52.29
INDUSTRIA,-11.65
TRADER,-4.82
INDUSTRIA,-29.06
INDUSTRIA,-37.46
TRADER,-16.65
REFINERIA,-23.83
TRADER,-9.59
TRADER,-30.08
REFINERIA,4.87
REFINERIA,-44.33
REFINERIA,-23.93
TRADER,-51.64
INDUSTRIA,-12.86
REFINERIA,-23.94
TRADER,-45.87
TRADER,-5.55
REFINERIA,-41.12
REFINERIA,-42.65
REFINERIA,-47.97
INDUSTRIA,-10.79
REFINERIA,-13.15
REFINERIA,-32.43
INDUSTRIA,-23.08
REFINERIA,-39.89
TRADER,-58.47
TRADER,-34.04
REFINERIA,-43.11
INDUSTRIA,-6.23
TRADER,-24.65
INDUSTRIA,-3.58
TRADER,-22.76
REFINERIA,-49.71
REFINERIA,-17.97
REFINERIA,-45.41
TRADER,-51.09
INDUSTRIA,-50.71
TRADER,-2.7
TRADER,-48.62
REFINERIA,-30.64
INDUSTRIA,-13.79
TRADER,-20.1
INDUSTRIA,-15.64
INDUSTRIA,-42.73
REFINERIA,-37.75
TRADER,-20.84
TRADER,-19.55
REFINERIA,-26.6
INDUSTRIA,-64.91
TRADER,-21.86
REFINERIA,-7.28
INDUSTRIA,-49.65
TRADER,-26.16
INDUSTRIA,-34.29
TRADER,-29.06
REFINERIA,-33.8
INDUSTRIA,-21.86
REFINERIA,-50.02
TRADER,-20.61
INDUSTRIA,-23.46
TRADER,-11.04
TRADER,-19.03
INDUSTRIA,-31.66
INDUSTRIA,-18.42
TRADER,-42.39
TRADER,-23.89
REFINERIA,-25.44
REFINERIA,-35.45
REFINERIA,-23.13
TRADER,-23.79
TRADER,-44.7
INDUSTRIA,-37.25
INDUSTRIA,-31.19
INDUSTRIA,-32.3
INDUSTRIA,-34.7
INDUSTRIA,-45.16
REFINERIA,-28.09
REFINERIA,-25.35
REFINERIA,-18.13
INDUSTRIA,-31.15
REFINERIA,-66.85
REFINERIA,-37.13
REFINERIA,-40.72
REFINERIA,-41.16
REFINERIA,-61.51
TRADER,-34.18
INDUSTRIA,-40.7
REFINERIA,-37.71
TRADER,-28.81
REFINERIA,-55.05
REFINERIA,-30.35
TRADER,-56.09
TRADER,-45.22
INDUSTRIA,-33.43
REFINERIA,-11.86
TRADER,-34.34
INDUSTRIA,-33.81
TRADER,-5.59
TRADER,-28.15
REFINERIA,-44.91
INDUSTRIA,-25.47
INDUSTRIA,-19.56
REFINERIA,-32.92
REFINERIA,-40.66
TRADER,-20.17
TRADER,-23.94
TRADER,-43.13
REFINERIA,-26.07
INDUSTRIA,-18.65
INDUSTRIA,-52.13
INDUSTRIA,-53.27
INDUSTRIA,-30.84
REFINERIA,-48.28
INDUSTRIA,-15.38
REFINERIA,-30.25
TRADER,-6.76
REFINERIA,-49.39
TRADER,-30.46
INDUSTRIA,-2.83
REFINERIA,-48.5
REFINERIA,-30.22
REFINERIA,-17.78
TRADER,-32.78
REFINERIA,-24.48
INDUSTRIA,-32.98
REFINERIA,-13.03
INDUSTRIA,2.79
INDUSTRIA,-11.31
REFINERIA,-37.51
TRADER,-41.58
TRADER,-24.25
INDUSTRIA,-34.98
REFINERIA,-13.55
TRADER,-23.08
INDUSTRIA,-39.65
INDUSTRIA,-24.11
INDUSTRIA,-45.92
REFINERIA,-38.87
INDUSTRIA,-53.45
INDUSTRIA,-2.27
TRADER,-31.07
TRADER,-9.71
TRADER,-53.64
TRADER,-32.38
INDUSTRIA,-22.47
REFINERIA,-33.95
INDUSTRIA,-33.18
INDUSTRIA,-10.37
INDUSTRIA,-8.92
INDUSTRIA,-19.75
REFINERIA,-27.88
INDUSTRIA,-36.99
TRADER,-43.8
INDUSTRIA,-21.75
INDUSTRIA,-31.55
REFINERIA,-23.43
TRADER,-20.72
REFINERIA,-15.8
INDUSTRIA,-53.73
REFINERIA,-37.28
INDUSTRIA,-16.1
REFINERIA,-19.39
INDUSTRIA,-22.41
INDUSTRIA,-29.97
REFINERIA,-25.96
REFINERIA,-9.98
REFINERIA,-13.92
TRADER,-36.72
TRADER,-39.62
INDUSTRIA,-20.16
TRADER,-45.8
INDUSTRIA,-39.92
INDUSTRIA,-11.13
TRADER,-12.62
REFINERIA,-16.34
TRADER,-33.8
REFINERIA,-25.43
INDUSTRIA,-18.89
INDUSTRIA,-39.0
TRADER,-18.06
TRADER,-42.01
INDUSTRIA,-41.94
TRADER,-35.2
INDUSTRIA,-27.94
REFINERIA,-35.42
REFINERIA,-29.07
TRADER,-30.65
TRADER,-42.95
TRADER,-22.74
INDUSTRIA,-26.63
TRADER,-53.78
REFINERIA,-37.8
INDUSTRIA,-31.03
REFINERIA,-17.86
INDUSTRIA,-22.81
TRADER,-35.17
TRADER,14.84
REFINERIA,-34.3
TRADER,-37.12
TRADER,-28.1
REFINERIA,-37.43
TRADER,-21.09
TRADER,-38.14
TRADER,-22.93
TRADER,-31.22
REFINERIA,-11.3
INDUSTRIA,-16.06
TRADER,-42.47
REFINERIA,-12.54
TRADER,-13.58
REFINERIA,-46.99
REFINERIA,-15.95
REFINERIA,-54.8
REFINERIA,-32.03
INDUSTRIA,-28.11
INDUSTRIA,-26.15
REFINERIA,-52.83
INDUSTRIA,-20.5
INDUSTRIA,-21.65
REFINERIA,-16.53
REFINERIA,-24.2
INDUSTRIA,-20.69
REFINERIA,-9.62
REFINERIA,-11.25
INDUSTRIA,-26.02
TRADER,-21.78
TRADER,-21.21
INDUSTRIA,-20.67
INDUSTRIA,-3.91
TRADER,-33.5
TRADER,-24.5
REFINERIA,-46.69
REFINERIA,-28.23
TRADER,-27.97
REFINERIA,-17.77
TRADER,-31.15
REFINERIA,-30.92
INDUSTRIA,-29.33
INDUSTRIA,12.03
REFINERIA,-16.69
REFINERIA,-8.68
REFINERIA,-42.5
REFINERIA,-46.53
INDUSTRIA,-10.71
INDUSTRIA,-24.73
REFINERIA,-31.86
REFINERIA,-10.42
TRADER,-49.76
INDUSTRIA,-17.53
INDUSTRIA,-29.11
INDUSTRIA,-21.65
REFINERIA,-19.35
TRADER,-38.47
INDUSTRIA,-20.32
REFINERIA,-32.1
INDUSTRIA,-9.97
REFINERIA,-27.66
REFINERIA,-27.73
REFINERIA,-35.64
TRADER,-15.07
REFINERIA,-26.06
INDUSTRIA,-36.81
TRADER,-17.39
INDUSTRIA,-26.07
REFINERIA,-48.28
INDUSTRIA,-21.85
TRADER,-10.43
TRADER,-36.65
TRADER,-29.27
INDUSTRIA,-15.73
TRADER,-44.34
REFINERIA,-29.2
REFINERIA,-37.38
REFINERIA,-48.78
REFINERIA,-31.9
REFINERIA,-22.21
INDUSTRIA,-48.88
REFINERIA,-37.15
INDUSTRIA,-7.43
INDUSTRIA,-18.81
REFINERIA,-62.31
TRADER,-15.79
REFINERIA,-3.94
REFINERIA,-6.06
INDUSTRIA,-58.16
REFINERIA,-38.61
REFINERIA,-36.4
INDUSTRIA,-46.59
REFINERIA,-57.42
INDUSTRIA,-31.23
TRADER,-18.82
REFINERIA,-27.91
REFINERIA,-5.3
INDUSTRIA,-27.65
REFINERIA,-33.46
INDUSTRIA,-68.04
REFINERIA,-10.3
TRADER,-31.92
TRADER,-38.54
REFINERIA,-13.89
REFINERIA,-25.16
REFINERIA,-38.97
TRADER,-30.76
REFINERIA,-18.31
REFINERIA,-37.05
TRADER,-21.01
INDUSTRIA,-38.88
INDUSTRIA,-22.25
TRADER,-51.96
INDUSTRIA,-8.31
TRADER,-43.99
REFINERIA,-38.52
REFINERIA,-26.89
TRADER,-39.03
INDUSTRIA,-11.66
TRADER,-29.07
INDUSTRIA,-54.57
REFINERIA,-30.45
TRADER,-23.14
TRADER,-22.56
INDUSTRIA,-17.74
INDUSTRIA,-17.43
INDUSTRIA,-22.15
INDUSTRIA,-31.6
REFINERIA,-13.21
REFINERIA,-22.8
INDUSTRIA,-13.25
TRADER,-32.21
INDUSTRIA,-8.09
REFINERIA,-16.68
INDUSTRIA,-44.32
INDUSTRIA,-40.38
TRADER,-31.82
REFINERIA,-40.73
INDUSTRIA,-46.42
REFINERIA,-29.81
INDUSTRIA,-31.28
INDUSTRIA,-23.16
REFINERIA,-53.09
REFINERIA,-8.62
INDUSTRIA,-33.71
TRADER,-23.25
REFINERIA,-49.6
INDUSTRIA,-21.49
REFINERIA,-29.78
TRADER,-44.74
INDUSTRIA,-20.41
INDUSTRIA,-8.98
INDUSTRIA,-30.41
REFINERIA,0.36
INDUSTRIA,-40.81
TRADER,-30.6
INDUSTRIA,-37.82
REFINERIA,-38.2
INDUSTRIA,-31.15
REFINERIA,6.72
INDUSTRIA,-26.01
TRADER,-31.42
TRADER,-26.84
INDUSTRIA,-20.88
TRADER,-14.89
TRADER,-30.93
REFINERIA,-21.87
TRADER,-37.15
TRADER,-36.41
TRADER,-10.65
TRADER,-41.52
INDUSTRIA,12.07
REFINERIA,-33.93
TRADER,-36.06
REFINERIA,-11.23
REFINERIA,-28.1
REFINERIA,-17.13
REFINERIA,-48.49
TRADER,-48.54
INDUSTRIA,-55.49
REFINERIA,-13.1
INDUSTRIA,-18.86
INDUSTRIA,12.24
INDUSTRIA,-16.67
INDUSTRIA,-19.97
INDUSTRIA,-40.52
TRADER,-42.72
INDUSTRIA,-65.61
REFINERIA,-36.5
INDUSTRIA,-32.15
INDUSTRIA,-38.3
REFINERIA,-11.03
INDUSTRIA,-42.72
INDUSTRIA,-33.95
REFINERIA,-32.82
REFINERIA,-23.92
INDUSTRIA,-14.17
TRADER,-28.13
REFINERIA,-37.36
REFINERIA,-42.64
INDUSTRIA,-33.4
TRADER,-28.83
TRADER,-63.71
TRADER,-20.2
TRADER,-40.99
TRADER,-58.64
TRADER,-23.47
REFINERIA,-36.56
INDUSTRIA,-36.67
TRADER,-3.46
INDUSTRIA,-26.62
REFINERIA,-35.93
REFINERIA,-4.75
REFINERIA,-53.22
TRADER,-38.65
REFINERIA,-22.21
REFINERIA,-21.77
INDUSTRIA,-38.8
TRADER,-23.55
INDUSTRIA,-43.97
TRADER,-59.13
TRADER,-25.87
INDUSTRIA,-20.49
TRADER,3.91
TRADER,-32.51
REFINERIA,-27.82
REFINERIA,-22.69
INDUSTRIA,-43.76
INDUSTRIA,-3.5
INDUSTRIA,-10.74
TRADER,-65.05
TRADER,-51.21
REFINERIA,-23.13
REFINERIA,-39.26
TRADER,-27.63
TRADER,-50.02
INDUSTRIA,-42.16
INDUSTRIA,-28.69
INDUSTRIA,-26.85
REFINERIA,-25.69
TRADER,-42.16
TRADER,-11.65
INDUSTRIA,-14.87
REFINERIA,-51.18
INDUSTRIA,-42.87
REFINERIA,-58.15
INDUSTRIA,-43.41
REFINERIA,-45.17
INDUSTRIA,-11.53
REFINERIA,-20.45
REFINERIA,-30.4
INDUSTRIA,-21.21
INDUSTRIA,-10.95
INDUSTRIA,-16.29
TRADER,-19.85
INDUSTRIA,-23.96
REFINERIA,-31.47
TRADER,-4.49
REFINERIA,-41.14
INDUSTRIA,-16.25
TRADER,-46.28
INDUSTRIA,-44.98
REFINERIA,-65.6
TRADER,-20.91
REFINERIA,-35.09
REFINERIA,-16.66
INDUSTRIA,-21.85
REFINERIA,-42.8
TRADER,-53.01
REFINERIA,-33.8
REFINERIA,-46.47
REFINERIA,-32.46
INDUSTRIA,-36.72
REFINERIA,-22.38
TRADER,-60.93
INDUSTRIA,-36.14
TRADER,-39.96
TRADER,-58.48
TRADER,-35.75
TRADER,-42.96
INDUSTRIA,-31.39
INDUSTRIA,-41.0
REFINERIA,-27.23
REFINERIA,-26.68
INDUSTRIA,-38.68
REFINERIA,-40.4
TRADER,-31.94
REFINERIA,-12.16
REFINERIA,-15.52
TRADER,-28.89
TRADER,8.33
INDUSTRIA,-47.0
REFINERIA,-39.13
TRADER,-53.55
TRADER,-39.81
INDUSTRIA,-21.7
TRADER,-22.51
INDUSTRIA,-42.0
INDUSTRIA,-27.88
REFINERIA,-27.55
TRADER,-37.95
INDUSTRIA,-7.28
INDUSTRIA,-23.5
REFINERIA,-46.17
TRADER,-28.47
REFINERIA,-17.3
TRADER,3.59
INDUSTRIA,-43.69
INDUSTRIA,-34.0
TRADER,-46.17
TRADER,-40.85
REFINERIA,-16.35
TRADER,-44.35
TRADER,-54.48
TRADER,-36.59
REFINERIA,-22.36
REFINERIA,-36.77
INDUSTRIA,-10.31
INDUSTRIA,-41.7
INDUSTRIA,-27.25
REFINERIA,-51.69
TRADER,-24.98
REFINERIA,-12.78
REFINERIA,-38.74
TRADER,-53.94
INDUSTRIA,-15.24
TRADER,-45.51
TRADER,-25.98
INDUSTRIA,-11.58
INDUSTRIA,-17.26
INDUSTRIA,-17.25
TRADER,-0.74
REFINERIA,-17.86
TRADER,-36.47
TRADER,-35.63
TRADER,-40.44
TRADER,-53.34
INDUSTRIA,-45.29
TRADER,-35.86
REFINERIA,-35.63
TRADER,-42.93
INDUSTRIA,-29.89
REFINERIA,-14.08
REFINERIA,-22.92
INDUSTRIA,-29.39
TRADER,-34.55
TRADER,-7.24
INDUSTRIA,-12.5
TRADER,5.33
INDUSTRIA,-22.5
TRADER,-34.64
TRADER,-29.97
INDUSTRIA,-35.52
TRADER,-35.92
INDUSTRIA,-51.33
INDUSTRIA,-2.19
REFINERIA,-42.96
INDUSTRIA,-14.99
INDUSTRIA,-26.47
REFINERIA,-14.44
INDUSTRIA,-40.94
TRADER,-44.68
INDUSTRIA,-31.79
INDUSTRIA,-66.27
INDUSTRIA,-34.24
INDUSTRIA,-35.7
INDUSTRIA,-48.93
INDUSTRIA,-21.64
INDUSTRIA,-28.7
INDUSTRIA,-19.86
INDUSTRIA,-27.42
TRADER,-32.09
INDUSTRIA,-15.79
TRADER,-23.82
REFINERIA,-37.93
REFINERIA,-48.51
TRADER,-43.37
TRADER,-14.17
TRADER,-9.9
INDUSTRIA,-50.06
REFINERIA,-67.37
TRADER,-34.2
REFINERIA,-34.28
INDUSTRIA,-22.76
TRADER,-32.99
INDUSTRIA,-27.76
REFINERIA,-23.25
INDUSTRIA,-25.89
TRADER,-32.6
REFINERIA,-8.2
TRADER,-31.12
TRADER,-25.11
REFINERIA,-10.54
REFINERIA,-37.0
REFINERIA,-46.44
TRADER,-43.04
TRADER,-58.26
REFINERIA,-31.66
REFINERIA,-16.05
INDUSTRIA,-12.6
INDUSTRIA,0.43
TRADER,-43.61
REFINERIA,-37.56
TRADER,-63.49
REFINERIA,-7.8
REFINERIA,-14.02
INDUSTRIA,-16.25
TRADER,-12.64
TRADER,-46.25
INDUSTRIA,-58.83
INDUSTRIA,-36.71
TRADER,-13.99
INDUSTRIA,-47.8
REFINERIA,-43.74
REFINERIA,-7.13
INDUSTRIA,-37.41
INDUSTRIA,-47.28
INDUSTRIA,-22.74
TRADER,-16.76
INDUSTRIA,-19.7
TRADER,-54.59
INDUSTRIA,-29.97
TRADER,-2.51
INDUSTRIA,-34.08
INDUSTRIA,-34.63
INDUSTRIA,-47.41
TRADER,-42.31
TRADER,-22.89
INDUSTRIA,-20.09
INDUSTRIA,-52.53
REFINERIA,-48.31
REFINERIA,-32.23
REFINERIA,0.94
INDUSTRIA,-7.88
TRADER,-42.92
INDUSTRIA,-27.41
TRADER,-25.42
INDUSTRIA,-24.6
INDUSTRIA,-4.75
REFINERIA,-36.55
TRADER,-42.9
TRADER,-41.2
REFINERIA,-22.14
TRADER,-39.7
REFINERIA,-20.81
TRADER,-54.53
REFINERIA,-28.78
INDUSTRIA,-25.3
TRADER,-2.18
INDUSTRIA,-20.72
TRADER,-24.87
INDUSTRIA,-22.54
TRADER,-4.74
TRADER,-23.21
TRADER,-2.14
TRADER,-20.39
TRADER,-34.38
REFINERIA,-48.51
INDUSTRIA,-19.1
INDUSTRIA,-40.35
INDUSTRIA,-55.77
TRADER,-27.47
REFINERIA,-3.26
INDUSTRIA,-41.21
TRADER,-12.32
TRADER,-47.6
REFINERIA,-28.58
TRADER,-37.9
TRADER,-53.29
REFINERIA,-33.52
REFINERIA,-73.08
INDUSTRIA,-8.61
TRADER,-64.62
REFINERIA,-13.81
REFINERIA,-37.96
TRADER,-9.11
TRADER,-22.79
REFINERIA,-32.83
TRADER,-8.34
TRADER,-41.93
INDUSTRIA,-40.39
TRADER,-27.65
REFINERIA,-38.09
TRADER,-33.09
REFINERIA,-48.11
TRADER,-54.46
INDUSTRIA,-38.16
INDUSTRIA,-25.19
REFINERIA,-15.7
REFINERIA,-43.88
TRADER,-49.39
INDUSTRIA,-12.99
INDUSTRIA,-19.55
REFINERIA,-30.13
TRADER,-39.62
INDUSTRIA,-12.55
TRADER,-45.77
TRADER,-40.82
INDUSTRIA,-23.8
REFINERIA,-5.21
TRADER,-39.94
REFINERIA,-52.19
INDUSTRIA,-22.33
INDUSTRIA,-20.96
INDUSTRIA,-6.34
INDUSTRIA,-5.41
REFINERIA,-28.11
TRADER,-40.89
INDUSTRIA,-16.14
TRADER,-51.79
TRADER,-1.08
TRADER,-23.89
TRADER,-38.59
REFINERIA,-41.37
TRADER,-26.49
INDUSTRIA,-43.06
INDUSTRIA,-20.28
INDUSTRIA,-0.62
TRADER,-36.33
TRADER,-44.1
INDUSTRIA,-19.5
TRADER,-64.25
REFINERIA,-43.92
TRADER,-15.12
REFINERIA,-36.42
TRADER,-49.93
REFINERIA,-27.88
TRADER,-21.46
TRADER,-16.38
INDUSTRIA,-31.28
TRADER,-5.43
REFINERIA,-35.72
REFINERIA,-42.37
TRADER,-45.17
REFINERIA,-25.59
REFINERIA,-19.13
INDUSTRIA,-0.79
TRADER,-42.6
REFINERIA,-34.74
REFINERIA,-53.39
REFINERIA,-24.38
REFINERIA,-34.33
REFINERIA,-11.99
REFINERIA,-41.18
INDUSTRIA,-27.25
INDUSTRIA,-28.68
TRADER,-47.8
TRADER,-23.11
INDUSTRIA,-28.75
TRADER,-45.54
TRADER,-45.41
TRADER,-31.21
TRADER,-20.32
INDUSTRIA,-23.87
REFINERIA,-7.95
INDUSTRIA,-16.8
REFINERIA,-36.41
INDUSTRIA,-35.86
TRADER,-37.85
INDUSTRIA,-19.42
TRADER,-20.04
REFINERIA,-21.16
INDUSTRIA,-45.97
REFINERIA,-49.7
TRADER,-51.25
REFINERIA,-37.61
REFINERIA,-37.17
TRADER,-21.55
INDUSTRIA,-0.38
TRADER,-39.53
TRADER,-10.0
REFINERIA,-27.61
INDUSTRIA,-21.69
TRADER,-17.83
TRADER,-36.73
INDUSTRIA,-8.93
INDUSTRIA,-47.55
TRADER,-19.55
INDUSTRIA,-38.03
INDUSTRIA,-18.12
TRADER,-18.96
REFINERIA,-26.4
INDUSTRIA,-37.08
REFINERIA,-14.39
TRADER,-9.0
TRADER,-29.82
TRADER,-36.6
REFINERIA,-31.76
TRADER,-10.64
INDUSTRIA,-29.83
INDUSTRIA,-25.9
REFINERIA,-12.11
TRADER,-39.75
REFINERIA,-35.91
INDUSTRIA,-34.87
REFINERIA,-38.48
REFINERIA,-41.51
TRADER,-29.9
REFINERIA,-36.1
REFINERIA,-35.72
TRADER,-20.3
TRADER,-45.66
TRADER,-71.12
TRADER,-0.06
TRADER,-23.13
TRADER,-29.78
INDUSTRIA,-16.45
REFINERIA,-30.06
REFINERIA,-42.13
TRADER,-35.91
INDUSTRIA,-34.37
TRADER,-32.23
REFINERIA,-58.39
TRADER,-23.28
TRADER,-25.86
INDUSTRIA,-35.58
TRADER,-10.99
TRADER,-63.87
INDUSTRIA,-43.6
TRADER,-15.65
TRADER,-19.76
REFINERIA,-31.38
REFINERIA,-47.04
INDUSTRIA,-39.0
REFINERIA,-18.75
TRADER,-36.08
REFINERIA,-33.89
REFINERIA,-2.59
REFINERIA,-30.42
REFINERIA,-17.41
REFINERIA,-17.73
INDUSTRIA,-27.13
INDUSTRIA,-37.26
REFINERIA,-20.29
INDUSTRIA,-24.24
INDUSTRIA,-37.98
REFINERIA,-19.43
REFINERIA,-23.07
TRADER,-27.52
REFINERIA,-6.22
REFINERIA,-27.67
REFINERIA,-16.18
REFINERIA,-47.77
TRADER,-12.46
TRADER,-16.48
INDUSTRIA,-36.66
TRADER,-18.87
INDUSTRIA,-28.54
TRADER,-37.92
TRADER,-43.36
INDUSTRIA,-19.54
REFINERIA,-18.05
TRADER,-28.27
INDUSTRIA,-50.48
REFINERIA,-17.83
TRADER,-30.12
INDUSTRIA,-8.56
INDUSTRIA,-35.15
TRADER,-31.67
INDUSTRIA,-37.72
REFINERIA,-5.56
INDUSTRIA,-26.26
TRADER,-48.1
INDUSTRIA,-44.46
INDUSTRIA,-16.35
TRADER,-42.04
TRADER,-38.91
TRADER,-24.19
TRADER,-19.4
INDUSTRIA,-21.66
REFINERIA,-8.51
TRADER,-26.1
INDUSTRIA,-13.16
INDUSTRIA,-8.76
REFINERIA,-36.34
TRADER,-64.09
TRADER,-23.59
INDUSTRIA,-15.95
REFINERIA,-21.64
INDUSTRIA,-1.4
TRADER,-48.31
INDUSTRIA,-38.61
TRADER,-20.45
INDUSTRIA,-20.73
REFINERIA,-20.43
TRADER,-30.95
REFINERIA,-22.69
TRADER,-42.64
INDUSTRIA,-14.66
TRADER,-49.17
TRADER,-40.66
TRADER,-43.98
TRADER,-14.07
INDUSTRIA,-25.07
INDUSTRIA,-48.22
REFINERIA,-18.1
INDUSTRIA,-37.78
TRADER,-10.65
REFINERIA,-1.14
REFINERIA,-18.86
INDUSTRIA,-1.08
TRADER,-44.45
REFINERIA,-34.7
REFINERIA,-9.39
INDUSTRIA,-53.32
INDUSTRIA,-16.3
TRADER,-27.99
INDUSTRIA,-56.76
INDUSTRIA,-32.04
TRADER,-37.3
INDUSTRIA,-46.35
INDUSTRIA,-39.53
INDUSTRIA,-34.21
TRADER,-18.9
INDUSTRIA,-34.5
TRADER,-10.91
TRADER,-21.94
TRADER,-41.67
INDUSTRIA,-44.55
REFINERIA,-49.6
INDUSTRIA,-17.09
INDUSTRIA,-26.05
TRADER,-38.16
REFINERIA,-17.98
INDUSTRIA,-24.78
TRADER,-25.92
TRADER,-40.85
REFINERIA,-21.24
INDUSTRIA,-37.12
INDUSTRIA,-32.0
INDUSTRIA,-41.84
INDUSTRIA,-43.76
REFINERIA,-20.81
TRADER,-25.52
REFINERIA,-23.47
TRADER,-10.28
REFINERIA,-31.99
REFINERIA,-29.15
INDUSTRIA,-48.59
REFINERIA,-5.44
INDUSTRIA,-8.84
TRADER,-32.52
REFINERIA,-52.8
TRADER,-55.74
INDUSTRIA,-31.93
INDUSTRIA,-64.53
INDUSTRIA,-42.86
TRADER,-30.47
TRADER,-23.63
INDUSTRIA,-42.73
REFINERIA,-29.46
INDUSTRIA,-36.91
INDUSTRIA,-19.79
TRADER,-31.71
INDUSTRIA,-16.21
TRADER,-39.83
INDUSTRIA,-0.03
INDUSTRIA,-42.83
REFINERIA,-25.82
INDUSTRIA,-43.6
REFINERIA,-11.38
INDUSTRIA,-27.87
REFINERIA,-19.18
TRADER,-51.44
REFINERIA,-21.06
REFINERIA,-35.38
REFINERIA,-32.88
INDUSTRIA,-21.34
INDUSTRIA,-46.52
TRADER,-7.43
REFINERIA,-45.98
TRADER,-17.97
TRADER,-24.74
TRADER,-23.49
TRADER,-36.26
INDUSTRIA,-6.73
INDUSTRIA,-28.06
TRADER,-38.62
INDUSTRIA,-25.03
INDUSTRIA,-30.02
TRADER,-29.66
REFINERIA,-56.48
INDUSTRIA,-13.84
INDUSTRIA,-10.1
REFINERIA,-16.02
TRADER,-21.58
TRADER,-38.45
INDUSTRIA,-18.99
TRADER,-36.97
INDUSTRIA,-29.35
INDUSTRIA,-29.36
INDUSTRIA,-27.71
INDUSTRIA,-14.14
INDUSTRIA,-34.45
REFINERIA,-62.25
INDUSTRIA,-40.5
REFINERIA,-18.21
REFINERIA,-62.12
TRADER,-31.07
TRADER,-40.37
INDUSTRIA,-16.16
TRADER,-31.33
INDUSTRIA,-35.72
INDUSTRIA,-46.45
TRADER,-38.73
TRADER,-78.74
REFINERIA,-47.07
INDUSTRIA,-55.13
INDUSTRIA,-24.62
TRADER,-16.2
TRADER,-59.62
INDUSTRIA,-15.15
INDUSTRIA,-65.7
INDUSTRIA,-44.72
TRADER,-42.7
TRADER,-23.22
INDUSTRIA,-43.42
TRADER,-26.84
INDUSTRIA,-30.68
TRADER,-1.8
INDUSTRIA,-22.63
INDUSTRIA,-41.88
REFINERIA,-20.35
INDUSTRIA,-49.05
REFINERIA,-14.72
TRADER,-29.78
REFINERIA,-34.71
REFINERIA,-17.97
REFINERIA,-2.34
TRADER,-51.39
REFINERIA,-12.96
TRADER,-8.02
REFINERIA,-29.74
INDUSTRIA,-31.35
TRADER,-19.25
REFINERIA,-20.52
TRADER,-40.37
INDUSTRIA,-45.24
TRADER,-26.51
TRADER,-39.97
REFINERIA,-19.06
REFINERIA,-38.56
TRADER,-32.28
TRADER,-8.37
INDUSTRIA,-23.83
TRADER,-24.77
TRADER,-3.35
TRADER,-0.79
INDUSTRIA,-48.34
INDUSTRIA,-31.95
TRADER,-19.27
TRADER,-34.99
REFINERIA,-29.38
INDUSTRIA,-33.67
REFINERIA,-10.57
INDUSTRIA,-21.59
REFINERIA,-11.91
INDUSTRIA,6.6
INDUSTRIA,-34.64
TRADER,-2.04
TRADER,-61.41
INDUSTRIA,-37.81
REFINERIA,10.15
INDUSTRIA,-33.44
INDUSTRIA,-29.97
INDUSTRIA,-27.27
TRADER,-27.23
REFINERIA,5.74
REFINERIA,-28.66
INDUSTRIA,-5.66
REFINERIA,-16.31
TRADER,-32.63
TRADER,-25.91
TRADER,-5.51
TRADER,-7.11
INDUSTRIA,-47.58
REFINERIA,-26.98
TRADER,-25.8
TRADER,-7.69
REFINERIA,-31.38
TRADER,-33.94
TRADER,-40.98
TRADER,-32.8
REFINERIA,-13.14
REFINERIA,-0.02
TRADER,-35.45
REFINERIA,-28.52
INDUSTRIA,-46.68
TRADER,-32.56
INDUSTRIA,-31.49
REFINERIA,8.22
TRADER,-13.31
TRADER,-27.18
REFINERIA,7.14
TRADER,-40.21
INDUSTRIA,-39.61
REFINERIA,-30.53
INDUSTRIA,-11.35
REFINERIA,-20.44
INDUSTRIA,-82.76
INDUSTRIA,-10.57
REFINERIA,-32.99
REFINERIA,-17.41
TRADER,-58.77
INDUSTRIA,-35.39
REFINERIA,-38.82
REFINERIA,-25.15
INDUSTRIA,-46.28
REFINERIA,-32.41
TRADER,-38.42
INDUSTRIA,-47.0
INDUSTRIA,-1.9
INDUSTRIA,-41.62
TRADER,-47.85
TRADER,-26.23
TRADER,-48.51
INDUSTRIA,-21.69
TRADER,-35.18
TRADER,-1.73
TRADER,-20.15
TRADER,-36.22
INDUSTRIA,-34.14
REFINERIA,-17.23
REFINERIA,-17.18
TRADER,-47.53
TRADER,-15.74
INDUSTRIA,-27.12
TRADER,-24.02
TRADER,-31.24
INDUSTRIA,-51.91
TRADER,-42.29
TRADER,-32.6
INDUSTRIA,-35.12
INDUSTRIA,-25.56
TRADER,-36.19
TRADER,7.41
TRADER,-24.86
TRADER,-29.86
REFINERIA,-34.45
INDUSTRIA,-26.33
INDUSTRIA,-0.99
INDUSTRIA,-9.09
INDUSTRIA,-20.25
INDUSTRIA,-31.19
TRADER,-39.67
TRADER,-18.15
INDUSTRIA,-29.03
INDUSTRIA,-9.99
TRADER,-20.32
INDUSTRIA,-51.35
REFINERIA,-5.87
TRADER,-20.81
TRADER,-32.54
REFINERIA,-36.57
INDUSTRIA,-10.83
INDUSTRIA,-44.93
INDUSTRIA,-32.67
TRADER,-45.73
TRADER,-49.45
REFINERIA,-31.05
INDUSTRIA,-34.72
REFINERIA,-23.21
INDUSTRIA,-32.36
REFINERIA,-1.51
TRADER,-41.42
TRADER,-4.15
REFINERIA,-26.54
TRADER,4.67
REFINERIA,-26.91
INDUSTRIA,-20.89
REFINERIA,-27.44
REFINERIA,-28.04
REFINERIA,-26.16
INDUSTRIA,-18.19
INDUSTRIA,-32.59
TRADER,-37.5
TRADER,-26.95
TRADER,-23.72
TRADER,-40.96
TRADER,-13.85
INDUSTRIA,-9.91
INDUSTRIA,-33.32
REFINERIA,-28.08
INDUSTRIA,-16.52
INDUSTRIA,-39.6
INDUSTRIA,-30.86
INDUSTRIA,-29.69
TRADER,-14.4
REFINERIA,-31.14
REFINERIA,-14.83
TRADER,-31.29
REFINERIA,-17.56
INDUSTRIA,-3.7
INDUSTRIA,-40.12
TRADER,-20.21
TRADER,-30.41
REFINERIA,-62.63
INDUSTRIA,-25.67
REFINERIA,-38.25
TRADER,-8.75
REFINERIA,-13.16
REFINERIA,-20.84
REFINERIA,-21.98
TRADER,-31.44
REFINERIA,-25.38
REFINERIA,-22.57
TRADER,-27.55
INDUSTRIA,-18.5
INDUSTRIA,-58.32
INDUSTRIA,-43.03
REFINERIA,-23.61
INDUSTRIA,-22.46
REFINERIA,-21.29
REFINERIA,-29.05
INDUSTRIA,-37.88
TRADER,-5.86
TRADER,-26.11
REFINERIA,-21.86
INDUSTRIA,-47.19
INDUSTRIA,-65.16
INDUSTRIA,-59.95
INDUSTRIA,-15.61
REFINERIA,-49.46
TRADER,-29.2
TRADER,-33.68
REFINERIA,-9.27
TRADER,-8.74
REFINERIA,-18.9
REFINERIA,-3.35
INDUSTRIA,-69.47
INDUSTRIA,-32.92
TRADER,-40.19
INDUSTRIA,-33.92
TRADER,-37.21
INDUSTRIA,-33.97
REFINERIA,-22.64
REFINERIA,-34.08
TRADER,-27.47
TRADER,3.04
TRADER,-39.47
INDUSTRIA,-38.03
INDUSTRIA,-0.28
INDUSTRIA,-26.5
INDUSTRIA,-36.88
TRADER,-7.27
TRADER,-43.34
INDUSTRIA,-33.62
INDUSTRIA,-22.73
REFINERIA,6.44
INDUSTRIA,-32.05
REFINERIA,-46.63
TRADER,-30.11
INDUSTRIA,-33.47
INDUSTRIA,-43.39
INDUSTRIA,-44.53
INDUSTRIA,-23.47
TRADER,-7.89
REFINERIA,-40.6
INDUSTRIA,-35.79
TRADER,-27.17
INDUSTRIA,7.8
INDUSTRIA,-37.62
INDUSTRIA,-18.82
REFINERIA,-43.27
REFINERIA,-33.25
TRADER,-16.19
INDUSTRIA,-26.74
REFINERIA,-39.29
REFINERIA,-38.31
REFINERIA,-28.62
REFINERIA,-44.42
REFINERIA,-34.44
TRADER,-30.99
TRADER,-42.85
TRADER,-46.42
INDUSTRIA,-11.87
REFINERIA,-20.32
TRADER,-16.8
REFINERIA,-46.68
REFINERIA,-53.61
INDUSTRIA,-41.74
TRADER,-34.34
TRADER,-33.12
INDUSTRIA,-9.41
REFINERIA,-10.27
REFINERIA,-25.53
REFINERIA,-41.65
REFINERIA,-52.83
TRADER,-32.3
REFINERIA,-32.48
TRADER,-33.77
INDUSTRIA,-41.69
INDUSTRIA,-33.61
INDUSTRIA,-6.13
INDUSTRIA,-29.03
TRADER,-55.81
REFINERIA,-22.36
TRADER,-39.16
TRADER,-28.59
INDUSTRIA,-49.19
TRADER,-19.69
REFINERIA,-16.36
INDUSTRIA,-48.74
INDUSTRIA,-16.48
INDUSTRIA,-27.31
INDUSTRIA,-23.57
TRADER,-29.88
REFINERIA,-29.11
INDUSTRIA,-41.16
TRADER,-30.59
REFINERIA,-12.18
TRADER,-12.33
INDUSTRIA,-37.09
TRADER,-22.2
REFINERIA,-45.18
REFINERIA,-13.29
INDUSTRIA,-18.7
REFINERIA,-26.58
REFINERIA,-67.55
TRADER,-7.81
INDUSTRIA,-20.87
TRADER,-40.98
TRADER,-29.13
INDUSTRIA,-21.29
REFINERIA,-40.01
REFINERIA,-13.36
INDUSTRIA,-15.33
TRADER,-27.25
REFINERIA,-26.84
TRADER,-11.06
REFINERIA,-22.91
INDUSTRIA,-37.59
TRADER,-21.01
TRADER,-31.58
TRADER,-11.64
TRADER,-30.56
TRADER,-46.51
REFINERIA,-26.59
TRADER,-21.03
INDUSTRIA,-27.15
INDUSTRIA,-20.43
REFINERIA,-19.65
INDUSTRIA,-49.76
REFINERIA,-35.68
REFINERIA,-36.31
TRADER,-38.79
INDUSTRIA,-2.01
TRADER,-41.32
INDUSTRIA,-39.12
INDUSTRIA,-32.3
TRADER,-32.15
REFINERIA,-26.78
TRADER,-35.88
INDUSTRIA,-39.38
REFINERIA,-16.2
REFINERIA,-30.32
TRADER,-20.54
INDUSTRIA,-33.29
INDUSTRIA,-7.26
REFINERIA,-16.29
TRADER,-59.29
TRADER,-54.7
TRADER,-14.58
REFINERIA,-59.46
INDUSTRIA,-26.23
TRADER,-41.73
REFINERIA,-10.52
INDUSTRIA,-38.9
REFINERIA,-47.31
TRADER,-27.78
INDUSTRIA,-35.57
TRADER,-12.87
INDUSTRIA,-28.62
TRADER,-32.04
INDUSTRIA,-36.07
TRADER,-10.84
INDUSTRIA,-41.7
INDUSTRIA,-30.95
REFINERIA,-51.53
INDUSTRIA,-62.9
REFINERIA,-21.79
TRADER,-46.97
TRADER,0.12
TRADER,-60.47
TRADER,-29.53
REFINERIA,-16.75
REFINERIA,-58.32
INDUSTRIA,-20.55
REFINERIA,-18.39
TRADER,-20.73
TRADER,-35.37
INDUSTRIA,-19.89
TRADER,-48.3
INDUSTRIA,-33.59
INDUSTRIA,-22.51
INDUSTRIA,-22.81
TRADER,-35.16
INDUSTRIA,-31.74
REFINERIA,-40.64
REFINERIA,-35.75
TRADER,-27.5
INDUSTRIA,-45.43
REFINERIA,-60.62
TRADER,-19.15
TRADER,-27.54
TRADER,-30.53
INDUSTRIA,-14.9
TRADER,-15.95
TRADER,-55.43
TRADER,-25.03
INDUSTRIA,-39.32
TRADER,-41.38
INDUSTRIA,-25.03
TRADER,-8.37
TRADER,-34.4
INDUSTRIA,-28.76
TRADER,-44.75
INDUSTRIA,-25.5
REFINERIA,-58.02
INDUSTRIA,-32.09
REFINERIA,-40.84
REFINERIA,-36.25
REFINERIA,-30.88
TRADER,-9.08
TRADER,-17.47
TRADER,-36.43
REFINERIA,-29.85
INDUSTRIA,-1.55
TRADER,-32.32
TRADER,-32.08
REFINERIA,-26.85
INDUSTRIA,-20.76
TRADER,-40.4
INDUSTRIA,-22.98
REFINERIA,-37.65
TRADER,-21.49
REFINERIA,-53.95
TRADER,-17.15
REFINERIA,-17.26
TRADER,-5.91
TRADER,-27.42
TRADER,-24.87
TRADER,-56.59
TRADER,-24.32
REFINERIA,-63.4
TRADER,-57.79
REFINERIA,0.65
TRADER,-50.09
INDUSTRIA,-6.49
REFINERIA,-36.22
TRADER,-27.44
REFINERIA,-39.31
TRADER,-17.27
INDUSTRIA,-31.47
INDUSTRIA,-29.63
TRADER,-35.44
REFINERIA,-29.68
TRADER,-27.06
TRADER,-1.06
REFINERIA,-21.79
REFINERIA,-36.61
INDUSTRIA,-31.63
REFINERIA,-32.96
TRADER,-15.25
REFINERIA,-20.51
INDUSTRIA,-44.89
TRADER,-18.5
INDUSTRIA,-24.56
INDUSTRIA,-22.09
INDUSTRIA,-48.8
TRADER,-34.0
REFINERIA,-16.79
REFINERIA,-16.68
TRADER,-29.72
TRADER,-45.63
REFINERIA,-36.01
INDUSTRIA,-34.45
TRADER,-34.85
REFINERIA,-25.67
REFINERIA,-29.39
TRADER,-32.04
TRADER,-71.05
REFINERIA,-34.33
TRADER,-13.54
TRADER,-55.03
REFINERIA,-25.71
INDUSTRIA,-30.79
TRADER,-22.38
REFINERIA,-31.86
TRADER,-45.39
INDUSTRIA,-61.34
TRADER,-23.03
REFINERIA,-24.57
REFINERIA,-30.9
TRADER,-27.7
INDUSTRIA,-48.75
REFINERIA,-47.04
TRADER,-19.63
REFINERIA,-23.86
REFINERIA,-36.9
TRADER,-25.03
INDUSTRIA,-42.27
REFINERIA,-18.37
REFINERIA,-20.7
TRADER,-57.93
TRADER,-20.89
TRADER,-1.26
REFINERIA,-39.07
TRADER,-28.47
INDUSTRIA,-24.53
TRADER,-25.57
TRADER,-18.56
INDUSTRIA,-46.28
INDUSTRIA,-23.82
TRADER,-37.32
INDUSTRIA,-32.37
INDUSTRIA,-31.98
INDUSTRIA,-67.54
TRADER,-28.74
REFINERIA,-15.45
REFINERIA,-37.9
INDUSTRIA,-50.96
TRADER,-5.1
TRADER,-36.97
TRADER,-5.16
TRADER,-31.65
TRADER,-47.26
INDUSTRIA,-15.73
TRADER,-25.58
REFINERIA,-24.02
REFINERIA,-29.74
INDUSTRIA,-22.95
REFINERIA,-29.45
INDUSTRIA,-29.94
INDUSTRIA,-2.8
TRADER,-24.13
REFINERIA,-3.76
INDUSTRIA,-59.61
REFINERIA,-9.39
INDUSTRIA,-10.94
TRADER,-34.93
INDUSTRIA,-34.99
REFINERIA,-21.34
TRADER,-39.62
TRADER,-20.64
REFINERIA,-30.1
TRADER,-20.71
INDUSTRIA,-28.3
TRADER,-37.06
INDUSTRIA,-28.48
TRADER,-63.53
REFINERIA,-40.98
TRADER,-14.85
REFINERIA,-50.0
INDUSTRIA,-46.0
TRADER,-5.62
TRADER,-39.21
REFINERIA,-24.92
INDUSTRIA,-47.65
INDUSTRIA,-5.41
REFINERIA,-13.99
INDUSTRIA,-20.74
REFINERIA,-36.82
INDUSTRIA,-6.99
INDUSTRIA,-9.02
TRADER,-27.32
INDUSTRIA,-28.28
INDUSTRIA,-30.45
TRADER,-60.23
REFINERIA,-5.19
REFINERIA,-30.63
TRADER,-16.31
INDUSTRIA,-18.32
REFINERIA,-18.87
TRADER,-32.35
INDUSTRIA,-49.35
TRADER,-2.45
REFINERIA,-9.98
TRADER,-18.88
REFINERIA,-40.17
REFINERIA,-15.89
REFINERIA,-41.65
INDUSTRIA,-32.58
TRADER,-26.65
INDUSTRIA,-26.11
REFINERIA,-19.12
REFINERIA,-51.97
TRADER,-50.71
TRADER,-24.13
INDUSTRIA,-26.71
INDUSTRIA,-14.31
TRADER,-20.59
INDUSTRIA,-58.5
REFINERIA,-36.0
INDUSTRIA,-23.9
REFINERIA,-53.61
INDUSTRIA,-28.68
INDUSTRIA,-50.54
REFINERIA,-22.7
TRADER,-64.19
REFINERIA,-50.22
REFINERIA,-50.07
TRADER,-55.04
INDUSTRIA,-40.25
REFINERIA,-28.36
TRADER,-31.75
INDUSTRIA,1.54
INDUSTRIA,-47.23
INDUSTRIA,-24.65
INDUSTRIA,-16.21
TRADER,-26.61
REFINERIA,-60.06
TRADER,-44.61
TRADER,-12.87
REFINERIA,-23.65
REFINERIA,-72.87
TRADER,-8.5
TRADER,-32.65
INDUSTRIA,-42.47
TRADER,9.75
REFINERIA,-15.87
REFINERIA,-26.64
INDUSTRIA,-41.14
INDUSTRIA,-37.23
TRADER,-36.29
REFINERIA,-28.79
INDUSTRIA,-10.18
TRADER,-16.57
TRADER,-46.21
REFINERIA,6.22
TRADER,-36.24
REFINERIA,-26.03
TRADER,-51.61
REFINERIA,-37.2
TRADER,-25.12
TRADER,-20.22
TRADER,-5.82
TRADER,-36.4
REFINERIA,-35.88
REFINERIA,-19.68
INDUSTRIA,-29.52
REFINERIA,-42.57
TRADER,-24.07
TRADER,-28.73
REFINERIA,-16.73
TRADER,-34.26
REFINERIA,-11.63
TRADER,-49.84
INDUSTRIA,-23.97
TRADER,-35.97
INDUSTRIA,-47.42
REFINERIA,-11.53
REFINERIA,-27.48
REFINERIA,-42.38
TRADER,-39.9
REFINERIA,-41.6
REFINERIA,-54.83
INDUSTRIA,-13.99
INDUSTRIA,-7.4
TRADER,-13.11
INDUSTRIA,-44.54
INDUSTRIA,-31.66
REFINERIA,-24.58
INDUSTRIA,-34.18
REFINERIA,-15.87
TRADER,-27.65
INDUSTRIA,-41.77
REFINERIA,-39.47
INDUSTRIA,-14.07
TRADER,-31.47
REFINERIA,-55.62
INDUSTRIA,-56.54
INDUSTRIA,-25.66
TRADER,-20.05
INDUSTRIA,-42.07
INDUSTRIA,-52.04
TRADER,-34.74
INDUSTRIA,-18.93
TRADER,-52.53
TRADER,-44.75
REFINERIA,-30.13
INDUSTRIA,-22.47
TRADER,-40.33
REFINERIA,-24.9
REFINERIA,-20.23
TRADER,-5.02
TRADER,-22.43
TRADER,-4.7
INDUSTRIA,-2.15
REFINERIA,-19.56
TRADER,-32.87
INDUSTRIA,-6.17
INDUSTRIA,-33.75
REFINERIA,-18.58
REFINERIA,-28.6
REFINERIA,-41.96
TRADER,-68.48
INDUSTRIA,-39.74
REFINERIA,-53.67
REFINERIA,-7.68
INDUSTRIA,-21.92
REFINERIA,-6.96
TRADER,-33.79
TRADER,-48.67
TRADER,-15.21
REFINERIA,-16.03
INDUSTRIA,-76.09
INDUSTRIA,-26.83
REFINERIA,-48.1
INDUSTRIA,-29.87
REFINERIA,-81.28
TRADER,-31.58
TRADER,-13.52
REFINERIA,-21.64
TRADER,-41.59
INDUSTRIA,-31.49
INDUSTRIA,-32.25
REFINERIA,-43.89
TRADER,-38.22
TRADER,-0.45
TRADER,-44.01
TRADER,-28.26
TRADER,-46.19
INDUSTRIA,-35.89
REFINERIA,-14.5
INDUSTRIA,-45.12
TRADER,-46.51
TRADER,-29.65
REFINERIA,-25.86
TRADER,-29.13
TRADER,-45.79
REFINERIA,-47.3
INDUSTRIA,-28.98
REFINERIA,-40.87
INDUSTRIA,-52.61
REFINERIA,-19.87
REFINERIA,-23.19
TRADER,-17.31
REFINERIA,-31.96
TRADER,-53.85
TRADER,-15.84
TRADER,-10.02
TRADER,-32.01
INDUSTRIA,-58.57
REFINERIA,-18.43
REFINERIA,-33.19
REFINERIA,-14.06
TRADER,-24.4
INDUSTRIA,-25.34
TRADER,-16.03
INDUSTRIA,-42.64
TRADER,-7.73
TRADER,-31.05
INDUSTRIA,-8.5
REFINERIA,-2.61
REFINERIA,-33.36
TRADER,-35.41
REFINERIA,-11.83
REFINERIA,-37.13
INDUSTRIA,-49.41
INDUSTRIA,-37.05
TRADER,-1.21
TRADER,-37.17
INDUSTRIA,-35.19
INDUSTRIA,-46.16
REFINERIA,-29.86
INDUSTRIA,-19.21
REFINERIA,-45.21
TRADER,-13.08
INDUSTRIA,-52.57
REFINERIA,-58.8
INDUSTRIA,-42.05
INDUSTRIA,-8.26
INDUSTRIA,-29.68
INDUSTRIA,-40.29
REFINERIA,-19.15
TRADER,-26.48
INDUSTRIA,-29.03
INDUSTRIA,-14.63
TRADER,-44.62
REFINERIA,-37.74
REFINERIA,-49.62
REFINERIA,-42.7
INDUSTRIA,-29.8
TRADER,-33.45
TRADER,-33.21
TRADER,-10.94
INDUSTRIA,-28.7
INDUSTRIA,-32.83
TRADER,-22.27
TRADER,-42.62
INDUSTRIA,-31.24
TRADER,-52.0
TRADER,-25.65
TRADER,-40.04
REFINERIA,-46.16
TRADER,-25.15
REFINERIA,-26.68
REFINERIA,-37.54
TRADER,-20.72
TRADER,-43.2
TRADER,-14.06
REFINERIA,-0.01
INDUSTRIA,-34.87
INDUSTRIA,-16.93
REFINERIA,-38.17
REFINERIA,-15.52
REFINERIA,-21.64
INDUSTRIA,-7.82
TRADER,-35.91
TRADER,-28.69
INDUSTRIA,-47.38
INDUSTRIA,-51.99
INDUSTRIA,-15.04
TRADER,1.81
TRADER,-22.64
TRADER,-15.51
TRADER,-32.69
REFINERIA,-12.16
TRADER,-12.93
TRADER,-13.68
TRADER,-16.76
TRADER,-37.37
REFINERIA,-28.67
REFINERIA,-48.96
TRADER,-20.14
TRADER,-39.14
TRADER,-12.97
INDUSTRIA,-36.98
REFINERIA,-51.01
TRADER,-55.39
INDUSTRIA,-49.77
REFINERIA,-31.24
REFINERIA,-26.72
REFINERIA,-16.21
INDUSTRIA,-13.94
TRADER,-22.62
TRADER,-59.03
TRADER,-52.76
TRADER,-22.04
TRADER,-17.87
REFINERIA,-34.25
TRADER,-36.2
INDUSTRIA,-32.79
INDUSTRIA,-46.25
INDUSTRIA,-27.32
REFINERIA,-12.19
INDUSTRIA,-34.72
REFINERIA,-31.3
REFINERIA,-34.78
TRADER,-4.7
INDUSTRIA,-31.89
REFINERIA,-22.94
REFINERIA,-35.35
INDUSTRIA,-48.81
TRADER,-40.25
REFINERIA,-32.84
REFINERIA,-36.42
INDUSTRIA,-29.46
INDUSTRIA,-5.86
REFINERIA,-27.43
INDUSTRIA,-2.14
TRADER,-42.65
INDUSTRIA,-35.63
REFINERIA,-41.55
REFINERIA,-29.74
INDUSTRIA,-54.78
TRADER,-25.54
REFINERIA,-35.81
INDUSTRIA,2.43
INDUSTRIA,-19.4
TRADER,-31.45
TRADER,-38.82
REFINERIA,-47.3
TRADER,-35.92
INDUSTRIA,-21.99
TRADER,-10.83
TRADER,-30.17
INDUSTRIA,-35.31
TRADER,-6.82
TRADER,-36.33
REFINERIA,-18.54
INDUSTRIA,-45.91
REFINERIA,-44.78
INDUSTRIA,-43.92
REFINERIA,-43.79
INDUSTRIA,-13.77
REFINERIA,-49.37
REFINERIA,-47.85
TRADER,-17.34
INDUSTRIA,-26.86
TRADER,-20.33
TRADER,-25.88
INDUSTRIA,-44.28
INDUSTRIA,-54.82
TRADER,-27.65
REFINERIA,-24.84
REFINERIA,-11.78
REFINERIA,-30.01
INDUSTRIA,8.55
TRADER,-24.67
INDUSTRIA,-54.81
TRADER,-15.67
TRADER,-24.03
TRADER,-41.28
REFINERIA,-10.65
TRADER,-30.47
REFINERIA,-42.0
INDUSTRIA,-28.35
TRADER,-32.26
REFINERIA,-33.0
INDUSTRIA,-13.75
REFINERIA,-21.83
TRADER,-28.25
REFINERIA,-20.0
TRADER,-38.81
TRADER,-23.64
REFINERIA,-34.9
INDUSTRIA,-30.74
TRADER,-40.25
INDUSTRIA,-71.78
REFINERIA,-19.89
REFINERIA,-21.51
INDUSTRIA,-17.24
INDUSTRIA,-31.67
REFINERIA,-38.29
REFINERIA,-50.49
REFINERIA,-29.94
REFINERIA,-26.73
INDUSTRIA,-25.33
INDUSTRIA,-36.55
TRADER,-67.83
INDUSTRIA,-29.11
TRADER,-36.8
INDUSTRIA,-39.05
INDUSTRIA,-14.64
INDUSTRIA,-11.63
REFINERIA,-21.5
INDUSTRIA,-39.41
TRADER,-1.07
INDUSTRIA,-30.05
INDUSTRIA,-22.78
REFINERIA,-34.36
TRADER,-44.29
INDUSTRIA,-32.62
INDUSTRIA,-38.11
REFINERIA,-9.56
REFINERIA,-20.75
INDUSTRIA,-18.77
INDUSTRIA,-27.98
INDUSTRIA,-11.28
REFINERIA,-55.05
TRADER,-40.87
TRADER,-19.12
REFINERIA,-13.91
REFINERIA,-31.98
REFINERIA,-28.31
REFINERIA,-53.01
INDUSTRIA,-31.05
REFINERIA,-31.55
TRADER,-68.06
INDUSTRIA,-42.04
REFINERIA,-16.25
REFINERIA,-24.27
REFINERIA,-30.32
TRADER,-38.04
REFINERIA,-39.57
INDUSTRIA,-22.49
TRADER,-28.48
INDUSTRIA,-50.77
TRADER,-50.23
REFINERIA,-37.94
INDUSTRIA,-38.56
REFINERIA,-7.35
TRADER,-41.45
INDUSTRIA,3.37
TRADER,-35.69
TRADER,-38.13
REFINERIA,-32.45
INDUSTRIA,-25.72
INDUSTRIA,-29.47
INDUSTRIA,-8.24
REFINERIA,-28.26
TRADER,-15.01
TRADER,-39.79
INDUSTRIA,-4.95
INDUSTRIA,-5.64
TRADER,-25.18
TRADER,-12.51
TRADER,-45.49
INDUSTRIA,-17.35
TRADER,-22.22
REFINERIA,-33.6
REFINERIA,-21.05
REFINERIA,-11.57
TRADER,-20.61
REFINERIA,-59.42
TRADER,-32.96
INDUSTRIA,-47.37
REFINERIA,-14.14
REFINERIA,-17.64
INDUSTRIA,-55.27
INDUSTRIA,-50.91
TRADER,-55.59
REFINERIA,-32.71
REFINERIA,-28.27
REFINERIA,-24.84
INDUSTRIA,-26.96
REFINERIA,-17.0
INDUSTRIA,-21.14
INDUSTRIA,-31.14
TRADER,-41.77
TRADER,1.36
INDUSTRIA,-44.53
TRADER,-28.42
REFINERIA,-15.51
INDUSTRIA,-26.39
REFINERIA,-19.91
INDUSTRIA,-32.81
INDUSTRIA,-36.82
REFINERIA,-31.11
TRADER,-56.97
INDUSTRIA,-37.42
TRADER,-27.95
TRADER,-29.03
INDUSTRIA,-40.36
REFINERIA,-44.59
REFINERIA,-51.78
REFINERIA,-13.36
INDUSTRIA,-31.78
REFINERIA,0.44
INDUSTRIA,-35.06
REFINERIA,-20.18
INDUSTRIA,-41.94
REFINERIA,-33.28
REFINERIA,-32.21
INDUSTRIA,-21.88
TRADER,-14.52
INDUSTRIA,-25.16
REFINERIA,-5.38
INDUSTRIA,-17.76
REFINERIA,-43.37
INDUSTRIA,-40.73
INDUSTRIA,-23.77
TRADER,-27.38
REFINERIA,-36.31
INDUSTRIA,-14.01
INDUSTRIA,-19.16
INDUSTRIA,-36.95
TRADER,-32.32
REFINERIA,-10.77
REFINERIA,-26.67
INDUSTRIA,-21.15
TRADER,-58.3
TRADER,-39.46
REFINERIA,-75.13
INDUSTRIA,-29.8
TRADER,-16.87
TRADER,-22.12
INDUSTRIA,-42.63
TRADER,-28.0
INDUSTRIA,-47.63
REFINERIA,-0.26
INDUSTRIA,-45.14
TRADER,-36.82
REFINERIA,-49.17
INDUSTRIA,-34.76
TRADER,-23.0
TRADER,-58.55
REFINERIA,-29.43
INDUSTRIA,-28.46
REFINERIA,-7.66
REFINERIA,-50.91
REFINERIA,-0.24
TRADER,-54.74
REFINERIA,-40.14
TRADER,-22.94
INDUSTRIA,-46.02
REFINERIA,-37.83
REFINERIA,-39.66
INDUSTRIA,-30.05
TRADER,-17.33
TRADER,-41.44
INDUSTRIA,-38.45
INDUSTRIA,-43.23
INDUSTRIA,-24.36
TRADER,-19.79
REFINERIA,-42.21
TRADER,-63.67
INDUSTRIA,-34.52
REFINERIA,2.44
TRADER,-34.59
REFINERIA,-41.15
INDUSTRIA,-37.01
INDUSTRIA,-10.19
REFINERIA,-32.75
REFINERIA,-34.08
REFINERIA,-19.02
INDUSTRIA,4.08
REFINERIA,-54.72
INDUSTRIA,-65.19
TRADER,-33.43
INDUSTRIA,-24.76
TRADER,-27.54
TRADER,-56.62
REFINERIA,-13.86
INDUSTRIA,-24.96
INDUSTRIA,-28.85
INDUSTRIA,-54.59
INDUSTRIA,-66.97
REFINERIA,-43.98
REFINERIA,-54.63
REFINERIA,-21.93
REFINERIA,-33.77
TRADER,-38.95
INDUSTRIA,-8.54
REFINERIA,-15.28
TRADER,-37.16
INDUSTRIA,-35.13
INDUSTRIA,-39.81
REFINERIA,-44.31
INDUSTRIA,-27.98
TRADER,-38.26
INDUSTRIA,-41.53
REFINERIA,-41.1
TRADER,-34.08
TRADER,-11.07
INDUSTRIA,-30.78
TRADER,-24.35
INDUSTRIA,-38.9
REFINERIA,-58.29
INDUSTRIA,-26.52
INDUSTRIA,-25.87
TRADER,-21.45
TRADER,-27.29
TRADER,-30.32
REFINERIA,-29.71
TRADER,-44.84
TRADER,-9.94
TRADER,-33.69
REFINERIA,-48.6
REFINERIA,-22.76
INDUSTRIA,-35.56
INDUSTRIA,-15.14
REFINERIA,-20.72
INDUSTRIA,-33.66
INDUSTRIA,-26.17
INDUSTRIA,-32.24
REFINERIA,-38.65
TRADER,-34.19
REFINERIA,-24.18
INDUSTRIA,-30.73
REFINERIA,-60.22
INDUSTRIA,-23.91
TRADER,-30.77
INDUSTRIA,-38.3
REFINERIA,-27.74
TRADER,-30.2
REFINERIA,-23.52
TRADER,-32.28
REFINERIA,2.23
INDUSTRIA,-36.79
INDUSTRIA,-8.84
REFINERIA,-37.97
TRADER,-33.1
TRADER,-25.74
REFINERIA,-38.84
REFINERIA,-40.5
INDUSTRIA,-26.69
TRADER,-32.76
REFINERIA,-49.7
INDUSTRIA,-33.32
REFINERIA,-52.09
INDUSTRIA,-19.27
INDUSTRIA,-52.34
INDUSTRIA,-36.12
TRADER,-34.59
INDUSTRIA,-14.44
TRADER,-38.27
INDUSTRIA,-21.55
REFINERIA,-52.25
INDUSTRIA,-15.26
INDUSTRIA,-33.78
INDUSTRIA,-22.04
TRADER,-49.95
INDUSTRIA,-9.92
INDUSTRIA,-64.17
INDUSTRIA,-30.2
REFINERIA,-45.55
REFINERIA,-32.71
TRADER,-26.03
TRADER,-40.34
TRADER,-34.36
TRADER,-56.94
INDUSTRIA,-43.96
REFINERIA,-21.5
INDUSTRIA,-40.74
REFINERIA,-31.94
REFINERIA,-26.14
TRADER,-12.85
REFINERIA,-12.68
TRADER,-22.03
REFINERIA,-42.35
REFINERIA,-40.89
REFINERIA,-27.98
TRADER,-47.06
REFINERIA,-14.43
REFINERIA,-41.33
REFINERIA,-59.59
REFINERIA,-15.09
REFINERIA,-44.56
INDUSTRIA,-30.07
INDUSTRIA,-42.88
REFINERIA,-58.99
TRADER,-56.69
REFINERIA,-53.54
REFINERIA,-31.03
TRADER,-8.32
INDUSTRIA,-29.59
REFINERIA,-39.75
TRADER,-23.88
REFINERIA,-40.97
INDUSTRIA,-11.56
REFINERIA,-42.73
REFINERIA,-22.85
TRADER,-44.72
REFINERIA,-12.2
REFINERIA,-6.77
REFINERIA,-37.11
REFINERIA,-44.94
TRADER,-36.35
TRADER,-52.88
REFINERIA,-31.08
REFINERIA,-25.35
REFINERIA,-35.16
INDUSTRIA,-36.43
INDUSTRIA,-36.07
REFINERIA,-24.27
INDUSTRIA,-29.91
REFINERIA,-25.77
INDUSTRIA,9.44
REFINERIA,-29.2
REFINERIA,-39.73
TRADER,-29.4
TRADER,-51.61
REFINERIA,-40.64
REFINERIA,-31.99
TRADER,-51.52
TRADER,1.25
REFINERIA,16.31
REFINERIA,-15.18
REFINERIA,-31.87
INDUSTRIA,-54.3
REFINERIA,-51.65
INDUSTRIA,-30.68
INDUSTRIA,-24.72
INDUSTRIA,-51.72
REFINERIA,-24.29
INDUSTRIA,-19.05
TRADER,-26.66
TRADER,-36.28
REFINERIA,-18.23
INDUSTRIA,-44.26
INDUSTRIA,-36.85
TRADER,-37.24
TRADER,-31.9
REFINERIA,-35.98
INDUSTRIA,-72.77
REFINERIA,-19.2
TRADER,-19.57
REFINERIA,-44.78
INDUSTRIA,-29.18
INDUSTRIA,-23.0
INDUSTRIA,-55.04
REFINERIA,-45.34
REFINERIA,-38.15
INDUSTRIA,-18.49
INDUSTRIA,-43.55
REFINERIA,-30.88
REFINERIA,-27.15
TRADER,0.14
TRADER,-25.14
INDUSTRIA,-32.4
INDUSTRIA,-57.2
REFINERIA,-13.21
TRADER,-38.44
INDUSTRIA,-32.0
REFINERIA,-14.73
INDUSTRIA,-44.95
REFINERIA,-2.7
TRADER,-35.0
INDUSTRIA,-29.73
TRADER,-40.57
TRADER,-35.82
REFINERIA,-25.26
REFINERIA,-7.1
INDUSTRIA,-22.41
REFINERIA,-57.14
INDUSTRIA,-43.85
REFINERIA,-24.53
TRADER,-25.31
REFINERIA,-56.17
REFINERIA,-22.02
TRADER,-38.62
INDUSTRIA,-36.96
INDUSTRIA,-49.41
REFINERIA,-22.79
TRADER,-24.33
REFINERIA,-21.06
REFINERIA,-25.49
INDUSTRIA,-24.6
TRADER,-23.19
INDUSTRIA,-24.02
REFINERIA,-45.19
INDUSTRIA,-7.08
REFINERIA,-40.76
INDUSTRIA,-22.23
REFINERIA,-37.78
REFINERIA,-15.44
REFINERIA,-39.86
INDUSTRIA,-28.9
TRADER,-5.41
REFINERIA,-21.87
REFINERIA,-35.38
TRADER,-6.29
INDUSTRIA,-40.55
TRADER,-5.54
INDUSTRIA,-14.71
REFINERIA,-43.97
TRADER,-74.52
TRADER,-20.33
TRADER,-15.06
REFINERIA,-40.64
TRADER,-29.24
TRADER,-17.42
TRADER,-36.86
TRADER,-59.86
INDUSTRIA,-26.29
TRADER,-37.7
TRADER,-25.63
TRADER,-44.38
REFINERIA,-31.19
INDUSTRIA,-33.7
REFINERIA,-44.74
REFINERIA,-13.41
INDUSTRIA,-14.96
REFINERIA,-27.15
REFINERIA,-47.85
REFINERIA,-39.72
TRADER,-21.49
REFINERIA,-36.85
INDUSTRIA,-0.85
TRADER,-38.45
REFINERIA,-17.95
INDUSTRIA,-17.67
INDUSTRIA,-31.31
TRADER,-14.65
TRADER,-27.26
TRADER,-12.2
TRADER,-18.28
REFINERIA,-42.52
TRADER,-48.02
REFINERIA,-46.13
TRADER,-26.46
TRADER,-32.45
REFINERIA,-6.24
INDUSTRIA,0.25
INDUSTRIA,-29.41
INDUSTRIA,-28.95
TRADER,-39.4
REFINERIA,-46.7
REFINERIA,-29.92
TRADER,-8.01
TRADER,-20.24
REFINERIA,-53.62
INDUSTRIA,-54.27
REFINERIA,-38.87
INDUSTRIA,-13.1
INDUSTRIA,-45.19
TRADER,-26.59
INDUSTRIA,-33.31
REFINERIA,-50.84
TRADER,-28.09
REFINERIA,-36.22
INDUSTRIA,-64.66
REFINERIA,-19.16
REFINERIA,-17.66
REFINERIA,-56.12
REFINERIA,-23.34
INDUSTRIA,-38.61
INDUSTRIA,-8.34
INDUSTRIA,-40.5
TRADER,-44.83
INDUSTRIA,-12.91
INDUSTRIA,2.62
INDUSTRIA,-38.48
TRADER,-22.78
TRADER,-35.31
TRADER,-64.97
INDUSTRIA,-44.65
REFINERIA,-46.78
REFINERIA,-42.55
TRADER,-40.15
REFINERIA,-19.48
REFINERIA,-21.35
INDUSTRIA,-20.15
INDUSTRIA,-36.82
INDUSTRIA,-26.71
INDUSTRIA,-11.13
REFINERIA,-17.88
INDUSTRIA,-10.62
TRADER,-42.1
TRADER,-26.78
INDUSTRIA,-20.77
TRADER,-45.33
REFINERIA,-12.0
REFINERIA,-15.51
REFINERIA,-47.78
REFINERIA,-36.93
REFINERIA,-12.04
TRADER,-33.62
REFINERIA,-27.79
TRADER,-38.86
INDUSTRIA,-36.19
INDUSTRIA,-35.47
INDUSTRIA,-33.62
INDUSTRIA,-44.0
TRADER,0.06
REFINERIA,-30.08
REFINERIA,-30.89
REFINERIA,-9.85
TRADER,-47.24
INDUSTRIA,-48.42
REFINERIA,-25.75
TRADER,1.82
INDUSTRIA,-17.11
REFINERIA,-49.28
TRADER,-21.46
TRADER,-36.51
REFINERIA,-22.15
TRADER,-8.84
REFINERIA,-30.06
REFINERIA,-62.94
REFINERIA,-22.52
REFINERIA,-34.54
INDUSTRIA,-24.46
REFINERIA,-26.17
REFINERIA,-30.66
INDUSTRIA,-45.3
INDUSTRIA,-29.55
INDUSTRIA,-32.33
TRADER,-18.63
TRADER,-10.47
TRADER,-36.28
INDUSTRIA,-23.63
REFINERIA,-15.72
INDUSTRIA,-41.03
TRADER,-34.15
INDUSTRIA,-28.73
INDUSTRIA,-14.59
TRADER,-15.57
TRADER,-28.67
TRADER,-30.65
TRADER,-15.75
INDUSTRIA,-42.64
TRADER,-28.53
INDUSTRIA,-47.78
REFINERIA,-17.15
TRADER,-28.11
INDUSTRIA,-36.63
INDUSTRIA,-28.39
INDUSTRIA,-12.61
TRADER,-45.67
INDUSTRIA,-10.7
INDUSTRIA,-47.01
TRADER,-34.98
INDUSTRIA,-49.46
REFINERIA,-19.83
TRADER,7.12
INDUSTRIA,-23.63
TRADER,-55.33
REFINERIA,-50.91
REFINERIA,-15.85
INDUSTRIA,-60.78
TRADER,-39.62
REFINERIA,-37.28
REFINERIA,-41.33
REFINERIA,-16.14
INDUSTRIA,-51.71
TRADER,-11.45
INDUSTRIA,-22.74
REFINERIA,-9.62
INDUSTRIA,-39.01
TRADER,-22.47
TRADER,-0.76
REFINERIA,-19.11
INDUSTRIA,-43.53
TRADER,-31.89
TRADER,-51.09
INDUSTRIA,-44.25
INDUSTRIA,-40.22
TRADER,-31.86
INDUSTRIA,-46.28
REFINERIA,-19.42
INDUSTRIA,-36.8
INDUSTRIA,-31.81
INDUSTRIA,-31.95
REFINERIA,-41.08
TRADER,-0.41
REFINERIA,0.09
REFINERIA,-36.0
INDUSTRIA,-27.04
TRADER,-52.67
TRADER,-3.11
REFINERIA,-42.1
TRADER,-43.95
TRADER,-34.09
INDUSTRIA,-30.51
INDUSTRIA,-42.7
TRADER,-0.27
REFINERIA,-29.22
INDUSTRIA,-8.43
INDUSTRIA,-46.49
INDUSTRIA,1.85
TRADER,-49.84
TRADER,-22.6
REFINERIA,-32.14
TRADER,-33.91
REFINERIA,-13.94
TRADER,-44.02
TRADER,-16.59
INDUSTRIA,-44.11
REFINERIA,-21.05
TRADER,-9.84
INDUSTRIA,-29.92
TRADER,-31.05
INDUSTRIA,-31.3
REFINERIA,-37.81
TRADER,-57.25
INDUSTRIA,-40.44
TRADER,-43.93
TRADER,-13.96
REFINERIA,-29.5
TRADER,4.97
TRADER,-5.96
REFINERIA,-49.6
REFINERIA,-31.45
INDUSTRIA,-25.89
TRADER,-19.79
INDUSTRIA,-21.2
TRADER,-38.44
INDUSTRIA,-28.05
REFINERIA,5.37
INDUSTRIA,-21.61
INDUSTRIA,-32.12
INDUSTRIA,-48.4
INDUSTRIA,-22.11
INDUSTRIA,-18.34
TRADER,-33.2
INDUSTRIA,-15.11
TRADER,-43.63
REFINERIA,-40.36
REFINERIA,-65.37
REFINERIA,-33.24
TRADER,8.77
REFINERIA,-35.18
REFINERIA,-24.22
INDUSTRIA,-35.98
INDUSTRIA,-17.83
INDUSTRIA,-47.87
REFINERIA,-50.74
INDUSTRIA,-18.7
REFINERIA,-46.51
REFINERIA,-31.92
INDUSTRIA,-18.52
REFINERIA,-45.74
INDUSTRIA,-37.18
TRADER,-30.06
REFINERIA,-23.75
TRADER,-45.22
TRADER,-52.91
REFINERIA,2.14
TRADER,-41.65
REFINERIA,-9.27
REFINERIA,-35.92
INDUSTRIA,-7.81
REFINERIA,-12.65
REFINERIA,-11.13
REFINERIA,-25.57
REFINERIA,-20.08
INDUSTRIA,-13.52
REFINERIA,-49.35
TRADER,-60.05
TRADER,-46.96
INDUSTRIA,-24.04
TRADER,-30.37
INDUSTRIA,-34.88
INDUSTRIA,-11.12
INDUSTRIA,-16.57
TRADER,-42.87
INDUSTRIA,-25.74
TRADER,-21.55
TRADER,-28.4
REFINERIA,-30.91
REFINERIA,-0.8
TRADER,-31.69
REFINERIA,-28.11
TRADER,-2.25
REFINERIA,-25.04
INDUSTRIA,-20.81
REFINERIA,-36.87
INDUSTRIA,-71.03
REFINERIA,-28.53
TRADER,-58.76
REFINERIA,4.17
INDUSTRIA,-38.61
TRADER,-41.29
INDUSTRIA,23.52
TRADER,-22.17
INDUSTRIA,-33.21
REFINERIA,-31.49
INDUSTRIA,-24.3
TRADER,-53.48
REFINERIA,-47.06
INDUSTRIA,-31.5
INDUSTRIA,-50.3
REFINERIA,-29.48
REFINERIA,-27.9
TRADER,-32.55
INDUSTRIA,5.44
REFINERIA,-36.72
TRADER,-38.57
REFINERIA,-41.47
REFINERIA,-12.31
INDUSTRIA,-48.02
TRADER,-30.25
TRADER,-52.01
TRADER,-31.32
INDUSTRIA,-38.13
REFINERIA,-13.07
INDUSTRIA,-26.42
INDUSTRIA,-59.19
REFINERIA,-7.74
INDUSTRIA,-25.22
INDUSTRIA,-52.35
TRADER,-41.81
INDUSTRIA,-36.01
TRADER,-19.7
TRADER,-18.32
INDUSTRIA,-23.22
REFINERIA,-22.98
INDUSTRIA,-33.8
REFINERIA,-46.4
TRADER,-23.46
INDUSTRIA,-27.83
REFINERIA,-28.78
TRADER,-38.96
TRADER,-40.79
REFINERIA,-54.57
TRADER,-29.36
TRADER,-28.18
REFINERIA,-25.51
REFINERIA,-29.91
REFINERIA,-39.29
TRADER,-25.11
REFINERIA,-33.53
INDUSTRIA,-18.31
TRADER,-48.12
TRADER,-53.25
TRADER,-38.45
INDUSTRIA,-20.32
REFINERIA,-47.72
INDUSTRIA,-25.72
TRADER,-30.29
REFINERIA,-28.46
INDUSTRIA,-55.65
TRADER,-49.34
REFINERIA,-30.19
INDUSTRIA,-53.08
TRADER,-32.53
INDUSTRIA,-18.16
INDUSTRIA,-5.08
TRADER,-2.74
TRADER,-26.28
REFINERIA,-30.19
TRADER,-57.35
REFINERIA,-37.98
INDUSTRIA,-26.38
REFINERIA,-35.02
REFINERIA,-25.35
TRADER,-38.66
INDUSTRIA,19.04
TRADER,-43.48
INDUSTRIA,-38.24
REFINERIA,-44.17
INDUSTRIA,-18.02
TRADER,-20.08
TRADER,-45.38
TRADER,-48.28
REFINERIA,-12.56
TRADER,-55.79
REFINERIA,-20.76
REFINERIA,-49.08
TRADER,-43.03
TRADER,-25.01
REFINERIA,-20.18
REFINERIA,-38.01
REFINERIA,-37.09
TRADER,-26.41
INDUSTRIA,-45.03
REFINERIA,-42.33
REFINERIA,-15.44
REFINERIA,-16.77
REFINERIA,13.72
INDUSTRIA,-36.41
INDUSTRIA,-7.84
INDUSTRIA,-52.04
REFINERIA,-19.83
REFINERIA,-10.08
INDUSTRIA,-14.29
INDUSTRIA,-41.76
INDUSTRIA,-19.7
TRADER,-32.74
TRADER,-33.2
TRADER,-31.08
TRADER,-26.29
REFINERIA,-26.92
REFINERIA,-33.67
REFINERIA,-2.39
TRADER,-53.13
INDUSTRIA,-42.25
REFINERIA,-18.87
REFINERIA,-5.59
INDUSTRIA,-30.04
TRADER,-51.1
REFINERIA,-38.24
REFINERIA,-29.53
REFINERIA,-15.62
REFINERIA,-19.42
TRADER,2.01
TRADER,-35.34
INDUSTRIA,-22.51
INDUSTRIA,-16.0
TRADER,-16.88
INDUSTRIA,-4.84
REFINERIA,-37.31
REFINERIA,-25.02
TRADER,-17.54
INDUSTRIA,-30.98
TRADER,-8.35
REFINERIA,-40.44
TRADER,-16.3
REFINERIA,-24.64
INDUSTRIA,-31.46
TRADER,-37.99
TRADER,-36.18
INDUSTRIA,-22.03
INDUSTRIA,-21.17
REFINERIA,-16.64
TRADER,-44.59
REFINERIA,-44.09
TRADER,-63.02
TRADER,-36.82
INDUSTRIA,-44.31
TRADER,-36.26
TRADER,-47.41
INDUSTRIA,-58.96
REFINERIA,-37.25
REFINERIA,-16.72
REFINERIA,-3.95
REFINERIA,-59.16
REFINERIA,-32.05
TRADER,-40.91
REFINERIA,-45.98
REFINERIA,-21.63
INDUSTRIA,-6.29
TRADER,-37.42
TRADER,-21.38
INDUSTRIA,-34.51
TRADER,-32.58
REFINERIA,-73.12
TRADER,-52.13
TRADER,-30.69
TRADER,-10.85
REFINERIA,-41.9
REFINERIA,-25.4
REFINERIA,3.11
INDUSTRIA,-40.95
INDUSTRIA,-8.7
INDUSTRIA,-23.46
REFINERIA,-17.04
REFINERIA,-16.29
REFINERIA,-13.91
INDUSTRIA,-22.02
INDUSTRIA,-45.2
REFINERIA,-6.85
TRADER,-30.49
TRADER,-46.59
TRADER,-18.24
TRADER,-40.25
REFINERIA,-36.57
INDUSTRIA,-17.47
INDUSTRIA,-17.06
INDUSTRIA,-34.4
REFINERIA,-38.35
TRADER,-38.7
INDUSTRIA,-27.8
REFINERIA,-50.01
REFINERIA,-7.55
INDUSTRIA,-43.62
INDUSTRIA,-50.89
TRADER,-20.5
TRADER,-26.09
REFINERIA,-33.59
TRADER,-5.89
INDUSTRIA,-32.09
REFINERIA,-20.77
REFINERIA,-7.04
REFINERIA,-18.88
INDUSTRIA,-23.98
INDUSTRIA,7.93
TRADER,-25.87
INDUSTRIA,-28.7
INDUSTRIA,-41.07
TRADER,-36.62
TRADER,-34.56
TRADER,-24.66
REFINERIA,-22.53
INDUSTRIA,-40.36
INDUSTRIA,-8.95
INDUSTRIA,-15.73
TRADER,-52.01
TRADER,-9.46
REFINERIA,-25.91
REFINERIA,-41.67
TRADER,9.86
TRADER,1.68
INDUSTRIA,-20.12
REFINERIA,-41.89
TRADER,-29.03
TRADER,-30.01
REFINERIA,-27.7
REFINERIA,-44.52
TRADER,-23.19
INDUSTRIA,-25.2
REFINERIA,-44.84
INDUSTRIA,-13.0
TRADER,-43.51
REFINERIA,-22.71
TRADER,-5.53
REFINERIA,-40.37
TRADER,-25.61
TRADER,-30.59
TRADER,-35.36
INDUSTRIA,-43.35
REFINERIA,-49.14
REFINERIA,-23.04
TRADER,-49.52
REFINERIA,-15.88
INDUSTRIA,-33.57
TRADER,-40.55
INDUSTRIA,-14.22
TRADER,-27.82
INDUSTRIA,-48.97
TRADER,-34.25
TRADER,-31.01
INDUSTRIA,-33.54
REFINERIA,-38.13
REFINERIA,-43.84
TRADER,-38.31
REFINERIA,-13.2
TRADER,-38.68
REFINERIA,-31.13
INDUSTRIA,-35.56
TRADER,-19.12
TRADER,-31.56
REFINERIA,-30.19
TRADER,-3.54
REFINERIA,-49.52
REFINERIA,-40.06
REFINERIA,-33.48
REFINERIA,-30.3
REFINERIA,-21.85
TRADER,-8.47
REFINERIA,-13.37
TRADER,-26.97
TRADER,-47.85
INDUSTRIA,-33.91
INDUSTRIA,-24.99
REFINERIA,-30.34
REFINERIA,-25.18
TRADER,-19.8
INDUSTRIA,-32.15
REFINERIA,-45.97
REFINERIA,-46.64
REFINERIA,-74.89
TRADER,-11.72
TRADER,-27.86
REFINERIA,-25.43
REFINERIA,-27.58
REFINERIA,-40.66
REFINERIA,-11.72
INDUSTRIA,-9.99
INDUSTRIA,-30.95
REFINERIA,4.94
REFINERIA,-46.81
TRADER,-43.38
TRADER,-31.1
REFINERIA,-15.99
INDUSTRIA,-53.99
REFINERIA,-31.51
INDUSTRIA,-22.66
REFINERIA,-37.44
TRADER,-49.65
INDUSTRIA,-21.4
INDUSTRIA,-34.4
INDUSTRIA,-40.59
TRADER,-50.54
REFINERIA,-31.49
TRADER,-36.42
REFINERIA,-40.33
TRADER,-23.56
REFINERIA,-37.01
INDUSTRIA,-9.04
REFINERIA,-36.62
REFINERIA,-28.75
INDUSTRIA,-32.74
INDUSTRIA,-14.84
TRADER,-34.42
INDUSTRIA,-36.4
REFINERIA,-38.66
REFINERIA,-36.35
INDUSTRIA,-45.21
REFINERIA,-40.73
TRADER,-33.03
TRADER,-29.22
TRADER,-31.3
REFINERIA,-61.49
REFINERIA,-25.48
TRADER,-16.26
INDUSTRIA,-19.84
INDUSTRIA,-17.11
TRADER,-11.92
INDUSTRIA,-41.82
TRADER,-33.63
TRADER,-52.84
INDUSTRIA,-31.97
TRADER,-33.4
TRADER,-51.77
TRADER,-25.12
TRADER,-41.79
TRADER,-25.75
INDUSTRIA,-3.17
REFINERIA,-11.17
REFINERIA,-36.07
TRADER,-23.67
TRADER,-19.44
TRADER,11.68
INDUSTRIA,-26.67
TRADER,-38.91
INDUSTRIA,-21.05
TRADER,-40.01
TRADER,-44.47
INDUSTRIA,-8.68
INDUSTRIA,-28.1
TRADER,-48.25
INDUSTRIA,-28.23
TRADER,-31.93
INDUSTRIA,-25.7
REFINERIA,-45.93
REFINERIA,-12.63
REFINERIA,-27.26
TRADER,-17.62
INDUSTRIA,-32.94
TRADER,-15.4
REFINERIA,-46.28
INDUSTRIA,-32.99
TRADER,-43.98
TRADER,-21.84
INDUSTRIA,-50.4
TRADER,-52.14
TRADER,-39.65
TRADER,-36.79
TRADER,-23.18
INDUSTRIA,-30.63
REFINERIA,-17.55
INDUSTRIA,-57.21
REFINERIA,-7.54
REFINERIA,-21.65
INDUSTRIA,-60.07
TRADER,-29.85
REFINERIA,-20.36
INDUSTRIA,0.83
REFINERIA,-46.93
INDUSTRIA,-16.8
INDUSTRIA,-74.48
TRADER,-25.72
INDUSTRIA,-38.29
TRADER,-47.76
TRADER,-20.45
INDUSTRIA,-32.39
TRADER,-52.72
TRADER,-15.55
INDUSTRIA,-28.83
REFINERIA,-24.92
TRADER,-38.17
INDUSTRIA,-27.39
TRADER,-35.7
INDUSTRIA,-35.82
INDUSTRIA,-19.72
INDUSTRIA,-44.63
REFINERIA,-28.16
INDUSTRIA,-25.78
REFINERIA,-41.45
REFINERIA,-47.09
REFINERIA,-35.85
INDUSTRIA,-1.67
REFINERIA,-48.99
TRADER,-64.5
INDUSTRIA,-14.36
TRADER,-11.91
TRADER,-22.2
INDUSTRIA,-54.78
INDUSTRIA,-4.33
REFINERIA,-41.56
REFINERIA,-24.93
INDUSTRIA,-31.49
REFINERIA,-16.83
INDUSTRIA,-44.61
REFINERIA,-12.65
INDUSTRIA,-22.38
TRADER,-10.34
REFINERIA,-40.2
TRADER,-34.78
INDUSTRIA,-3.68
INDUSTRIA,-20.84
REFINERIA,-33.53
INDUSTRIA,-54.37
TRADER,-37.58
REFINERIA,-68.71
INDUSTRIA,-47.53
REFINERIA,-36.22
INDUSTRIA,-28.84
INDUSTRIA,-23.56
REFINERIA,-10.42
TRADER,-43.22
INDUSTRIA,-53.18
REFINERIA,-43.39
REFINERIA,-21.39
INDUSTRIA,-40.71
INDUSTRIA,-30.75
REFINERIA,-19.35
REFINERIA,-47.96
TRADER,-40.87
REFINERIA,-23.69
TRADER,-23.33
TRADER,-11.85
INDUSTRIA,1.69
REFINERIA,-16.78
INDUSTRIA,-29.4
INDUSTRIA,-23.53
TRADER,-14.96
TRADER,-9.57
INDUSTRIA,-18.26
REFINERIA,-23.02
TRADER,-29.5
REFINERIA,-15.52
REFINERIA,-55.74
TRADER,-49.69
REFINERIA,-36.04
INDUSTRIA,-39.68
TRADER,-48.6
TRADER,-43.2
INDUSTRIA,-24.18
INDUSTRIA,-30.39
INDUSTRIA,-31.82
REFINERIA,-24.29
INDUSTRIA,-26.26
INDUSTRIA,-15.91
TRADER,-47.96
REFINERIA,-45.67
INDUSTRIA,-16.56
REFINERIA,-10.59
INDUSTRIA,-19.15
TRADER,-52.02
INDUSTRIA,-32.02
TRADER,-40.7
INDUSTRIA,7.8
REFINERIA,-59.3
TRADER,-52.09
INDUSTRIA,-16.9
INDUSTRIA,-43.62
INDUSTRIA,-38.17
TRADER,-19.18
INDUSTRIA,-12.57
INDUSTRIA,-27.34
INDUSTRIA,-45.06
INDUSTRIA,-34.28
TRADER,-16.47
INDUSTRIA,-19.86
REFINERIA,-33.12
TRADER,-9.74
INDUSTRIA,-25.66
TRADER,-24.83
REFINERIA,-24.61
TRADER,-3.99
INDUSTRIA,-43.26
TRADER,-49.39
REFINERIA,-27.54
REFINERIA,-21.06
REFINERIA,-27.2
INDUSTRIA,-16.95
INDUSTRIA,-29.98
TRADER,-43.27
TRADER,-33.72
INDUSTRIA,-19.24
TRADER,-38.52
TRADER,-18.8
TRADER,-39.59
REFINERIA,-37.9
TRADER,-35.79
INDUSTRIA,-39.64
INDUSTRIA,-40.36
INDUSTRIA,-45.35
REFINERIA,-17.83
TRADER,-34.79
TRADER,-12.84
TRADER,18.66
INDUSTRIA,-43.97
TRADER,-24.19
REFINERIA,-27.76
REFINERIA,-31.12
INDUSTRIA,-18.14
REFINERIA,-48.84
TRADER,-27.12
TRADER,-15.92
TRADER,-26.38
REFINERIA,-44.14
INDUSTRIA,-15.0
REFINERIA,-42.28
INDUSTRIA,-27.4
INDUSTRIA,-28.07
REFINERIA,-15.69
REFINERIA,-38.0
REFINERIA,-19.63
INDUSTRIA,-48.85
INDUSTRIA,-15.26
INDUSTRIA,-53.12
TRADER,-4.07
TRADER,-12.69
INDUSTRIA,-13.17
REFINERIA,-2.56
REFINERIA,-37.71
INDUSTRIA,-38.55
REFINERIA,-52.06
TRADER,-44.87
INDUSTRIA,-22.03
REFINERIA,-41.31
INDUSTRIA,-34.33
INDUSTRIA,-52.02
TRADER,-21.05
INDUSTRIA,1.29
REFINERIA,-26.29
REFINERIA,-22.27
INDUSTRIA,-42.82
REFINERIA,-38.7
TRADER,-34.96
INDUSTRIA,-9.1
INDUSTRIA,-36.98
REFINERIA,-31.76
REFINERIA,-26.8
TRADER,4.19
INDUSTRIA,-25.86
INDUSTRIA,-23.08
REFINERIA,0.32
REFINERIA,-45.62
INDUSTRIA,-17.08
INDUSTRIA,-26.94
REFINERIA,-17.79
INDUSTRIA,-67.72
INDUSTRIA,-23.77
REFINERIA,-17.17
TRADER,-9.89
REFINERIA,-48.24
REFINERIA,-15.27
TRADER,-31.65
TRADER,-32.87
INDUSTRIA,-51.1
REFINERIA,-38.48
TRADER,-17.14
TRADER,-5.69
TRADER,-49.72
REFINERIA,-30.65
REFINERIA,-49.86
INDUSTRIA,-18.14
TRADER,-4.56
TRADER,-67.52
TRADER,-22.44
REFINERIA,-11.54
REFINERIA,-3.17
INDUSTRIA,-13.14
REFINERIA,-48.88
INDUSTRIA,-41.48
TRADER,-24.92
REFINERIA,-14.36
TRADER,13.86
TRADER,-24.38
TRADER,-25.97
TRADER,-8.46
INDUSTRIA,-21.47
TRADER,-35.65
INDUSTRIA,-49.78
INDUSTRIA,-16.65
REFINERIA,-36.52
REFINERIA,-18.21
REFINERIA,-17.49
INDUSTRIA,-19.52
TRADER,-10.17
INDUSTRIA,-55.12
REFINERIA,2.07
INDUSTRIA,-30.98
REFINERIA,-54.48
TRADER,-14.89
REFINERIA,-18.83
TRADER,-24.4
REFINERIA,-11.54
INDUSTRIA,-26.41
INDUSTRIA,-11.33
TRADER,-48.64
TRADER,-57.05
REFINERIA,-22.68
REFINERIA,-13.64
TRADER,-5.77
INDUSTRIA,-30.22
INDUSTRIA,-55.68
TRADER,-17.28
INDUSTRIA,-16.04
TRADER,-42.93
REFINERIA,-28.9
TRADER,-51.69
REFINERIA,-11.48
REFINERIA,-38.25
REFINERIA,-34.15
INDUSTRIA,-27.32
INDUSTRIA,-35.72
REFINERIA,-33.6
REFINERIA,-49.74
REFINERIA,-33.96
TRADER,-28.62
INDUSTRIA,-49.41
INDUSTRIA,-40.17
INDUSTRIA,0.68
REFINERIA,-14.33
TRADER,-54.0
REFINERIA,-42.7
REFINERIA,-20.51
REFINERIA,-61.94
INDUSTRIA,-42.07
REFINERIA,-36.58
REFINERIA,-48.54
INDUSTRIA,-46.66
REFINERIA,-35.44
TRADER,-21.05
REFINERIA,-7.52
INDUSTRIA,-14.33
REFINERIA,-40.6
REFINERIA,-27.73
INDUSTRIA,0.76
REFINERIA,-7.87
TRADER,-46.36
REFINERIA,-25.18
REFINERIA,-39.63
REFINERIA,-9.05
REFINERIA,-21.96
REFINERIA,-27.82
REFINERIA,-31.17
INDUSTRIA,-37.86
REFINERIA,-47.54
REFINERIA,-22.35
INDUSTRIA,-18.19
REFINERIA,-59.05
REFINERIA,-28.54
TRADER,-18.02
INDUSTRIA,-42.9
INDUSTRIA,-21.14
TRADER,-22.69
REFINERIA,-44.52
TRADER,-32.96
TRADER,9.2
REFINERIA,-38.63
TRADER,-31.37
INDUSTRIA,-37.91
TRADER,-11.91
REFINERIA,-28.03
INDUSTRIA,-12.84
REFINERIA,-51.5
INDUSTRIA,-18.34
TRADER,-44.95
TRADER,-11.95
TRADER,-10.57
REFINERIA,-30.43
REFINERIA,-25.41
INDUSTRIA,-43.83
REFINERIA,-41.27
INDUSTRIA,-17.58
INDUSTRIA,-43.78
INDUSTRIA,-41.03
INDUSTRIA,-23.68
REFINERIA,-25.61
REFINERIA,-18.73
TRADER,-48.72
REFINERIA,-40.89
TRADER,-45.13
TRADER,-1.15
REFINERIA,-29.07
INDUSTRIA,-12.39
TRADER,-51.32
REFINERIA,-50.93
INDUSTRIA,-12.9
TRADER,-12.72
TRADER,-35.42
TRADER,-32.54
INDUSTRIA,-0.32
REFINERIA,-31.18
REFINERIA,-62.37
TRADER,-35.86
TRADER,-53.79
INDUSTRIA,-43.71
INDUSTRIA,-17.48
TRADER,-33.49
INDUSTRIA,-11.03
INDUSTRIA,-31.37
INDUSTRIA,-32.45
TRADER,-35.59
INDUSTRIA,-29.6
TRADER,-17.67
REFINERIA,-7.41
INDUSTRIA,-40.17
REFINERIA,-24.82
REFINERIA,-13.48
REFINERIA,-23.73
REFINERIA,-36.15
INDUSTRIA,-45.09
TRADER,-2.99
REFINERIA,-28.48
REFINERIA,-26.3
TRADER,-36.19
INDUSTRIA,-51.63
TRADER,-31.6
TRADER,-4.75
REFINERIA,-25.22
TRADER,-36.47
TRADER,-11.86
INDUSTRIA,-44.14
INDUSTRIA,-37.88
INDUSTRIA,-35.88
REFINERIA,-22.12
TRADER,-48.31
REFINERIA,-35.64
INDUSTRIA,-32.82
INDUSTRIA,-41.22
INDUSTRIA,-5.84
TRADER,-24.62
REFINERIA,-23.36
TRADER,-52.3
TRADER,-54.07
REFINERIA,-27.12
TRADER,-40.57
REFINERIA,-38.66
INDUSTRIA,-24.12
REFINERIA,-25.55
TRADER,-16.13
TRADER,-6.7
TRADER,-39.15
TRADER,-61.2
TRADER,-46.31
TRADER,-31.42
TRADER,-43.07
INDUSTRIA,-1.3
REFINERIA,-48.84
TRADER,-35.29
INDUSTRIA,-48.17
TRADER,-26.54
INDUSTRIA,-43.65
REFINERIA,-18.39
INDUSTRIA,-33.32
TRADER,-27.91
REFINERIA,-10.05
INDUSTRIA,-20.66
INDUSTRIA,-21.04
INDUSTRIA,-21.28
INDUSTRIA,-25.63
INDUSTRIA,-13.68
TRADER,-35.98
REFINERIA,-57.85
TRADER,-33.21
REFINERIA,-32.56
TRADER,-28.75
INDUSTRIA,-22.32
INDUSTRIA,-10.66
REFINERIA,-20.31
INDUSTRIA,-18.52
REFINERIA,-16.44
TRADER,-12.91
TRADER,-20.62
INDUSTRIA,-0.73
TRADER,-43.2
TRADER,-33.17
TRADER,-33.25
INDUSTRIA,-7.18
REFINERIA,-20.17
INDUSTRIA,-18.62
REFINERIA,-33.74
REFINERIA,-23.68
TRADER,-43.74
INDUSTRIA,-27.07
INDUSTRIA,-20.62
TRADER,-28.36
TRADER,-11.62
TRADER,-25.72
REFINERIA,-36.33
REFINERIA,-29.22
TRADER,-23.88
TRADER,-5.05
REFINERIA,-25.44
TRADER,-35.81
TRADER,-41.76
INDUSTRIA,-26.59
TRADER,-24.35
TRADER,-7.85
REFINERIA,-27.25
REFINERIA,-41.28
TRADER,-42.88
REFINERIA,-47.52
INDUSTRIA,-21.95
REFINERIA,-56.93
REFINERIA,-60.81
TRADER,-46.86
INDUSTRIA,-64.52
INDUSTRIA,-33.1
TRADER,-10.99
TRADER,-31.23
INDUSTRIA,-32.07
REFINERIA,-23.01
TRADER,-61.6
TRADER,-46.77
INDUSTRIA,-35.48
REFINERIA,-17.77
REFINERIA,-53.06
INDUSTRIA,-13.2
INDUSTRIA,-50.48
REFINERIA,-30.04
REFINERIA,-28.17
TRADER,-19.82
INDUSTRIA,-47.83
TRADER,-17.63
INDUSTRIA,-42.17
REFINERIA,-65.23
REFINERIA,-36.43
REFINERIA,-27.08
REFINERIA,-17.86
INDUSTRIA,-23.93
TRADER,-26.87
INDUSTRIA,-45.25
REFINERIA,-14.97
REFINERIA,-36.58
INDUSTRIA,-20.43
TRADER,-29.48
REFINERIA,-53.6
REFINERIA,-35.66
INDUSTRIA,-34.53
INDUSTRIA,-18.77
TRADER,-6.38
TRADER,-18.93
TRADER,-0.11
TRADER,-31.76
TRADER,-4.47
INDUSTRIA,-16.84
TRADER,-3.94
REFINERIA,-46.98
REFINERIA,-47.64
INDUSTRIA,-26.91
TRADER,-47.09
REFINERIA,-52.52
TRADER,-28.81
INDUSTRIA,-40.93
TRADER,-19.08
TRADER,-46.76
INDUSTRIA,-38.6
REFINERIA,-27.16
INDUSTRIA,-54.7
INDUSTRIA,-37.87
REFINERIA,-11.66
TRADER,-41.73
TRADER,-46.21
INDUSTRIA,-52.45
REFINERIA,-51.41
TRADER,-39.38
TRADER,-45.3
TRADER,-44.88
REFINERIA,-34.55
TRADER,-19.1
REFINERIA,-24.03
TRADER,-39.56
REFINERIA,-19.02
REFINERIA,-33.95
TRADER,-1.28
INDUSTRIA,-23.43
INDUSTRIA,-23.82
REFINERIA,-37.86
INDUSTRIA,-45.17
INDUSTRIA,-33.05
TRADER,-37.5
REFINERIA,-19.89
REFINERIA,-57.07
REFINERIA,-54.96
TRADER,-24.65
REFINERIA,-20.16
REFINERIA,-15.97
REFINERIA,-16.03
INDUSTRIA,-32.1
INDUSTRIA,-49.76
REFINERIA,-30.55
TRADER,-23.21
REFINERIA,-45.36
INDUSTRIA,-41.75
INDUSTRIA,-13.56
INDUSTRIA,-34.1
TRADER,-27.55
REFINERIA,-38.72
TRADER,-36.31
INDUSTRIA,-32.92
TRADER,-33.1
TRADER,-35.24
INDUSTRIA,-40.31
INDUSTRIA,-6.07
REFINERIA,-36.76
INDUSTRIA,-24.3
TRADER,-26.91
TRADER,-8.65
REFINERIA,-30.05
TRADER,-49.58
INDUSTRIA,-36.03
TRADER,-37.61
REFINERIA,-6.55
REFINERIA,-40.7
REFINERIA,-36.65
REFINERIA,-1.6
REFINERIA,-20.0
REFINERIA,-29.44
TRADER,-40.56
INDUSTRIA,-52.05
TRADER,-25.71
TRADER,-56.35
INDUSTRIA,-65.55
REFINERIA,-28.88
INDUSTRIA,-12.45
INDUSTRIA,-24.38
TRADER,11.54
REFINERIA,-39.57
REFINERIA,-45.48
REFINERIA,-4.15
INDUSTRIA,-60.48
REFINERIA,-38.02
REFINERIA,-45.4
REFINERIA,-9.78
REFINERIA,-56.2
REFINERIA,-36.64
INDUSTRIA,-27.13
TRADER,-11.86
TRADER,-39.45
TRADER,-53.74
REFINERIA,-43.06
TRADER,-32.18
REFINERIA,-37.49
INDUSTRIA,-12.07
TRADER,-35.62
TRADER,-28.72
INDUSTRIA,-30.49
INDUSTRIA,-3.29
TRADER,-33.05
INDUSTRIA,-46.75
TRADER,-32.92
REFINERIA,9.69
TRADER,-37.04
TRADER,-36.71
REFINERIA,-38.56
TRADER,-29.65
TRADER,-11.62
TRADER,-29.46
TRADER,-2.42
INDUSTRIA,-11.85
REFINERIA,-26.83
TRADER,-37.17
TRADER,-51.38
TRADER,-37.4
REFINERIA,-31.31
INDUSTRIA,-32.99
INDUSTRIA,2.65
TRADER,-32.55
TRADER,-34.36
TRADER,-22.05
INDUSTRIA,-46.96
REFINERIA,-17.25
REFINERIA,-50.59
INDUSTRIA,-18.25
REFINERIA,-35.29
TRADER,-20.11
TRADER,-34.31
INDUSTRIA,-29.25
REFINERIA,-12.47
INDUSTRIA,-6.13
TRADER,-37.42
REFINERIA,-8.48
TRADER,-39.88
TRADER,-47.7
TRADER,-32.26
REFINERIA,-9.51
INDUSTRIA,-25.77
INDUSTRIA,-50.2
TRADER,-37.11
TRADER,-2.7
REFINERIA,-47.38
INDUSTRIA,-31.39
TRADER,-9.97
REFINERIA,-35.23
REFINERIA,-15.39
REFINERIA,-37.38
INDUSTRIA,-42.82
INDUSTRIA,-21.15
TRADER,-5.0
INDUSTRIA,-46.86
TRADER,-52.46
REFINERIA,-11.96
REFINERIA,-34.46
INDUSTRIA,-20.91
REFINERIA,-3.82
TRADER,-14.51
TRADER,-23.63
TRADER,-19.55
INDUSTRIA,-53.62
INDUSTRIA,-46.4
REFINERIA,-37.29
INDUSTRIA,-20.44
REFINERIA,-54.01
TRADER,-7.57
TRADER,-48.18
REFINERIA,-41.43
REFINERIA,-12.7
INDUSTRIA,-19.21
INDUSTRIA,-36.97
TRADER,-28.13
TRADER,-11.08
TRADER,-3.06
TRADER,-15.85
REFINERIA,-29.41
REFINERIA,-15.81
TRADER,-27.46
INDUSTRIA,-45.5
REFINERIA,-37.18
INDUSTRIA,-25.11
REFINERIA,-36.33
TRADER,5.24
INDUSTRIA,-28.76
INDUSTRIA,-29.44
REFINERIA,-35.95
TRADER,-32.41
TRADER,-23.29
TRADER,-33.75
TRADER,-17.0
TRADER,-11.69
INDUSTRIA,-26.47
INDUSTRIA,-11.97
INDUSTRIA,-43.84
INDUSTRIA,-27.94
INDUSTRIA,-27.81
REFINERIA,-30.45
TRADER,-25.1
INDUSTRIA,-0.41
REFINERIA,-43.25
INDUSTRIA,-57.78
TRADER,0.25
REFINERIA,-41.31
REFINERIA,-21.23
INDUSTRIA,-31.07
TRADER,-48.15
INDUSTRIA,-9.71
REFINERIA,-33.77
TRADER,-43.81
INDUSTRIA,-18.86
TRADER,-4.46
REFINERIA,-36.24
REFINERIA,-20.16
TRADER,-1.36
TRADER,7.63
TRADER,-14.72
TRADER,-31.71
REFINERIA,-60.21
REFINERIA,-51.36
REFINERIA,-43.35
TRADER,-19.89
TRADER,-16.35
INDUSTRIA,-15.66
REFINERIA,-13.11
TRADER,-26.16
INDUSTRIA,-40.4
INDUSTRIA,-22.39
INDUSTRIA,14.03
INDUSTRIA,-20.48
REFINERIA,-30.0
REFINERIA,-32.42
REFINERIA,-20.54
REFINERIA,-58.34
TRADER,-32.86
REFINERIA,-16.68
REFINERIA,-30.95
TRADER,3.13
INDUSTRIA,-26.8
INDUSTRIA,-56.35
TRADER,-25.71
TRADER,-38.59
INDUSTRIA,-42.67
REFINERIA,-18.36
INDUSTRIA,-30.68
REFINERIA,-25.67
TRADER,-38.84
REFINERIA,-18.89
REFINERIA,-32.76
INDUSTRIA,-49.21
REFINERIA,-4.36
REFINERIA,-6.27
INDUSTRIA,-46.58
INDUSTRIA,-38.76
INDUSTRIA,-37.25
TRADER,-1.02
REFINERIA,-23.12
TRADER,-37.57
REFINERIA,-13.69
REFINERIA,-29.09
TRADER,-27.49
REFINERIA,-26.15
REFINERIA,-9.11
INDUSTRIA,-28.6
TRADER,-32.96
REFINERIA,-17.39
INDUSTRIA,-43.22
INDUSTRIA,-19.29
REFINERIA,-33.27
REFINERIA,-24.57
REFINERIA,-26.13
TRADER,-43.6
REFINERIA,-21.21
REFINERIA,0.62
TRADER,-14.89
INDUSTRIA,-12.56
REFINERIA,-17.45
REFINERIA,-25.24
TRADER,-17.86
TRADER,-24.01
INDUSTRIA,-28.96
REFINERIA,-47.82
INDUSTRIA,-39.75
TRADER,-37.12
TRADER,-40.54
TRADER,-60.9
INDUSTRIA,-47.59
REFINERIA,-40.01
TRADER,-28.34
INDUSTRIA,-35.53
INDUSTRIA,-17.78
REFINERIA,-36.71
INDUSTRIA,-13.07
TRADER,-22.88
REFINERIA,-2.66
TRADER,-33.37
REFINERIA,-31.85
INDUSTRIA,-23.58
TRADER,-48.62
INDUSTRIA,-28.24
TRADER,-56.14
REFINERIA,-10.15
TRADER,-13.56
REFINERIA,-32.39
TRADER,-4.47
REFINERIA,-19.78
TRADER,-55.55
REFINERIA,-43.7
TRADER,-57.23
REFINERIA,-49.57
INDUSTRIA,-38.69
REFINERIA,-22.09
REFINERIA,-15.78
REFINERIA,-13.37
REFINERIA,-11.33
TRADER,-51.47
TRADER,-10.42
INDUSTRIA,-45.32
REFINERIA,-27.35
TRADER,-13.91
INDUSTRIA,-18.32
REFINERIA,-27.89
TRADER,-51.81
TRADER,-5.44
TRADER,-24.01
TRADER,-31.34
TRADER,-27.69
REFINERIA,-10.06
REFINERIA,-32.36
TRADER,-14.36
TRADER,-9.53
REFINERIA,-25.94
INDUSTRIA,-3.17
TRADER,-38.37
REFINERIA,-41.16
REFINERIA,-2.82
TRADER,-21.02
TRADER,-25.33
TRADER,-27.08
INDUSTRIA,-30.44
REFINERIA,-25.35
REFINERIA,-36.49
TRADER,-38.99
TRADER,-31.2
REFINERIA,-25.84
REFINERIA,-26.19
INDUSTRIA,-14.0
TRADER,-51.09
INDUSTRIA,-15.63
INDUSTRIA,-21.69
INDUSTRIA,-32.45
REFINERIA,-27.92
REFINERIA,-27.14
INDUSTRIA,-37.59
REFINERIA,-18.98
REFINERIA,-41.81
INDUSTRIA,-19.41
INDUSTRIA,-57.38
INDUSTRIA,-2.28
TRADER,-18.5
REFINERIA,-34.12
TRADER,-31.04
REFINERIA,-23.36
TRADER,-18.48
REFINERIA,-37.13
TRADER,-16.35
REFINERIA,-40.46
TRADER,-37.08
REFINERIA,-28.9
INDUSTRIA,-34.62
TRADER,-16.64
TRADER,-23.86
TRADER,-25.6
REFINERIA,-46.81
REFINERIA,-26.05
TRADER,-53.16
REFINERIA,-28.39
TRADER,-72.87
REFINERIA,-36.91
REFINERIA,-35.7
TRADER,-41.06
REFINERIA,-32.4
TRADER,-58.91
INDUSTRIA,-33.87
TRADER,-19.9
REFINERIA,-35.74
TRADER,-51.4
REFINERIA,1.11
REFINERIA,-26.96
INDUSTRIA,-22.54
REFINERIA,-4.27
TRADER,-37.62
TRADER,-19.1
INDUSTRIA,-33.04
TRADER,-13.72
REFINERIA,-22.96
INDUSTRIA,-28.9
TRADER,-21.94
REFINERIA,-51.02
REFINERIA,-21.21
REFINERIA,-15.95
REFINERIA,-40.94
REFINERIA,-39.3
INDUSTRIA,-18.41
TRADER,-39.15
REFINERIA,-49.53
INDUSTRIA,-23.59
TRADER,-2.7
INDUSTRIA,-18.9
REFINERIA,-17.35
REFINERIA,-29.34
INDUSTRIA,-35.12
INDUSTRIA,-32.61
INDUSTRIA,-28.51
REFINERIA,-44.71
TRADER,-20.58
REFINERIA,-48.04
REFINERIA,-55.78
TRADER,-44.73
REFINERIA,-41.67
INDUSTRIA,-13.58
REFINERIA,-23.82
REFINERIA,-32.05
REFINERIA,-32.32
INDUSTRIA,-25.94
REFINERIA,-2.78
INDUSTRIA,-4.13
TRADER,-35.32
INDUSTRIA,-8.79
REFINERIA,-26.1
TRADER,-9.33
TRADER,-26.08
INDUSTRIA,-18.95
REFINERIA,-34.59
INDUSTRIA,-28.99
REFINERIA,-30.6
INDUSTRIA,-18.26
INDUSTRIA,-43.73
REFINERIA,-7.26
TRADER,-32.3
REFINERIA,-24.47
REFINERIA,-66.1
TRADER,-6.2
REFINERIA,-11.38
REFINERIA,-2.83
REFINERIA,-39.57
TRADER,6.67
TRADER,-14.66
REFINERIA,-21.88
REFINERIA,-24.08
REFINERIA,-28.51
TRADER,-28.4
TRADER,-46.3
REFINERIA,-36.75
REFINERIA,-57.89
REFINERIA,-55.99
REFINERIA,-23.6
TRADER,-23.59
REFINERIA,-24.96
REFINERIA,-30.57
REFINERIA,-44.16
REFINERIA,-41.38
INDUSTRIA,-35.02
REFINERIA,-12.1
REFINERIA,-57.38
TRADER,6.8
TRADER,-14.77
TRADER,-22.3
INDUSTRIA,-16.04
TRADER,-33.27
INDUSTRIA,-13.33
REFINERIA,-22.0
TRADER,-48.84
REFINERIA,-29.83
REFINERIA,-26.06
TRADER,-24.95
REFINERIA,-18.86
INDUSTRIA,-35.53
INDUSTRIA,-25.91
TRADER,-48.5
TRADER,-53.04
TRADER,-42.9
TRADER,-17.39
INDUSTRIA,-25.57
REFINERIA,-47.71
REFINERIA,-13.33
INDUSTRIA,-17.36
REFINERIA,-64.35
INDUSTRIA,-47.8
REFINERIA,-30.35
TRADER,-59.24
REFINERIA,-20.08
REFINERIA,-28.1
REFINERIA,-25.37
INDUSTRIA,-67.44
REFINERIA,-34.64
INDUSTRIA,-20.93
TRADER,-32.22
INDUSTRIA,-13.67
INDUSTRIA,-39.46
INDUSTRIA,-25.68
TRADER,-57.96
REFINERIA,-17.06
TRADER,-18.15
TRADER,-41.18
INDUSTRIA,-48.45
TRADER,-37.18
INDUSTRIA,-20.08
INDUSTRIA,-25.42
REFINERIA,-44.74
TRADER,-27.01
TRADER,-15.4
INDUSTRIA,-62.6
TRADER,-5.61
TRADER,-24.47
INDUSTRIA,-46.05
REFINERIA,-33.09
TRADER,-20.52
TRADER,-35.24
INDUSTRIA,-23.22
TRADER,-49.78
REFINERIA,-47.71
INDUSTRIA,-56.36
REFINERIA,-37.24
REFINERIA,-45.47
INDUSTRIA,-19.46
REFINERIA,-29.95
TRADER,-19.25
REFINERIA,-23.18
TRADER,-51.16
REFINERIA,-53.18
TRADER,-49.62
TRADER,-42.51
TRADER,-21.25
REFINERIA,-43.67
TRADER,-36.95
REFINERIA,-22.28
INDUSTRIA,-29.93
TRADER,-32.81
REFINERIA,-25.34
INDUSTRIA,-36.59
REFINERIA,-57.48
INDUSTRIA,-3.89
REFINERIA,-32.84
TRADER,-44.59
INDUSTRIA,-19.03
TRADER,-18.34
REFINERIA,-37.16
TRADER,-51.68
TRADER,-27.16
TRADER,-11.59
REFINERIA,1.94
TRADER,-2.43
INDUSTRIA,-42.97
INDUSTRIA,-31.56
REFINERIA,-16.65
INDUSTRIA,-15.4
REFINERIA,-19.52
INDUSTRIA,-31.95
TRADER,-13.82
TRADER,-6.13
REFINERIA,-56.24
REFINERIA,-26.51
TRADER,-55.57
TRADER,-10.46
INDUSTRIA,-34.37
REFINERIA,-63.35
REFINERIA,-38.94
REFINERIA,-34.7
TRADER,-14.41
TRADER,-16.35
INDUSTRIA,-21.7
REFINERIA,0.41
REFINERIA,-21.86
INDUSTRIA,-27.89
INDUSTRIA,-32.41
INDUSTRIA,-40.56
INDUSTRIA,-30.92
TRADER,-20.45
INDUSTRIA,-13.54
INDUSTRIA,-30.69
TRADER,-19.69
REFINERIA,-31.77
REFINERIA,-36.06
TRADER,-25.13
REFINERIA,-38.5
REFINERIA,-27.28
TRADER,-39.39
REFINERIA,-62.09
TRADER,-37.28
TRADER,-22.43
INDUSTRIA,-37.95
TRADER,-34.97
TRADER,-55.14
REFINERIA,-52.25
REFINERIA,-20.19
INDUSTRIA,-18.58
TRADER,-23.57
REFINERIA,-42.71
REFINERIA,-37.78
REFINERIA,-44.66
REFINERIA,-30.43
TRADER,-38.58
REFINERIA,-9.41
REFINERIA,-26.09
INDUSTRIA,-17.55
REFINERIA,-28.87
REFINERIA,-19.42
REFINERIA,-22.1
TRADER,-38.55
TRADER,-55.82
REFINERIA,-19.88
REFINERIA,-20.14
TRADER,-40.91
TRADER,-42.02
INDUSTRIA,-26.78
REFINERIA,-15.38
TRADER,-38.85
INDUSTRIA,-22.49
INDUSTRIA,-13.88
REFINERIA,-33.18
INDUSTRIA,-36.79
REFINERIA,-19.66
INDUSTRIA,-7.79
INDUSTRIA,-19.36
INDUSTRIA,-37.81
REFINERIA,-1.92
REFINERIA,-31.6
TRADER,-25.94
INDUSTRIA,-58.91
REFINERIA,-7.1
INDUSTRIA,-16.7
REFINERIA,-22.41
INDUSTRIA,-45.45
REFINERIA,-20.91
TRADER,-64.93
TRADER,-47.79
INDUSTRIA,-32.09
REFINERIA,-42.84
REFINERIA,-43.04
REFINERIA,-54.29
INDUSTRIA,-8.27
TRADER,-49.97
TRADER,-30.23
INDUSTRIA,-25.42
INDUSTRIA,-9.73
INDUSTRIA,-52.24
TRADER,-41.52
TRADER,-41.72
INDUSTRIA,-42.43
TRADER,-27.53
INDUSTRIA,-36.33
INDUSTRIA,-16.11
INDUSTRIA,-24.39
INDUSTRIA,-38.64
REFINERIA,-18.52
TRADER,-21.06
TRADER,-20.12
INDUSTRIA,-26.54
TRADER,-24.15
TRADER,-35.36
TRADER,-27.22
TRADER,-21.48
TRADER,-42.02
INDUSTRIA,-16.22
INDUSTRIA,-4.66
TRADER,0.75
INDUSTRIA,-7.63
REFINERIA,-14.42
TRADER,-28.66
REFINERIA,-3.01
TRADER,-22.01
REFINERIA,-42.59
TRADER,-10.42
INDUSTRIA,-34.9
REFINERIA,-40.92
INDUSTRIA,-53.61
TRADER,-22.24
INDUSTRIA,-15.14
TRADER,-35.74
TRADER,-54.87
REFINERIA,-15.9
TRADER,-29.43
REFINERIA,-29.55
REFINERIA,-33.08
REFINERIA,-53.15
INDUSTRIA,-56.88
TRADER,-26.1
REFINERIA,-0.84
TRADER,-9.73
REFINERIA,-38.29
INDUSTRIA,-25.0
REFINERIA,-40.69
INDUSTRIA,-53.96
REFINERIA,-23.45
INDUSTRIA,-26.68
TRADER,-52.31
INDUSTRIA,-35.94
TRADER,-34.03
INDUSTRIA,-45.66
REFINERIA,-68.68
INDUSTRIA,-39.51
TRADER,-39.51
TRADER,-44.01
TRADER,-4.58
REFINERIA,-29.49
TRADER,-37.63
REFINERIA,-41.72
TRADER,15.0
INDUSTRIA,-42.2
TRADER,-4.75
REFINERIA,-26.06
REFINERIA,-43.7
INDUSTRIA,-20.1
TRADER,-43.36
INDUSTRIA,-37.79
REFINERIA,-29.45
INDUSTRIA,-3.78
REFINERIA,-16.06
INDUSTRIA,-9.95
INDUSTRIA,-6.87
REFINERIA,-9.54
TRADER,-19.33
TRADER,-9.27
INDUSTRIA,-28.64
REFINERIA,-48.44
REFINERIA,-48.98
TRADER,-26.62
TRADER,-35.48
TRADER,-46.71
REFINERIA,-55.09
REFINERIA,-15.92
TRADER,-66.81
INDUSTRIA,-32.14
REFINERIA,-39.96
REFINERIA,-31.81
INDUSTRIA,-45.52
INDUSTRIA,-40.54
TRADER,-21.64
INDUSTRIA,-25.97
INDUSTRIA,-11.48
INDUSTRIA,-19.89
INDUSTRIA,-10.65
TRADER,-24.19
INDUSTRIA,-31.54
REFINERIA,-32.72
INDUSTRIA,-15.57
INDUSTRIA,-40.48
REFINERIA,-43.01
TRADER,-43.13
TRADER,-14.65
REFINERIA,-12.48
INDUSTRIA,-8.26
TRADER,-34.65
INDUSTRIA,-47.2
REFINERIA,-29.7
TRADER,-31.75
REFINERIA,-20.9
REFINERIA,-32.66
TRADER,-19.55
INDUSTRIA,-8.1
TRADER,-55.62
REFINERIA,-25.42
REFINERIA,-27.55
REFINERIA,-48.17
REFINERIA,-30.84
REFINERIA,-29.78
TRADER,-33.41
INDUSTRIA,-49.3
TRADER,-39.17
INDUSTRIA,-26.79
INDUSTRIA,-28.94
REFINERIA,-34.56
INDUSTRIA,-50.04
TRADER,-48.6
INDUSTRIA,-21.89
TRADER,-20.08
INDUSTRIA,-43.81
INDUSTRIA,-5.66
REFINERIA,-41.88
REFINERIA,-33.55
INDUSTRIA,-26.77
TRADER,3.5
TRADER,-22.37
REFINERIA,-35.69
REFINERIA,-19.61
REFINERIA,-29.2
INDUSTRIA,-50.79
INDUSTRIA,-18.18
REFINERIA,-12.61
TRADER,-38.75
TRADER,-33.94
REFINERIA,-49.17
TRADER,-42.33
REFINERIA,-20.53
REFINERIA,-35.67
INDUSTRIA,-20.63
TRADER,-27.27
TRADER,-70.93
REFINERIA,-16.99
TRADER,-9.83
TRADER,-54.77
TRADER,-30.29
REFINERIA,-36.68
TRADER,-35.07
REFINERIA,-43.26
REFINERIA,-22.89
TRADER,-39.25
REFINERIA,-32.17
TRADER,-27.11
INDUSTRIA,-19.96
REFINERIA,-32.27
TRADER,-26.08
INDUSTRIA,-58.4
TRADER,-40.1
TRADER,-29.11
REFINERIA,-34.68
TRADER,-42.42
REFINERIA,-29.06
INDUSTRIA,-28.17
INDUSTRIA,-12.02
INDUSTRIA,-30.47
TRADER,-8.72
REFINERIA,-39.32
INDUSTRIA,-10.36
TRADER,-21.0
REFINERIA,-35.62
REFINERIA,-4.4
REFINERIA,-28.51
TRADER,-23.63
INDUSTRIA,-18.98
REFINERIA,-28.2
TRADER,-28.34
REFINERIA,-40.34
TRADER,-57.96
REFINERIA,-41.46
TRADER,-18.96
INDUSTRIA,-42.37
REFINERIA,-59.51
REFINERIA,-40.27
INDUSTRIA,-32.23
TRADER,-22.76
TRADER,-33.29
TRADER,-33.7
TRADER,-30.64
INDUSTRIA,-36.99
INDUSTRIA,-17.13
INDUSTRIA,-35.15
INDUSTRIA,-37.27
INDUSTRIA,-32.54
INDUSTRIA,-32.59
INDUSTRIA,-63.96
TRADER,-12.12
INDUSTRIA,-31.13
REFINERIA,-14.95
REFINERIA,-31.34
INDUSTRIA,-17.92
INDUSTRIA,21.14
TRADER,-26.04
REFINERIA,-41.79
REFINERIA,-27.47
REFINERIA,-42.3
INDUSTRIA,-22.41
TRADER,-14.34
INDUSTRIA,-38.55
REFINERIA,-34.15
TRADER,-8.95
TRADER,1.4
TRADER,-37.98
INDUSTRIA,-42.83
REFINERIA,-29.67
INDUSTRIA,-45.95
TRADER,-30.0
INDUSTRIA,-50.67
REFINERIA,-18.76
TRADER,-22.13
TRADER,-39.94
REFINERIA,-42.54
INDUSTRIA,-32.54
REFINERIA,-26.03
TRADER,-16.15
TRADER,-28.09
TRADER,-62.9
INDUSTRIA,-20.23
TRADER,-45.67
TRADER,-63.2
INDUSTRIA,-10.82
TRADER,-11.99
INDUSTRIA,-17.68
TRADER,-12.7
REFINERIA,-12.9
TRADER,-13.84
INDUSTRIA,-34.85
INDUSTRIA,-12.13
TRADER,-36.56
REFINERIA,-28.18
INDUSTRIA,-43.57
TRADER,-46.19
INDUSTRIA,-44.27
TRADER,-38.97
REFINERIA,-37.74
REFINERIA,-21.92
TRADER,-36.73
REFINERIA,-42.44
REFINERIA,-20.07
INDUSTRIA,-32.61
INDUSTRIA,-19.77
TRADER,-26.46
INDUSTRIA,-25.17
TRADER,7.34
REFINERIA,-28.02
REFINERIA,-16.7
REFINERIA,-36.21
INDUSTRIA,-14.61
TRADER,-28.02
INDUSTRIA,-26.66
REFINERIA,-30.13
INDUSTRIA,-35.7
INDUSTRIA,-16.77
REFINERIA,-24.27
REFINERIA,-28.3
TRADER,-38.44
REFINERIA,-11.33
INDUSTRIA,-23.71
REFINERIA,-22.6
INDUSTRIA,-13.1
REFINERIA,-2.63
REFINERIA,-34.37
INDUSTRIA,-38.85
INDUSTRIA,-43.81
REFINERIA,-49.9
TRADER,-27.51
REFINERIA,-61.77
TRADER,-21.09
INDUSTRIA,-12.18
REFINERIA,-41.36
INDUSTRIA,-9.48
TRADER,-30.28
INDUSTRIA,-21.19
TRADER,-31.03
TRADER,-55.3
TRADER,-32.06
INDUSTRIA,-23.79
INDUSTRIA,-47.3
INDUSTRIA,-34.7
INDUSTRIA,-57.2
TRADER,-23.63
REFINERIA,-30.67
TRADER,-36.11
REFINERIA,-36.24
TRADER,-33.52
TRADER,-39.26
TRADER,-60.2
TRADER,-12.18
INDUSTRIA,-19.52
INDUSTRIA,-15.01
REFINERIA,-53.66
TRADER,-50.68
REFINERIA,-13.34
TRADER,-24.28
REFINERIA,-24.61
INDUSTRIA,-39.57
TRADER,-41.68
INDUSTRIA,-64.28
INDUSTRIA,-17.87
TRADER,-28.44
INDUSTRIA,-23.12
TRADER,-35.03
REFINERIA,-16.9
INDUSTRIA,-29.93
TRADER,-28.46
TRADER,2.53
REFINERIA,-26.15
REFINERIA,-13.26
INDUSTRIA,-31.21
REFINERIA,-40.19
INDUSTRIA,-26.61
REFINERIA,-30.56
TRADER,-1.33
TRADER,-9.78
INDUSTRIA,-13.89
REFINERIA,-47.9
REFINERIA,-51.49
INDUSTRIA,-11.94
TRADER,-24.07
TRADER,-45.37
REFINERIA,-31.26
TRADER,-20.74
REFINERIA,-25.52
INDUSTRIA,-27.91
INDUSTRIA,-22.23
TRADER,-31.58
REFINERIA,-8.87
TRADER,-33.65
REFINERIA,-42.05
REFINERIA,-24.84
INDUSTRIA,-25.61
REFINERIA,-31.29
INDUSTRIA,-42.76
REFINERIA,-35.48
INDUSTRIA,-32.45
TRADER,-14.58
REFINERIA,-26.18
INDUSTRIA,-57.01
INDUSTRIA,-31.81
INDUSTRIA,-24.35
TRADER,-29.35
REFINERIA,-17.29
REFINERIA,-33.75
INDUSTRIA,-42.47
REFINERIA,-44.14
TRADER,-30.02
REFINERIA,-28.8
REFINERIA,-51.91
TRADER,-18.07
INDUSTRIA,-47.33
TRADER,-50.5
REFINERIA,-53.53
TRADER,-49.36
INDUSTRIA,-26.44
INDUSTRIA,-25.69
REFINERIA,-32.53
REFINERIA,-15.97
TRADER,-50.72
TRADER,-29.68
REFINERIA,-47.08
REFINERIA,-45.91
INDUSTRIA,-31.17
TRADER,-48.12
INDUSTRIA,-13.94
REFINERIA,-29.81
TRADER,-19.62
REFINERIA,-49.73
REFINERIA,-48.78
INDUSTRIA,-29.28
INDUSTRIA,-15.55
TRADER,-8.27
INDUSTRIA,-37.33
TRADER,-23.54
TRADER,-33.28
INDUSTRIA,-29.08
TRADER,-32.12
REFINERIA,-35.58
INDUSTRIA,-36.51
INDUSTRIA,10.04
REFINERIA,-14.27
REFINERIA,-48.74
INDUSTRIA,-12.94
REFINERIA,-42.16
INDUSTRIA,-5.11
REFINERIA,-9.82
TRADER,-31.62
REFINERIA,8.98
INDUSTRIA,-23.32
TRADER,-20.65
INDUSTRIA,-26.13
INDUSTRIA,-34.78
TRADER,-23.98
TRADER,-66.51
TRADER,-41.08
TRADER,-53.29
REFINERIA,-16.44
REFINERIA,-44.65
TRADER,-25.66
TRADER,-26.29
INDUSTRIA,-17.58
REFINERIA,-43.66
INDUSTRIA,-14.62
REFINERIA,-28.2
INDUSTRIA,-3.65
TRADER,-23.85
TRADER,-13.19
TRADER,-4.58
INDUSTRIA,-9.58
INDUSTRIA,-13.85
REFINERIA,-34.4
TRADER,-8.89
REFINERIA,-4.23
REFINERIA,-36.04
INDUSTRIA,-36.76
REFINERIA,-31.78
REFINERIA,-39.45
TRADER,-60.6
INDUSTRIA,-26.78
TRADER,-6.17
TRADER,-55.47
INDUSTRIA,-28.25
REFINERIA,-52.53
REFINERIA,-8.92
REFINERIA,-19.76
REFINERIA,-25.79
REFINERIA,-30.42
TRADER,-36.8
INDUSTRIA,-29.39
TRADER,-29.71
TRADER,-31.43
TRADER,-38.9
TRADER,-14.05
REFINERIA,-2.79
INDUSTRIA,-3.51
TRADER,-16.75
REFINERIA,-22.37
INDUSTRIA,-48.3
TRADER,-32.46
REFINERIA,-50.98
REFINERIA,7.98
TRADER,-19.64
TRADER,-47.64
REFINERIA,-43.17
REFINERIA,-5.66
REFINERIA,-10.38
TRADER,-23.72
INDUSTRIA,-17.79
TRADER,-14.43
REFINERIA,-36.39
TRADER,-38.26
TRADER,-41.47
TRADER,-17.29
INDUSTRIA,-16.5
TRADER,-21.54
REFINERIA,-15.64
INDUSTRIA,-18.3
INDUSTRIA,-23.47
INDUSTRIA,-32.26
INDUSTRIA,-35.19
TRADER,-49.17
INDUSTRIA,-36.57
TRADER,-22.95
INDUSTRIA,-12.85
REFINERIA,-40.24
INDUSTRIA,-15.98
TRADER,-45.14
TRADER,-31.28
TRADER,-12.53
TRADER,-17.16
INDUSTRIA,-4.25
REFINERIA,-16.09
TRADER,-32.07
TRADER,-21.54
INDUSTRIA,-34.28
TRADER,-13.13
INDUSTRIA,-25.77
INDUSTRIA,-64.03
TRADER,-16.22
INDUSTRIA,-37.51
REFINERIA,-10.25
REFINERIA,-44.28
REFINERIA,-40.56
REFINERIA,-15.51
REFINERIA,-42.04
INDUSTRIA,-33.33
INDUSTRIA,-37.74
INDUSTRIA,-24.58
REFINERIA,-46.47
INDUSTRIA,-9.4
TRADER,-68.06
TRADER,-60.44
TRADER,-55.74
INDUSTRIA,-37.79
TRADER,-32.39
INDUSTRIA,-38.08
TRADER,-37.63
TRADER,-15.12
TRADER,-18.98
TRADER,-25.32
TRADER,-40.72
INDUSTRIA,-32.59
REFINERIA,-23.68
TRADER,-37.14
TRADER,-47.74
TRADER,-19.83
INDUSTRIA,-7.03
INDUSTRIA,-33.91
TRADER,-40.52
TRADER,-36.45
INDUSTRIA,1.08
INDUSTRIA,-47.75
TRADER,-16.91
INDUSTRIA,-30.07
TRADER,-45.96
REFINERIA,-44.03
REFINERIA,-20.21
REFINERIA,-23.25
TRADER,-19.96
INDUSTRIA,-40.05
REFINERIA,-50.45
REFINERIA,-54.05
TRADER,-17.5
INDUSTRIA,-37.37
INDUSTRIA,-22.72
TRADER,-20.08
REFINERIA,-51.35
REFINERIA,-39.43
INDUSTRIA,-15.8
TRADER,3.27
INDUSTRIA,-43.26
INDUSTRIA,-23.0
TRADER,-16.13
INDUSTRIA,-31.83
INDUSTRIA,-23.61
REFINERIA,-7.99
TRADER,-8.51
TRADER,-69.67
TRADER,-23.04
TRADER,-43.24
REFINERIA,-41.79
INDUSTRIA,-28.63
INDUSTRIA,-35.81
REFINERIA,-39.7
INDUSTRIA,-36.93
TRADER,-8.35
TRADER,-19.98
REFINERIA,-22.57
REFINERIA,-26.48
TRADER,-32.34
INDUSTRIA,-3.91
TRADER,-28.07
TRADER,-56.82
INDUSTRIA,-25.94
INDUSTRIA,-4.42
REFINERIA,-11.91
TRADER,-48.25
REFINERIA,-24.33
REFINERIA,-87.37
INDUSTRIA,-38.41
REFINERIA,-44.77
INDUSTRIA,-5.61
INDUSTRIA,-68.01
TRADER,-17.03
REFINERIA,-29.94
TRADER,-42.25
INDUSTRIA,-34.88
INDUSTRIA,-54.21
INDUSTRIA,-28.65
REFINERIA,-39.75
INDUSTRIA,-39.31
REFINERIA,-31.56
TRADER,-9.71
REFINERIA,1.91
INDUSTRIA,-46.91
INDUSTRIA,-35.78
TRADER,-1.46
INDUSTRIA,-41.34
REFINERIA,6.57
INDUSTRIA,-31.64
TRADER,-14.27
REFINERIA,-41.28
REFINERIA,-19.78
REFINERIA,-8.37
REFINERIA,-5.23
TRADER,-37.67
TRADER,-32.94
INDUSTRIA,-27.4
INDUSTRIA,-22.72
REFINERIA,-48.16
TRADER,-28.4
REFINERIA,-14.72
TRADER,-35.27
TRADER,-19.3
TRADER,-19.9
INDUSTRIA,-26.6
TRADER,-19.66
TRADER,-24.47
INDUSTRIA,-24.67
REFINERIA,-23.38
TRADER,-37.73
TRADER,-56.35
TRADER,-15.51
REFINERIA,-5.02
TRADER,-51.9
INDUSTRIA,-25.5
REFINERIA,-33.79
INDUSTRIA,-34.02
REFINERIA,-33.49
INDUSTRIA,0.75
REFINERIA,-17.73
REFINERIA,-25.22
REFINERIA,-50.35
TRADER,-19.12
TRADER,-54.65
REFINERIA,-36.84
TRADER,-29.07
REFINERIA,-22.61
INDUSTRIA,-15.75
REFINERIA,-34.1
TRADER,-54.23
INDUSTRIA,-20.62
INDUSTRIA,-23.73
INDUSTRIA,-10.44
TRADER,-78.5
REFINERIA,-37.14
REFINERIA,-29.03
INDUSTRIA,-69.42
REFINERIA,-23.95
INDUSTRIA,-52.03
TRADER,-55.52
TRADER,-47.72
TRADER,-71.99
REFINERIA,-17.81
TRADER,-30.37
REFINERIA,-48.35
REFINERIA,-23.92
INDUSTRIA,-15.18
TRADER,-13.79
INDUSTRIA,-46.34
REFINERIA,-23.53
REFINERIA,-6.71
REFINERIA,-36.94
INDUSTRIA,-27.17
TRADER,-44.23
INDUSTRIA,-36.2
REFINERIA,-2.44
REFINERIA,-31.14
INDUSTRIA,-60.98
INDUSTRIA,-54.08
TRADER,-20.82
TRADER,-27.74
TRADER,-43.29
REFINERIA,-37.89
INDUSTRIA,-12.94
TRADER,-36.61
TRADER,-36.45
INDUSTRIA,-36.49
INDUSTRIA,-50.13
TRADER,-37.76
INDUSTRIA,-53.1
INDUSTRIA,-29.61
INDUSTRIA,-52.94
REFINERIA,-20.52
REFINERIA,-20.14
TRADER,-20.27
INDUSTRIA,-45.5
TRADER,-8.66
INDUSTRIA,-23.88
INDUSTRIA,-21.69
INDUSTRIA,-33.58
TRADER,-30.63
REFINERIA,-39.77
INDUSTRIA,-26.13
TRADER,-39.95
TRADER,-14.84
REFINERIA,-43.71
TRADER,-7.96
REFINERIA,-6.41
REFINERIA,-39.73
REFINERIA,-24.22
TRADER,-15.36
TRADER,-35.51
INDUSTRIA,-26.94
TRADER,-37.64
INDUSTRIA,-74.17
REFINERIA,-14.59
REFINERIA,-28.89
REFINERIA,-26.94
REFINERIA,-32.72
INDUSTRIA,-23.99
TRADER,-25.75
REFINERIA,-19.19
INDUSTRIA,-33.85
TRADER,-36.99
TRADER,-43.04
REFINERIA,-16.51
TRADER,-32.25
TRADER,-16.14
INDUSTRIA,-24.36
TRADER,-36.23
TRADER,-52.1
REFINERIA,-14.79
TRADER,-29.19
TRADER,-48.09
REFINERIA,-18.37
TRADER,-41.82
REFINERIA,-29.14
REFINERIA,-56.35
INDUSTRIA,-23.21
REFINERIA,-37.08
REFINERIA,-28.71
REFINERIA,-12.32
INDUSTRIA,-16.43
TRADER,-66.51
INDUSTRIA,-8.63
TRADER,-33.46
INDUSTRIA,-19.33
TRADER,-30.98
INDUSTRIA,-37.02
TRADER,-33.79
TRADER,-50.46
TRADER,-11.03
REFINERIA,-18.99
REFINERIA,-58.08
TRADER,-46.51
TRADER,-31.33
REFINERIA,-24.54
REFINERIA,-21.35
INDUSTRIA,-48.13
TRADER,-53.23
INDUSTRIA,-29.31
TRADER,-37.66
INDUSTRIA,-26.23
TRADER,-17.55
TRADER,-43.79
TRADER,-17.26
REFINERIA,-16.6
REFINERIA,-1.74
REFINERIA,-39.07
REFINERIA,-18.45
TRADER,-23.26
REFINERIA,-6.56
REFINERIA,-50.29
INDUSTRIA,-49.16
TRADER,-15.82
TRADER,-21.66
TRADER,-19.44
INDUSTRIA,-11.79
REFINERIA,-18.18
INDUSTRIA,-60.36
TRADER,-32.43
TRADER,-21.72
REFINERIA,-47.16
REFINERIA,-49.96
INDUSTRIA,-7.03
INDUSTRIA,-32.91
INDUSTRIA,-33.59
REFINERIA,-23.02
INDUSTRIA,-46.54
INDUSTRIA,-47.69
REFINERIA,-18.23
TRADER,-30.67
TRADER,-21.95
INDUSTRIA,-23.7
REFINERIA,-2.43
INDUSTRIA,-38.19
REFINERIA,-44.96
TRADER,-36.12
INDUSTRIA,-41.19
TRADER,-29.47
TRADER,-21.34
REFINERIA,-12.06
INDUSTRIA,-19.21
REFINERIA,-41.74
INDUSTRIA,-13.02
REFINERIA,-36.1
TRADER,-26.92
INDUSTRIA,-33.86
TRADER,-25.67
REFINERIA,-40.67
INDUSTRIA,-38.98
TRADER,-38.76
REFINERIA,-33.39
TRADER,-26.11
INDUSTRIA,-37.34
TRADER,-54.86
TRADER,-1.21
REFINERIA,-35.78
TRADER,-2.46
REFINERIA,-21.48
TRADER,-21.95
INDUSTRIA,-30.78
TRADER,-57.09
REFINERIA,-31.26
INDUSTRIA,-20.53
REFINERIA,-35.87
INDUSTRIA,-35.59
TRADER,-53.34
REFINERIA,-7.0
TRADER,-31.12
REFINERIA,-20.81
TRADER,-33.89
INDUSTRIA,-55.0
TRADER,-30.78
REFINERIA,-46.38
REFINERIA,-30.67
INDUSTRIA,-13.71
REFINERIA,-5.68
TRADER,-24.63
REFINERIA,-22.67
TRADER,0.97
INDUSTRIA,-38.7
INDUSTRIA,-22.41
REFINERIA,-23.36
INDUSTRIA,-38.27
INDUSTRIA,-10.33
REFINERIA,-22.78
REFINERIA,-50.78
TRADER,-30.75
REFINERIA,-33.7
REFINERIA,-38.0
TRADER,-26.47
REFINERIA,-33.02
REFINERIA,-50.88
TRADER,-31.82
TRADER,-38.06
REFINERIA,-30.21
REFINERIA,-16.44
REFINERIA,-2.25
INDUSTRIA,-43.63
INDUSTRIA,-26.46
TRADER,-25.09
INDUSTRIA,-33.75
TRADER,-12.4
INDUSTRIA,-15.74
INDUSTRIA,-18.12
TRADER,-12.46
INDUSTRIA,-53.71
REFINERIA,-27.12
INDUSTRIA,-44.21
REFINERIA,-28.88
INDUSTRIA,-41.14
TRADER,-32.74
TRADER,-29.31
TRADER,-47.54
REFINERIA,-27.35
TRADER,-38.27
REFINERIA,-29.83
INDUSTRIA,-2.32
INDUSTRIA,-29.37
REFINERIA,-9.57
TRADER,-9.25
REFINERIA,-17.85
REFINERIA,3.06
TRADER,-36.93
TRADER,-51.61
TRADER,-43.68
INDUSTRIA,15.65
INDUSTRIA,-43.15
TRADER,-39.01
INDUSTRIA,-33.28
REFINERIA,-20.36
REFINERIA,-27.16
TRADER,-31.99
INDUSTRIA,-46.86
INDUSTRIA,-39.26
INDUSTRIA,-26.4
REFINERIA,-0.54
REFINERIA,-19.6
TRADER,-32.76
TRADER,-19.7
TRADER,-8.23
TRADER,-18.17
TRADER,-26.28
INDUSTRIA,-34.53
TRADER,-47.66
INDUSTRIA,-36.82
INDUSTRIA,-14.44
INDUSTRIA,-15.45
INDUSTRIA,4.68
REFINERIA,20.85
TRADER,-8.83
INDUSTRIA,-29.87
INDUSTRIA,-33.78
TRADER,-46.43
TRADER,-9.81
REFINERIA,-67.63
REFINERIA,-28.07
INDUSTRIA,-56.81
TRADER,-28.45
INDUSTRIA,-22.15
REFINERIA,-21.26
TRADER,-36.97
INDUSTRIA,-33.61
INDUSTRIA,-13.11
REFINERIA,-22.58
INDUSTRIA,-40.88
REFINERIA,-30.5
INDUSTRIA,-28.52
REFINERIA,-23.9
REFINERIA,-32.09
REFINERIA,-3.07
TRADER,-41.88
REFINERIA,-6.09
TRADER,-25.94
INDUSTRIA,-30.39
INDUSTRIA,22.13
INDUSTRIA,-8.14
TRADER,-51.47
REFINERIA,-42.74
REFINERIA,-38.1
REFINERIA,-42.44
INDUSTRIA,-17.19
REFINERIA,-8.82
INDUSTRIA,-38.37
INDUSTRIA,-17.93
REFINERIA,-44.15
TRADER,-36.58
INDUSTRIA,-23.37
INDUSTRIA,-52.55
INDUSTRIA,-23.87
TRADER,-23.01
INDUSTRIA,-36.75
REFINERIA,-24.84
TRADER,-49.89
INDUSTRIA,-37.53
TRADER,-43.69
REFINERIA,-13.73
INDUSTRIA,-35.72
TRADER,-37.1
INDUSTRIA,-32.13
REFINERIA,-32.94
INDUSTRIA,-27.95
INDUSTRIA,3.31
INDUSTRIA,-5.54
REFINERIA,2.18
INDUSTRIA,-51.82
INDUSTRIA,-40.22
INDUSTRIA,-23.06
TRADER,-33.78
TRADER,-22.07
REFINERIA,-22.15
TRADER,-31.63
REFINERIA,-29.28
REFINERIA,-38.99
TRADER,-36.36
REFINERIA,-19.36
TRADER,-26.02
REFINERIA,-24.15
TRADER,-35.63
REFINERIA,-31.53
REFINERIA,-9.34
REFINERIA,-50.85
TRADER,-52.98
REFINERIA,-45.17
INDUSTRIA,-28.14
REFINERIA,-6.01
REFINERIA,-52.34
REFINERIA,-29.42
INDUSTRIA,-33.77
REFINERIA,-35.96
INDUSTRIA,-31.07
TRADER,-29.0
REFINERIA,-1.33
TRADER,-25.3
TRADER,-15.74
INDUSTRIA,-52.56
INDUSTRIA,-37.42
INDUSTRIA,-40.99
REFINERIA,-53.41
REFINERIA,-47.97
INDUSTRIA,-15.57
TRADER,-21.13
TRADER,-18.78
INDUSTRIA,-40.88
REFINERIA,-60.77
INDUSTRIA,1.35
REFINERIA,-27.22
REFINERIA,-29.91
INDUSTRIA,-27.95
REFINERIA,-25.34
INDUSTRIA,-14.78
INDUSTRIA,-23.73
TRADER,-15.37
REFINERIA,-41.28
INDUSTRIA,-7.17
INDUSTRIA,-4.3
REFINERIA,9.43
REFINERIA,-51.0
TRADER,-45.96
INDUSTRIA,-63.62
INDUSTRIA,-27.94
REFINERIA,-31.5
REFINERIA,-42.03
TRADER,-51.72
TRADER,-21.04
TRADER,-24.95
INDUSTRIA,-3.51
INDUSTRIA,-38.36
TRADER,-17.27
INDUSTRIA,-24.18
TRADER,-41.35
TRADER,-37.7
REFINERIA,-23.97
TRADER,-7.88
TRADER,-31.9
REFINERIA,-34.8
INDUSTRIA,-37.06
REFINERIA,-33.21
TRADER,-49.6
INDUSTRIA,-34.3
INDUSTRIA,-37.83
REFINERIA,-10.84
REFINERIA,9.4
TRADER,-39.32
INDUSTRIA,-26.15
TRADER,-27.99
REFINERIA,-18.53
REFINERIA,-26.96
TRADER,-9.01
REFINERIA,-24.33
TRADER,-21.87
INDUSTRIA,-42.75
INDUSTRIA,-17.7
REFINERIA,-34.96
TRADER,-35.37
TRADER,-43.36
REFINERIA,-53.69
INDUSTRIA,-52.95
INDUSTRIA,-13.76
TRADER,-39.45
REFINERIA,-5.04
REFINERIA,-1.23
INDUSTRIA,-39.34
TRADER,-45.04
REFINERIA,-68.99
TRADER,-9.39
REFINERIA,-22.67
TRADER,-40.52
TRADER,-5.72
INDUSTRIA,-53.18
TRADER,-35.15
INDUSTRIA,-39.09
REFINERIA,-53.84
TRADER,-46.35
TRADER,-24.83
REFINERIA,-31.68
INDUSTRIA,-63.69
REFINERIA,5.68
TRADER,-29.89
REFINERIA,-30.62
REFINERIA,-43.96
TRADER,-29.07
TRADER,-23.82
REFINERIA,-30.83
TRADER,-23.92
TRADER,-43.86
TRADER,-25.96
REFINERIA,-25.62
INDUSTRIA,-31.78
TRADER,-33.77
TRADER,-30.43
REFINERIA,-31.99
REFINERIA,-35.99
TRADER,-34.26
TRADER,-15.26
INDUSTRIA,-38.89
REFINERIA,4.22
INDUSTRIA,-27.9
TRADER,-33.76
REFINERIA,-49.64
REFINERIA,-20.79
REFINERIA,-37.18
REFINERIA,-40.68
TRADER,-31.92
REFINERIA,-25.16
INDUSTRIA,-39.7
REFINERIA,-9.53
INDUSTRIA,-31.67
TRADER,-35.98
TRADER,-22.76
REFINERIA,-38.03
TRADER,-33.91
REFINERIA,-21.77
TRADER,-22.61
REFINERIA,-46.47
REFINERIA,-23.25
REFINERIA,-40.09
TRADER,-31.83
INDUSTRIA,-14.32
TRADER,-38.05
INDUSTRIA,-37.99
INDUSTRIA,-16.63
REFINERIA,-44.63
INDUSTRIA,-36.66
REFINERIA,-41.76
INDUSTRIA,-41.83
REFINERIA,-19.89
REFINERIA,-26.18
TRADER,-42.52
TRADER,-47.76
INDUSTRIA,-41.99
INDUSTRIA,-16.35
REFINERIA,-31.19
REFINERIA,-14.21
TRADER,-24.81
REFINERIA,-18.88
REFINERIA,-45.76
INDUSTRIA,-31.79
TRADER,-29.31
REFINERIA,6.55
INDUSTRIA,-47.0
INDUSTRIA,-1.7
TRADER,-14.54
TRADER,-34.84
TRADER,-33.44
REFINERIA,-46.79
REFINERIA,-37.75
REFINERIA,-12.3
REFINERIA,-32.25
REFINERIA,-16.9
REFINERIA,-6.71
INDUSTRIA,-21.54
TRADER,-48.42
INDUSTRIA,-6.4
TRADER,-34.43
TRADER,-29.35
TRADER,-6.8
REFINERIA,-4.78
TRADER,-13.03
INDUSTRIA,-33.3
INDUSTRIA,-17.27
INDUSTRIA,-38.54
REFINERIA,-43.1
TRADER,-31.48
TRADER,-25.45
REFINERIA,-8.85
INDUSTRIA,-18.69
REFINERIA,-41.62
TRADER,-24.01
REFINERIA,-47.35
TRADER,-28.8
REFINERIA,-26.14
TRADER,-35.47
INDUSTRIA,-43.58
INDUSTRIA,-21.7
REFINERIA,1.93
TRADER,-39.22
INDUSTRIA,-45.28
INDUSTRIA,-18.61
REFINERIA,-25.57
REFINERIA,-35.12
TRADER,-34.71
REFINERIA,-21.02
REFINERIA,-25.46
TRADER,0.59
TRADER,-38.34
INDUSTRIA,-40.58
REFINERIA,-16.66
REFINERIA,-29.53
REFINERIA,-25.0
REFINERIA,-17.03
TRADER,5.08
INDUSTRIA,-46.23
TRADER,-8.05
INDUSTRIA,-42.85
REFINERIA,-29.91
TRADER,-41.67
INDUSTRIA,-13.48
REFINERIA,-14.96
REFINERIA,-4.35
TRADER,-7.9
INDUSTRIA,-25.31
REFINERIA,-15.67
INDUSTRIA,-20.31
TRADER,-57.4
TRADER,-12.97
TRADER,-39.48
TRADER,-50.56
INDUSTRIA,-23.99
INDUSTRIA,-20.63
INDUSTRIA,-49.75
TRADER,-34.91
TRADER,-40.91
INDUSTRIA,-48.62
REFINERIA,-43.06
REFINERIA,-30.53
REFINERIA,-2.88
TRADER,-33.72
REFINERIA,-15.96
INDUSTRIA,-28.08
INDUSTRIA,-29.28
REFINERIA,1.33
REFINERIA,-28.86
TRADER,-36.0
REFINERIA,-57.8
TRADER,-45.14
INDUSTRIA,-2.82
REFINERIA,-36.3
TRADER,-19.75
REFINERIA,-20.33
INDUSTRIA,-21.08
INDUSTRIA,-24.89
INDUSTRIA,-22.33
INDUSTRIA,-8.93
TRADER,-30.05
INDUSTRIA,-35.44
REFINERIA,-24.53
TRADER,-19.47
REFINERIA,-19.97
TRADER,-36.77
INDUSTRIA,-68.99
INDUSTRIA,-47.96
INDUSTRIA,-39.21
INDUSTRIA,-19.62
INDUSTRIA,-43.57
INDUSTRIA,-39.05
TRADER,-11.65
INDUSTRIA,-26.27
TRADER,-36.14
INDUSTRIA,-15.88
INDUSTRIA,-35.26
INDUSTRIA,-75.68
REFINERIA,-17.98
TRADER,-14.78
REFINERIA,-18.2
INDUSTRIA,-29.21
TRADER,-42.56
INDUSTRIA,-14.27
INDUSTRIA,-31.79
INDUSTRIA,-26.58
TRADER,-32.6
INDUSTRIA,-29.53
REFINERIA,-22.19
TRADER,-15.03
TRADER,-53.75
INDUSTRIA,-25.25
INDUSTRIA,-30.95
TRADER,-10.86
INDUSTRIA,-56.66
REFINERIA,-25.97
TRADER,-31.3
TRADER,-39.28
TRADER,-7.5
TRADER,-40.95
REFINERIA,-23.42
REFINERIA,-27.36
TRADER,-40.57
REFINERIA,-24.53
TRADER,-44.94
TRADER,-23.79
TRADER,-22.99
REFINERIA,-38.34
REFINERIA,-24.0
REFINERIA,-19.24
TRADER,-58.19
REFINERIA,-44.02
TRADER,-32.23
REFINERIA,-32.8
TRADER,-29.65
REFINERIA,-41.2
REFINERIA,-40.87
INDUSTRIA,-33.56
TRADER,-21.87
INDUSTRIA,-28.32
TRADER,1.58
REFINERIA,-29.84
INDUSTRIA,-14.88
REFINERIA,-46.25
TRADER,-26.37
INDUSTRIA,-34.6
INDUSTRIA,-36.93
TRADER,-40.09
INDUSTRIA,-44.81
TRADER,-54.53
INDUSTRIA,-18.89
INDUSTRIA,-7.42
REFINERIA,-43.18
REFINERIA,-34.7
TRADER,-63.01
TRADER,-33.45
TRADER,-16.65
TRADER,-41.5
REFINERIA,-49.03
TRADER,-22.05
REFINERIA,-14.13
TRADER,-50.6
TRADER,-38.88
INDUSTRIA,-41.81
REFINERIA,-33.37
REFINERIA,-24.39
INDUSTRIA,-29.72
INDUSTRIA,-14.68
REFINERIA,-47.74
REFINERIA,-39.8
TRADER,-47.0
TRADER,-18.91
REFINERIA,-28.81
REFINERIA,-37.88
REFINERIA,-53.2
REFINERIA,-50.75
INDUSTRIA,-11.2
INDUSTRIA,-17.41
INDUSTRIA,-28.88
REFINERIA,-44.77
INDUSTRIA,-27.79
TRADER,-45.22
INDUSTRIA,-40.23
INDUSTRIA,-34.77
INDUSTRIA,-37.11
TRADER,-44.06
TRADER,-32.8
REFINERIA,-28.8
REFINERIA,-16.2
INDUSTRIA,-13.88
REFINERIA,-38.01
INDUSTRIA,0.57
INDUSTRIA,-44.29
REFINERIA,-52.2
REFINERIA,-57.93
TRADER,-27.98
INDUSTRIA,-19.12
TRADER,-52.75
REFINERIA,-51.53
TRADER,-30.85
TRADER,-55.01
INDUSTRIA,-27.62
REFINERIA,-25.53
INDUSTRIA,-26.11
INDUSTRIA,-7.37
INDUSTRIA,-31.49
REFINERIA,-22.42
INDUSTRIA,-18.83
INDUSTRIA,-34.08
INDUSTRIA,-15.03
INDUSTRIA,-30.51
TRADER,-13.51
REFINERIA,-18.87
INDUSTRIA,-17.16
REFINERIA,-48.34
REFINERIA,-38.02
REFINERIA,-57.36
INDUSTRIA,-41.99
TRADER,-43.89
REFINERIA,-34.3
INDUSTRIA,0.32
INDUSTRIA,-34.22
TRADER,-16.81
REFINERIA,-40.37
INDUSTRIA,-1.76
REFINERIA,-26.0
REFINERIA,-27.84
INDUSTRIA,-28.16
INDUSTRIA,-41.84
TRADER,-44.45
REFINERIA,-34.98
TRADER,-31.56
INDUSTRIA,-29.91
REFINERIA,-23.33
INDUSTRIA,-26.49
TRADER,-26.87
REFINERIA,-29.31
REFINERIA,-42.92
TRADER,-25.17
INDUSTRIA,-19.45
REFINERIA,-45.67
TRADER,-20.16
TRADER,-25.9
INDUSTRIA,-18.53
TRADER,-47.22
REFINERIA,-13.97
TRADER,-16.42
TRADER,-37.92
TRADER,-38.81
REFINERIA,-25.68
REFINERIA,-21.96
INDUSTRIA,-15.59
INDUSTRIA,-26.63
REFINERIA,-11.77
INDUSTRIA,-53.72
TRADER,-7.91
TRADER,-31.89
REFINERIA,-24.06
TRADER,-19.03
REFINERIA,-28.79
INDUSTRIA,-34.12
REFINERIA,-20.58
INDUSTRIA,-4.96
REFINERIA,-48.41
INDUSTRIA,-34.16
REFINERIA,-37.66
TRADER,-57.94
TRADER,-23.78
INDUSTRIA,-16.08
TRADER,-20.36
TRADER,-32.52
TRADER,-56.64
TRADER,-29.51
TRADER,-45.0
REFINERIA,-22.33
TRADER,-71.92
INDUSTRIA,-29.02
TRADER,-29.61
TRADER,-3.66
REFINERIA,-25.15
INDUSTRIA,-37.62
INDUSTRIA,-20.2
INDUSTRIA,-24.01
TRADER,-47.58
REFINERIA,-32.8
REFINERIA,-37.49
INDUSTRIA,-41.55
TRADER,-35.88
TRADER,-36.48
REFINERIA,-17.06
TRADER,-36.32
REFINERIA,-2.91
INDUSTRIA,-29.35
TRADER,-5.68
REFINERIA,-23.54
REFINERIA,-31.49
REFINERIA,-19.78
INDUSTRIA,-48.52
REFINERIA,-28.25
TRADER,-54.88
REFINERIA,-32.29
INDUSTRIA,-23.64
INDUSTRIA,-36.4
REFINERIA,-33.36
TRADER,-3.98
INDUSTRIA,-50.84
TRADER,-11.45
INDUSTRIA,-55.27
INDUSTRIA,-61.11
INDUSTRIA,-58.61
INDUSTRIA,-17.83
INDUSTRIA,-52.43
INDUSTRIA,-26.49
TRADER,-21.08
TRADER,-22.11
INDUSTRIA,-8.96
REFINERIA,-24.87
REFINERIA,-38.78
INDUSTRIA,-42.7
TRADER,-21.78
INDUSTRIA,-68.98
REFINERIA,-30.24
TRADER,-33.95
REFINERIA,-22.4
REFINERIA,-24.41
TRADER,-24.32
REFINERIA,-34.91
INDUSTRIA,-43.51
TRADER,-43.5
INDUSTRIA,-26.83
REFINERIA,-44.2
REFINERIA,-26.96
REFINERIA,-43.92
TRADER,-11.83
INDUSTRIA,-22.28
INDUSTRIA,-31.08
REFINERIA,-43.27
INDUSTRIA,-31.49
INDUSTRIA,-25.47
REFINERIA,-43.7
INDUSTRIA,-21.86
INDUSTRIA,-44.25
TRADER,-56.91
REFINERIA,-20.03
REFINERIA,-28.23
INDUSTRIA,-37.32
TRADER,-20.85
INDUSTRIA,-30.33
REFINERIA,-34.62
INDUSTRIA,-54.25
INDUSTRIA,-30.75
REFINERIA,-14.68
INDUSTRIA,-22.66
REFINERIA,-38.9
TRADER,-30.42
TRADER,-35.19
REFINERIA,-41.19
INDUSTRIA,-5.63
TRADER,-36.45
REFINERIA,-59.48
INDUSTRIA,-56.79
INDUSTRIA,-39.25
REFINERIA,-17.62
REFINERIA,-31.92
INDUSTRIA,-31.93
TRADER,-39.02
REFINERIA,-38.71
TRADER,-17.58
TRADER,-33.2
TRADER,-17.97
REFINERIA,-46.81
INDUSTRIA,-40.75
REFINERIA,-25.28
INDUSTRIA,-34.13
REFINERIA,-17.77
INDUSTRIA,-46.88
TRADER,-42.36
