ticker,hora,volatilidad,volumen,rango,n_ticks,regimen
ZS=F,2022-01-03 09:00:00,0.00022946470239044723,1811,2.900000000000091,4,0
ZS=F,2022-01-03 10:00:00,0.0007814923797957208,2989,1.4600000000000364,4,0
ZS=F,2022-01-03 11:00:00,0.0004563811130524171,1631,1.0799999999999272,4,0
ZS=F,2022-01-03 12:00:00,0.000835340668243768,2535,1.2200000000000273,4,0
ZS=F,2022-01-03 13:00:00,0.0008492934709532029,1617,2.150000000000091,4,0
ZS=F,2022-01-03 14:00:00,0.000732487727745398,1528,1.7100000000000364,4,0
ZS=F,2022-01-03 15:00:00,0.00030482885870162764,1836,0.5199999999999818,4,0
ZS=F,2022-01-04 09:00:00,0.000875491496165456,2230,1.4100000000000819,4,0
ZS=F,2022-01-04 10:00:00,0.0006465119421559883,2093,1.7899999999999636,4,0
ZS=F,2022-01-04 11:00:00,0.0006095593136685194,2287,1.8800000000001091,4,0
ZS=F,2022-01-04 12:00:00,0.0008706855986213394,2327,2.2200000000000273,4,0
ZS=F,2022-01-04 13:00:00,0.00043522956465032474,2357,3.0699999999999363,4,0
ZS=F,2022-01-04 14:00:00,0.0007784460957928958,1764,1.4400000000000546,4,0
ZS=F,2022-01-04 15:00:00,0.0005041088628526154,1912,1.8600000000001273,4,0
ZS=F,2022-01-05 09:00:00,0.002143669886877082,2899,2.5,4,1
ZS=F,2022-01-05 10:00:00,0.00023368277192151656,1680,2.2100000000000364,4,0
ZS=F,2022-01-05 11:00:00,0.0006434549372779562,2635,1.6400000000001,4,0
ZS=F,2022-01-05 12:00:00,0.0005679186414788514,2156,2.519999999999982,4,0
ZS=F,2022-01-05 13:00:00,0.0002296735953185004,1573,3.3400000000001455,4,0
ZS=F,2022-01-05 14:00:00,0.0008894075801309031,1824,2.3099999999999454,4,0
ZS=F,2022-01-05 15:00:00,0.00035951796926307893,1846,2.269999999999982,4,0
ZS=F,2022-01-06 09:00:00,0.0017562841983091903,2794,1.4600000000000364,4,1
ZS=F,2022-01-06 10:00:00,0.0006999029995707687,2482,2.25,4,0
ZS=F,2022-01-06 11:00:00,0.0005065449498015956,3010,1.5599999999999454,4,0
ZS=F,2022-01-06 12:00:00,0.0005677452783272774,1407,0.7400000000000091,4,0
ZS=F,2022-01-06 13:00:00,0.0009705542663860894,2595,1.2399999999997817,4,0
ZS=F,2022-01-06 14:00:00,0.0004955599530790837,2519,3.4700000000000273,4,0
ZS=F,2022-01-06 15:00:00,0.0005655702377814701,2409,2.4600000000000364,4,0
ZS=F,2022-01-07 09:00:00,0.0018318380554606523,2648,1.3900000000001,4,1
ZS=F,2022-01-07 10:00:00,0.00044261216043593103,1322,0.6800000000000637,4,0
ZS=F,2022-01-07 11:00:00,0.0003398245981447581,2801,1.240000000000009,4,0
ZS=F,2022-01-07 12:00:00,0.00027947223848698484,2632,1.1900000000000546,4,0
ZS=F,2022-01-07 13:00:00,0.0009343270371538296,1752,1.7000000000000455,4,0
ZS=F,2022-01-07 14:00:00,0.0006640350795014958,3036,1.4300000000000637,4,0
ZS=F,2022-01-07 15:00:00,0.0005220248845325317,2217,0.6099999999999,4,0
ZS=F,2022-01-10 09:00:00,0.0005895505425042858,2067,0.4900000000000091,4,0
ZS=F,2022-01-10 10:00:00,0.0005995700390074185,2905,1.349999999999909,4,0
ZS=F,2022-01-10 11:00:00,0.000748618024237437,1946,1.4700000000000273,4,0
ZS=F,2022-01-10 12:00:00,0.00042473695906034795,1768,0.7799999999999727,4,0
ZS=F,2022-01-10 13:00:00,0.0005359838755918862,2204,0.9600000000000364,4,0
ZS=F,2022-01-10 14:00:00,0.0002652153258457911,2046,3.0300000000002,4,0
ZS=F,2022-01-10 15:00:00,0.0008482934811316038,2371,1.8399999999999181,4,0
ZS=F,2022-01-11 09:00:00,0.002410685915571195,1899,1.3099999999999454,4,1
ZS=F,2022-01-11 10:00:00,0.00037193847957772095,2509,1.4200000000000728,4,0
ZS=F,2022-01-11 11:00:00,0.0005176287970956117,1434,1.9099999999998545,4,0
ZS=F,2022-01-11 12:00:00,0.0008421098088538208,2172,2.369999999999891,4,0
ZS=F,2022-01-11 13:00:00,0.0003790008649487074,2146,1.9100000000000819,4,0
ZS=F,2022-01-11 14:00:00,0.00038518540342929243,1845,0.7999999999999545,4,0
ZS=F,2022-01-11 15:00:00,0.0005442507008484718,2858,0.900000000000091,4,0
ZS=F,2022-01-12 09:00:00,0.001128626349520912,2764,2.3300000000001546,4,0
ZS=F,2022-01-12 10:00:00,0.0005720254949521554,1589,0.9900000000000091,4,0
ZS=F,2022-01-12 11:00:00,0.000803977098119988,2433,2.6900000000000546,4,0
ZS=F,2022-01-12 12:00:00,0.0007947943133179316,2758,1.2200000000000273,4,0
ZS=F,2022-01-12 13:00:00,0.00031839428384170497,2185,0.6600000000000819,4,0
ZS=F,2022-01-12 14:00:00,0.000836140700446764,2194,1.5,4,0
ZS=F,2022-01-12 15:00:00,0.0006054192126148898,1906,1.0499999999999545,4,0
ZS=F,2022-01-13 09:00:00,7.626756276525616e-05,2340,1.9500000000000455,4,0
ZS=F,2022-01-13 10:00:00,0.0005099966829547641,2951,1.6200000000001182,4,0
ZS=F,2022-01-13 11:00:00,0.0006398466397462198,2932,1.1300000000001091,4,0
ZS=F,2022-01-13 12:00:00,0.00075113528833715,1894,1.3099999999999454,4,0
ZS=F,2022-01-13 13:00:00,0.0003910528091081088,1691,0.959999999999809,4,0
ZS=F,2022-01-13 14:00:00,0.0004373368702901982,2197,0.36999999999989086,4,0
ZS=F,2022-01-13 15:00:00,0.0007222077403595905,2326,1.1399999999998727,4,0
ZS=F,2022-01-14 09:00:00,0.0008110573470260566,1574,0.6099999999999,4,0
ZS=F,2022-01-14 10:00:00,0.0005094946494949866,1587,0.599999999999909,4,0
ZS=F,2022-01-14 11:00:00,0.0007017731922982348,2927,1.5399999999999636,4,0
ZS=F,2022-01-14 12:00:00,0.0005570042273817783,2090,2.1400000000001,4,0
ZS=F,2022-01-14 13:00:00,0.0007716519039931837,2742,2.290000000000191,4,0
ZS=F,2022-01-14 14:00:00,0.0005332576071885245,2433,1.2899999999999636,4,0
ZS=F,2022-01-14 15:00:00,0.000822109228801728,1470,2.0299999999999727,4,0
ZS=F,2022-01-17 09:00:00,0.0005286973922045079,1898,0.5299999999999727,4,0
ZS=F,2022-01-17 10:00:00,0.0006358109491099112,2275,0.9400000000000546,4,0
ZS=F,2022-01-17 11:00:00,0.0007636749496498208,1692,1.650000000000091,4,0
ZS=F,2022-01-17 12:00:00,0.0003565101307060467,1397,1.9199999999998454,4,0
ZS=F,2022-01-17 13:00:00,0.0005068157461121076,2252,1.1800000000000637,4,0
ZS=F,2022-01-17 14:00:00,0.0008417975885845905,1402,1.7200000000000273,4,0
ZS=F,2022-01-17 15:00:00,0.0004348031605439761,2441,0.4800000000000182,4,0
ZS=F,2022-01-18 09:00:00,0.00047099006768102616,3158,1.740000000000009,4,0
ZS=F,2022-01-18 10:00:00,0.0008502663458899133,2335,1.5699999999999363,4,0
ZS=F,2022-01-18 11:00:00,0.00039975433954151507,1983,1.3300000000001546,4,0
ZS=F,2022-01-18 12:00:00,0.00024535842457068985,1585,2.810000000000173,4,0
ZS=F,2022-01-18 13:00:00,0.0004703474794310656,2171,2.4600000000000364,4,0
ZS=F,2022-01-18 14:00:00,0.00044913660051600204,2533,3.6700000000000728,4,0
ZS=F,2022-01-18 15:00:00,0.0007400721181097783,2789,1.4299999999998363,4,0
ZS=F,2022-01-19 09:00:00,0.005185570496082638,1539,0.8299999999999272,4,1
ZS=F,2022-01-19 10:00:00,0.0009387751791533467,1657,2.2999999999999545,4,0
ZS=F,2022-01-19 11:00:00,0.0008627538365012842,2834,1.6099999999999,4,0
ZS=F,2022-01-19 12:00:00,0.0006912480060294381,1913,1.4500000000000455,4,0
ZS=F,2022-01-19 13:00:00,0.0009423795435920822,1823,1.7000000000000455,4,0
ZS=F,2022-01-19 14:00:00,0.0008577895644012862,2723,1.4200000000000728,4,0
ZS=F,2022-01-19 15:00:00,0.0006359666340832836,1572,1.0399999999999636,4,0
ZS=F,2022-01-20 09:00:00,0.0010710089494213606,2879,1.490000000000009,4,0
ZS=F,2022-01-20 10:00:00,0.0005852247912107865,2551,0.8900000000001,4,0
ZS=F,2022-01-20 11:00:00,0.00046520080347120307,1075,1.8799999999998818,4,0
ZS=F,2022-01-20 12:00:00,0.0008918871547391649,1881,2.4600000000000364,4,0
ZS=F,2022-01-20 13:00:00,0.0005514418441593114,2664,0.5899999999999181,4,0
ZS=F,2022-01-20 14:00:00,0.0006385361506660294,2554,2.5799999999999272,4,0
ZS=F,2022-01-20 15:00:00,0.0006174671249508285,1517,2.1900000000000546,4,0
ZS=F,2022-01-21 09:00:00,0.0007459785332818151,2495,2.7799999999999727,4,0
ZS=F,2022-01-21 10:00:00,0.0004926194081532689,2179,0.6600000000000819,4,0
ZS=F,2022-01-21 11:00:00,0.0005272262831517309,2358,2.25,4,0
ZS=F,2022-01-21 12:00:00,0.0005001267940622778,2178,1.1800000000000637,4,0
ZS=F,2022-01-21 13:00:00,0.0009396378130327598,1787,2.990000000000009,4,0
ZS=F,2022-01-21 14:00:00,0.0005069842072926067,1948,1.8199999999999363,4,0
ZS=F,2022-01-21 15:00:00,0.0006215246636589592,2272,1.0299999999999727,4,0
ZS=F,2022-01-24 09:00:00,0.002059452078664162,2390,1.7300000000000182,4,1
ZS=F,2022-01-24 10:00:00,0.0007410685501333283,2197,1.2799999999999727,4,0
ZS=F,2022-01-24 11:00:00,0.0006458445718609638,2767,2.400000000000091,4,0
ZS=F,2022-01-24 12:00:00,0.00048560574451705625,2349,0.7100000000000364,4,0
ZS=F,2022-01-24 13:00:00,0.0006783305278446594,2856,1.6700000000000728,4,0
ZS=F,2022-01-24 14:00:00,0.0008370497773237788,2046,1.9800000000000182,4,0
ZS=F,2022-01-24 15:00:00,0.00022154010303373958,2782,1.3400000000001455,4,0
ZS=F,2022-01-25 09:00:00,0.00038732513764190655,1858,2.3799999999998818,4,0
ZS=F,2022-01-25 10:00:00,0.0005990156877256448,1896,1.3700000000001182,4,0
ZS=F,2022-01-25 11:00:00,0.0007849600154554642,3417,1.900000000000091,4,0
ZS=F,2022-01-25 12:00:00,0.0006414699304912744,2276,1.349999999999909,4,0
ZS=F,2022-01-25 13:00:00,0.0002730529239111603,1761,0.6799999999998363,4,0
ZS=F,2022-01-25 14:00:00,0.0006631733227192812,1958,1.9699999999998,4,0
ZS=F,2022-01-25 15:00:00,0.0005482999804081466,2490,1.2999999999999545,4,0
ZS=F,2022-01-26 09:00:00,0.0010004917601731849,2354,2.3799999999998818,4,0
ZS=F,2022-01-26 10:00:00,0.00048108394333814,1716,1.8099999999999454,4,0
ZS=F,2022-01-26 11:00:00,0.0007529482882198333,2173,1.4800000000000182,4,0
ZS=F,2022-01-26 12:00:00,0.0007002848305094816,3023,1.4700000000000273,4,0
ZS=F,2022-01-26 13:00:00,0.00042484399463938843,3058,3.2799999999999727,4,0
ZS=F,2022-01-26 14:00:00,0.0006632079259287652,1047,0.9400000000000546,4,0
ZS=F,2022-01-26 15:00:00,0.0006334581851862204,2488,1.4300000000000637,4,0
ZS=F,2022-01-27 09:00:00,0.0006126823260921522,1516,1.009999999999991,4,0
ZS=F,2022-01-27 10:00:00,0.0005836117254703215,1845,1.5699999999999363,4,0
ZS=F,2022-01-27 11:00:00,0.0006640691443947468,2249,1.1199999999998909,4,0
ZS=F,2022-01-27 12:00:00,0.0006459635616401185,2968,0.8699999999998909,4,0
ZS=F,2022-01-27 13:00:00,0.00034718136300705037,2813,2.3500000000001364,4,0
ZS=F,2022-01-27 14:00:00,0.0008427097224214289,1582,2.240000000000009,4,0
ZS=F,2022-01-27 15:00:00,0.0006381730899170021,2239,1.9300000000000637,4,0
ZS=F,2022-01-28 09:00:00,0.0022011012896183384,2234,1.3199999999999363,4,1
ZS=F,2022-01-28 10:00:00,0.0010920821383089182,2971,2.5,4,0
ZS=F,2022-01-28 11:00:00,0.0008478088551102614,1492,1.5899999999999181,4,0
ZS=F,2022-01-28 12:00:00,0.0009122506538079396,2910,1.3900000000001,4,0
ZS=F,2022-01-28 13:00:00,0.00018066613138817249,3333,0.4700000000000273,4,0
ZS=F,2022-01-28 14:00:00,0.0005595635362230107,1627,1.1800000000000637,4,0
ZS=F,2022-01-28 15:00:00,0.0007852382353052075,2757,2.3099999999999454,4,0
ZS=F,2022-01-31 09:00:00,0.0011653354444797267,2077,1.4500000000000455,4,0
ZS=F,2022-01-31 10:00:00,0.0005274941535681415,2166,2.449999999999818,4,0
ZS=F,2022-01-31 11:00:00,0.0007531818354730129,2190,3.240000000000009,4,0
ZS=F,2022-01-31 12:00:00,0.00047963049808116495,2492,0.75,4,0
ZS=F,2022-01-31 13:00:00,0.0007220302636102056,1153,2.5399999999999636,4,0
ZS=F,2022-01-31 14:00:00,0.0007302880738704204,2900,1.2999999999999545,4,0
ZS=F,2022-01-31 15:00:00,0.0004378974931893942,2337,2.3799999999998818,4,0
ZS=F,2022-02-01 09:00:00,0.00299188446183451,2208,1.6199999999998909,4,1
ZS=F,2022-02-01 10:00:00,0.000847665616530007,1649,2.0299999999999727,4,0
ZS=F,2022-02-01 11:00:00,0.0004890317998972976,1860,0.44000000000005457,4,0
ZS=F,2022-02-01 12:00:00,0.00023916872262782354,2162,0.650000000000091,4,0
ZS=F,2022-02-01 13:00:00,0.0002176276612006605,1897,1.1300000000001091,4,0
ZS=F,2022-02-01 14:00:00,0.0007861430778819867,1964,1.449999999999818,4,0
ZS=F,2022-02-01 15:00:00,0.0007733585421883528,2626,1.3599999999999,4,0
ZS=F,2022-02-02 09:00:00,0.0016337495182110733,1670,1.349999999999909,4,1
ZS=F,2022-02-02 10:00:00,0.00040215150356210733,2269,0.8099999999999454,4,0
ZS=F,2022-02-02 11:00:00,0.0007764358177801303,2128,1.1600000000000819,4,0
ZS=F,2022-02-02 12:00:00,0.0005295537958475729,1929,0.75,4,0
ZS=F,2022-02-02 13:00:00,0.0003521633104229146,2818,1.1800000000000637,4,0
ZS=F,2022-02-02 14:00:00,0.0009611955489723957,2174,2.5399999999999636,4,0
ZS=F,2022-02-02 15:00:00,0.0005110901889001847,2912,0.9300000000000637,4,0
ZS=F,2022-02-03 09:00:00,0.0021892791107832902,3241,1.0199999999999818,4,1
ZS=F,2022-02-03 10:00:00,0.0009167144208617509,2800,2.8299999999999272,4,0
ZS=F,2022-02-03 11:00:00,0.0006352077550524895,2226,2.0299999999999727,4,0
ZS=F,2022-02-03 12:00:00,0.00024976746158577,2267,2.990000000000009,4,0
ZS=F,2022-02-03 13:00:00,0.0005948670042159495,2449,1.1199999999998909,4,0
ZS=F,2022-02-03 14:00:00,0.0007231249201640489,1319,2.8199999999999363,4,0
ZS=F,2022-02-03 15:00:00,0.0005222657874251471,1511,1.1299999999998818,4,0
ZS=F,2022-02-04 09:00:00,0.0033066746779942817,2590,1.1200000000001182,4,1
ZS=F,2022-02-04 10:00:00,0.00050095229662553,3144,0.790000000000191,4,0
ZS=F,2022-02-04 11:00:00,0.0005110061521953265,2792,1.2699999999999818,4,0
ZS=F,2022-02-04 12:00:00,0.0007717768232920208,1340,1.2100000000000364,4,0
ZS=F,2022-02-04 13:00:00,0.0004843153952847516,2368,0.6199999999998909,4,0
ZS=F,2022-02-04 14:00:00,0.0007735098949557492,2248,1.4800000000000182,4,0
ZS=F,2022-02-04 15:00:00,0.0008640080898768634,2670,2.0,4,0
ZS=F,2022-02-07 09:00:00,0.001652336971105029,2590,0.4700000000000273,4,1
ZS=F,2022-02-07 10:00:00,0.0006086900658975109,1872,2.119999999999891,4,0
ZS=F,2022-02-07 11:00:00,0.00020599121032363564,3178,2.0299999999999727,4,0
ZS=F,2022-02-07 12:00:00,0.000892065730405262,1641,2.5,4,0
ZS=F,2022-02-07 13:00:00,0.0008965610712452616,1894,1.849999999999909,4,0
ZS=F,2022-02-07 14:00:00,0.0006443702095492904,2621,1.7999999999999545,4,0
ZS=F,2022-02-07 15:00:00,0.0006980326244906875,1935,1.7000000000000455,4,0
ZS=F,2022-02-08 09:00:00,0.0006645755345877631,2349,1.6899999999998272,4,0
ZS=F,2022-02-08 10:00:00,0.0006540896175709468,2309,0.9399999999998272,4,0
ZS=F,2022-02-08 11:00:00,0.0006733702672445214,845,1.1199999999998909,4,0
ZS=F,2022-02-08 12:00:00,0.0005503787326198059,2081,2.1000000000001364,4,0
ZS=F,2022-02-08 13:00:00,0.0004937458843561035,1848,1.240000000000009,4,0
ZS=F,2022-02-08 14:00:00,0.0004916599337069535,3023,1.7799999999999727,4,0
ZS=F,2022-02-08 15:00:00,0.0007389349690507314,2447,3.5900000000001455,4,0
ZS=F,2022-02-09 09:00:00,0.0009769825557479216,1852,0.7699999999999818,4,0
ZS=F,2022-02-09 10:00:00,0.0009708274693261246,1671,1.4600000000000364,4,0
ZS=F,2022-02-09 11:00:00,0.00010293594981609913,2803,1.6600000000000819,4,0
ZS=F,2022-02-09 12:00:00,0.0005391232739994313,2172,1.150000000000091,4,0
ZS=F,2022-02-09 13:00:00,0.00030927043790524966,2738,1.2699999999999818,4,0
ZS=F,2022-02-09 14:00:00,0.0008358739351774096,2867,1.0599999999999454,4,0
ZS=F,2022-02-09 15:00:00,0.0007212459690895027,2438,1.4099999999998545,4,0
ZS=F,2022-02-10 09:00:00,0.002545142333381468,2275,1.3699999999998909,4,1
ZS=F,2022-02-10 10:00:00,0.000730143111118151,1641,1.4100000000000819,4,0
ZS=F,2022-02-10 11:00:00,0.0006481630782529712,2349,1.1900000000000546,4,0
ZS=F,2022-02-10 12:00:00,0.00028336584143869834,2740,0.4600000000000364,4,0
ZS=F,2022-02-10 13:00:00,0.0005583619130303646,2672,1.4100000000000819,4,0
ZS=F,2022-02-10 14:00:00,0.00030908534667151947,1774,0.4500000000000455,4,0
ZS=F,2022-02-10 15:00:00,0.0008007571021108174,2232,2.0299999999999727,4,0
ZS=F,2022-02-11 09:00:00,0.0018816562349395103,2669,1.4700000000000273,4,1
ZS=F,2022-02-11 10:00:00,0.0006063448363230514,1732,1.3900000000001,4,0
ZS=F,2022-02-11 11:00:00,0.0004118045422031321,1827,1.0899999999999181,4,0
ZS=F,2022-02-11 12:00:00,0.0007280467245042911,2793,1.25,4,0
ZS=F,2022-02-11 13:00:00,0.0003089187357264498,2129,1.4700000000000273,4,0
ZS=F,2022-02-11 14:00:00,0.000432578904170202,2180,0.3200000000001637,4,0
ZS=F,2022-02-11 15:00:00,0.00047682024299961276,3149,2.519999999999982,4,0
ZS=F,2022-02-14 09:00:00,0.0016902544269265965,2324,2.019999999999982,4,1
ZS=F,2022-02-14 10:00:00,0.00023880626126673445,2184,0.7599999999999909,4,0
ZS=F,2022-02-14 11:00:00,0.0002794873312934266,2359,1.550000000000182,4,0
ZS=F,2022-02-14 12:00:00,0.000485557188673524,2975,1.509999999999991,4,0
ZS=F,2022-02-14 13:00:00,0.0008404458719462827,1601,3.75,4,0
ZS=F,2022-02-14 14:00:00,0.0005097154052636686,2137,1.199999999999818,4,0
ZS=F,2022-02-14 15:00:00,0.0010006199339970183,2464,2.150000000000091,4,0
ZS=F,2022-02-15 09:00:00,0.001207497320177476,2501,2.740000000000009,4,0
ZS=F,2022-02-15 10:00:00,0.0006900217813425549,2968,3.240000000000009,4,0
ZS=F,2022-02-15 11:00:00,0.0007622136923259561,1604,1.7799999999999727,4,0
ZS=F,2022-02-15 12:00:00,0.0003918541340694064,2070,1.7899999999999636,4,0
ZS=F,2022-02-15 13:00:00,0.00030316356077906556,1387,0.9500000000000455,4,0
ZS=F,2022-02-15 14:00:00,0.000839540253325639,2507,1.490000000000009,4,0
ZS=F,2022-02-15 15:00:00,0.000799612329230562,2138,1.2200000000000273,4,0
ZS=F,2022-02-16 09:00:00,0.0019132900529118734,2328,1.0899999999999181,4,1
ZS=F,2022-02-16 10:00:00,0.0006720915455604373,2876,0.8100000000001728,4,0
ZS=F,2022-02-16 11:00:00,0.0005234679183389131,1237,1.0599999999999454,4,0
ZS=F,2022-02-16 12:00:00,0.00022584293997565728,1910,2.910000000000082,4,0
ZS=F,2022-02-16 13:00:00,0.00041087931568239354,2480,0.6600000000000819,4,0
ZS=F,2022-02-16 14:00:00,0.00044549310195688926,2311,1.6700000000000728,4,0
ZS=F,2022-02-16 15:00:00,0.0002253114362401912,1956,1.990000000000009,4,0
ZS=F,2022-02-17 09:00:00,0.0006971633078931672,2584,1.349999999999909,4,0
ZS=F,2022-02-17 10:00:00,0.0005158199970522287,2447,0.9400000000000546,4,0
ZS=F,2022-02-17 11:00:00,0.00029952453299895017,1777,2.9300000000000637,4,0
ZS=F,2022-02-17 12:00:00,0.0003843174632566864,2161,0.2899999999999636,4,0
ZS=F,2022-02-17 13:00:00,0.0006045001082263963,2617,2.3300000000001546,4,0
ZS=F,2022-02-17 14:00:00,0.0008016526149963635,1316,1.3500000000001364,4,0
ZS=F,2022-02-17 15:00:00,0.00045704093768436324,2765,2.6799999999998363,4,0
ZS=F,2022-02-18 09:00:00,0.0007052346502088007,2576,1.3299999999999272,4,0
ZS=F,2022-02-18 10:00:00,0.000721524348160765,1745,2.2000000000000455,4,0
ZS=F,2022-02-18 11:00:00,0.0006965627066455216,1202,2.300000000000182,4,0
ZS=F,2022-02-18 12:00:00,0.0005228430199841952,2101,1.5899999999999181,4,0
ZS=F,2022-02-18 13:00:00,0.0004682718074273915,2123,2.4400000000000546,4,0
ZS=F,2022-02-18 14:00:00,0.0003923289750851238,2796,1.3699999999998909,4,0
ZS=F,2022-02-18 15:00:00,0.0005685264403723201,1978,1.7000000000000455,4,0
ZS=F,2022-02-21 09:00:00,0.0036120049939848096,2796,1.3799999999998818,4,1
ZS=F,2022-02-21 10:00:00,0.0008488032434932651,1961,1.2999999999999545,4,0
ZS=F,2022-02-21 11:00:00,0.0008469823265141567,2104,0.9300000000000637,4,0
ZS=F,2022-02-21 12:00:00,0.0007168906209625544,1716,1.259999999999991,4,0
ZS=F,2022-02-21 13:00:00,0.0005385844641125681,1906,1.9400000000000546,4,0
ZS=F,2022-02-21 14:00:00,0.00034433197331341215,2172,2.4200000000000728,4,0
ZS=F,2022-02-21 15:00:00,0.000592947800047777,2098,1.5299999999999727,4,0
ZS=F,2022-02-22 09:00:00,0.0004962720033883033,2257,1.1199999999998909,4,0
ZS=F,2022-02-22 10:00:00,0.0007365726013646723,2214,1.349999999999909,4,0
ZS=F,2022-02-22 11:00:00,0.0005938210208197634,1702,2.019999999999982,4,0
ZS=F,2022-02-22 12:00:00,0.0006837512954992508,2120,2.0100000000002183,4,0
ZS=F,2022-02-22 13:00:00,0.0006160449700174081,2518,1.1099999999999,4,0
ZS=F,2022-02-22 14:00:00,0.000589296973922109,1656,0.5299999999999727,4,0
ZS=F,2022-02-22 15:00:00,0.0003079506648065521,1713,1.3900000000001,4,0
ZS=F,2022-02-23 09:00:00,0.0019818755602212753,2335,2.089999999999918,4,1
ZS=F,2022-02-23 10:00:00,0.0008630754305692697,2930,3.8599999999999,4,0
ZS=F,2022-02-23 11:00:00,0.0007813307824003737,2866,1.1100000000001273,4,0
ZS=F,2022-02-23 12:00:00,0.0004182181519255812,2387,0.75,4,0
ZS=F,2022-02-23 13:00:00,0.0007602367901978738,2200,1.3599999999999,4,0
ZS=F,2022-02-23 14:00:00,0.0008803332718052117,2217,2.240000000000009,4,0
ZS=F,2022-02-23 15:00:00,0.0008774863738602036,2999,1.4700000000000273,4,0
ZS=F,2022-02-24 09:00:00,0.0021645081580109636,2013,1.7699999999999818,4,1
ZS=F,2022-02-24 10:00:00,0.0005974562776489887,2891,1.0199999999999818,4,0
ZS=F,2022-02-24 11:00:00,0.0008042749462720343,1411,0.8700000000001182,4,0
ZS=F,2022-02-24 12:00:00,0.00048286629937507116,2028,1.2000000000000455,4,0
ZS=F,2022-02-24 13:00:00,0.000766594279731858,2088,1.9500000000000455,4,0
ZS=F,2022-02-24 14:00:00,0.0004906744716625304,2804,1.3299999999999272,4,0
ZS=F,2022-02-24 15:00:00,0.0006433460963113742,2571,1.1399999999998727,4,0
ZS=F,2022-02-25 09:00:00,0.002129841711222737,2106,0.6800000000000637,4,1
ZS=F,2022-02-25 10:00:00,0.0005686475638084731,2048,2.560000000000173,4,0
ZS=F,2022-02-25 11:00:00,0.0004300395956779882,1660,0.8099999999999454,4,0
ZS=F,2022-02-25 12:00:00,0.00012691169581901396,1557,1.7999999999999545,4,0
ZS=F,2022-02-25 13:00:00,0.0002680588896590685,2008,1.2100000000000364,4,0
ZS=F,2022-02-25 14:00:00,0.0007366811140910041,2380,1.3900000000001,4,0
ZS=F,2022-02-25 15:00:00,0.0003283313898875882,3037,2.3999999999998636,4,0
ZS=F,2022-02-28 09:00:00,0.0019298584682590043,1887,2.400000000000091,4,1
ZS=F,2022-02-28 10:00:00,0.0009084277492349721,1732,2.8999999999998636,4,0
ZS=F,2022-02-28 11:00:00,0.00041491368471387494,2480,1.5900000000001455,4,0
ZS=F,2022-02-28 12:00:00,0.0007712608084221018,2216,1.8799999999998818,4,0
ZS=F,2022-02-28 13:00:00,0.0003490644416570731,2006,0.7300000000000182,4,0
ZS=F,2022-02-28 14:00:00,0.0005015063748122165,2082,1.150000000000091,4,0
ZS=F,2022-02-28 15:00:00,0.0004219061369455792,1829,2.410000000000082,4,0
ZS=F,2022-03-01 09:00:00,0.0034014370071571527,2291,2.4400000000000546,4,1
ZS=F,2022-03-01 10:00:00,0.0006985830367739367,2580,1.9200000000000728,4,0
ZS=F,2022-03-01 11:00:00,0.0005205101567874478,1710,2.5300000000002,4,0
ZS=F,2022-03-01 12:00:00,0.0005223222404911135,2998,0.9500000000000455,4,0
ZS=F,2022-03-01 13:00:00,0.00035314278599499346,2199,2.9300000000000637,4,0
ZS=F,2022-03-01 14:00:00,0.0006010240663262005,1146,2.0299999999999727,4,0
ZS=F,2022-03-01 15:00:00,0.0004647588015952796,1887,1.5299999999999727,4,0
ZS=F,2022-03-02 09:00:00,0.00076017437795522,2295,1.240000000000009,4,0
ZS=F,2022-03-02 10:00:00,0.0005081436787589751,2914,0.8700000000001182,4,0
ZS=F,2022-03-02 11:00:00,0.0008340167331892921,3627,2.009999999999991,4,0
ZS=F,2022-03-02 12:00:00,0.0007096389087166378,2884,1.3199999999999363,4,0
ZS=F,2022-03-02 13:00:00,0.0008151213232132139,2070,1.3999999999998636,4,0
ZS=F,2022-03-02 14:00:00,0.0006488025948842571,1650,1.6900000000000546,4,0
ZS=F,2022-03-02 15:00:00,0.0006508623118135396,3078,1.0399999999999636,4,0
ZS=F,2022-03-03 09:00:00,0.00216928447943165,2452,2.2100000000000364,4,1
ZS=F,2022-03-03 10:00:00,0.0007394627625038818,2713,1.2399999999997817,4,0
ZS=F,2022-03-03 11:00:00,0.0008669752070111232,1906,1.6700000000000728,4,0
ZS=F,2022-03-03 12:00:00,0.0006407601324666121,2428,2.040000000000191,4,0
ZS=F,2022-03-03 13:00:00,0.00045421276561531134,1825,2.1700000000000728,4,0
ZS=F,2022-03-03 14:00:00,0.0002492755422100259,2164,0.6300000000001091,4,0
ZS=F,2022-03-03 15:00:00,0.0006552222985638348,1616,1.4800000000000182,4,0
ZS=F,2022-03-04 09:00:00,0.0015550114986462129,2414,1.3700000000001182,4,1
ZS=F,2022-03-04 10:00:00,0.0010033416383057098,2519,1.900000000000091,4,0
ZS=F,2022-03-04 11:00:00,0.0008641119447146008,2964,1.240000000000009,4,0
ZS=F,2022-03-04 12:00:00,0.000886876807728613,2033,1.1700000000000728,4,0
ZS=F,2022-03-04 13:00:00,0.0008258419101671137,2008,1.4500000000000455,4,0
ZS=F,2022-03-04 14:00:00,0.0003180959220065718,2838,0.4500000000000455,4,0
ZS=F,2022-03-04 15:00:00,0.0006162854268318131,2072,1.5299999999999727,4,0
ZS=F,2022-03-07 09:00:00,0.002423942200945604,2157,1.2000000000000455,4,1
ZS=F,2022-03-07 10:00:00,0.0006370515832151269,1395,1.1299999999998818,4,0
ZS=F,2022-03-07 11:00:00,0.000617948659668407,1367,1.8600000000001273,4,0
ZS=F,2022-03-07 12:00:00,0.000859741670357569,2661,1.3400000000001455,4,0
ZS=F,2022-03-07 13:00:00,0.0008312052646345953,1581,1.5,4,0
ZS=F,2022-03-07 14:00:00,0.000545763210794112,1992,1.25,4,0
ZS=F,2022-03-07 15:00:00,0.0003814503963883824,2312,1.3199999999999363,4,0
ZS=F,2022-03-08 09:00:00,0.0006714381530355451,1916,3.130000000000109,4,0
ZS=F,2022-03-08 10:00:00,0.0004149066420528879,2632,0.7599999999999909,4,0
ZS=F,2022-03-08 11:00:00,0.0006925820551104001,2940,1.0,4,0
ZS=F,2022-03-08 12:00:00,0.000831791808233223,2342,1.449999999999818,4,0
ZS=F,2022-03-08 13:00:00,0.0003342845244906265,2718,2.130000000000109,4,0
ZS=F,2022-03-08 14:00:00,0.0005610113572185659,2404,0.6899999999998272,4,0
ZS=F,2022-03-08 15:00:00,0.0005818930188728952,2385,1.5,4,0
ZS=F,2022-03-09 09:00:00,0.0019868626208676796,2877,2.2799999999999727,4,1
ZS=F,2022-03-09 10:00:00,0.0006593638126413138,2114,1.2899999999999636,4,0
ZS=F,2022-03-09 11:00:00,0.0004342191170942454,1916,1.3399999999999181,4,0
ZS=F,2022-03-09 12:00:00,0.0007631689832941922,2184,1.5199999999999818,4,0
ZS=F,2022-03-09 13:00:00,0.0002735268504097771,2611,3.5799999999999272,4,0
ZS=F,2022-03-09 14:00:00,0.00033122484092019386,2398,2.7000000000000455,4,0
ZS=F,2022-03-09 15:00:00,0.0008890148714867491,2737,2.5599999999999454,4,0
ZS=F,2022-03-10 09:00:00,0.004607440082664373,2553,2.740000000000009,4,1
ZS=F,2022-03-10 10:00:00,0.00056322252280387,1288,1.6299999999998818,4,0
ZS=F,2022-03-10 11:00:00,0.00045266834163659785,1528,1.599999999999909,4,0
ZS=F,2022-03-10 12:00:00,0.000630550623743878,1795,2.6800000000000637,4,0
ZS=F,2022-03-10 13:00:00,0.00024344723365950149,1847,2.3700000000001182,4,0
ZS=F,2022-03-10 14:00:00,0.0005674335111800401,2483,2.759999999999991,4,0
ZS=F,2022-03-10 15:00:00,0.0007150578708682752,2270,1.3099999999999454,4,0
ZS=F,2022-03-11 09:00:00,0.0021461849537799025,1863,1.3900000000001,4,1
ZS=F,2022-03-11 10:00:00,0.0003058134576660123,3688,1.1600000000000819,4,0
ZS=F,2022-03-11 11:00:00,0.00033938848952189875,2751,2.7100000000000364,4,0
ZS=F,2022-03-11 12:00:00,0.00039406101931264764,1684,1.0899999999999181,4,0
ZS=F,2022-03-11 13:00:00,0.000673582528373479,2345,1.8099999999999454,4,0
ZS=F,2022-03-11 14:00:00,0.0004934095755214352,1914,0.8399999999999181,4,0
ZS=F,2022-03-11 15:00:00,0.000644301656116046,2272,1.3899999999998727,4,0
ZS=F,2022-03-14 09:00:00,0.0020705296994834766,2308,3.3299999999999272,4,1
ZS=F,2022-03-14 10:00:00,0.000562084105846601,2856,1.1800000000000637,4,0
ZS=F,2022-03-14 11:00:00,0.00021993207369780065,1763,0.6200000000001182,4,0
ZS=F,2022-03-14 12:00:00,0.0006464795991664971,2178,1.8799999999998818,4,0
ZS=F,2022-03-14 13:00:00,0.0006932321995092303,2507,0.9399999999998272,4,0
ZS=F,2022-03-14 14:00:00,0.0006013858657373439,2521,0.8299999999999272,4,0
ZS=F,2022-03-14 15:00:00,0.0005342647692542486,1988,1.4200000000000728,4,0
ZS=F,2022-03-15 09:00:00,0.0012981982795653927,3075,0.9100000000000819,4,0
ZS=F,2022-03-15 10:00:00,0.0004809574969571214,1875,0.5900000000001455,4,0
ZS=F,2022-03-15 11:00:00,0.0009195574250253267,2015,1.6400000000001,4,0
ZS=F,2022-03-15 12:00:00,0.0009433508471563429,2681,2.6399999999998727,4,0
ZS=F,2022-03-15 13:00:00,0.0006618770446971541,2857,2.269999999999982,4,0
ZS=F,2022-03-15 14:00:00,0.0003962187018084006,1450,1.6900000000000546,4,0
ZS=F,2022-03-15 15:00:00,0.00043600053760698565,2709,1.4800000000000182,4,0
ZS=F,2022-03-16 09:00:00,0.0008796400065938563,1394,2.769999999999982,4,0
ZS=F,2022-03-16 10:00:00,0.0006226733626211437,1166,1.4200000000000728,4,0
ZS=F,2022-03-16 11:00:00,0.00034765172004847623,1593,0.8099999999999454,4,0
ZS=F,2022-03-16 12:00:00,0.0007030281560718676,1903,3.7000000000000455,4,0
ZS=F,2022-03-16 13:00:00,0.00029469490254809206,2588,0.6499999999998636,4,0
ZS=F,2022-03-16 14:00:00,0.0005218452669931212,2417,1.6499999999998636,4,0
ZS=F,2022-03-16 15:00:00,0.0009291789383006972,2308,1.5,4,0
ZS=F,2022-03-17 09:00:00,0.0012231400211145582,2416,1.3700000000001182,4,0
ZS=F,2022-03-17 10:00:00,0.0005431856092001114,1781,2.839999999999918,4,0
ZS=F,2022-03-17 11:00:00,0.0005300752692302938,1914,1.9300000000000637,4,0
ZS=F,2022-03-17 12:00:00,0.0009307545757342181,1182,1.3899999999998727,4,0
ZS=F,2022-03-17 13:00:00,0.0007536996522955226,2637,2.3500000000001364,4,0
ZS=F,2022-03-17 14:00:00,0.000768335764616252,1399,1.3399999999999181,4,0
ZS=F,2022-03-17 15:00:00,0.0004810424027815139,2194,1.3199999999999363,4,0
ZS=F,2022-03-18 09:00:00,0.0005765840053206218,2824,2.1700000000000728,4,0
ZS=F,2022-03-18 10:00:00,0.00034179017237044145,1974,0.6700000000000728,4,0
ZS=F,2022-03-18 11:00:00,0.0004218824151950537,3231,1.1600000000000819,4,0
ZS=F,2022-03-18 12:00:00,0.0007825081680078388,2110,3.7799999999999727,4,0
ZS=F,2022-03-18 13:00:00,0.00043367171093924915,1909,2.6299999999998818,4,0
ZS=F,2022-03-18 14:00:00,0.0002554728297215002,1727,2.7199999999998,4,0
ZS=F,2022-03-18 15:00:00,0.0008055991550437263,2106,1.4800000000000182,4,0
ZS=F,2022-03-21 09:00:00,0.0021589289818860703,2185,0.9199999999998454,4,1
ZS=F,2022-03-21 10:00:00,0.0007274108315354771,1723,1.7000000000000455,4,0
ZS=F,2022-03-21 11:00:00,0.0003961437163790673,2348,1.8400000000001455,4,0
ZS=F,2022-03-21 12:00:00,0.0007934174141399437,1759,1.1800000000000637,4,0
ZS=F,2022-03-21 13:00:00,0.00034016880583995944,2922,2.990000000000009,4,0
ZS=F,2022-03-21 14:00:00,0.0005589998752242135,2415,1.5399999999999636,4,0
ZS=F,2022-03-21 15:00:00,0.0003192386164042662,3173,0.75,4,0
ZS=F,2022-03-22 09:00:00,0.001745991631187849,2808,1.4500000000000455,4,1
ZS=F,2022-03-22 10:00:00,0.0010579825918858616,1869,2.240000000000009,4,0
ZS=F,2022-03-22 11:00:00,0.0004971872988539289,2144,2.410000000000082,4,0
ZS=F,2022-03-22 12:00:00,8.652453434940563e-05,2144,3.1599999999998545,4,0
ZS=F,2022-03-22 13:00:00,0.00039302064868473446,3121,2.4600000000000364,4,0
ZS=F,2022-03-22 14:00:00,0.0004944357142803322,2358,0.6399999999998727,4,0
ZS=F,2022-03-22 15:00:00,0.0005717244480984862,2075,2.7999999999999545,4,0
ZS=F,2022-03-23 09:00:00,0.001533792260502704,2393,1.1399999999998727,4,1
ZS=F,2022-03-23 10:00:00,0.0005570310761464473,2846,1.6699999999998454,4,0
ZS=F,2022-03-23 11:00:00,0.0005325586654710486,2181,1.3199999999999363,4,0
ZS=F,2022-03-23 12:00:00,0.000636845229589786,1808,1.6499999999998636,4,0
ZS=F,2022-03-23 13:00:00,0.0008069986148982011,2799,1.9799999999997908,4,0
ZS=F,2022-03-23 14:00:00,0.00046110639832687515,3212,1.0399999999999636,4,0
ZS=F,2022-03-23 15:00:00,0.0006218460595213206,1923,1.1299999999998818,4,0
ZS=F,2022-03-24 09:00:00,0.0008006502155454829,2874,1.0299999999999727,4,0
ZS=F,2022-03-24 10:00:00,0.00067456892919009,3179,1.6499999999998636,4,0
ZS=F,2022-03-24 11:00:00,0.000671371735016296,1821,2.1400000000001,4,0
ZS=F,2022-03-24 12:00:00,0.0003602943642510449,3277,0.38999999999987267,4,0
ZS=F,2022-03-24 13:00:00,0.0007377986322176529,1258,1.2200000000000273,4,0
ZS=F,2022-03-24 14:00:00,0.0007449067030755382,1665,1.8700000000001182,4,0
ZS=F,2022-03-24 15:00:00,0.0007675904454512883,2110,1.1200000000001182,4,0
ZS=F,2022-03-25 09:00:00,0.002217088112125245,1559,1.5599999999999454,4,1
ZS=F,2022-03-25 10:00:00,0.0004967562418911905,1915,1.759999999999991,4,0
ZS=F,2022-03-25 11:00:00,0.0009403300388347994,2313,2.5599999999999454,4,0
ZS=F,2022-03-25 12:00:00,0.0008731916901477478,2373,1.259999999999991,4,0
ZS=F,2022-03-25 13:00:00,0.000777963446749414,1846,3.8199999999999363,4,0
ZS=F,2022-03-25 14:00:00,0.0004407925413193162,1926,1.9500000000000455,4,0
ZS=F,2022-03-25 15:00:00,0.0007605848355844435,2765,1.9600000000000364,4,0
ZS=F,2022-03-28 09:00:00,0.0020885166466625667,3159,1.4699999999998,4,1
ZS=F,2022-03-28 10:00:00,0.0007219051604921734,1489,1.490000000000009,4,0
ZS=F,2022-03-28 11:00:00,0.0004011066448142448,2163,2.0399999999999636,4,0
ZS=F,2022-03-28 12:00:00,0.0003299517265242108,2522,0.6600000000000819,4,0
ZS=F,2022-03-28 13:00:00,0.0007031401623582041,1975,1.300000000000182,4,0
ZS=F,2022-03-28 14:00:00,0.0008605207717195946,1939,1.4500000000000455,4,0
ZS=F,2022-03-28 15:00:00,0.0005023470716969567,2474,1.0799999999999272,4,0
ZS=F,2022-03-29 09:00:00,0.003362539731861923,1894,1.8199999999999363,4,1
ZS=F,2022-03-29 10:00:00,0.0005271097130551152,2121,2.0599999999999454,4,0
ZS=F,2022-03-29 11:00:00,0.0006368313799820854,2751,1.6299999999998818,4,0
ZS=F,2022-03-29 12:00:00,0.0006680563319615306,2204,1.4300000000000637,4,0
ZS=F,2022-03-29 13:00:00,0.0009143790879911221,2080,2.560000000000173,4,0
ZS=F,2022-03-29 14:00:00,0.00041511666030805475,1591,1.849999999999909,4,0
ZS=F,2022-03-29 15:00:00,0.0006671616955972616,2808,2.1099999999999,4,0
ZS=F,2022-03-30 09:00:00,0.0001544414834555322,2597,0.3400000000001455,4,0
ZS=F,2022-03-30 10:00:00,0.0002452892911095692,1555,2.8300000000001546,4,0
ZS=F,2022-03-30 11:00:00,0.000637291320292752,1976,2.740000000000009,4,0
ZS=F,2022-03-30 12:00:00,0.0007067303937375758,2721,1.3599999999999,4,0
ZS=F,2022-03-30 13:00:00,0.0008527060933851715,2426,1.3400000000001455,4,0
ZS=F,2022-03-30 14:00:00,0.0007103615078127183,2629,1.4299999999998363,4,0
ZS=F,2022-03-30 15:00:00,0.0005208890153587264,2451,1.849999999999909,4,0
ZS=F,2022-03-31 09:00:00,0.0009590864119209861,1596,0.7300000000000182,4,0
ZS=F,2022-03-31 10:00:00,0.0004215620584141448,2580,1.1299999999998818,4,0
ZS=F,2022-03-31 11:00:00,0.0006789760103362602,2296,1.009999999999991,4,0
ZS=F,2022-03-31 12:00:00,0.00032175477718211326,2793,2.8199999999999363,4,0
ZS=F,2022-03-31 13:00:00,0.0003836002396055292,2231,1.1900000000000546,4,0
ZS=F,2022-03-31 14:00:00,0.0009148255885367962,1939,1.4300000000000637,4,0
ZS=F,2022-03-31 15:00:00,0.0007330202572135954,1654,1.3899999999998727,4,0
ZS=F,2022-04-01 09:00:00,0.0007024436967781155,1185,1.6400000000001,4,0
ZS=F,2022-04-01 10:00:00,0.0003893244387011522,1730,1.3399999999999181,4,0
ZS=F,2022-04-01 11:00:00,0.0003238710059161968,2542,0.7100000000000364,4,0
ZS=F,2022-04-01 12:00:00,0.0008536234708468943,2118,2.0,4,0
ZS=F,2022-04-01 13:00:00,0.0005005762615767596,2664,2.9600000000000364,4,0
ZS=F,2022-04-01 14:00:00,0.000395735275693312,2360,1.8099999999999454,4,0
ZS=F,2022-04-01 15:00:00,0.000421686751405219,1826,1.7899999999999636,4,0
ZS=F,2022-04-04 09:00:00,0.0018621267767588647,1441,2.3500000000001364,4,1
ZS=F,2022-04-04 10:00:00,0.0008160325315576439,1137,1.9700000000000273,4,0
ZS=F,2022-04-04 11:00:00,0.00046946969656511454,1492,1.0,4,0
ZS=F,2022-04-04 12:00:00,0.00017021743965687207,2236,1.6300000000001091,4,0
ZS=F,2022-04-04 13:00:00,0.0007181059523792762,2567,2.0399999999999636,4,0
ZS=F,2022-04-04 14:00:00,0.0007130947737302567,1666,1.3099999999999454,4,0
ZS=F,2022-04-04 15:00:00,0.0002807198033508102,2195,2.2000000000000455,4,0
ZS=F,2022-04-05 09:00:00,0.001033532246294254,1763,1.7300000000000182,4,0
ZS=F,2022-04-05 10:00:00,0.0004228827761645108,1269,1.4700000000000273,4,0
ZS=F,2022-04-05 11:00:00,0.0004839101466330722,2238,0.2899999999999636,4,0
ZS=F,2022-04-05 12:00:00,0.0005877270588878812,2273,1.6900000000000546,4,0
ZS=F,2022-04-05 13:00:00,0.0003702284519406485,2389,0.8599999999999,4,0
ZS=F,2022-04-05 14:00:00,0.0006492148621215877,2854,1.1900000000000546,4,0
ZS=F,2022-04-05 15:00:00,0.000595906999777783,1879,2.0599999999999454,4,0
ZS=F,2022-04-06 09:00:00,0.0017536780550047018,2702,1.1700000000000728,4,1
ZS=F,2022-04-06 10:00:00,0.0006342457411570256,1858,1.25,4,0
ZS=F,2022-04-06 11:00:00,0.0005624711472626002,2206,1.2899999999999636,4,0
ZS=F,2022-04-06 12:00:00,0.0008158296466762109,1249,1.5600000000001728,4,0
ZS=F,2022-04-06 13:00:00,0.0007837484513037379,2341,1.2699999999999818,4,0
ZS=F,2022-04-06 14:00:00,0.0007313280060294664,2496,2.0799999999999272,4,0
ZS=F,2022-04-06 15:00:00,0.00047241705325066005,1820,2.3299999999999272,4,0
ZS=F,2022-04-07 09:00:00,0.000774177993247225,3266,1.4500000000000455,4,0
ZS=F,2022-04-07 10:00:00,0.0005134904952905372,2928,1.4500000000000455,4,0
ZS=F,2022-04-07 11:00:00,0.0007954120296355862,2051,1.2699999999999818,4,0
ZS=F,2022-04-07 12:00:00,0.0006788347002826758,977,2.0499999999999545,4,0
ZS=F,2022-04-07 13:00:00,0.0005738566241133763,2117,1.0,4,0
ZS=F,2022-04-07 14:00:00,0.0007653203133383857,1352,2.6100000000001273,4,0
ZS=F,2022-04-07 15:00:00,0.0007919615893224425,1867,1.6299999999998818,4,0
ZS=F,2022-04-08 09:00:00,0.002063618194598561,2386,1.5,4,1
ZS=F,2022-04-08 10:00:00,0.0006857217316539583,3411,1.9300000000000637,4,0
ZS=F,2022-04-08 11:00:00,0.0006692371964124633,2198,1.3399999999999181,4,0
ZS=F,2022-04-08 12:00:00,0.0003172410793190045,1539,1.5600000000001728,4,0
ZS=F,2022-04-08 13:00:00,0.000752750356512667,2073,1.3800000000001091,4,0
ZS=F,2022-04-08 14:00:00,0.0007061340679457625,1924,1.9500000000000455,4,0
ZS=F,2022-04-08 15:00:00,0.000754082558571459,1660,2.7799999999999727,4,0
ZS=F,2022-04-11 09:00:00,0.0019220845384820071,2410,2.1299999999998818,4,1
ZS=F,2022-04-11 10:00:00,0.0005464635220116454,2743,2.150000000000091,4,0
ZS=F,2022-04-11 11:00:00,0.0008405918333626839,2410,1.5,4,0
ZS=F,2022-04-11 12:00:00,0.0004344812738573783,2755,2.1299999999998818,4,0
ZS=F,2022-04-11 13:00:00,0.0005005905559640562,2659,0.43000000000006366,4,0
ZS=F,2022-04-11 14:00:00,0.00042200513890558694,1781,1.6900000000000546,4,0
ZS=F,2022-04-11 15:00:00,0.0005688557367386587,2349,4.189999999999827,4,0
ZS=F,2022-04-12 09:00:00,0.002970972583321902,1747,3.2000000000000455,4,1
ZS=F,2022-04-12 10:00:00,0.0006530227596132195,2851,1.4500000000000455,4,0
ZS=F,2022-04-12 11:00:00,0.0005322199016304956,2795,2.3400000000001455,4,0
ZS=F,2022-04-12 12:00:00,0.0006938310044230113,1701,2.2000000000000455,4,0
ZS=F,2022-04-12 13:00:00,0.0003082121548577939,2607,1.8800000000001091,4,0
ZS=F,2022-04-12 14:00:00,0.0004802716262994159,2094,2.839999999999918,4,0
ZS=F,2022-04-12 15:00:00,0.0004901908548385334,2109,2.130000000000109,4,0
ZS=F,2022-04-13 09:00:00,0.0009767410318437166,2917,3.3899999999998727,4,0
ZS=F,2022-04-13 10:00:00,0.0004955207298256993,2341,0.7699999999999818,4,0
ZS=F,2022-04-13 11:00:00,0.0004959544878541885,2994,1.3600000000001273,4,0
ZS=F,2022-04-13 12:00:00,0.0005731533509286925,2163,1.3400000000001455,4,0
ZS=F,2022-04-13 13:00:00,0.0005553631354370126,1733,0.7400000000000091,4,0
ZS=F,2022-04-13 14:00:00,0.00023375855039425711,1171,0.6700000000000728,4,0
ZS=F,2022-04-13 15:00:00,0.0004682846244882198,2756,2.0299999999999727,4,0
ZS=F,2022-04-14 09:00:00,0.001226735187625226,3086,3.3200000000001637,4,0
ZS=F,2022-04-14 10:00:00,0.0005119266033757884,2166,1.2999999999999545,4,0
ZS=F,2022-04-14 11:00:00,0.0003456710636847095,2007,1.1300000000001091,4,0
ZS=F,2022-04-14 12:00:00,0.0008153334272091133,3050,1.349999999999909,4,0
ZS=F,2022-04-14 13:00:00,0.0007702556539149216,3116,1.8199999999999363,4,0
ZS=F,2022-04-14 14:00:00,0.0005251159523606265,2066,2.2600000000002183,4,0
ZS=F,2022-04-14 15:00:00,0.0007633319481194405,2357,1.5399999999999636,4,0
ZS=F,2022-04-15 09:00:00,0.002666905539691297,2552,1.240000000000009,4,1
ZS=F,2022-04-15 10:00:00,0.0006579914510024594,2961,1.509999999999991,4,0
ZS=F,2022-04-15 11:00:00,0.0002772532182030366,3311,2.6200000000001182,4,0
ZS=F,2022-04-15 12:00:00,0.00023912565255517057,2573,2.089999999999918,4,0
ZS=F,2022-04-15 13:00:00,0.0006333143248241356,2256,1.3399999999999181,4,0
ZS=F,2022-04-15 14:00:00,0.0007743450982080019,2305,2.3099999999999454,4,0
ZS=F,2022-04-15 15:00:00,0.0008175589318974482,2700,2.8400000000001455,4,0
ZS=F,2022-04-18 09:00:00,0.0035082071360521064,2407,1.3699999999998909,4,1
ZS=F,2022-04-18 10:00:00,0.0005947429562705318,2739,1.1299999999998818,4,0
ZS=F,2022-04-18 11:00:00,0.000806757557747206,2422,2.009999999999991,4,0
ZS=F,2022-04-18 12:00:00,0.000521117490832395,2392,1.5700000000001637,4,0
ZS=F,2022-04-18 13:00:00,0.0005059186589698763,2497,2.8099999999999454,4,0
ZS=F,2022-04-18 14:00:00,0.00041198172399844194,1691,0.7200000000000273,4,0
ZS=F,2022-04-18 15:00:00,0.0007925904250853513,1441,2.6700000000000728,4,0
ZS=F,2022-04-19 09:00:00,0.001339744488962368,2394,2.3599999999999,4,0
ZS=F,2022-04-19 10:00:00,0.0007217778642663607,2365,1.800000000000182,4,0
ZS=F,2022-04-19 11:00:00,0.0006669650495107063,2301,1.4100000000000819,4,0
ZS=F,2022-04-19 12:00:00,0.0004170740194618032,2967,1.099999999999909,4,0
ZS=F,2022-04-19 13:00:00,0.0005233699553739662,2694,1.3700000000001182,4,0
ZS=F,2022-04-19 14:00:00,0.0004141997188941923,1884,1.4500000000000455,4,0
ZS=F,2022-04-19 15:00:00,0.0005617323944666886,1911,1.1600000000000819,4,0
ZS=F,2022-04-20 09:00:00,0.0004926644317753871,2643,1.3099999999999454,4,0
ZS=F,2022-04-20 10:00:00,0.00032771811206229885,1407,0.5599999999999454,4,0
ZS=F,2022-04-20 11:00:00,0.0007061864690202917,2093,1.240000000000009,4,0
ZS=F,2022-04-20 12:00:00,0.0006603154541790898,1587,1.3300000000001546,4,0
ZS=F,2022-04-20 13:00:00,0.000644621226209598,1543,1.1099999999999,4,0
ZS=F,2022-04-20 14:00:00,0.00021082538276204153,1652,0.4600000000000364,4,0
ZS=F,2022-04-20 15:00:00,0.0006131543526655018,2877,1.5499999999999545,4,0
ZS=F,2022-04-21 09:00:00,0.00019492093021714513,1334,2.7100000000000364,4,0
ZS=F,2022-04-21 10:00:00,0.00036536143889599515,2249,2.1400000000001,4,0
ZS=F,2022-04-21 11:00:00,0.0005398634333337006,1129,0.8400000000001455,4,0
ZS=F,2022-04-21 12:00:00,0.0007730940767272564,2113,1.6299999999998818,4,0
ZS=F,2022-04-21 13:00:00,0.0006469358361916434,2573,2.160000000000082,4,0
ZS=F,2022-04-21 14:00:00,0.0005152666863970091,2516,1.0699999999999363,4,0
ZS=F,2022-04-21 15:00:00,0.0007921267845428639,1957,1.8099999999999454,4,0
ZS=F,2022-04-22 09:00:00,0.0011626515531772358,2151,2.5699999999999363,4,0
ZS=F,2022-04-22 10:00:00,0.00031022719593817676,2101,0.7200000000000273,4,0
ZS=F,2022-04-22 11:00:00,0.0006963403569697603,2334,1.3999999999998636,4,0
ZS=F,2022-04-22 12:00:00,0.0005327500446766214,2554,1.3799999999998818,4,0
ZS=F,2022-04-22 13:00:00,0.0009901774275172092,1896,1.599999999999909,4,0
ZS=F,2022-04-22 14:00:00,0.0005966569043061675,1813,1.2200000000000273,4,0
ZS=F,2022-04-22 15:00:00,0.0005763227546321547,1663,1.290000000000191,4,0
ZS=F,2022-04-25 09:00:00,0.0024316231688985518,3136,1.3199999999999363,4,1
ZS=F,2022-04-25 10:00:00,0.0006322520334568728,3445,3.4300000000000637,4,0
ZS=F,2022-04-25 11:00:00,0.0007993433004265369,3241,1.3600000000001273,4,0
ZS=F,2022-04-25 12:00:00,0.0008401330519842235,2533,1.7000000000000455,4,0
ZS=F,2022-04-25 13:00:00,0.00021011228757430834,2132,0.8099999999999454,4,0
ZS=F,2022-04-25 14:00:00,0.0005843693214456888,2290,1.1900000000000546,4,0
ZS=F,2022-04-25 15:00:00,0.00036981365593862517,2901,2.490000000000009,4,0
ZS=F,2022-04-26 09:00:00,0.00031870475834388666,2628,2.4700000000000273,4,0
ZS=F,2022-04-26 10:00:00,0.00037754749259833533,1923,2.5299999999999727,4,0
ZS=F,2022-04-26 11:00:00,0.0007495801795984431,2843,3.2200000000000273,4,0
ZS=F,2022-04-26 12:00:00,0.0006447150219098199,3416,3.0799999999999272,4,0
ZS=F,2022-04-26 13:00:00,0.00078621308392161,2160,1.7300000000000182,4,0
ZS=F,2022-04-26 14:00:00,0.00035112979841317996,3336,3.0399999999999636,4,0
ZS=F,2022-04-26 15:00:00,5.496671492722892e-05,1899,0.7000000000000455,4,0
ZS=F,2022-04-27 09:00:00,0.0046777359815321625,1895,1.1900000000000546,4,1
ZS=F,2022-04-27 10:00:00,0.00035295872422807156,2727,0.8699999999998909,4,0
ZS=F,2022-04-27 11:00:00,0.000968793414451286,1821,2.7100000000000364,4,0
ZS=F,2022-04-27 12:00:00,0.0008668222376424147,2015,1.3700000000001182,4,0
ZS=F,2022-04-27 13:00:00,0.00027722578822442803,2305,1.900000000000091,4,0
ZS=F,2022-04-27 14:00:00,0.0006316278632232562,1902,1.8599999999999,4,0
ZS=F,2022-04-27 15:00:00,0.0006065860291450287,3057,1.7100000000000364,4,0
ZS=F,2022-04-28 09:00:00,0.003001727802643821,2899,1.3700000000001182,4,1
ZS=F,2022-04-28 10:00:00,0.0007502813106400882,2233,2.3300000000001546,4,0
ZS=F,2022-04-28 11:00:00,0.0005721866065306102,2279,1.0399999999999636,4,0
ZS=F,2022-04-28 12:00:00,0.0009272414011532167,1644,1.4300000000000637,4,0
ZS=F,2022-04-28 13:00:00,0.0006737211652907263,1609,1.1099999999999,4,0
ZS=F,2022-04-28 14:00:00,0.000572845533361152,2509,1.1900000000000546,4,0
ZS=F,2022-04-28 15:00:00,0.0002852050819105682,2073,2.1499999999998636,4,0
ZS=F,2022-04-29 09:00:00,0.00102190687816015,2805,1.3399999999999181,4,0
ZS=F,2022-04-29 10:00:00,0.0006267709968027863,2194,1.150000000000091,4,0
ZS=F,2022-04-29 11:00:00,0.0004988339800779565,1896,1.4399999999998272,4,0
ZS=F,2022-04-29 12:00:00,0.000492229518793584,2205,1.3299999999999272,4,0
ZS=F,2022-04-29 13:00:00,0.0006074696990254017,2590,1.9400000000000546,4,0
ZS=F,2022-04-29 14:00:00,0.0003922391892128597,1547,1.5199999999999818,4,0
ZS=F,2022-04-29 15:00:00,0.0006362894757367916,1958,1.3500000000001364,4,0
ZS=F,2022-05-02 09:00:00,0.0039198938367558745,1420,1.5899999999999181,4,1
ZS=F,2022-05-02 10:00:00,0.0007309368234983704,2020,1.3199999999999363,4,0
ZS=F,2022-05-02 11:00:00,0.0006584620362632183,1079,1.1899999999998272,4,0
ZS=F,2022-05-02 12:00:00,0.00040329479380217303,2459,0.8699999999998909,4,0
ZS=F,2022-05-02 13:00:00,0.0004610879587922447,2747,2.1700000000000728,4,0
ZS=F,2022-05-02 14:00:00,0.0008715415843776245,1913,2.1700000000000728,4,0
ZS=F,2022-05-02 15:00:00,0.0005691979072001254,2438,1.259999999999991,4,0
ZS=F,2022-05-03 09:00:00,0.0009823382105017433,1847,0.9100000000000819,4,0
ZS=F,2022-05-03 10:00:00,0.0004324679636281236,1774,0.9300000000000637,4,0
ZS=F,2022-05-03 11:00:00,0.0007107595994191427,2387,1.6599999999998545,4,0
ZS=F,2022-05-03 12:00:00,0.00030096089841615155,2170,1.3900000000001,4,0
ZS=F,2022-05-03 13:00:00,0.0004241924164469127,2205,1.3999999999998636,4,0
ZS=F,2022-05-03 14:00:00,0.0007917970027773229,2206,1.4500000000000455,4,0
ZS=F,2022-05-03 15:00:00,0.0005782324038737481,2856,0.9700000000000273,4,0
ZS=F,2022-05-04 09:00:00,0.002247200811322076,1540,1.3200000000001637,4,1
ZS=F,2022-05-04 10:00:00,0.0007405221119362986,2034,2.3999999999998636,4,0
ZS=F,2022-05-04 11:00:00,0.0005659549653796134,2264,2.089999999999918,4,0
ZS=F,2022-05-04 12:00:00,0.000683013227061772,1491,1.4600000000000364,4,0
ZS=F,2022-05-04 13:00:00,0.0006607484226158153,2604,1.009999999999991,4,0
ZS=F,2022-05-04 14:00:00,0.000687508710331311,2435,1.8300000000001546,4,0
ZS=F,2022-05-04 15:00:00,0.00025194705706834016,2511,0.5500000000001819,4,0
ZS=F,2022-05-05 09:00:00,0.0017498788031376656,1983,3.8199999999999363,4,1
ZS=F,2022-05-05 10:00:00,0.0005197402025671423,2817,1.8700000000001182,4,0
ZS=F,2022-05-05 11:00:00,0.0004208894300043883,2213,0.6800000000000637,4,0
ZS=F,2022-05-05 12:00:00,0.0004396413676644009,2421,0.8099999999999454,4,0
ZS=F,2022-05-05 13:00:00,0.000742528367354975,2193,1.5,4,0
ZS=F,2022-05-05 14:00:00,0.0005955651686550659,2502,1.0900000000001455,4,0
ZS=F,2022-05-05 15:00:00,0.00044038296472365357,2419,0.8000000000001819,4,0
ZS=F,2022-05-06 09:00:00,0.0009601240430203827,2829,1.490000000000009,4,0
ZS=F,2022-05-06 10:00:00,0.0003705778485969283,3006,1.1000000000001364,4,0
ZS=F,2022-05-06 11:00:00,0.0009475816745909597,1619,2.910000000000082,4,0
ZS=F,2022-05-06 12:00:00,0.0005644479425891954,2082,1.0399999999999636,4,0
ZS=F,2022-05-06 13:00:00,0.0006843950020174267,2167,2.7000000000000455,4,0
ZS=F,2022-05-06 14:00:00,0.0005800443761692922,2193,1.1499999999998636,4,0
ZS=F,2022-05-06 15:00:00,0.000860790828771535,2422,2.490000000000009,4,0
ZS=F,2022-05-09 09:00:00,0.002099642253233303,2355,1.5599999999999454,4,1
ZS=F,2022-05-09 10:00:00,0.00042315795786591935,3158,1.0899999999999181,4,0
ZS=F,2022-05-09 11:00:00,0.00030686246760297395,1454,1.150000000000091,4,0
ZS=F,2022-05-09 12:00:00,0.00030231521198391436,2950,1.5299999999999727,4,0
ZS=F,2022-05-09 13:00:00,0.00042295477918607137,1969,1.599999999999909,4,0
ZS=F,2022-05-09 14:00:00,0.0005418310833946433,2254,1.349999999999909,4,0
ZS=F,2022-05-09 15:00:00,0.00040048221372538745,2811,1.4700000000000273,4,0
ZS=F,2022-05-10 09:00:00,0.0018242366052189044,2317,1.349999999999909,4,1
ZS=F,2022-05-10 10:00:00,0.0006117167658775027,2809,2.400000000000091,4,0
ZS=F,2022-05-10 11:00:00,0.0006359414066319019,3024,2.4300000000000637,4,0
ZS=F,2022-05-10 12:00:00,0.00039550607052153187,2255,0.5,4,0
ZS=F,2022-05-10 13:00:00,0.0006757061586729288,1855,1.1700000000000728,4,0
ZS=F,2022-05-10 14:00:00,0.00019400798758225347,1819,0.6900000000000546,4,0
ZS=F,2022-05-10 15:00:00,0.0004154577598052441,2272,2.9700000000000273,4,0
ZS=F,2022-05-11 09:00:00,0.003272069365324289,1878,2.2200000000000273,4,1
ZS=F,2022-05-11 10:00:00,0.000489906515017209,2594,1.349999999999909,4,0
ZS=F,2022-05-11 11:00:00,0.0005773622349904959,2725,0.900000000000091,4,0
ZS=F,2022-05-11 12:00:00,0.0005651187493530198,2834,1.8099999999999454,4,0
ZS=F,2022-05-11 13:00:00,0.00033568527960096115,2011,3.1800000000000637,4,0
ZS=F,2022-05-11 14:00:00,0.0006021790419894561,2295,3.4600000000000364,4,0
ZS=F,2022-05-11 15:00:00,0.0008738750835273667,2694,1.4800000000000182,4,0
ZS=F,2022-05-12 09:00:00,0.0007062986472469504,2772,1.1900000000000546,4,0
ZS=F,2022-05-12 10:00:00,0.0006951386856131156,1664,1.7100000000000364,4,0
ZS=F,2022-05-12 11:00:00,0.0004473306193957089,2307,1.7799999999999727,4,0
ZS=F,2022-05-12 12:00:00,0.000533157362107923,2011,1.0699999999999363,4,0
ZS=F,2022-05-12 13:00:00,0.000731656555471478,2392,2.0,4,0
ZS=F,2022-05-12 14:00:00,0.0001795053772558286,2565,2.0799999999999272,4,0
ZS=F,2022-05-12 15:00:00,0.0007932298987974346,2448,1.25,4,0
ZS=F,2022-05-13 09:00:00,0.0013195181464679085,1867,1.3100000000001728,4,0
ZS=F,2022-05-13 10:00:00,0.0006204548432982421,1087,1.1900000000000546,4,0
ZS=F,2022-05-13 11:00:00,0.0005444006938969118,2096,1.7100000000000364,4,0
ZS=F,2022-05-13 12:00:00,0.00038489388654910364,1632,1.5799999999999272,4,0
ZS=F,2022-05-13 13:00:00,0.0006753841099017805,2692,1.509999999999991,4,0
ZS=F,2022-05-13 14:00:00,0.00031501414342067265,2021,1.199999999999818,4,0
ZS=F,2022-05-13 15:00:00,0.00043086395693062493,2401,1.0399999999999636,4,0
ZS=F,2022-05-16 09:00:00,0.001099771060507174,2034,1.4200000000000728,4,0
ZS=F,2022-05-16 10:00:00,0.0004183937971353697,2259,2.0299999999999727,4,0
ZS=F,2022-05-16 11:00:00,0.0006262699707693068,3069,1.3099999999999454,4,0
ZS=F,2022-05-16 12:00:00,0.0005300401611082758,1365,1.240000000000009,4,0
ZS=F,2022-05-16 13:00:00,0.00048143190954765127,3069,1.599999999999909,4,0
ZS=F,2022-05-16 14:00:00,0.0005008055654968891,1218,1.009999999999991,4,0
ZS=F,2022-05-16 15:00:00,0.0006763949987789883,2506,1.3700000000001182,4,0
ZS=F,2022-05-17 09:00:00,0.0016739085996409259,2429,1.4500000000000455,4,1
ZS=F,2022-05-17 10:00:00,0.0004914709867827181,2116,2.589999999999918,4,0
ZS=F,2022-05-17 11:00:00,0.0005939637562315059,2682,1.7000000000000455,4,0
ZS=F,2022-05-17 12:00:00,0.00047225922762395055,1629,1.209999999999809,4,0
ZS=F,2022-05-17 13:00:00,0.0007266019033783876,2852,2.25,4,0
ZS=F,2022-05-17 14:00:00,0.00026627063077299057,2246,2.7100000000000364,4,0
ZS=F,2022-05-17 15:00:00,0.0004508224311501682,3289,1.1700000000000728,4,0
ZS=F,2022-05-18 09:00:00,0.0025293660378372094,1894,1.0399999999999636,4,1
ZS=F,2022-05-18 10:00:00,0.00037442126289764717,2341,0.6000000000001364,4,0
ZS=F,2022-05-18 11:00:00,0.0008509945969128446,2130,1.9800000000000182,4,0
ZS=F,2022-05-18 12:00:00,0.00038601718326766705,2175,2.099999999999909,4,0
ZS=F,2022-05-18 13:00:00,0.0007586125686188717,1779,2.130000000000109,4,0
ZS=F,2022-05-18 14:00:00,0.0003309784935060615,2466,0.7999999999999545,4,0
ZS=F,2022-05-18 15:00:00,0.0007336926884101848,2969,1.5300000000002,4,0
ZS=F,2022-05-19 09:00:00,0.00017929378966432687,2517,2.1700000000000728,4,0
ZS=F,2022-05-19 10:00:00,0.0005022645915805593,1609,1.1700000000000728,4,0
ZS=F,2022-05-19 11:00:00,0.0003895761345225963,1206,0.8899999999998727,4,0
ZS=F,2022-05-19 12:00:00,0.0005117211357462865,2059,2.009999999999991,4,0
ZS=F,2022-05-19 13:00:00,0.00029811229870931803,2726,0.6399999999998727,4,0
ZS=F,2022-05-19 14:00:00,0.0001552608001017447,2902,4.019999999999982,4,0
ZS=F,2022-05-19 15:00:00,0.00026054678167643886,2127,0.8800000000001091,4,0
ZS=F,2022-05-20 09:00:00,0.003700014614867884,2401,0.5099999999999909,4,1
ZS=F,2022-05-20 10:00:00,0.00023406070089663272,1784,0.36000000000012733,4,0
ZS=F,2022-05-20 11:00:00,0.0006550436444017031,1273,2.75,4,0
ZS=F,2022-05-20 12:00:00,0.000799493612689736,2568,1.4700000000000273,4,0
ZS=F,2022-05-20 13:00:00,0.00031822761429567143,1974,0.7300000000000182,4,0
ZS=F,2022-05-20 14:00:00,0.0007256308126318788,3009,2.269999999999982,4,0
ZS=F,2022-05-20 15:00:00,0.0006430579264058503,1721,2.0599999999999454,4,0
ZS=F,2022-05-23 09:00:00,0.0025437105262952077,2248,1.7300000000000182,4,1
ZS=F,2022-05-23 10:00:00,0.0006520566888067974,2707,1.2799999999999727,4,0
ZS=F,2022-05-23 11:00:00,0.000692060595716431,1290,1.3200000000001637,4,0
ZS=F,2022-05-23 12:00:00,0.0006986710814562008,1945,0.9700000000000273,4,0
ZS=F,2022-05-23 13:00:00,0.0003705711302287283,2401,1.199999999999818,4,0
ZS=F,2022-05-23 14:00:00,0.0005993897168531111,2048,1.6800000000000637,4,0
ZS=F,2022-05-23 15:00:00,0.0002668220985166038,1621,0.5499999999999545,4,0
ZS=F,2022-05-24 09:00:00,0.0012160351277007448,2043,2.6400000000001,4,0
ZS=F,2022-05-24 10:00:00,0.0005109819778602267,2618,0.5600000000001728,4,0
ZS=F,2022-05-24 11:00:00,0.00047474281809104104,2398,1.0899999999999181,4,0
ZS=F,2022-05-24 12:00:00,0.0002867194748799763,1464,2.589999999999918,4,0
ZS=F,2022-05-24 13:00:00,0.00038302370404718955,2493,1.7899999999999636,4,0
ZS=F,2022-05-24 14:00:00,0.0004027539887506168,1687,0.4700000000000273,4,0
ZS=F,2022-05-24 15:00:00,0.0006926625700558854,2219,2.150000000000091,4,0
ZS=F,2022-05-25 09:00:00,0.0008111989002330626,2065,0.8800000000001091,4,0
ZS=F,2022-05-25 10:00:00,0.0006586917642444972,1854,1.1900000000000546,4,0
ZS=F,2022-05-25 11:00:00,0.00033029978070609606,1758,2.25,4,0
ZS=F,2022-05-25 12:00:00,0.00045289859439156437,2360,1.7699999999999818,4,0
ZS=F,2022-05-25 13:00:00,0.0007801783394653797,1796,1.3700000000001182,4,0
ZS=F,2022-05-25 14:00:00,0.000535529107272621,2118,0.650000000000091,4,0
ZS=F,2022-05-25 15:00:00,0.000596894548324385,2188,0.9700000000000273,4,0
ZS=F,2022-05-26 09:00:00,0.0010033300925891557,2330,1.2100000000000364,4,0
ZS=F,2022-05-26 10:00:00,0.0006425925773191454,2015,1.3900000000001,4,0
ZS=F,2022-05-26 11:00:00,0.0007866979621851406,1618,2.1100000000001273,4,0
ZS=F,2022-05-26 12:00:00,0.0003411811431485284,2084,1.3399999999999181,4,0
ZS=F,2022-05-26 13:00:00,0.000678307389284229,2261,1.2100000000000364,4,0
ZS=F,2022-05-26 14:00:00,0.0008141440399740971,1663,2.990000000000009,4,0
ZS=F,2022-05-26 15:00:00,0.0006843757695047426,2300,1.4300000000000637,4,0
ZS=F,2022-05-27 09:00:00,0.0006207611297283087,2128,0.11000000000012733,4,0
ZS=F,2022-05-27 10:00:00,0.000733376200630423,2697,1.6200000000001182,4,0
ZS=F,2022-05-27 11:00:00,0.0006403223718597052,2284,1.509999999999991,4,0
ZS=F,2022-05-27 12:00:00,0.0005804271134888135,3631,1.7300000000000182,4,0
ZS=F,2022-05-27 13:00:00,0.0007701645667758858,2143,1.6599999999998545,4,0
ZS=F,2022-05-27 14:00:00,0.000581540498545757,3037,0.9700000000000273,4,0
ZS=F,2022-05-27 15:00:00,0.0004008205272662487,2358,0.7899999999999636,4,0
ZS=F,2022-05-30 09:00:00,0.000903867107472224,1645,1.4500000000000455,4,0
ZS=F,2022-05-30 10:00:00,0.0008403551809072642,2013,2.5699999999999363,4,0
ZS=F,2022-05-30 11:00:00,0.0003812139784775897,2013,1.990000000000009,4,0
ZS=F,2022-05-30 12:00:00,0.00023866490919108028,2027,2.230000000000018,4,0
ZS=F,2022-05-30 13:00:00,0.0004250947606462666,2602,2.099999999999909,4,0
ZS=F,2022-05-30 14:00:00,0.0006096923792273316,2667,2.4300000000000637,4,0
ZS=F,2022-05-30 15:00:00,0.00030868432602624955,1477,0.7400000000000091,4,0
ZS=F,2022-05-31 09:00:00,0.001833446947659686,2006,2.1099999999999,4,1
ZS=F,2022-05-31 10:00:00,0.0005274792871059725,3412,1.3799999999998818,4,0
ZS=F,2022-05-31 11:00:00,0.0001079009405511501,1688,2.4600000000000364,4,0
ZS=F,2022-05-31 12:00:00,0.00026295198937388185,2425,2.2200000000000273,4,0
ZS=F,2022-05-31 13:00:00,0.000466073828416396,2476,0.8600000000001273,4,0
ZS=F,2022-05-31 14:00:00,0.0006039972880310973,3499,1.3399999999999181,4,0
ZS=F,2022-05-31 15:00:00,0.00031491813038200616,1941,1.0600000000001728,4,0
ZS=F,2022-06-01 09:00:00,0.001174256336113459,1499,1.849999999999909,4,0
ZS=F,2022-06-01 10:00:00,0.0003766266064369678,2514,0.9100000000000819,4,0
ZS=F,2022-06-01 11:00:00,0.00020753223088603855,1569,0.7799999999999727,4,0
ZS=F,2022-06-01 12:00:00,0.0009394044369251126,2561,1.3799999999998818,4,0
ZS=F,2022-06-01 13:00:00,0.0006634311948305839,2553,3.3799999999998818,4,0
ZS=F,2022-06-01 14:00:00,0.0008215010448328649,2735,2.3999999999998636,4,0
ZS=F,2022-06-01 15:00:00,0.000539111046446429,2038,2.380000000000109,4,0
ZS=F,2022-06-02 09:00:00,0.0008976945130761892,2869,1.2299999999997908,4,0
ZS=F,2022-06-02 10:00:00,0.0007092922689139585,2271,1.4600000000000364,4,0
ZS=F,2022-06-02 11:00:00,0.0002068225030798329,2629,1.9100000000000819,4,0
ZS=F,2022-06-02 12:00:00,0.00019883827461944365,2116,2.7799999999999727,4,0
ZS=F,2022-06-02 13:00:00,0.00047703369118212957,2103,1.3300000000001546,4,0
ZS=F,2022-06-02 14:00:00,0.0002632715114768942,3029,0.9099999999998545,4,0
ZS=F,2022-06-02 15:00:00,0.0006070105382762459,1226,2.410000000000082,4,0
ZS=F,2022-06-03 09:00:00,0.0017874511309455244,2328,0.22000000000002728,4,1
ZS=F,2022-06-03 10:00:00,0.00046688376385930856,1669,1.1600000000000819,4,0
ZS=F,2022-06-03 11:00:00,0.0004683655523912736,2120,1.2200000000000273,4,0
ZS=F,2022-06-03 12:00:00,0.0007858752257327416,2323,1.5199999999999818,4,0
ZS=F,2022-06-03 13:00:00,0.0005247513083509778,2992,2.230000000000018,4,0
ZS=F,2022-06-03 14:00:00,0.0007318484208476257,2721,1.75,4,0
ZS=F,2022-06-03 15:00:00,0.0005168947313824273,1217,1.4399999999998272,4,0
ZS=F,2022-06-06 09:00:00,0.0011817370057826716,2156,2.3400000000001455,4,0
ZS=F,2022-06-06 10:00:00,0.0009882817174565468,1680,2.6800000000000637,4,0
ZS=F,2022-06-06 11:00:00,0.00045845346273847676,971,0.9800000000000182,4,0
ZS=F,2022-06-06 12:00:00,0.0004398082956125569,2533,1.4500000000000455,4,0
ZS=F,2022-06-06 13:00:00,0.000677568458533139,2341,1.3299999999999272,4,0
ZS=F,2022-06-06 14:00:00,0.0008496018118667355,1890,1.4400000000000546,4,0
ZS=F,2022-06-06 15:00:00,0.00034995474545122265,2033,0.15000000000009095,4,0
ZS=F,2022-06-07 09:00:00,0.0017732842129842947,3272,1.8799999999998818,4,1
ZS=F,2022-06-07 10:00:00,0.000782345809432927,1736,2.599999999999909,4,0
ZS=F,2022-06-07 11:00:00,0.000996561715115657,2545,2.6800000000000637,4,0
ZS=F,2022-06-07 12:00:00,0.00035577154803912955,2679,0.31999999999993634,4,0
ZS=F,2022-06-07 13:00:00,0.0006952204001146041,2606,1.349999999999909,4,0
ZS=F,2022-06-07 14:00:00,0.0004939772459417985,2147,2.4400000000000546,4,0
ZS=F,2022-06-07 15:00:00,0.0008148636146584095,1554,2.490000000000009,4,0
ZS=F,2022-06-08 09:00:00,0.0006164358634162042,2258,2.6399999999998727,4,0
ZS=F,2022-06-08 10:00:00,0.0008129463720226823,2141,2.4700000000000273,4,0
ZS=F,2022-06-08 11:00:00,0.00038418478624369486,2429,0.8100000000001728,4,0
ZS=F,2022-06-08 12:00:00,0.0002238379486306539,2320,1.6599999999998545,4,0
ZS=F,2022-06-08 13:00:00,0.0002758064337476984,2934,0.8400000000001455,4,0
ZS=F,2022-06-08 14:00:00,0.0007056839749803173,1113,2.730000000000018,4,0
ZS=F,2022-06-08 15:00:00,0.00028367580734174955,2423,2.1200000000001182,4,0
ZS=F,2022-06-09 09:00:00,0.0022717295719026595,2264,2.150000000000091,4,1
ZS=F,2022-06-09 10:00:00,0.0005372307357389862,1790,1.1200000000001182,4,0
ZS=F,2022-06-09 11:00:00,0.00035168362083797493,2802,2.2799999999999727,4,0
ZS=F,2022-06-09 12:00:00,0.0004112696861476196,2571,1.509999999999991,4,0
ZS=F,2022-06-09 13:00:00,0.000340893508209329,2209,2.1000000000001364,4,0
ZS=F,2022-06-09 14:00:00,0.0005223846159793299,1915,1.2000000000000455,4,0
ZS=F,2022-06-09 15:00:00,0.0005461920895544364,2411,1.0799999999999272,4,0
ZS=F,2022-06-10 09:00:00,0.0005297692193847506,2232,0.7100000000000364,4,0
ZS=F,2022-06-10 10:00:00,0.0002982831440988567,2512,1.4400000000000546,4,0
ZS=F,2022-06-10 11:00:00,0.0008145371215963669,2281,1.4700000000000273,4,0
ZS=F,2022-06-10 12:00:00,0.0005579374168740854,2424,1.8399999999999181,4,0
ZS=F,2022-06-10 13:00:00,0.0002072984037826927,2765,1.5499999999999545,4,0
ZS=F,2022-06-10 14:00:00,0.0005308606941185357,2645,1.5299999999999727,4,0
ZS=F,2022-06-10 15:00:00,0.0003731254251449592,1854,0.4900000000000091,4,0
ZS=F,2022-06-13 09:00:00,0.0012466309361690783,1630,1.3300000000001546,4,0
ZS=F,2022-06-13 10:00:00,0.000708856268416573,3009,2.349999999999909,4,0
ZS=F,2022-06-13 11:00:00,0.0004932396723217996,2896,1.8799999999998818,4,0
ZS=F,2022-06-13 12:00:00,0.0004940342148918121,2268,2.009999999999991,4,0
ZS=F,2022-06-13 13:00:00,0.0008570641792929876,2802,2.8400000000001455,4,0
ZS=F,2022-06-13 14:00:00,0.0005237084824906373,1900,1.1400000000001,4,0
ZS=F,2022-06-13 15:00:00,0.0007145174346837389,1804,1.3899999999998727,4,0
ZS=F,2022-06-14 09:00:00,0.000959660903808346,2326,0.6799999999998363,4,0
ZS=F,2022-06-14 10:00:00,0.0004891160263853849,1857,1.8599999999999,4,0
ZS=F,2022-06-14 11:00:00,0.00047318283460469015,1877,1.2300000000000182,4,0
ZS=F,2022-06-14 12:00:00,0.00048563730183895723,3420,3.4500000000000455,4,0
ZS=F,2022-06-14 13:00:00,0.00037923343378239106,1889,1.4700000000000273,4,0
ZS=F,2022-06-14 14:00:00,0.0007932315270714152,2510,1.4200000000000728,4,0
ZS=F,2022-06-14 15:00:00,0.0006780175118775309,1963,1.8500000000001364,4,0
ZS=F,2022-06-15 09:00:00,0.0027734459722926264,1946,1.4800000000000182,4,1
ZS=F,2022-06-15 10:00:00,0.00035765788603806914,3146,1.4400000000000546,4,0
ZS=F,2022-06-15 11:00:00,0.0008546628453323955,2725,1.2100000000000364,4,0
ZS=F,2022-06-15 12:00:00,0.0006165669956711791,1888,1.4800000000000182,4,0
ZS=F,2022-06-15 13:00:00,0.0005463440145305568,2634,2.2799999999999727,4,0
ZS=F,2022-06-15 14:00:00,0.00040858378616497433,2762,0.9600000000000364,4,0
ZS=F,2022-06-15 15:00:00,0.00035923537432158134,1721,1.5699999999999363,4,0
ZS=F,2022-06-16 09:00:00,0.00037287750300496686,2023,0.9500000000000455,4,0
ZS=F,2022-06-16 10:00:00,0.0005258766314635686,2635,0.8900000000001,4,0
ZS=F,2022-06-16 11:00:00,0.00044569908441674907,2101,0.7599999999999909,4,0
ZS=F,2022-06-16 12:00:00,0.00048597982666666485,1894,1.199999999999818,4,0
ZS=F,2022-06-16 13:00:00,0.0006484486233251762,1597,1.3900000000001,4,0
ZS=F,2022-06-16 14:00:00,0.0005297696070853032,2913,1.2699999999999818,4,0
ZS=F,2022-06-16 15:00:00,0.000710541410322216,2457,1.5399999999999636,4,0
ZS=F,2022-06-17 09:00:00,0.0004517698121996086,1822,1.3699999999998909,4,0
ZS=F,2022-06-17 10:00:00,0.00028325398372035064,3087,2.8600000000001273,4,0
ZS=F,2022-06-17 11:00:00,0.00035757427807420997,1477,0.6000000000001364,4,0
ZS=F,2022-06-17 12:00:00,0.0006589461273948757,1774,1.1600000000000819,4,0
ZS=F,2022-06-17 13:00:00,0.00017034038980438246,1569,2.5900000000001455,4,0
ZS=F,2022-06-17 14:00:00,0.0002823790094014277,1690,2.5799999999999272,4,0
ZS=F,2022-06-17 15:00:00,0.0006204978896508028,3025,1.199999999999818,4,0
ZS=F,2022-06-20 09:00:00,0.0018813340248358843,2013,3.119999999999891,4,1
ZS=F,2022-06-20 10:00:00,0.0006085935257046712,2725,2.509999999999991,4,0
ZS=F,2022-06-20 11:00:00,0.0002962513901808837,2349,0.7999999999999545,4,0
ZS=F,2022-06-20 12:00:00,0.0006241748599048042,1991,2.1399999999998727,4,0
ZS=F,2022-06-20 13:00:00,0.0004415515352408175,2792,2.6800000000000637,4,0
ZS=F,2022-06-20 14:00:00,0.0007454180576148749,2665,1.4500000000000455,4,0
ZS=F,2022-06-20 15:00:00,0.0008355116837317088,931,1.4400000000000546,4,0
ZS=F,2022-06-21 09:00:00,0.0007308957690228934,2865,1.9600000000000364,4,0
ZS=F,2022-06-21 10:00:00,0.0005396148004773651,1377,2.9500000000000455,4,0
ZS=F,2022-06-21 11:00:00,0.0006254264088811901,2518,0.9199999999998454,4,0
ZS=F,2022-06-21 12:00:00,0.0002484591302939517,2801,0.6599999999998545,4,0
ZS=F,2022-06-21 13:00:00,0.000289328835596216,2716,0.8600000000001273,4,0
ZS=F,2022-06-21 14:00:00,0.0005459898831885299,2351,0.9100000000000819,4,0
ZS=F,2022-06-21 15:00:00,0.0003960695113002668,2596,1.0700000000001637,4,0
ZS=F,2022-06-22 09:00:00,0.0029655818439503516,2219,0.35999999999989996,4,1
ZS=F,2022-06-22 10:00:00,0.00018265002506734286,2346,1.4400000000000546,4,0
ZS=F,2022-06-22 11:00:00,0.0003185038882871429,1976,1.5699999999999363,4,0
ZS=F,2022-06-22 12:00:00,0.00041622258932204613,2078,0.7200000000000273,4,0
ZS=F,2022-06-22 13:00:00,0.0007033879351317734,2230,1.7100000000000364,4,0
ZS=F,2022-06-22 14:00:00,0.0005953279220709646,2777,1.4200000000000728,4,0
ZS=F,2022-06-22 15:00:00,0.0007969130209394366,1847,2.869999999999891,4,0
ZS=F,2022-06-23 09:00:00,0.0020172562023833625,2095,2.9199999999998454,4,1
ZS=F,2022-06-23 10:00:00,0.0001733463590479524,2790,1.7999999999999545,4,0
ZS=F,2022-06-23 11:00:00,0.00040172104637125136,1879,1.25,4,0
ZS=F,2022-06-23 12:00:00,0.0010147887583039962,2273,2.9600000000000364,4,0
ZS=F,2022-06-23 13:00:00,0.000665607543520343,2364,1.3299999999999272,4,0
ZS=F,2022-06-23 14:00:00,0.0004966905737778356,1957,1.4700000000000273,4,0
ZS=F,2022-06-23 15:00:00,0.0004638296904602058,1582,0.8199999999999363,4,0
ZS=F,2022-06-24 09:00:00,0.0006404495312913675,1053,1.4100000000000819,4,0
ZS=F,2022-06-24 10:00:00,0.0005608479649489522,2165,1.2999999999999545,4,0
ZS=F,2022-06-24 11:00:00,0.0005819703940687137,2830,2.2100000000000364,4,0
ZS=F,2022-06-24 12:00:00,0.0004197415875241769,1222,0.7899999999999636,4,0
ZS=F,2022-06-24 13:00:00,0.0007715223664938403,1764,2.339999999999918,4,0
ZS=F,2022-06-24 14:00:00,0.0007060952403696358,2491,3.0299999999999727,4,0
ZS=F,2022-06-24 15:00:00,0.0005679782825435378,3007,2.5399999999999636,4,0
ZS=F,2022-06-27 09:00:00,0.00017557399518783697,2062,0.8500000000001364,4,0
ZS=F,2022-06-27 10:00:00,0.00045215161907981625,1831,0.7699999999999818,4,0
ZS=F,2022-06-27 11:00:00,0.00041735748626541203,2096,1.25,4,0
ZS=F,2022-06-27 12:00:00,0.0006420373542584641,2741,1.1800000000000637,4,0
ZS=F,2022-06-27 13:00:00,0.0003790906957134385,2105,0.3500000000001364,4,0
ZS=F,2022-06-27 14:00:00,0.0003268632392647462,2440,0.7400000000000091,4,0
ZS=F,2022-06-27 15:00:00,0.0004103812717508421,2278,1.6199999999998909,4,0
ZS=F,2022-06-28 09:00:00,0.000492763599332957,1250,1.6499999999998636,4,0
ZS=F,2022-06-28 10:00:00,0.0005119173690318906,1791,1.5599999999999454,4,0
ZS=F,2022-06-28 11:00:00,0.0007496231348093357,2088,1.4200000000000728,4,0
ZS=F,2022-06-28 12:00:00,0.0005349020753761748,1822,2.230000000000018,4,0
ZS=F,2022-06-28 13:00:00,0.0005248604377289535,2246,1.6300000000001091,4,0
ZS=F,2022-06-28 14:00:00,0.0008708952175038916,2055,1.2100000000000364,4,0
ZS=F,2022-06-28 15:00:00,0.00011486351271699293,1537,1.5300000000002,4,0
ZS=F,2022-06-29 09:00:00,0.000896399739105056,2788,0.8699999999998909,4,0
ZS=F,2022-06-29 10:00:00,0.0005121253597120515,2336,1.1299999999998818,4,0
ZS=F,2022-06-29 11:00:00,0.0003658979232268892,2271,2.0,4,0
ZS=F,2022-06-29 12:00:00,0.000621175252459044,2476,2.0800000000001546,4,0
ZS=F,2022-06-29 13:00:00,0.0004772719571817124,3051,0.6200000000001182,4,0
ZS=F,2022-06-29 14:00:00,0.0007106906134448052,1703,1.4400000000000546,4,0
ZS=F,2022-06-29 15:00:00,0.0006648142785931914,1433,1.3800000000001091,4,0
ZS=F,2022-06-30 09:00:00,0.002738166859388259,2238,1.2999999999999545,4,1
ZS=F,2022-06-30 10:00:00,0.0005672793350611059,1785,1.3500000000001364,4,0
ZS=F,2022-06-30 11:00:00,0.0005117840515050381,2225,1.1699999999998454,4,0
ZS=F,2022-06-30 12:00:00,0.0006635490511856117,2496,2.619999999999891,4,0
ZS=F,2022-06-30 13:00:00,0.00047237991719080354,2661,2.3199999999999363,4,0
ZS=F,2022-06-30 14:00:00,0.00047444600767224343,2844,1.1400000000001,4,0
ZS=F,2022-06-30 15:00:00,0.000709130977285974,1486,1.650000000000091,4,0
ZS=F,2022-07-01 09:00:00,0.0007821478575134885,1789,1.75,4,0
ZS=F,2022-07-01 10:00:00,0.00035961120083911457,3058,2.769999999999982,4,0
ZS=F,2022-07-01 11:00:00,0.000637111668347712,2852,2.480000000000018,4,0
ZS=F,2022-07-01 12:00:00,0.0007674670947259988,951,2.119999999999891,4,0
ZS=F,2022-07-01 13:00:00,0.00048104582361644695,3174,1.3199999999999363,4,0
ZS=F,2022-07-01 14:00:00,0.0008288867402293182,2898,1.509999999999991,4,0
ZS=F,2022-07-01 15:00:00,0.0006832216919691488,1497,2.839999999999918,4,0
ZS=F,2022-07-04 09:00:00,0.0008917594284236552,2919,1.4199999999998454,4,0
ZS=F,2022-07-04 10:00:00,0.00046192502860811226,2796,1.8600000000001273,4,0
ZS=F,2022-07-04 11:00:00,0.000477060626721109,1928,0.7999999999999545,4,0
ZS=F,2022-07-04 12:00:00,0.0010471470081494473,2385,2.650000000000091,4,0
ZS=F,2022-07-04 13:00:00,0.0006642794655436112,911,2.0499999999999545,4,0
ZS=F,2022-07-04 14:00:00,0.0005412854532993379,2612,1.759999999999991,4,0
ZS=F,2022-07-04 15:00:00,0.0006170034863970118,1553,1.099999999999909,4,0
ZS=F,2022-07-05 09:00:00,0.0010405394656844028,2796,1.9500000000000455,4,0
ZS=F,2022-07-05 10:00:00,0.00019910019976082877,2366,2.6299999999998818,4,0
ZS=F,2022-07-05 11:00:00,0.0007121721045054522,2587,1.509999999999991,4,0
ZS=F,2022-07-05 12:00:00,0.0007321337642329851,2236,2.1200000000001182,4,0
ZS=F,2022-07-05 13:00:00,0.0004165478192166086,1584,1.4400000000000546,4,0
ZS=F,2022-07-05 14:00:00,0.00030979083627688823,2556,1.1299999999998818,4,0
ZS=F,2022-07-05 15:00:00,0.0003180462404281174,2273,3.6499999999998636,4,0
ZS=F,2022-07-06 09:00:00,0.0010014327289517783,2078,1.9400000000000546,4,0
ZS=F,2022-07-06 10:00:00,0.0007437930841493636,2753,2.119999999999891,4,0
ZS=F,2022-07-06 11:00:00,0.0007227807998315874,1438,1.8500000000001364,4,0
ZS=F,2022-07-06 12:00:00,0.0006188818432903859,2223,0.7799999999999727,4,0
ZS=F,2022-07-06 13:00:00,0.0007682673661920297,1474,1.2799999999999727,4,0
ZS=F,2022-07-06 14:00:00,0.0003159054006818645,2212,1.509999999999991,4,0
ZS=F,2022-07-06 15:00:00,0.00030596973519959035,1813,2.259999999999991,4,0
ZS=F,2022-07-07 09:00:00,0.001050072871802346,2884,1.099999999999909,4,0
ZS=F,2022-07-07 10:00:00,0.0006953775954764847,2962,1.8700000000001182,4,0
ZS=F,2022-07-07 11:00:00,0.0006479152158505566,1670,1.490000000000009,4,0
ZS=F,2022-07-07 12:00:00,0.0005843564350228739,2770,1.7200000000000273,4,0
ZS=F,2022-07-07 13:00:00,0.00045057699767601586,2974,1.2799999999999727,4,0
ZS=F,2022-07-07 14:00:00,0.0006878703154627733,1698,2.269999999999982,4,0
ZS=F,2022-07-07 15:00:00,0.0005109876136698105,2031,2.0,4,0
ZS=F,2022-07-08 09:00:00,0.00048766216567472257,1683,1.3800000000001091,4,0
ZS=F,2022-07-08 10:00:00,0.00025115954076631545,2125,2.6400000000001,4,0
ZS=F,2022-07-08 11:00:00,0.0006226403755512564,2485,2.0,4,0
ZS=F,2022-07-08 12:00:00,0.0006751277363768291,2247,1.1700000000000728,4,0
ZS=F,2022-07-08 13:00:00,0.0005579276556778906,1831,1.1199999999998909,4,0
ZS=F,2022-07-08 14:00:00,0.0007258003351968446,2480,1.2699999999999818,4,0
ZS=F,2022-07-08 15:00:00,0.0006613655750754996,1630,1.4799999999997908,4,0
ZS=F,2022-07-11 09:00:00,0.003961564641592689,2200,1.9199999999998454,4,1
ZS=F,2022-07-11 10:00:00,0.0007060291623738996,1736,1.6100000000001273,4,0
ZS=F,2022-07-11 11:00:00,0.0006915288804108876,2273,2.849999999999909,4,0
ZS=F,2022-07-11 12:00:00,0.0007170213280525897,1771,1.5900000000001455,4,0
ZS=F,2022-07-11 13:00:00,0.0005307825087210997,2576,1.2699999999999818,4,0
ZS=F,2022-07-11 14:00:00,0.00057121375023699,2135,1.3900000000001,4,0
ZS=F,2022-07-11 15:00:00,0.0005742336362383479,2368,1.1800000000000637,4,0
ZS=F,2022-07-12 09:00:00,0.0025268638852311634,2469,1.5399999999999636,4,1
ZS=F,2022-07-12 10:00:00,0.0007133052881061673,1617,1.8299999999999272,4,0
ZS=F,2022-07-12 11:00:00,0.0003814536447237804,2531,2.1200000000001182,4,0
ZS=F,2022-07-12 12:00:00,0.00039920058965083483,1768,2.0799999999999272,4,0
ZS=F,2022-07-12 13:00:00,0.0005324618976734917,2656,1.550000000000182,4,0
ZS=F,2022-07-12 14:00:00,0.0005632626179695307,1443,0.599999999999909,4,0
ZS=F,2022-07-12 15:00:00,0.0005325296583414405,2024,1.6100000000001273,4,0
ZS=F,2022-07-13 09:00:00,0.0021908063142392245,1342,0.43000000000006366,4,1
ZS=F,2022-07-13 10:00:00,0.0005845805121199955,1590,2.8099999999999454,4,0
ZS=F,2022-07-13 11:00:00,0.000569418331585393,1027,1.3399999999999181,4,0
ZS=F,2022-07-13 12:00:00,0.0006386160617631891,3290,1.759999999999991,4,0
ZS=F,2022-07-13 13:00:00,0.00023554376373673187,3134,1.9100000000000819,4,0
ZS=F,2022-07-13 14:00:00,0.0005618845887463297,3429,2.259999999999991,4,0
ZS=F,2022-07-13 15:00:00,0.0007564936331523698,1680,1.2000000000000455,4,0
ZS=F,2022-07-14 09:00:00,0.001538214392365169,2473,1.240000000000009,4,1
ZS=F,2022-07-14 10:00:00,0.0004930188559618209,1899,0.37000000000011823,4,0
ZS=F,2022-07-14 11:00:00,0.00062780894132931,2765,1.6599999999998545,4,0
ZS=F,2022-07-14 12:00:00,0.00025609506799722896,2375,2.3300000000001546,4,0
ZS=F,2022-07-14 13:00:00,0.0005412280710052265,2383,1.3100000000001728,4,0
ZS=F,2022-07-14 14:00:00,0.0005541879745307185,2251,1.5,4,0
ZS=F,2022-07-14 15:00:00,0.0004870944035295559,2680,1.3799999999998818,4,0
ZS=F,2022-07-15 09:00:00,0.0018921452013643464,1857,2.3099999999999454,4,1
ZS=F,2022-07-15 10:00:00,0.0004084500659142483,2570,0.6900000000000546,4,0
ZS=F,2022-07-15 11:00:00,0.0001762976347263829,3013,2.5699999999999363,4,0
ZS=F,2022-07-15 12:00:00,0.0003872095241347978,2965,1.3600000000001273,4,0
ZS=F,2022-07-15 13:00:00,0.0005194678411238666,2024,1.1299999999998818,4,0
ZS=F,2022-07-15 14:00:00,0.0004135412419587175,2140,1.300000000000182,4,0
ZS=F,2022-07-15 15:00:00,0.0005520998457922035,2224,2.3199999999999363,4,0
ZS=F,2022-07-18 09:00:00,0.0008256716474914369,3289,2.259999999999991,4,0
ZS=F,2022-07-18 10:00:00,0.000696240665618403,2019,1.2899999999999636,4,0
ZS=F,2022-07-18 11:00:00,0.0004834527408533729,1198,1.490000000000009,4,0
ZS=F,2022-07-18 12:00:00,0.0005406485804496567,2428,1.099999999999909,4,0
ZS=F,2022-07-18 13:00:00,0.0001744932402521867,3250,2.5799999999999272,4,0
ZS=F,2022-07-18 14:00:00,0.00016190305602579766,1701,2.0,4,0
ZS=F,2022-07-18 15:00:00,0.00015820321532205632,3055,3.7000000000000455,4,0
ZS=F,2022-07-19 09:00:00,0.001950776113054807,1776,0.7899999999999636,4,1
ZS=F,2022-07-19 10:00:00,0.0006881810724480692,2199,1.3699999999998909,4,0
ZS=F,2022-07-19 11:00:00,0.0006141924723975335,1728,1.3799999999998818,4,0
ZS=F,2022-07-19 12:00:00,0.0001355430738278092,2418,0.16999999999984539,4,0
ZS=F,2022-07-19 13:00:00,0.00048086400043580716,3088,1.009999999999991,4,0
ZS=F,2022-07-19 14:00:00,0.0006683709103817695,2072,1.3900000000001,4,0
ZS=F,2022-07-19 15:00:00,0.00041685411195599903,1360,0.9100000000000819,4,0
ZS=F,2022-07-20 09:00:00,0.0008062510491958531,1320,1.709999999999809,4,0
ZS=F,2022-07-20 10:00:00,0.0005973588222123677,1274,2.9600000000000364,4,0
ZS=F,2022-07-20 11:00:00,0.0005628627911017487,2180,1.4700000000000273,4,0
ZS=F,2022-07-20 12:00:00,0.0005843214679972971,2320,0.9500000000000455,4,0
ZS=F,2022-07-20 13:00:00,0.0008078273159382237,1348,1.4600000000000364,4,0
ZS=F,2022-07-20 14:00:00,0.0005979163649227823,2842,1.4199999999998454,4,0
ZS=F,2022-07-20 15:00:00,0.0006993270158612824,2052,1.2100000000000364,4,0
ZS=F,2022-07-21 09:00:00,0.0006264523381638359,1973,0.8099999999999454,4,0
ZS=F,2022-07-21 10:00:00,0.0008215937041328693,1581,1.349999999999909,4,0
ZS=F,2022-07-21 11:00:00,0.0005554092434812972,3235,1.099999999999909,4,0
ZS=F,2022-07-21 12:00:00,0.0002301381995441422,2492,2.1900000000000546,4,0
ZS=F,2022-07-21 13:00:00,0.0006614484065159946,2229,1.4400000000000546,4,0
ZS=F,2022-07-21 14:00:00,0.00024373405094395463,1681,2.2000000000000455,4,0
ZS=F,2022-07-21 15:00:00,0.00029356288137186246,2401,0.7799999999999727,4,0
ZS=F,2022-07-22 09:00:00,0.0005385484906353231,2928,2.25,4,0
ZS=F,2022-07-22 10:00:00,0.00043327577124795434,2036,3.1399999999998727,4,0
ZS=F,2022-07-22 11:00:00,0.00035896648662932625,1689,1.3399999999999181,4,0
ZS=F,2022-07-22 12:00:00,0.0003998928627966106,1762,1.4500000000000455,4,0
ZS=F,2022-07-22 13:00:00,0.0003615839476394196,1218,2.020000000000209,4,0
ZS=F,2022-07-22 14:00:00,0.0005918988089282591,2507,1.8999999999998636,4,0
ZS=F,2022-07-22 15:00:00,0.00017701167538995092,2589,3.4199999999998454,4,0
ZS=F,2022-07-25 09:00:00,0.0003835762765009767,2887,1.4800000000000182,4,0
ZS=F,2022-07-25 10:00:00,0.0007936712023579234,2077,2.509999999999991,4,0
ZS=F,2022-07-25 11:00:00,0.0007443725312638225,1308,1.4600000000000364,4,0
ZS=F,2022-07-25 12:00:00,0.0002991070513257318,2701,1.2300000000000182,4,0
ZS=F,2022-07-25 13:00:00,0.0006369050844395682,3156,1.3799999999998818,4,0
ZS=F,2022-07-25 14:00:00,0.0003033927693008099,1781,2.7200000000000273,4,0
ZS=F,2022-07-25 15:00:00,0.0005496205596124841,2266,1.900000000000091,4,0
ZS=F,2022-07-26 09:00:00,0.0012166146627694875,2256,1.6900000000000546,4,0
ZS=F,2022-07-26 10:00:00,0.0005060738984878602,2607,0.7400000000000091,4,0
ZS=F,2022-07-26 11:00:00,0.0006727322976280437,2183,1.5,4,0
ZS=F,2022-07-26 12:00:00,0.0008659209069903826,2393,2.490000000000009,4,0
ZS=F,2022-07-26 13:00:00,0.0006982900173156169,2816,3.0499999999999545,4,0
ZS=F,2022-07-26 14:00:00,0.0006820423112054828,3397,1.2799999999999727,4,0
ZS=F,2022-07-26 15:00:00,0.0005550382562492372,2260,2.369999999999891,4,0
ZS=F,2022-07-27 09:00:00,0.0024734590570256406,3011,2.8899999999998727,4,1
ZS=F,2022-07-27 10:00:00,0.0006132220021729448,1877,0.8199999999999363,4,0
ZS=F,2022-07-27 11:00:00,0.0002299200928522245,3016,1.3299999999999272,4,0
ZS=F,2022-07-27 12:00:00,0.0006509885522375305,2011,2.2100000000000364,4,0
ZS=F,2022-07-27 13:00:00,0.00040241592349347206,1135,0.7300000000000182,4,0
ZS=F,2022-07-27 14:00:00,0.0008218609902759355,2301,2.3500000000001364,4,0
ZS=F,2022-07-27 15:00:00,0.0008338920442654314,2833,1.599999999999909,4,0
ZS=F,2022-07-28 09:00:00,0.001302300468459447,1521,1.4099999999998545,4,0
ZS=F,2022-07-28 10:00:00,0.0005498200966247824,2277,1.240000000000009,4,0
ZS=F,2022-07-28 11:00:00,0.000722268393987617,1249,1.3300000000001546,4,0
ZS=F,2022-07-28 12:00:00,0.0005342046154017924,1205,1.0800000000001546,4,0
ZS=F,2022-07-28 13:00:00,0.00013935053974553822,2054,0.4700000000000273,4,0
ZS=F,2022-07-28 14:00:00,0.0007236120724360846,2334,1.300000000000182,4,0
ZS=F,2022-07-28 15:00:00,0.00036159178430237427,2600,1.6299999999998818,4,0
ZS=F,2022-07-29 09:00:00,0.0011561552876061636,1988,1.3900000000001,4,0
ZS=F,2022-07-29 10:00:00,0.00038449342311900486,2887,2.150000000000091,4,0
ZS=F,2022-07-29 11:00:00,0.0007919037657269336,1874,1.4100000000000819,4,0
ZS=F,2022-07-29 12:00:00,0.0006115992193724134,1489,1.7699999999999818,4,0
ZS=F,2022-07-29 13:00:00,0.000325587501990783,1744,4.0499999999999545,4,0
ZS=F,2022-07-29 14:00:00,0.0006975160419659047,2222,1.3300000000001546,4,0
ZS=F,2022-07-29 15:00:00,0.000586428044176402,2402,3.2100000000000364,4,0
ZS=F,2022-08-01 09:00:00,0.002411038454781185,2291,0.5399999999999636,4,1
ZS=F,2022-08-01 10:00:00,0.00021438375814500338,2444,2.4200000000000728,4,0
ZS=F,2022-08-01 11:00:00,0.0006892762696151021,2264,1.150000000000091,4,0
ZS=F,2022-08-01 12:00:00,0.00016555022127019426,3186,1.4400000000000546,4,0
ZS=F,2022-08-01 13:00:00,0.00047946925158752935,1651,1.2200000000000273,4,0
ZS=F,2022-08-01 14:00:00,0.00019236713811023376,1475,0.5899999999999181,4,0
ZS=F,2022-08-01 15:00:00,0.00028055682100150723,2476,3.269999999999982,4,0
ZS=F,2022-08-02 09:00:00,0.0007234939537443117,1354,0.7799999999999727,4,0
ZS=F,2022-08-02 10:00:00,0.0006220491568645212,1744,1.150000000000091,4,0
ZS=F,2022-08-02 11:00:00,0.0003367090568896165,3242,0.7799999999999727,4,0
ZS=F,2022-08-02 12:00:00,0.0003838101318606757,2675,2.1700000000000728,4,0
ZS=F,2022-08-02 13:00:00,0.0008315435898757246,1316,2.2899999999999636,4,0
ZS=F,2022-08-02 14:00:00,0.0006466095722939657,2372,1.0900000000001455,4,0
ZS=F,2022-08-02 15:00:00,0.00048815667891760183,2197,2.230000000000018,4,0
ZS=F,2022-08-03 09:00:00,0.002319318499540334,2283,1.9100000000000819,4,1
ZS=F,2022-08-03 10:00:00,0.0002234780337303594,3114,1.6200000000001182,4,0
ZS=F,2022-08-03 11:00:00,0.0006632965007900457,1445,1.1800000000000637,4,0
ZS=F,2022-08-03 12:00:00,0.0005827161687714782,2111,1.6400000000001,4,0
ZS=F,2022-08-03 13:00:00,0.0005569243788451846,1572,1.3099999999999454,4,0
ZS=F,2022-08-03 14:00:00,0.0008104795999931307,2203,2.1700000000000728,4,0
ZS=F,2022-08-03 15:00:00,0.0010313860499148947,1810,1.490000000000009,4,0
ZS=F,2022-08-04 09:00:00,0.002378892781752674,1499,1.6499999999998636,4,1
ZS=F,2022-08-04 10:00:00,0.0007177738031620731,1857,1.1299999999998818,4,0
ZS=F,2022-08-04 11:00:00,0.0003634613466021191,1321,1.5199999999999818,4,0
ZS=F,2022-08-04 12:00:00,0.0006696401816019062,1940,1.1099999999999,4,0
ZS=F,2022-08-04 13:00:00,0.0002758562722927575,2053,1.3099999999999454,4,0
ZS=F,2022-08-04 14:00:00,0.0005354729324878726,1989,2.8099999999999454,4,0
ZS=F,2022-08-04 15:00:00,0.00025951099233377127,1814,1.990000000000009,4,0
ZS=F,2022-08-05 09:00:00,0.0012760368822792255,1655,1.3399999999999181,4,0
ZS=F,2022-08-05 10:00:00,0.00023503653828469732,3217,0.8100000000001728,4,0
ZS=F,2022-08-05 11:00:00,0.0002783083967894124,1429,2.3500000000001364,4,0
ZS=F,2022-08-05 12:00:00,0.0005877063801622698,2951,0.9600000000000364,4,0
ZS=F,2022-08-05 13:00:00,0.0005708637706788355,1514,1.150000000000091,4,0
ZS=F,2022-08-05 14:00:00,0.0008286785699417532,2878,2.6700000000000728,4,0
ZS=F,2022-08-05 15:00:00,0.0005244556389381849,1593,1.4700000000000273,4,0
ZS=F,2022-08-08 09:00:00,0.0004927703357449335,2119,0.4600000000000364,4,0
ZS=F,2022-08-08 10:00:00,0.00040978485608341326,3382,1.540000000000191,4,0
ZS=F,2022-08-08 11:00:00,0.0003290313940752694,2575,3.410000000000082,4,0
ZS=F,2022-08-08 12:00:00,0.0003375010081882252,2448,2.1299999999998818,4,0
ZS=F,2022-08-08 13:00:00,0.0004893972359780689,2635,0.9200000000000728,4,0
ZS=F,2022-08-08 14:00:00,0.0006030039072943638,3154,2.589999999999918,4,0
ZS=F,2022-08-08 15:00:00,0.0007178264060124246,1460,2.5,4,0
ZS=F,2022-08-09 09:00:00,0.003445412408417723,2211,2.0699999999999363,4,1
ZS=F,2022-08-09 10:00:00,0.0005074928125209759,1469,0.8000000000001819,4,0
ZS=F,2022-08-09 11:00:00,0.000548178975876882,1806,1.2899999999999636,4,0
ZS=F,2022-08-09 12:00:00,0.0007341014404817969,1893,2.7999999999999545,4,0
ZS=F,2022-08-09 13:00:00,0.0004701002777121706,2543,1.740000000000009,4,0
ZS=F,2022-08-09 14:00:00,0.00029967189011331595,1880,2.1400000000001,4,0
ZS=F,2022-08-09 15:00:00,0.0004195826188645642,1950,0.7699999999999818,4,0
ZS=F,2022-08-10 09:00:00,0.0015586118197220944,2257,1.0499999999999545,4,1
ZS=F,2022-08-10 10:00:00,0.0004958338461841885,1707,1.009999999999991,4,0
ZS=F,2022-08-10 11:00:00,0.0005841384595391963,1921,2.040000000000191,4,0
ZS=F,2022-08-10 12:00:00,0.00033753604997247244,2605,1.009999999999991,4,0
ZS=F,2022-08-10 13:00:00,0.00034754826276129947,2454,0.9099999999998545,4,0
ZS=F,2022-08-10 14:00:00,0.00048281792073631496,1262,1.7300000000000182,4,0
ZS=F,2022-08-10 15:00:00,0.0005041393559300913,1875,1.599999999999909,4,0
ZS=F,2022-08-11 09:00:00,0.001308202637574096,1270,0.7999999999999545,4,0
ZS=F,2022-08-11 10:00:00,0.0003290584579296069,1790,1.9800000000000182,4,0
ZS=F,2022-08-11 11:00:00,0.000558960770800267,1773,2.2799999999999727,4,0
ZS=F,2022-08-11 12:00:00,0.0006953092621575881,2753,2.509999999999991,4,0
ZS=F,2022-08-11 13:00:00,0.0006939517342956412,2141,1.4800000000000182,4,0
ZS=F,2022-08-11 14:00:00,0.0005020876114065761,2018,1.849999999999909,4,0
ZS=F,2022-08-11 15:00:00,0.0002601843367315848,1930,0.2999999999999545,4,0
ZS=F,2022-08-12 09:00:00,0.0011557777451385242,2010,2.3899999999998727,4,0
ZS=F,2022-08-12 10:00:00,0.0007698256839402867,2012,2.0299999999999727,4,0
ZS=F,2022-08-12 11:00:00,0.0008159055538807906,1559,1.4100000000000819,4,0
ZS=F,2022-08-12 12:00:00,0.0005012049759280298,2145,1.099999999999909,4,0
ZS=F,2022-08-12 13:00:00,0.00040818904932469287,2870,1.0900000000001455,4,0
ZS=F,2022-08-12 14:00:00,0.000652273376991191,1282,2.6099999999999,4,0
ZS=F,2022-08-12 15:00:00,0.0006482154630267381,3204,1.4400000000000546,4,0
ZS=F,2022-08-15 09:00:00,0.0008306875549906397,1668,1.240000000000009,4,0
ZS=F,2022-08-15 10:00:00,0.000464104129086801,1124,1.9399999999998272,4,0
ZS=F,2022-08-15 11:00:00,0.0006420375592937164,2317,2.3200000000001637,4,0
ZS=F,2022-08-15 12:00:00,0.0007049023003416326,2690,1.199999999999818,4,0
ZS=F,2022-08-15 13:00:00,0.000769164103304852,2253,2.259999999999991,4,0
ZS=F,2022-08-15 14:00:00,0.0003733039611785019,2856,0.8899999999998727,4,0
ZS=F,2022-08-15 15:00:00,0.000594398443628504,2167,1.2899999999999636,4,0
ZS=F,2022-08-16 09:00:00,0.0022748909480601875,1276,0.44000000000005457,4,1
ZS=F,2022-08-16 10:00:00,0.0006591445056885656,2541,1.3099999999999454,4,0
ZS=F,2022-08-16 11:00:00,0.0003984011816127346,3006,0.6700000000000728,4,0
ZS=F,2022-08-16 12:00:00,0.00029701214659390263,2508,2.980000000000018,4,0
ZS=F,2022-08-16 13:00:00,0.0007064739300939106,2498,2.2200000000000273,4,0
ZS=F,2022-08-16 14:00:00,0.0005081172914942552,1175,2.9300000000000637,4,0
ZS=F,2022-08-16 15:00:00,0.0005158986165390444,2768,1.1099999999999,4,0
ZS=F,2022-08-17 09:00:00,0.002931485534765282,2600,3.519999999999982,4,1
ZS=F,2022-08-17 10:00:00,0.0004695796091409339,2567,0.8000000000001819,4,0
ZS=F,2022-08-17 11:00:00,0.0007742291625567082,1502,2.9099999999998545,4,0
ZS=F,2022-08-17 12:00:00,0.0004344934913610684,1436,1.3700000000001182,4,0
ZS=F,2022-08-17 13:00:00,0.00018022872168646365,2468,2.0700000000001637,4,0
ZS=F,2022-08-17 14:00:00,0.0006770880711032998,2326,2.6200000000001182,4,0
ZS=F,2022-08-17 15:00:00,0.00030748109537797073,2183,1.8700000000001182,4,0
ZS=F,2022-08-18 09:00:00,0.0016835396285432588,3329,1.1199999999998909,4,1
ZS=F,2022-08-18 10:00:00,0.0007830242696095388,1987,1.9600000000000364,4,0
ZS=F,2022-08-18 11:00:00,0.0007881917749477668,1826,2.490000000000009,4,0
ZS=F,2022-08-18 12:00:00,0.0005689056958145194,1590,1.1200000000001182,4,0
ZS=F,2022-08-18 13:00:00,0.0003547334339941392,1979,1.4500000000000455,4,0
ZS=F,2022-08-18 14:00:00,0.0006951932947148216,2677,1.4400000000000546,4,0
ZS=F,2022-08-18 15:00:00,0.00024062906484184304,1730,1.5399999999999636,4,0
ZS=F,2022-08-19 09:00:00,0.0005121797077109743,1824,1.9700000000000273,4,0
ZS=F,2022-08-19 10:00:00,0.00028190470997844163,2761,2.160000000000082,4,0
ZS=F,2022-08-19 11:00:00,0.0007991419076145434,1605,1.5600000000001728,4,0
ZS=F,2022-08-19 12:00:00,0.0006190292282463015,2359,1.0899999999999181,4,0
ZS=F,2022-08-19 13:00:00,0.0008142418868748287,3200,2.0799999999999272,4,0
ZS=F,2022-08-19 14:00:00,0.0003847294154392773,2247,0.6099999999999,4,0
ZS=F,2022-08-19 15:00:00,0.00036988731064829697,2028,3.1699999999998454,4,0
ZS=F,2022-08-22 09:00:00,0.0030769610377803015,1762,2.1499999999998636,4,1
ZS=F,2022-08-22 10:00:00,0.00033811316226687227,2331,1.7300000000000182,4,0
ZS=F,2022-08-22 11:00:00,0.0004080685664405985,3169,2.1299999999998818,4,0
ZS=F,2022-08-22 12:00:00,0.0004927703540992119,1074,1.0200000000002092,4,0
ZS=F,2022-08-22 13:00:00,0.0005536464268902375,2510,3.3700000000001182,4,0
ZS=F,2022-08-22 14:00:00,0.0006222468191362738,2396,1.8199999999999363,4,0
ZS=F,2022-08-22 15:00:00,0.0005893939375608006,2321,1.490000000000009,4,0
ZS=F,2022-08-23 09:00:00,0.0038532792840190702,2657,3.4099999999998545,4,1
ZS=F,2022-08-23 10:00:00,0.00046578546237636216,2537,1.9699999999998,4,0
ZS=F,2022-08-23 11:00:00,0.0004788933048236205,1926,0.5199999999999818,4,0
ZS=F,2022-08-23 12:00:00,0.00044304041252597086,2471,2.5699999999999363,4,0
ZS=F,2022-08-23 13:00:00,0.000785726260220095,2251,2.3700000000001182,4,0
ZS=F,2022-08-23 14:00:00,0.0006467315569902737,2822,2.5,4,0
ZS=F,2022-08-23 15:00:00,0.0004766108930770878,1437,3.230000000000018,4,0
ZS=F,2022-08-24 09:00:00,0.0008584551061853314,2048,2.4700000000000273,4,0
ZS=F,2022-08-24 10:00:00,0.0004889925280145612,2126,1.6499999999998636,4,0
ZS=F,2022-08-24 11:00:00,0.000627344117039897,1921,1.2300000000000182,4,0
ZS=F,2022-08-24 12:00:00,0.0006072688208978352,1910,1.4200000000000728,4,0
ZS=F,2022-08-24 13:00:00,0.0007523518030736877,1831,1.4700000000000273,4,0
ZS=F,2022-08-24 14:00:00,0.000812383272770979,1445,3.019999999999982,4,0
ZS=F,2022-08-24 15:00:00,0.0005504972834631884,1732,1.2799999999999727,4,0
ZS=F,2022-08-25 09:00:00,0.0007334553669604371,2161,0.900000000000091,4,0
ZS=F,2022-08-25 10:00:00,0.0003419825556677391,2152,0.7800000000002001,4,0
ZS=F,2022-08-25 11:00:00,0.0007639821894159686,3246,1.4300000000000637,4,0
ZS=F,2022-08-25 12:00:00,0.0006855092739279459,2841,2.400000000000091,4,0
ZS=F,2022-08-25 13:00:00,0.0006846135688981258,1775,1.3799999999998818,4,0
ZS=F,2022-08-25 14:00:00,0.0008501810105708838,2876,1.8399999999999181,4,0
ZS=F,2022-08-25 15:00:00,0.00039890957343103505,2705,0.9100000000000819,4,0
ZS=F,2022-08-26 09:00:00,0.0010636567377938467,2564,0.9299999999998363,4,0
ZS=F,2022-08-26 10:00:00,0.000593614218619857,1548,1.9100000000000819,4,0
ZS=F,2022-08-26 11:00:00,0.0005941051426892467,1464,1.1399999999998727,4,0
ZS=F,2022-08-26 12:00:00,0.0006145454585436711,2549,1.2200000000000273,4,0
ZS=F,2022-08-26 13:00:00,0.0008355811990054873,2261,1.490000000000009,4,0
ZS=F,2022-08-26 14:00:00,0.00044814896870127484,2710,1.7300000000000182,4,0
ZS=F,2022-08-26 15:00:00,0.0006428636058878216,2676,0.8400000000001455,4,0
ZS=F,2022-08-29 09:00:00,0.0008647973109282501,1695,1.3600000000001273,4,0
ZS=F,2022-08-29 10:00:00,0.0004070547246754223,1465,0.8099999999999454,4,0
ZS=F,2022-08-29 11:00:00,0.0006651707839539249,2761,1.2100000000000364,4,0
ZS=F,2022-08-29 12:00:00,0.000690522527096339,2980,1.9200000000000728,4,0
ZS=F,2022-08-29 13:00:00,0.0005326074933393908,2331,1.3599999999999,4,0
ZS=F,2022-08-29 14:00:00,0.0006168392174970345,2456,1.7799999999999727,4,0
ZS=F,2022-08-29 15:00:00,0.0005177305429024261,2376,1.2799999999999727,4,0
ZS=F,2022-08-30 09:00:00,0.0006159843728839178,1950,2.2999999999999545,4,0
ZS=F,2022-08-30 10:00:00,0.0004253201689357485,2599,1.9800000000000182,4,0
ZS=F,2022-08-30 11:00:00,0.0007558442500990078,2824,1.3699999999998909,4,0
ZS=F,2022-08-30 12:00:00,0.00044001003030059543,2880,1.6400000000001,4,0
ZS=F,2022-08-30 13:00:00,0.0005446168613725492,1668,1.400000000000091,4,0
ZS=F,2022-08-30 14:00:00,0.0005771926786022341,1536,0.9800000000000182,4,0
ZS=F,2022-08-30 15:00:00,0.0004622411935071372,2861,1.2100000000000364,4,0
ZS=F,2022-08-31 09:00:00,0.0031695260086891104,3114,0.9900000000000091,4,1
ZS=F,2022-08-31 10:00:00,0.0006140259586805009,2420,1.2100000000000364,4,0
ZS=F,2022-08-31 11:00:00,0.0007634289419512758,2283,2.490000000000009,4,0
ZS=F,2022-08-31 12:00:00,0.0007339554599154393,2748,1.4800000000000182,4,0
ZS=F,2022-08-31 13:00:00,0.0003440405228717856,1949,1.6299999999998818,4,0
ZS=F,2022-08-31 14:00:00,0.0005127322873258065,2291,1.5299999999999727,4,0
ZS=F,2022-08-31 15:00:00,0.00034006094287042864,2160,1.9600000000000364,4,0
ZS=F,2022-09-01 09:00:00,0.0011351917026399098,2238,1.0299999999999727,4,0
ZS=F,2022-09-01 10:00:00,0.000578001301068947,2700,2.9099999999998545,4,0
ZS=F,2022-09-01 11:00:00,0.0006925788671558956,2629,1.4600000000000364,4,0
ZS=F,2022-09-01 12:00:00,0.000581841320917624,2387,1.099999999999909,4,0
ZS=F,2022-09-01 13:00:00,0.00041191913194083354,3030,1.5599999999999454,4,0
ZS=F,2022-09-01 14:00:00,0.0007351196395782811,2470,1.1299999999998818,4,0
ZS=F,2022-09-01 15:00:00,0.0006941601913490932,2151,2.0700000000001637,4,0
ZS=F,2022-09-02 09:00:00,0.0023199547444562483,2178,1.8300000000001546,4,1
ZS=F,2022-09-02 10:00:00,0.0004927253870384372,1876,1.009999999999991,4,0
ZS=F,2022-09-02 11:00:00,0.00038771332599856596,2985,0.8399999999999181,4,0
ZS=F,2022-09-02 12:00:00,0.0007088556546069526,2138,1.3099999999999454,4,0
ZS=F,2022-09-02 13:00:00,0.0006073687397885051,2457,0.9499999999998181,4,0
ZS=F,2022-09-02 14:00:00,0.0006984398686091099,1307,2.009999999999991,4,0
ZS=F,2022-09-02 15:00:00,0.0003844265335045955,1854,2.4300000000000637,4,0
ZS=F,2022-09-05 09:00:00,0.0015762229166412117,1643,0.37999999999988177,4,1
ZS=F,2022-09-05 10:00:00,0.0003435326935209369,1851,0.5399999999999636,4,0
ZS=F,2022-09-05 11:00:00,0.00038917189780867366,2456,1.349999999999909,4,0
ZS=F,2022-09-05 12:00:00,0.00045712513121872844,1515,0.9800000000000182,4,0
ZS=F,2022-09-05 13:00:00,0.0006764650091800384,2141,1.4800000000000182,4,0
ZS=F,2022-09-05 14:00:00,0.0006825877401706619,1798,1.3299999999999272,4,0
ZS=F,2022-09-05 15:00:00,0.0005606428838936049,1136,1.3900000000001,4,0
ZS=F,2022-09-06 09:00:00,0.0012531397594567552,2826,1.349999999999909,4,0
ZS=F,2022-09-06 10:00:00,0.00039656781192378955,2115,3.699999999999818,4,0
ZS=F,2022-09-06 11:00:00,0.0007326103753613169,2971,2.689999999999827,4,0
ZS=F,2022-09-06 12:00:00,0.0008720039754332116,3186,1.449999999999818,4,0
ZS=F,2022-09-06 13:00:00,0.0006942427278710168,1525,1.7899999999999636,4,0
ZS=F,2022-09-06 14:00:00,0.00038225184916601453,1086,2.1400000000001,4,0
ZS=F,2022-09-06 15:00:00,0.0002859638295304342,1901,2.349999999999909,4,0
ZS=F,2022-09-07 09:00:00,0.002092340663487568,2023,1.4700000000000273,4,1
ZS=F,2022-09-07 10:00:00,0.000656445382933359,2020,1.150000000000091,4,0
ZS=F,2022-09-07 11:00:00,0.0006052347326887343,2251,1.4700000000000273,4,0
ZS=F,2022-09-07 12:00:00,0.0004915195715008573,2736,1.3999999999998636,4,0
ZS=F,2022-09-07 13:00:00,0.0005336604801813238,2768,1.9400000000000546,4,0
ZS=F,2022-09-07 14:00:00,0.0007550073209231343,1916,1.4800000000000182,4,0
ZS=F,2022-09-07 15:00:00,0.0004206430192410872,1823,1.2899999999999636,4,0
ZS=F,2022-09-08 09:00:00,0.0011206404916108373,2806,0.9400000000000546,4,0
ZS=F,2022-09-08 10:00:00,0.00046918597949690427,1652,2.1400000000001,4,0
ZS=F,2022-09-08 11:00:00,0.0006949587258238251,2431,1.5199999999999818,4,0
ZS=F,2022-09-08 12:00:00,0.0006358505666854079,1616,2.1400000000001,4,0
ZS=F,2022-09-08 13:00:00,0.000652615363175908,1752,2.6100000000001273,4,0
ZS=F,2022-09-08 14:00:00,0.00019691045788726387,2602,0.7100000000000364,4,0
ZS=F,2022-09-08 15:00:00,0.0004459819240703684,1246,0.6900000000000546,4,0
ZS=F,2022-09-09 09:00:00,0.0029088258812623225,1897,1.8399999999999181,4,1
ZS=F,2022-09-09 10:00:00,0.0006345838564054912,1965,0.8900000000001,4,0
ZS=F,2022-09-09 11:00:00,0.0004739386062152084,2845,2.5499999999999545,4,0
ZS=F,2022-09-09 12:00:00,0.0006501801592246124,3072,1.3899999999998727,4,0
ZS=F,2022-09-09 13:00:00,0.0006571429122348124,1331,1.1199999999998909,4,0
ZS=F,2022-09-09 14:00:00,0.0007064233211800361,2606,1.8199999999999363,4,0
ZS=F,2022-09-09 15:00:00,0.0004864514411849453,2431,1.8399999999999181,4,0
ZS=F,2022-09-12 09:00:00,0.000912132774591911,2005,3.2000000000000455,4,0
ZS=F,2022-09-12 10:00:00,0.0003051450805567121,3234,3.1299999999998818,4,0
ZS=F,2022-09-12 11:00:00,0.000457433315496928,3092,0.2300000000000182,4,0
ZS=F,2022-09-12 12:00:00,0.0003374107114003128,1937,0.5199999999999818,4,0
ZS=F,2022-09-12 13:00:00,0.0005881780699906186,2263,1.449999999999818,4,0
ZS=F,2022-09-12 14:00:00,0.0006958908256985882,2192,2.3799999999998818,4,0
ZS=F,2022-09-12 15:00:00,0.00044366495620454927,1843,1.9800000000000182,4,0
ZS=F,2022-09-13 09:00:00,0.0008586362104121514,3531,1.3400000000001455,4,0
ZS=F,2022-09-13 10:00:00,0.0003878754957548947,1528,1.4299999999998363,4,0
ZS=F,2022-09-13 11:00:00,0.0002647102604097443,2016,0.8800000000001091,4,0
ZS=F,2022-09-13 12:00:00,0.00032012896867017444,2121,1.740000000000009,4,0
ZS=F,2022-09-13 13:00:00,0.00028044983950716685,998,0.7000000000000455,4,0
ZS=F,2022-09-13 14:00:00,0.00030968846362185555,2509,2.2899999999999636,4,0
ZS=F,2022-09-13 15:00:00,0.00042563175282344555,1868,1.0399999999999636,4,0
ZS=F,2022-09-14 09:00:00,0.0021222931794666164,1835,1.9500000000000455,4,1
ZS=F,2022-09-14 10:00:00,0.0006964942712538096,2754,2.4300000000000637,4,0
ZS=F,2022-09-14 11:00:00,0.00032144280532283724,2179,0.8800000000001091,4,0
ZS=F,2022-09-14 12:00:00,0.0005039338509915788,2680,2.1699999999998454,4,0
ZS=F,2022-09-14 13:00:00,0.0003632218418143827,2525,1.240000000000009,4,0
ZS=F,2022-09-14 14:00:00,0.00017816906313714053,2474,1.3799999999998818,4,0
ZS=F,2022-09-14 15:00:00,0.00023567982705716055,2210,0.8900000000001,4,0
ZS=F,2022-09-15 09:00:00,0.0004484285046079811,1123,0.9300000000000637,4,0
ZS=F,2022-09-15 10:00:00,0.00043462442950667094,1713,1.8900000000001,4,0
ZS=F,2022-09-15 11:00:00,0.0006586507433748351,2731,1.3700000000001182,4,0
ZS=F,2022-09-15 12:00:00,0.000864095624002032,1360,2.3299999999999272,4,0
ZS=F,2022-09-15 13:00:00,0.0005631248892570493,3517,2.8900000000001,4,0
ZS=F,2022-09-15 14:00:00,0.0007482803639501182,2177,2.0700000000001637,4,0
ZS=F,2022-09-15 15:00:00,0.00029798832392988504,2749,1.1400000000001,4,0
ZS=F,2022-09-16 09:00:00,0.0008402663209185789,3117,1.3899999999998727,4,0
ZS=F,2022-09-16 10:00:00,0.0007338889106699799,1689,2.1200000000001182,4,0
ZS=F,2022-09-16 11:00:00,0.00047965366394667436,3183,1.7200000000000273,4,0
ZS=F,2022-09-16 12:00:00,0.000450695209468481,2231,0.8899999999998727,4,0
ZS=F,2022-09-16 13:00:00,0.0004521253296824518,2141,2.4200000000000728,4,0
ZS=F,2022-09-16 14:00:00,0.0002652820089516098,2368,0.44000000000005457,4,0
ZS=F,2022-09-16 15:00:00,0.0007498128088598995,2679,2.439999999999827,4,0
ZS=F,2022-09-19 09:00:00,0.001038890615552615,2408,2.0599999999999454,4,0
ZS=F,2022-09-19 10:00:00,0.0005363488148684819,1838,1.8900000000001,4,0
ZS=F,2022-09-19 11:00:00,0.0006562184633611346,1941,1.4300000000000637,4,0
ZS=F,2022-09-19 12:00:00,0.0005570390773413641,2606,1.3700000000001182,4,0
ZS=F,2022-09-19 13:00:00,0.0004237066205296111,1583,1.1200000000001182,4,0
ZS=F,2022-09-19 14:00:00,0.0006567272584760335,1794,1.7899999999999636,4,0
ZS=F,2022-09-19 15:00:00,0.00071093383920716,2566,2.3200000000001637,4,0
ZS=F,2022-09-20 09:00:00,0.0007070109871907161,2207,0.7100000000000364,4,0
ZS=F,2022-09-20 10:00:00,0.0004702565948414307,2254,2.839999999999918,4,0
ZS=F,2022-09-20 11:00:00,0.0004963032747046106,1632,1.9400000000000546,4,0
ZS=F,2022-09-20 12:00:00,0.000453980853155856,2630,1.3599999999999,4,0
ZS=F,2022-09-20 13:00:00,0.0006475955305922012,2584,3.0699999999999363,4,0
ZS=F,2022-09-20 14:00:00,0.0005911257877467888,2225,1.3099999999999454,4,0
ZS=F,2022-09-20 15:00:00,0.0005615955951567076,1966,1.7999999999999545,4,0
ZS=F,2022-09-21 09:00:00,0.0005422828884742616,1724,1.0299999999999727,4,0
ZS=F,2022-09-21 10:00:00,0.00043902916668616066,2527,2.099999999999909,4,0
ZS=F,2022-09-21 11:00:00,0.000735024151324982,2125,2.4099999999998545,4,0
ZS=F,2022-09-21 12:00:00,0.0005645658231474027,1827,2.0799999999999272,4,0
ZS=F,2022-09-21 13:00:00,0.0007844874056429349,2239,2.1000000000001364,4,0
ZS=F,2022-09-21 14:00:00,0.0007547426914482438,2488,2.150000000000091,4,0
ZS=F,2022-09-21 15:00:00,0.0004274072258382037,1539,1.5899999999999181,4,0
ZS=F,2022-09-22 09:00:00,0.0015185677540133428,1748,1.6200000000001182,4,1
ZS=F,2022-09-22 10:00:00,0.00026448800631014995,2328,2.6000000000001364,4,0
ZS=F,2022-09-22 11:00:00,0.0008191480495090045,1926,1.5,4,0
ZS=F,2022-09-22 12:00:00,0.0005783504682293095,2042,2.3599999999999,4,0
ZS=F,2022-09-22 13:00:00,0.0005716146678984591,1770,1.0800000000001546,4,0
ZS=F,2022-09-22 14:00:00,0.00026325285843308753,2341,1.6299999999998818,4,0
ZS=F,2022-09-22 15:00:00,0.0004497916601129332,1721,2.730000000000018,4,0
ZS=F,2022-09-23 09:00:00,0.00306292401022749,1148,1.349999999999909,4,1
ZS=F,2022-09-23 10:00:00,0.0003400438617146186,2124,0.9600000000000364,4,0
ZS=F,2022-09-23 11:00:00,0.0005608583721245437,2616,0.7700000000002092,4,0
ZS=F,2022-09-23 12:00:00,0.0006535023502425525,2610,1.3099999999999454,4,0
ZS=F,2022-09-23 13:00:00,0.00048810208774401867,2043,2.0599999999999454,4,0
ZS=F,2022-09-23 14:00:00,0.0005128783864977354,1811,0.9300000000000637,4,0
ZS=F,2022-09-23 15:00:00,0.00032397233601889414,2845,1.4300000000000637,4,0
ZS=F,2022-09-26 09:00:00,0.0008831289199123358,2212,0.9299999999998363,4,0
ZS=F,2022-09-26 10:00:00,0.0003713166586668756,1461,0.5699999999999363,4,0
ZS=F,2022-09-26 11:00:00,0.00048771052775054046,2799,1.7300000000000182,4,0
ZS=F,2022-09-26 12:00:00,0.00032416410061442255,2390,2.660000000000082,4,0
ZS=F,2022-09-26 13:00:00,0.0004838424817400881,2499,1.2999999999999545,4,0
ZS=F,2022-09-26 14:00:00,0.0006213413025554591,2697,2.25,4,0
ZS=F,2022-09-26 15:00:00,0.0005028533374653826,1842,1.8400000000001455,4,0
ZS=F,2022-09-27 09:00:00,0.0025701220264876777,1729,1.3099999999999454,4,1
ZS=F,2022-09-27 10:00:00,0.0007088881245897849,2141,1.5399999999999636,4,0
ZS=F,2022-09-27 11:00:00,0.000212257635492722,2941,3.1599999999998545,4,0
ZS=F,2022-09-27 12:00:00,0.0004306459315104672,1493,1.4300000000000637,4,0
ZS=F,2022-09-27 13:00:00,0.0007137854800343254,2163,1.8800000000001091,4,0
ZS=F,2022-09-27 14:00:00,0.0005570861884718131,2548,0.9899999999997817,4,0
ZS=F,2022-09-27 15:00:00,0.0006520065465985806,2324,2.0699999999999363,4,0
ZS=F,2022-09-28 09:00:00,0.001997279532523604,1987,2.6299999999998818,4,1
ZS=F,2022-09-28 10:00:00,0.00046876833006146795,2539,1.3700000000001182,4,0
ZS=F,2022-09-28 11:00:00,0.00040148392567002924,3243,0.8700000000001182,4,0
ZS=F,2022-09-28 12:00:00,0.000597237024040537,786,1.1200000000001182,4,0
ZS=F,2022-09-28 13:00:00,0.00055804784665514,2459,1.400000000000091,4,0
ZS=F,2022-09-28 14:00:00,0.0007720955833419275,2817,1.9100000000000819,4,0
ZS=F,2022-09-28 15:00:00,0.0003916972281824724,2314,1.9200000000000728,4,0
ZS=F,2022-09-29 09:00:00,0.0010372015072575736,2462,0.9500000000000455,4,0
ZS=F,2022-09-29 10:00:00,0.00027670779785105406,1741,1.7399999999997817,4,0
ZS=F,2022-09-29 11:00:00,0.0006779832123776714,1742,1.2899999999999636,4,0
ZS=F,2022-09-29 12:00:00,0.0005343702107680096,2122,0.6699999999998454,4,0
ZS=F,2022-09-29 13:00:00,0.0006008693197836968,1632,0.9100000000000819,4,0
ZS=F,2022-09-29 14:00:00,0.0004982622804700635,2810,2.400000000000091,4,0
ZS=F,2022-09-29 15:00:00,0.0003346525706830788,1656,2.7200000000000273,4,0
ZS=F,2022-09-30 09:00:00,0.0008506788334909088,2661,1.8699999999998909,4,0
ZS=F,2022-09-30 10:00:00,0.00046432017120843957,1648,2.019999999999982,4,0
ZS=F,2022-09-30 11:00:00,0.0006098386274897901,2934,1.3199999999999363,4,0
ZS=F,2022-09-30 12:00:00,0.0006231805746955077,2321,1.9500000000000455,4,0
ZS=F,2022-09-30 13:00:00,0.0003892043045426408,1609,0.5799999999999272,4,0
ZS=F,2022-09-30 14:00:00,0.0008068605749225153,1448,2.400000000000091,4,0
ZS=F,2022-09-30 15:00:00,0.0003804519382653314,2331,1.240000000000009,4,0
ZS=F,2022-10-03 09:00:00,0.0009897775377707935,3043,1.009999999999991,4,0
ZS=F,2022-10-03 10:00:00,0.0007605645891370086,2037,1.3200000000001637,4,0
ZS=F,2022-10-03 11:00:00,0.000494389620841457,2266,3.259999999999991,4,0
ZS=F,2022-10-03 12:00:00,0.0007380790351287172,2926,1.8200000000001637,4,0
ZS=F,2022-10-03 13:00:00,0.0005311466774053087,2613,1.3200000000001637,4,0
ZS=F,2022-10-03 14:00:00,0.0005160220888480646,1612,1.7300000000000182,4,0
ZS=F,2022-10-03 15:00:00,0.000499495955407682,3061,1.2300000000000182,4,0
ZS=F,2022-10-04 09:00:00,0.00060034036515241,3374,2.0,4,0
ZS=F,2022-10-04 10:00:00,0.0004327228274767465,1846,0.3300000000001546,4,0
ZS=F,2022-10-04 11:00:00,0.0005751981744090143,1593,2.6400000000001,4,0
ZS=F,2022-10-04 12:00:00,0.0004576309613609668,2870,1.599999999999909,4,0
ZS=F,2022-10-04 13:00:00,0.0006847261180185518,2671,2.490000000000009,4,0
ZS=F,2022-10-04 14:00:00,0.0006140224786890305,2222,0.9900000000000091,4,0
ZS=F,2022-10-04 15:00:00,0.0003134155658977203,2914,0.9799999999997908,4,0
ZS=F,2022-10-05 09:00:00,0.0018210801155026548,1606,1.0599999999999454,4,1
ZS=F,2022-10-05 10:00:00,0.00010351987378706158,2705,1.6300000000001091,4,0
ZS=F,2022-10-05 11:00:00,0.00037552042917865486,2433,2.1900000000000546,4,0
ZS=F,2022-10-05 12:00:00,0.0007301979677626488,2466,1.3999999999998636,4,0
ZS=F,2022-10-05 13:00:00,0.0005232128761310106,2291,1.2799999999999727,4,0
ZS=F,2022-10-05 14:00:00,0.0005307473477825271,1707,1.2200000000000273,4,0
ZS=F,2022-10-05 15:00:00,0.00037910062069706807,2423,0.9300000000000637,4,0
ZS=F,2022-10-06 09:00:00,0.00102249324330316,2065,1.0299999999999727,4,0
ZS=F,2022-10-06 10:00:00,0.0008047241034237541,2588,1.6900000000000546,4,0
ZS=F,2022-10-06 11:00:00,0.0006575339535796148,2699,0.9800000000000182,4,0
ZS=F,2022-10-06 12:00:00,0.0009164132937916704,2164,1.6399999999998727,4,0
ZS=F,2022-10-06 13:00:00,0.0007323641471012893,2330,1.9800000000000182,4,0
ZS=F,2022-10-06 14:00:00,0.00024074699434427414,1918,0.5099999999999909,4,0
ZS=F,2022-10-06 15:00:00,0.0007358077677481579,1829,2.0499999999999545,4,0
ZS=F,2022-10-07 09:00:00,0.0006832296637690068,2011,1.7100000000000364,4,0
ZS=F,2022-10-07 10:00:00,0.0008488070599149575,1725,2.0299999999999727,4,0
ZS=F,2022-10-07 11:00:00,0.0006458370789743387,1982,1.4399999999998272,4,0
ZS=F,2022-10-07 12:00:00,0.0005707088036204769,1300,1.6100000000001273,4,0
ZS=F,2022-10-07 13:00:00,0.0006796396604846387,2222,1.4100000000000819,4,0
ZS=F,2022-10-07 14:00:00,0.0007845048483569746,2200,3.1399999999998727,4,0
ZS=F,2022-10-07 15:00:00,0.00047471259924696327,2053,2.1900000000000546,4,0
ZS=F,2022-10-10 09:00:00,0.00035988578428311464,1901,0.8900000000001,4,0
ZS=F,2022-10-10 10:00:00,0.0002067228716391772,2190,0.4700000000000273,4,0
ZS=F,2022-10-10 11:00:00,0.0002020396229311177,1767,1.0399999999999636,4,0
ZS=F,2022-10-10 12:00:00,0.00033624183133585805,1633,2.3900000000001,4,0
ZS=F,2022-10-10 13:00:00,0.0005308538292249555,2516,1.4100000000000819,4,0
ZS=F,2022-10-10 14:00:00,0.0006331912047983,1843,1.4500000000000455,4,0
ZS=F,2022-10-10 15:00:00,0.0008353539122485719,2764,2.2799999999999727,4,0
ZS=F,2022-10-11 09:00:00,0.0010328602869705535,3172,2.2000000000000455,4,0
ZS=F,2022-10-11 10:00:00,0.00027809255066124937,2079,1.0199999999999818,4,0
ZS=F,2022-10-11 11:00:00,0.00021882241256735883,2601,0.9600000000000364,4,0
ZS=F,2022-10-11 12:00:00,0.0007348861223640488,2339,1.2999999999999545,4,0
ZS=F,2022-10-11 13:00:00,0.00018031577110298763,1443,2.1699999999998454,4,0
ZS=F,2022-10-11 14:00:00,0.00023827604206682945,2446,3.3099999999999454,4,0
ZS=F,2022-10-11 15:00:00,0.0003530612461412787,2808,1.0899999999999181,4,0
ZS=F,2022-10-12 09:00:00,0.003207436428153155,2473,2.6000000000001364,4,1
ZS=F,2022-10-12 10:00:00,0.0007078892559382239,1737,1.4800000000000182,4,0
ZS=F,2022-10-12 11:00:00,9.513370746707781e-05,2882,1.7000000000000455,4,0
ZS=F,2022-10-12 12:00:00,0.0006087760239875723,2419,1.5699999999999363,4,0
ZS=F,2022-10-12 13:00:00,0.00024197282169635635,2807,1.8699999999998909,4,0
ZS=F,2022-10-12 14:00:00,0.0006511240706160659,2743,1.0499999999999545,4,0
ZS=F,2022-10-12 15:00:00,0.0003720174196861408,1516,2.9400000000000546,4,0
ZS=F,2022-10-13 09:00:00,0.00038764776363451383,2027,2.2200000000000273,4,0
ZS=F,2022-10-13 10:00:00,0.00014322426758941117,2670,2.4400000000000546,4,0
ZS=F,2022-10-13 11:00:00,0.0003310377367804615,3104,0.7599999999999909,4,0
ZS=F,2022-10-13 12:00:00,0.00038817841839771343,2948,0.7599999999999909,4,0
ZS=F,2022-10-13 13:00:00,0.0006031008773152221,1866,1.4299999999998363,4,0
ZS=F,2022-10-13 14:00:00,0.0003994334004894723,1619,1.8699999999998909,4,0
ZS=F,2022-10-13 15:00:00,0.0008279223418679265,1407,3.4299999999998363,4,0
ZS=F,2022-10-14 09:00:00,0.0016322403361535953,2019,1.4500000000000455,4,1
ZS=F,2022-10-14 10:00:00,0.000522151998303001,1489,1.099999999999909,4,0
ZS=F,2022-10-14 11:00:00,0.00029264418627925564,1855,0.15000000000009095,4,0
ZS=F,2022-10-14 12:00:00,0.0005932433748956307,1702,1.5,4,0
ZS=F,2022-10-14 13:00:00,0.0006179608597294979,1439,2.8700000000001182,4,0
ZS=F,2022-10-14 14:00:00,0.0006950994016159379,1347,1.3299999999999272,4,0
ZS=F,2022-10-14 15:00:00,0.0006777046398669848,1468,1.5299999999999727,4,0
ZS=F,2022-10-17 09:00:00,0.0013173734135346954,2398,1.7999999999999545,4,0
ZS=F,2022-10-17 10:00:00,0.0005857826103871652,2946,1.599999999999909,4,0
ZS=F,2022-10-17 11:00:00,0.0007284073254810572,2372,1.4700000000000273,4,0
ZS=F,2022-10-17 12:00:00,0.0005350508436845225,2208,1.5299999999999727,4,0
ZS=F,2022-10-17 13:00:00,0.0004324337666696692,957,1.3400000000001455,4,0
ZS=F,2022-10-17 14:00:00,0.0004079617380128613,1902,0.9099999999998545,4,0
ZS=F,2022-10-17 15:00:00,0.0007315353281898819,1091,1.4300000000000637,4,0
ZS=F,2022-10-18 09:00:00,0.0010192662204572774,2939,1.9600000000000364,4,0
ZS=F,2022-10-18 10:00:00,0.0004921718182681504,2534,3.240000000000009,4,0
ZS=F,2022-10-18 11:00:00,0.00047632863099855135,2288,1.6000000000001364,4,0
ZS=F,2022-10-18 12:00:00,0.00046864788295600924,2675,1.3899999999998727,4,0
ZS=F,2022-10-18 13:00:00,0.00046151709977020294,2264,2.1900000000000546,4,0
ZS=F,2022-10-18 14:00:00,0.0003568459786463693,1590,1.8500000000001364,4,0
ZS=F,2022-10-18 15:00:00,0.0003674372174878069,2561,1.900000000000091,4,0
ZS=F,2022-10-19 09:00:00,0.0015077073498107748,2876,2.880000000000109,4,1
ZS=F,2022-10-19 10:00:00,0.0007072745518389181,1606,1.8699999999998909,4,0
ZS=F,2022-10-19 11:00:00,0.0007744909718623998,803,1.4500000000000455,4,0
ZS=F,2022-10-19 12:00:00,0.00038556454360506257,3178,1.1800000000000637,4,0
ZS=F,2022-10-19 13:00:00,0.000638106631694701,1915,1.1600000000000819,4,0
ZS=F,2022-10-19 14:00:00,0.00019880733428114536,2875,1.1400000000001,4,0
ZS=F,2022-10-19 15:00:00,0.0004076849495357314,1619,1.0,4,0
ZS=F,2022-10-20 09:00:00,0.00117428324691255,2267,2.730000000000018,4,0
ZS=F,2022-10-20 10:00:00,0.0005744976337222639,3062,1.4300000000000637,4,0
ZS=F,2022-10-20 11:00:00,0.0004843013841119819,2433,1.1399999999998727,4,0
ZS=F,2022-10-20 12:00:00,0.0006440841209422672,2207,2.439999999999827,4,0
ZS=F,2022-10-20 13:00:00,0.0005496893553163435,2375,2.099999999999909,4,0
ZS=F,2022-10-20 14:00:00,0.0006557547104274327,2270,1.3599999999999,4,0
ZS=F,2022-10-20 15:00:00,0.0003820443550001325,2680,0.6899999999998272,4,0
ZS=F,2022-10-21 09:00:00,0.0003938232407784567,2502,0.5800000000001546,4,0
ZS=F,2022-10-21 10:00:00,0.0006157369893110633,2975,1.4700000000000273,4,0
ZS=F,2022-10-21 11:00:00,0.0007886138816635954,2084,1.3099999999999454,4,0
ZS=F,2022-10-21 12:00:00,0.0005246755023530699,2106,1.2100000000000364,4,0
ZS=F,2022-10-21 13:00:00,0.0002937177361699232,1910,1.050000000000182,4,0
ZS=F,2022-10-21 14:00:00,0.0009228307036008009,2591,2.4199999999998454,4,0
ZS=F,2022-10-21 15:00:00,0.0004954770165418923,1802,1.1700000000000728,4,0
ZS=F,2022-10-24 09:00:00,0.0007365692956176472,3179,1.849999999999909,4,0
ZS=F,2022-10-24 10:00:00,0.0006333079562871464,2071,1.0699999999999363,4,0
ZS=F,2022-10-24 11:00:00,0.00034212692394175486,3298,2.050000000000182,4,0
ZS=F,2022-10-24 12:00:00,0.0006962944072410772,2095,1.5299999999999727,4,0
ZS=F,2022-10-24 13:00:00,0.000396048043639786,1677,3.519999999999982,4,0
ZS=F,2022-10-24 14:00:00,0.0006801361957319795,2552,1.3099999999999454,4,0
ZS=F,2022-10-24 15:00:00,0.00014216061109615505,1101,1.0499999999999545,4,0
ZS=F,2022-10-25 09:00:00,0.0030034062804781864,2111,1.4400000000000546,4,1
ZS=F,2022-10-25 10:00:00,0.00042862839677213686,2978,1.3799999999998818,4,0
ZS=F,2022-10-25 11:00:00,0.0006207620940388191,1388,1.0499999999999545,4,0
ZS=F,2022-10-25 12:00:00,0.0007661041617733961,2019,1.4700000000000273,4,0
ZS=F,2022-10-25 13:00:00,0.000624670494392899,2480,2.519999999999982,4,0
ZS=F,2022-10-25 14:00:00,0.0005740119011323224,1247,2.089999999999918,4,0
ZS=F,2022-10-25 15:00:00,0.0007328905210404494,3322,1.5199999999999818,4,0
ZS=F,2022-10-26 09:00:00,0.0005262707803172995,2089,1.6400000000001,4,0
ZS=F,2022-10-26 10:00:00,0.0007061734018314479,1933,2.0900000000001455,4,0
ZS=F,2022-10-26 11:00:00,0.0008234578123565507,1848,2.0399999999999636,4,0
ZS=F,2022-10-26 12:00:00,0.0008195612071212373,2422,1.5799999999999272,4,0
ZS=F,2022-10-26 13:00:00,0.000605249999280798,2594,1.240000000000009,4,0
ZS=F,2022-10-26 14:00:00,0.0002569747553216328,3337,2.9300000000000637,4,0
ZS=F,2022-10-26 15:00:00,0.0005759795876494634,2620,1.1199999999998909,4,0
ZS=F,2022-10-27 09:00:00,0.0016110998289397419,1523,0.8699999999998909,4,1
ZS=F,2022-10-27 10:00:00,0.0002705235357659329,2915,1.3300000000001546,4,0
ZS=F,2022-10-27 11:00:00,0.0007350894417642441,1205,1.3400000000001455,4,0
ZS=F,2022-10-27 12:00:00,0.0005043114426118168,2877,2.2200000000000273,4,0
ZS=F,2022-10-27 13:00:00,0.0005442083792805064,2951,0.7800000000002001,4,0
ZS=F,2022-10-27 14:00:00,0.0005300716913602223,2472,2.230000000000018,4,0
ZS=F,2022-10-27 15:00:00,0.0009028424693783715,2040,1.490000000000009,4,0
ZS=F,2022-10-28 09:00:00,0.00027422800851551826,1661,2.400000000000091,4,0
ZS=F,2022-10-28 10:00:00,0.000388389039833394,1637,0.39000000000010004,4,0
ZS=F,2022-10-28 11:00:00,0.0006331422771644986,2671,1.1699999999998454,4,0
ZS=F,2022-10-28 12:00:00,0.00030627397295111987,2117,2.349999999999909,4,0
ZS=F,2022-10-28 13:00:00,0.0006303130670571712,2274,1.6099999999999,4,0
ZS=F,2022-10-28 14:00:00,0.0006797767571300349,2911,1.3799999999998818,4,0
ZS=F,2022-10-28 15:00:00,0.0006519179692840656,1840,1.240000000000009,4,0
ZS=F,2022-10-31 09:00:00,0.0036917578359048466,2201,2.769999999999982,4,1
ZS=F,2022-10-31 10:00:00,0.00035997740317174484,2593,3.449999999999818,4,0
ZS=F,2022-10-31 11:00:00,0.0003606596515442674,2045,0.8399999999999181,4,0
ZS=F,2022-10-31 12:00:00,0.0003994428906130839,3607,1.0700000000001637,4,0
ZS=F,2022-10-31 13:00:00,0.00043944313758917847,2701,1.2699999999999818,4,0
ZS=F,2022-10-31 14:00:00,0.00042366764190121786,2178,2.089999999999918,4,0
ZS=F,2022-10-31 15:00:00,0.0007832910442942694,2250,1.4400000000000546,4,0
ZS=F,2022-11-01 09:00:00,0.005112472502617402,1582,2.3099999999999454,4,1
ZS=F,2022-11-01 10:00:00,0.0005570392683220151,1429,1.0699999999999363,4,0
ZS=F,2022-11-01 11:00:00,0.0005390675252689287,2378,1.8699999999998909,4,0
ZS=F,2022-11-01 12:00:00,0.0004458047914466883,2150,2.380000000000109,4,0
ZS=F,2022-11-01 13:00:00,0.00035184690963944824,2246,0.9600000000000364,4,0
ZS=F,2022-11-01 14:00:00,0.0004430227528339776,2080,2.3900000000001,4,0
ZS=F,2022-11-01 15:00:00,0.0007920828575551262,3376,1.7100000000000364,4,0
ZS=F,2022-11-02 09:00:00,0.0015153320275941838,2414,2.589999999999918,4,1
ZS=F,2022-11-02 10:00:00,0.0007201508664645453,2715,2.2799999999999727,4,0
ZS=F,2022-11-02 11:00:00,0.00042376341991515323,2553,0.8399999999999181,4,0
ZS=F,2022-11-02 12:00:00,0.0004272715369944139,1057,0.900000000000091,4,0
ZS=F,2022-11-02 13:00:00,0.0009728383957933528,2459,2.410000000000082,4,0
ZS=F,2022-11-02 14:00:00,0.0003670398469657894,2958,1.9800000000000182,4,0
ZS=F,2022-11-02 15:00:00,0.0004765194804840523,3428,1.6400000000001,4,0
ZS=F,2022-11-03 09:00:00,0.0018948741338703846,1887,2.3400000000001455,4,1
ZS=F,2022-11-03 10:00:00,0.0004448734864233266,1880,1.0899999999999181,4,0
ZS=F,2022-11-03 11:00:00,0.00044701896986242836,2180,1.5299999999999727,4,0
ZS=F,2022-11-03 12:00:00,0.00030078003907099276,2021,1.0700000000001637,4,0
ZS=F,2022-11-03 13:00:00,0.0005289560851916141,2793,2.839999999999918,4,0
ZS=F,2022-11-03 14:00:00,0.0006781540186986864,2506,1.009999999999991,4,0
ZS=F,2022-11-03 15:00:00,0.0006244142594177981,2448,1.990000000000009,4,0
ZS=F,2022-11-04 09:00:00,0.0021201213756610027,905,1.0199999999999818,4,1
ZS=F,2022-11-04 10:00:00,0.0003102577443350835,1095,0.7599999999999909,4,0
ZS=F,2022-11-04 11:00:00,0.0007433727167161604,1739,1.490000000000009,4,0
ZS=F,2022-11-04 12:00:00,0.00038699510102813714,2954,0.30999999999994543,4,0
ZS=F,2022-11-04 13:00:00,0.00040551741046890516,2286,1.2699999999999818,4,0
ZS=F,2022-11-04 14:00:00,0.0004195803628056672,2867,0.8700000000001182,4,0
ZS=F,2022-11-04 15:00:00,0.000924985623858389,2130,2.8099999999999454,4,0
ZS=F,2022-11-07 09:00:00,0.00014469793284506343,2290,3.3299999999999272,4,0
ZS=F,2022-11-07 10:00:00,0.0007842984060385021,2485,1.3700000000001182,4,0
ZS=F,2022-11-07 11:00:00,0.000821777142235334,1635,2.4299999999998363,4,0
ZS=F,2022-11-07 12:00:00,0.0005345204002129375,2457,1.1299999999998818,4,0
ZS=F,2022-11-07 13:00:00,0.0004526223101575591,3292,2.0699999999999363,4,0
ZS=F,2022-11-07 14:00:00,0.0004250081134200457,1990,2.0699999999999363,4,0
ZS=F,2022-11-07 15:00:00,0.0007991126225604377,2196,2.160000000000082,4,0
ZS=F,2022-11-08 09:00:00,0.0007140540339619228,1824,1.2300000000000182,4,0
ZS=F,2022-11-08 10:00:00,0.0005871786161426487,2184,1.5800000000001546,4,0
ZS=F,2022-11-08 11:00:00,0.0003707633733168465,2522,0.9700000000000273,4,0
ZS=F,2022-11-08 12:00:00,0.0002888657422695032,2463,1.1600000000000819,4,0
ZS=F,2022-11-08 13:00:00,0.0004945151664420113,1681,1.240000000000009,4,0
ZS=F,2022-11-08 14:00:00,0.00021552781400490702,2252,3.0299999999999727,4,0
ZS=F,2022-11-08 15:00:00,0.0002671418678556602,1907,0.6300000000001091,4,0
ZS=F,2022-11-09 09:00:00,0.0010192614420732788,2870,1.509999999999991,4,0
ZS=F,2022-11-09 10:00:00,0.0007263249911744599,2511,1.490000000000009,4,0
ZS=F,2022-11-09 11:00:00,0.0007648339194875348,1179,1.7100000000000364,4,0
ZS=F,2022-11-09 12:00:00,0.00044077798942302387,2651,1.2200000000000273,4,0
ZS=F,2022-11-09 13:00:00,0.0004040490594347606,2854,2.2199999999998,4,0
ZS=F,2022-11-09 14:00:00,0.0005361608560409944,1958,1.2100000000000364,4,0
ZS=F,2022-11-09 15:00:00,0.0005414843305581482,2099,0.5699999999999363,4,0
ZS=F,2022-11-10 09:00:00,0.00027437200897506824,2635,2.0,4,0
ZS=F,2022-11-10 10:00:00,0.0002114905132842269,2446,2.880000000000109,4,0
ZS=F,2022-11-10 11:00:00,0.0004917056098995603,2610,1.6799999999998363,4,0
ZS=F,2022-11-10 12:00:00,0.000731772665666702,2964,1.9100000000000819,4,0
ZS=F,2022-11-10 13:00:00,0.00019343218672744405,1891,1.3099999999999454,4,0
ZS=F,2022-11-10 14:00:00,0.0005786204222599234,1935,2.339999999999918,4,0
ZS=F,2022-11-10 15:00:00,0.0007102040301972192,1887,1.5899999999999181,4,0
ZS=F,2022-11-11 09:00:00,0.0004152181478203933,3080,2.2999999999999545,4,0
ZS=F,2022-11-11 10:00:00,0.0002937685605680981,2507,1.8199999999999363,4,0
ZS=F,2022-11-11 11:00:00,0.00045977463611905194,2049,1.150000000000091,4,0
ZS=F,2022-11-11 12:00:00,0.0005710447324537411,2617,1.1900000000000546,4,0
ZS=F,2022-11-11 13:00:00,0.0005896744821477243,2491,1.0899999999999181,4,0
ZS=F,2022-11-11 14:00:00,0.0004880397264989445,1489,2.3899999999998727,4,0
ZS=F,2022-11-11 15:00:00,0.0005738947740600353,2726,1.490000000000009,4,0
ZS=F,2022-11-14 09:00:00,0.0012902942573371175,1757,2.7200000000000273,4,0
ZS=F,2022-11-14 10:00:00,0.0008358599769511045,2121,1.4300000000000637,4,0
ZS=F,2022-11-14 11:00:00,0.0006365988502895699,1263,1.3799999999998818,4,0
ZS=F,2022-11-14 12:00:00,0.0009390705425381537,2155,1.4700000000000273,4,0
ZS=F,2022-11-14 13:00:00,0.0006543080548638212,1937,3.040000000000191,4,0
ZS=F,2022-11-14 14:00:00,0.0006733353517491445,2841,1.5,4,0
ZS=F,2022-11-14 15:00:00,0.0006515981009381227,2228,1.6200000000001182,4,0
ZS=F,2022-11-15 09:00:00,0.0015002320941364103,2709,1.3299999999999272,4,1
ZS=F,2022-11-15 10:00:00,0.0004664941107293748,2308,1.4400000000000546,4,0
ZS=F,2022-11-15 11:00:00,0.0004650228531526484,1878,1.5899999999999181,4,0
ZS=F,2022-11-15 12:00:00,0.0006514932536410166,1653,1.8199999999999363,4,0
ZS=F,2022-11-15 13:00:00,0.00018429893079050517,2020,3.7600000000002183,4,0
ZS=F,2022-11-15 14:00:00,0.00018292046090659706,2686,2.6900000000000546,4,0
ZS=F,2022-11-15 15:00:00,0.00047801676383958425,2201,2.6900000000000546,4,0
ZS=F,2022-11-16 09:00:00,0.0029890865912807992,2146,2.3599999999999,4,1
ZS=F,2022-11-16 10:00:00,0.00019818158632698942,2837,0.7300000000000182,4,0
ZS=F,2022-11-16 11:00:00,0.00038489354006516645,3150,2.3199999999999363,4,0
ZS=F,2022-11-16 12:00:00,0.0006784379059251705,2951,2.630000000000109,4,0
ZS=F,2022-11-16 13:00:00,0.000425098060551548,2197,1.2200000000000273,4,0
ZS=F,2022-11-16 14:00:00,0.0006266865556760353,1691,1.650000000000091,4,0
ZS=F,2022-11-16 15:00:00,0.0004777218825163888,2900,2.2200000000000273,4,0
ZS=F,2022-11-17 09:00:00,0.0013723927937523992,1749,0.8800000000001091,4,0
ZS=F,2022-11-17 10:00:00,0.0006826641216055099,1776,1.2899999999999636,4,0
ZS=F,2022-11-17 11:00:00,0.0003320081776079848,1588,1.2300000000000182,4,0
ZS=F,2022-11-17 12:00:00,0.0005957900019411736,2976,2.589999999999918,4,0
ZS=F,2022-11-17 13:00:00,0.000690292296782845,3513,1.4299999999998363,4,0
ZS=F,2022-11-17 14:00:00,0.0005310688036325478,2898,1.6099999999999,4,0
ZS=F,2022-11-17 15:00:00,0.0007048510486432394,1938,1.3299999999999272,4,0
ZS=F,2022-11-18 09:00:00,0.0009111483843204747,2088,2.0699999999999363,4,0
ZS=F,2022-11-18 10:00:00,0.0004507288780616798,1965,1.25,4,0
ZS=F,2022-11-18 11:00:00,0.00025533224275356013,2835,0.8700000000001182,4,0
ZS=F,2022-11-18 12:00:00,0.0006765794948562367,2984,1.740000000000009,4,0
ZS=F,2022-11-18 13:00:00,0.00035430956201913297,2771,1.9500000000000455,4,0
ZS=F,2022-11-18 14:00:00,0.0006996070549784108,2394,1.5,4,0
ZS=F,2022-11-18 15:00:00,0.0002942171467466546,1742,0.6100000000001273,4,0
ZS=F,2022-11-21 09:00:00,0.000886975455598572,2011,1.1400000000001,4,0
ZS=F,2022-11-21 10:00:00,0.00035036191201053923,2265,1.2100000000000364,4,0
ZS=F,2022-11-21 11:00:00,0.00036712729410653695,3163,3.240000000000009,4,0
ZS=F,2022-11-21 12:00:00,0.0006261038281116482,2373,2.8900000000001,4,0
ZS=F,2022-11-21 13:00:00,0.00046743144334083884,2628,1.8799999999998818,4,0
ZS=F,2022-11-21 14:00:00,0.0003947739546212057,1196,1.4400000000000546,4,0
ZS=F,2022-11-21 15:00:00,0.0006495261036373583,1955,2.439999999999827,4,0
ZS=F,2022-11-22 09:00:00,0.0019941426457927972,2772,1.6099999999999,4,1
ZS=F,2022-11-22 10:00:00,0.0005022697302728697,2314,2.9500000000000455,4,0
ZS=F,2022-11-22 11:00:00,0.0007561015195971165,2057,1.4299999999998363,4,0
ZS=F,2022-11-22 12:00:00,0.0007620180628410377,2515,1.6100000000001273,4,0
ZS=F,2022-11-22 13:00:00,0.0007895852699768716,2216,1.509999999999991,4,0
ZS=F,2022-11-22 14:00:00,0.0007775297538277278,1984,2.2200000000000273,4,0
ZS=F,2022-11-22 15:00:00,0.0003288091973431192,2233,2.0399999999999636,4,0
ZS=F,2022-11-23 09:00:00,0.0017699312678282635,1878,0.8099999999999454,4,1
ZS=F,2022-11-23 10:00:00,0.0005761137280691544,2565,0.7599999999999909,4,0
ZS=F,2022-11-23 11:00:00,0.0007326623075614697,1575,1.9700000000000273,4,0
ZS=F,2022-11-23 12:00:00,0.0005933770910463195,2655,0.9700000000000273,4,0
ZS=F,2022-11-23 13:00:00,0.0006472066510576489,2114,1.490000000000009,4,0
ZS=F,2022-11-23 14:00:00,0.0007879119017410272,2147,1.4799999999997908,4,0
ZS=F,2022-11-23 15:00:00,0.0007963077975187508,2849,1.9600000000000364,4,0
ZS=F,2022-11-24 09:00:00,0.0012137197129193614,1842,1.490000000000009,4,0
ZS=F,2022-11-24 10:00:00,0.0006722162651710788,1520,1.3099999999999454,4,0
ZS=F,2022-11-24 11:00:00,0.0006293931657089902,2232,1.3799999999998818,4,0
ZS=F,2022-11-24 12:00:00,0.0005907230927231364,1271,2.160000000000082,4,0
ZS=F,2022-11-24 13:00:00,0.0006105568883498504,2890,2.2800000000002,4,0
ZS=F,2022-11-24 14:00:00,0.0003197295381353834,1156,2.4300000000000637,4,0
ZS=F,2022-11-24 15:00:00,0.0003414667048776503,1641,0.849999999999909,4,0
ZS=F,2022-11-25 09:00:00,0.000704687985996458,2358,1.3800000000001091,4,0
ZS=F,2022-11-25 10:00:00,0.0004491727751929894,3352,1.3399999999999181,4,0
ZS=F,2022-11-25 11:00:00,0.00016416592512637129,2081,1.1800000000000637,4,0
ZS=F,2022-11-25 12:00:00,0.0005970595229818072,2977,1.5700000000001637,4,0
ZS=F,2022-11-25 13:00:00,0.0005297152944104379,2630,1.5399999999999636,4,0
ZS=F,2022-11-25 14:00:00,0.00037416220591581455,2159,1.5800000000001546,4,0
ZS=F,2022-11-25 15:00:00,0.0005174184253614641,2229,2.3299999999999272,4,0
ZS=F,2022-11-28 09:00:00,0.0012359886389721364,1712,1.6100000000001273,4,0
ZS=F,2022-11-28 10:00:00,0.0006118064576976818,2130,1.599999999999909,4,0
ZS=F,2022-11-28 11:00:00,0.0007826883984607523,943,2.2899999999999636,4,0
ZS=F,2022-11-28 12:00:00,0.0005734749126799913,2147,2.7100000000000364,4,0
ZS=F,2022-11-28 13:00:00,0.00035672036013570553,2167,0.9600000000000364,4,0
ZS=F,2022-11-28 14:00:00,0.0005842531239941971,2309,1.1400000000001,4,0
ZS=F,2022-11-28 15:00:00,0.000264921658265083,2005,1.240000000000009,4,0
ZS=F,2022-11-29 09:00:00,0.00028349906589600127,2078,3.009999999999991,4,0
ZS=F,2022-11-29 10:00:00,0.0004278974444576331,1304,1.2200000000000273,4,0
ZS=F,2022-11-29 11:00:00,0.0003305470347583505,1860,2.990000000000009,4,0
ZS=F,2022-11-29 12:00:00,0.0006608669034652746,1880,1.2999999999999545,4,0
ZS=F,2022-11-29 13:00:00,0.0004920755848941318,2200,1.8799999999998818,4,0
ZS=F,2022-11-29 14:00:00,0.0005197924701860237,1944,1.1699999999998454,4,0
ZS=F,2022-11-29 15:00:00,0.0005337747326723609,1731,1.2799999999999727,4,0
ZS=F,2022-11-30 09:00:00,0.002065349311445887,2302,1.9800000000000182,4,1
ZS=F,2022-11-30 10:00:00,0.0007624915061244183,2493,1.0,4,0
ZS=F,2022-11-30 11:00:00,0.0007684745929627538,2361,1.3999999999998636,4,0
ZS=F,2022-11-30 12:00:00,0.00047718992055555544,2797,1.0399999999999636,4,0
ZS=F,2022-11-30 13:00:00,9.983012264497404e-05,1403,0.7599999999999909,4,0
ZS=F,2022-11-30 14:00:00,0.0002907494908598435,2362,0.7200000000000273,4,0
ZS=F,2022-11-30 15:00:00,0.0005718160048580894,2487,1.4800000000000182,4,0
ZS=F,2022-12-01 09:00:00,0.001179479684337739,2687,1.5299999999999727,4,0
ZS=F,2022-12-01 10:00:00,0.00023434423150422927,3005,1.0299999999999727,4,0
ZS=F,2022-12-01 11:00:00,0.0006497577976378346,2234,1.4700000000000273,4,0
ZS=F,2022-12-01 12:00:00,0.0007609735531659931,2567,2.2799999999999727,4,0
ZS=F,2022-12-01 13:00:00,0.00037059744711683343,2321,0.7999999999999545,4,0
ZS=F,2022-12-01 14:00:00,0.0003359485253430655,2097,1.8600000000001273,4,0
ZS=F,2022-12-01 15:00:00,0.0006683851291320516,2961,2.269999999999982,4,0
ZS=F,2022-12-02 09:00:00,0.0014617835397155547,2673,1.6000000000001364,4,0
ZS=F,2022-12-02 10:00:00,0.0006096338832239841,2322,1.0399999999999636,4,0
ZS=F,2022-12-02 11:00:00,0.00035525452359150885,2485,1.8199999999999363,4,0
ZS=F,2022-12-02 12:00:00,0.0005670585319929917,1168,1.2899999999999636,4,0
ZS=F,2022-12-02 13:00:00,0.0004314490551506345,1742,1.5399999999999636,4,0
ZS=F,2022-12-02 14:00:00,0.0003993863483500101,2553,2.009999999999991,4,0
ZS=F,2022-12-02 15:00:00,0.0008932926258721752,1906,2.7799999999999727,4,0
ZS=F,2022-12-05 09:00:00,0.0014240103641829135,1435,1.7799999999999727,4,0
ZS=F,2022-12-05 10:00:00,0.0008556022468188055,2023,2.1000000000001364,4,0
ZS=F,2022-12-05 11:00:00,0.0007269960800032627,1496,1.2300000000000182,4,0
ZS=F,2022-12-05 12:00:00,0.0006748752453792519,2650,2.8899999999998727,4,0
ZS=F,2022-12-05 13:00:00,0.0006899863698208317,1997,1.5699999999999363,4,0
ZS=F,2022-12-05 14:00:00,0.0003749413387676017,2752,0.900000000000091,4,0
ZS=F,2022-12-05 15:00:00,0.0002899893273680582,3143,1.3700000000001182,4,0
ZS=F,2022-12-06 09:00:00,0.002982882806861685,2274,2.6400000000001,4,1
ZS=F,2022-12-06 10:00:00,0.00022516848604372597,1964,2.3099999999999454,4,0
ZS=F,2022-12-06 11:00:00,0.0005147498043477433,3311,0.7599999999999909,4,0
ZS=F,2022-12-06 12:00:00,0.0003624122592020614,2446,0.8000000000001819,4,0
ZS=F,2022-12-06 13:00:00,0.0006377933773072578,1588,2.3299999999999272,4,0
ZS=F,2022-12-06 14:00:00,0.0007901413340691291,2553,1.4800000000000182,4,0
ZS=F,2022-12-06 15:00:00,0.0002653944279170985,3333,2.060000000000173,4,0
ZS=F,2022-12-07 09:00:00,0.0007238889067415551,2541,1.4299999999998363,4,0
ZS=F,2022-12-07 10:00:00,0.0004194201006956554,3233,0.7999999999999545,4,0
ZS=F,2022-12-07 11:00:00,0.000687671367948453,1897,1.3099999999999454,4,0
ZS=F,2022-12-07 12:00:00,0.00026527116576541304,2895,0.75,4,0
ZS=F,2022-12-07 13:00:00,0.0005063592825476666,2368,0.9900000000000091,4,0
ZS=F,2022-12-07 14:00:00,0.0006923723479978118,2350,1.6600000000000819,4,0
ZS=F,2022-12-07 15:00:00,0.000253178317997561,1765,3.6100000000001273,4,0
ZS=F,2022-12-08 09:00:00,0.0015722737095610437,2668,1.0900000000001455,4,1
ZS=F,2022-12-08 10:00:00,0.0003941628412588983,2497,2.980000000000018,4,0
ZS=F,2022-12-08 11:00:00,0.0004746217384964996,2392,1.1300000000001091,4,0
ZS=F,2022-12-08 12:00:00,0.00042341929494542184,3341,3.019999999999982,4,0
ZS=F,2022-12-08 13:00:00,0.0006909428905688916,2278,2.230000000000018,4,0
ZS=F,2022-12-08 14:00:00,0.0008344988989820623,2868,2.230000000000018,4,0
ZS=F,2022-12-08 15:00:00,0.0003361143584778314,1932,0.8999999999998636,4,0
ZS=F,2022-12-09 09:00:00,0.003454504228917801,2056,2.2100000000000364,4,1
ZS=F,2022-12-09 10:00:00,0.0005970338534388786,1804,2.1200000000001182,4,0
ZS=F,2022-12-09 11:00:00,0.000799353256035188,2279,2.160000000000082,4,0
ZS=F,2022-12-09 12:00:00,0.00017213465786762572,1996,2.2799999999999727,4,0
ZS=F,2022-12-09 13:00:00,0.0007814288839296345,2745,1.5,4,0
ZS=F,2022-12-09 14:00:00,0.0006354855374351671,2567,1.509999999999991,4,0
ZS=F,2022-12-09 15:00:00,0.00046960430818006517,1914,1.4300000000000637,4,0
ZS=F,2022-12-12 09:00:00,0.00037605161313950425,2305,1.3199999999999363,4,0
ZS=F,2022-12-12 10:00:00,0.0005759380131899408,2307,1.4700000000000273,4,0
ZS=F,2022-12-12 11:00:00,0.00046913294909350624,1639,3.0599999999999454,4,0
ZS=F,2022-12-12 12:00:00,0.000365499567826326,2071,2.1800000000000637,4,0
ZS=F,2022-12-12 13:00:00,0.00042148135227192455,2129,0.7799999999999727,4,0
ZS=F,2022-12-12 14:00:00,0.0005157940972947378,1848,1.8400000000001455,4,0
ZS=F,2022-12-12 15:00:00,0.00022516871349215187,2470,0.43000000000006366,4,0
ZS=F,2022-12-13 09:00:00,0.0005864700825138115,1505,1.8800000000001091,4,0
ZS=F,2022-12-13 10:00:00,0.00044052059897328435,1549,1.2799999999999727,4,0
ZS=F,2022-12-13 11:00:00,0.00036407912293571045,2035,1.1899999999998272,4,0
ZS=F,2022-12-13 12:00:00,0.00021021055270615153,2397,1.7100000000000364,4,0
ZS=F,2022-12-13 13:00:00,0.00040004809602282957,2457,1.7200000000000273,4,0
ZS=F,2022-12-13 14:00:00,0.0005642253698427736,1804,1.1800000000000637,4,0
ZS=F,2022-12-13 15:00:00,0.0004430546220624699,3138,1.6700000000000728,4,0
ZS=F,2022-12-14 09:00:00,0.0008691835119104676,2627,1.8599999999999,4,0
ZS=F,2022-12-14 10:00:00,0.000520201904244965,3158,1.2999999999999545,4,0
ZS=F,2022-12-14 11:00:00,0.0006805875930155972,2414,1.2899999999999636,4,0
ZS=F,2022-12-14 12:00:00,0.0006786744013720342,1612,1.2799999999999727,4,0
ZS=F,2022-12-14 13:00:00,0.0006194194124288061,2226,2.5799999999999272,4,0
ZS=F,2022-12-14 14:00:00,0.00046322931264405594,2014,1.8299999999999272,4,0
ZS=F,2022-12-14 15:00:00,0.0006024618270473629,1271,2.0799999999999272,4,0
ZS=F,2022-12-15 09:00:00,0.0007379074187262588,2047,2.2999999999999545,4,0
ZS=F,2022-12-15 10:00:00,0.0006133556224502649,2855,2.060000000000173,4,0
ZS=F,2022-12-15 11:00:00,0.0005996644793879573,1195,2.560000000000173,4,0
ZS=F,2022-12-15 12:00:00,0.0005850703322960015,2482,1.0699999999999363,4,0
ZS=F,2022-12-15 13:00:00,9.762554898753531e-05,1551,1.0900000000001455,4,0
ZS=F,2022-12-15 14:00:00,0.0005607521556857489,1380,1.6399999999998727,4,0
ZS=F,2022-12-15 15:00:00,0.00038366524868544186,2907,0.8299999999999272,4,0
ZS=F,2022-12-16 09:00:00,0.0009183785701893781,2274,2.519999999999982,4,0
ZS=F,2022-12-16 10:00:00,0.0003974214788411694,2113,1.5799999999999272,4,0
ZS=F,2022-12-16 11:00:00,0.0005846399585637693,2469,1.8500000000001364,4,0
ZS=F,2022-12-16 12:00:00,0.0007381522042546531,1614,1.3200000000001637,4,0
ZS=F,2022-12-16 13:00:00,0.000695422946502247,2869,2.9700000000000273,4,0
ZS=F,2022-12-16 14:00:00,0.0007011673799573059,2699,2.6699999999998454,4,0
ZS=F,2022-12-16 15:00:00,0.0003583376249562664,2000,0.8599999999999,4,0
ZS=F,2022-12-19 09:00:00,0.0007649960565200422,1453,1.490000000000009,4,0
ZS=F,2022-12-19 10:00:00,0.000609484833069001,2235,1.6399999999998727,4,0
ZS=F,2022-12-19 11:00:00,0.0006603377476701926,2464,2.3500000000001364,4,0
ZS=F,2022-12-19 12:00:00,0.0004029635513663444,2960,1.3599999999999,4,0
ZS=F,2022-12-19 13:00:00,0.00040601504385131746,3073,0.39000000000010004,4,0
ZS=F,2022-12-19 14:00:00,0.0005682533717880595,2665,0.7799999999999727,4,0
ZS=F,2022-12-19 15:00:00,0.00020659311980788457,1855,3.769999999999982,4,0
ZS=F,2022-12-20 09:00:00,0.00041779052735619026,2370,0.6600000000000819,4,0
ZS=F,2022-12-20 10:00:00,0.0006453388750492719,1966,1.25,4,0
ZS=F,2022-12-20 11:00:00,0.0002963139774057628,1787,2.310000000000173,4,0
ZS=F,2022-12-20 12:00:00,0.0005271677812389281,2324,1.0399999999999636,4,0
ZS=F,2022-12-20 13:00:00,0.0006156087762015879,1450,1.8900000000001,4,0
ZS=F,2022-12-20 14:00:00,0.0006732137170408416,2822,1.4700000000000273,4,0
ZS=F,2022-12-20 15:00:00,0.000480711920551539,3322,2.0299999999999727,4,0
ZS=F,2022-12-21 09:00:00,0.0006265719792851571,2057,1.6000000000001364,4,0
ZS=F,2022-12-21 10:00:00,0.0007390534767863956,1929,1.3500000000001364,4,0
ZS=F,2022-12-21 11:00:00,0.0007255339476645393,1718,2.5799999999999272,4,0
ZS=F,2022-12-21 12:00:00,0.0006602217780218723,2781,1.7200000000000273,4,0
ZS=F,2022-12-21 13:00:00,0.0005560432917804253,2027,1.3599999999999,4,0
ZS=F,2022-12-21 14:00:00,0.0001995369972682265,1841,1.0800000000001546,4,0
ZS=F,2022-12-21 15:00:00,0.0007303394543241767,1637,2.0900000000001455,4,0
ZS=F,2022-12-22 09:00:00,0.0011679714132949005,2325,1.1200000000001182,4,0
ZS=F,2022-12-22 10:00:00,0.00023423155663043866,2155,3.1099999999999,4,0
ZS=F,2022-12-22 11:00:00,0.00039597692485467925,2273,0.6699999999998454,4,0
ZS=F,2022-12-22 12:00:00,0.0004647062251135654,1855,1.6800000000000637,4,0
ZS=F,2022-12-22 13:00:00,0.0004164159919544995,1651,1.1900000000000546,4,0
ZS=F,2022-12-22 14:00:00,0.0005475055527222281,1734,1.3899999999998727,4,0
ZS=F,2022-12-22 15:00:00,0.0003614894130518715,2072,1.8999999999998636,4,0
ZS=F,2022-12-23 09:00:00,0.0007879971299053345,2002,1.2000000000000455,4,0
ZS=F,2022-12-23 10:00:00,0.000750596856256549,2630,2.3099999999999454,4,0
ZS=F,2022-12-23 11:00:00,0.000735740286530206,2304,1.9400000000000546,4,0
ZS=F,2022-12-23 12:00:00,0.00040266782461474324,2214,1.7200000000000273,4,0
ZS=F,2022-12-23 13:00:00,0.0003711161717547194,1993,0.8399999999999181,4,0
ZS=F,2022-12-23 14:00:00,0.00042782768445873647,2524,1.5300000000002,4,0
ZS=F,2022-12-23 15:00:00,0.00033638467421677763,1953,2.019999999999982,4,0
ZS=F,2022-12-26 09:00:00,0.0015716853985039566,2135,1.400000000000091,4,1
ZS=F,2022-12-26 10:00:00,0.0006090171013803681,2775,1.9099999999998545,4,0
ZS=F,2022-12-26 11:00:00,0.0005670486583008469,2138,1.2699999999999818,4,0
ZS=F,2022-12-26 12:00:00,0.0006629003469655157,1278,1.4700000000000273,4,0
ZS=F,2022-12-26 13:00:00,0.00030345542864753614,1479,3.0699999999999363,4,0
ZS=F,2022-12-26 14:00:00,0.0004930552758774926,2239,1.849999999999909,4,0
ZS=F,2022-12-26 15:00:00,0.0008408490800994496,1760,2.5699999999999363,4,0
ZS=F,2022-12-27 09:00:00,0.0027587437799177117,2004,1.4200000000000728,4,1
ZS=F,2022-12-27 10:00:00,0.0005520905559916626,2187,1.9299999999998363,4,0
ZS=F,2022-12-27 11:00:00,0.000581094023718714,1462,1.1600000000000819,4,0
ZS=F,2022-12-27 12:00:00,0.0004703577172231099,2484,2.1200000000001182,4,0
ZS=F,2022-12-27 13:00:00,0.0006652966095957168,2006,1.1600000000000819,4,0
ZS=F,2022-12-27 14:00:00,0.000187686034141478,2373,2.0699999999999363,4,0
ZS=F,2022-12-27 15:00:00,0.0005851069476796154,1659,1.8900000000001,4,0
ZS=F,2022-12-28 09:00:00,0.0019701932403965476,1904,1.1799999999998363,4,1
ZS=F,2022-12-28 10:00:00,0.0003117653040954746,2292,1.009999999999991,4,0
ZS=F,2022-12-28 11:00:00,0.00033051033454285355,1149,0.75,4,0
ZS=F,2022-12-28 12:00:00,0.0007644432654270047,1567,1.8700000000001182,4,0
ZS=F,2022-12-28 13:00:00,0.0006875466295043957,1181,1.3099999999999454,4,0
ZS=F,2022-12-28 14:00:00,0.0007573840769492215,2036,1.2000000000000455,4,0
ZS=F,2022-12-28 15:00:00,0.00042820567519851144,2461,0.9600000000000364,4,0
ZS=F,2022-12-29 09:00:00,0.0008944429740313268,3090,3.119999999999891,4,0
ZS=F,2022-12-29 10:00:00,0.0003142199620838402,2269,1.2899999999999636,4,0
ZS=F,2022-12-29 11:00:00,0.0007512962772731536,2967,1.1900000000000546,4,0
ZS=F,2022-12-29 12:00:00,0.00032061598730050763,2266,2.6400000000001,4,0
ZS=F,2022-12-29 13:00:00,0.0005899802893131022,2410,1.7899999999999636,4,0
ZS=F,2022-12-29 14:00:00,0.00029991341404329196,2498,2.3500000000001364,4,0
ZS=F,2022-12-29 15:00:00,0.0005104635649757411,1743,2.0799999999999272,4,0
ZS=F,2022-12-30 09:00:00,0.0018454111410944106,2248,1.4600000000000364,4,1
ZS=F,2022-12-30 10:00:00,0.0005398023508204694,1839,1.9300000000000637,4,0
ZS=F,2022-12-30 11:00:00,0.0006204137241651519,1878,1.099999999999909,4,0
ZS=F,2022-12-30 12:00:00,0.0005793744338148174,3103,1.490000000000009,4,0
ZS=F,2022-12-30 13:00:00,0.0005758658758033633,2497,2.3599999999999,4,0
ZS=F,2022-12-30 14:00:00,0.0007448065623543169,2385,1.490000000000009,4,0
ZS=F,2022-12-30 15:00:00,0.0006359131182401169,1659,1.2699999999999818,4,0
ZS=F,2023-01-02 09:00:00,0.0005017556187303001,2372,0.8599999999999,4,0
ZS=F,2023-01-02 10:00:00,0.00032771990218548834,1934,0.41000000000008185,4,0
ZS=F,2023-01-02 11:00:00,0.0006144192008849899,2607,1.4200000000000728,4,0
ZS=F,2023-01-02 12:00:00,0.0004993260132172628,2184,1.400000000000091,4,0
ZS=F,2023-01-02 13:00:00,0.00032976579547746947,2990,0.36000000000012733,4,0
ZS=F,2023-01-02 14:00:00,0.0007521767456838631,1880,1.4699999999998,4,0
ZS=F,2023-01-02 15:00:00,0.0002647764646975531,2342,1.2100000000000364,4,0
ZS=F,2023-01-03 09:00:00,0.00017232141912226735,2242,0.8099999999999454,4,0
ZS=F,2023-01-03 10:00:00,0.0004730260848780669,3012,1.0499999999999545,4,0
ZS=F,2023-01-03 11:00:00,0.00034852017782437003,1443,2.3299999999999272,4,0
ZS=F,2023-01-03 12:00:00,0.0004680896226315563,2182,1.1399999999998727,4,0
ZS=F,2023-01-03 13:00:00,0.0005015162100036416,3092,1.5,4,0
ZS=F,2023-01-03 14:00:00,0.00034113014540589423,2231,2.939999999999827,4,0
ZS=F,2023-01-03 15:00:00,0.0005386989979235035,2599,1.1499999999998636,4,0
ZS=F,2023-01-04 09:00:00,0.0020744213471621128,1322,0.21000000000003638,4,1
ZS=F,2023-01-04 10:00:00,0.0007651006587345409,1625,1.0299999999999727,4,0
ZS=F,2023-01-04 11:00:00,0.00035946384325082726,1042,0.7400000000000091,4,0
ZS=F,2023-01-04 12:00:00,0.0007420364291804978,2279,2.589999999999918,4,0
ZS=F,2023-01-04 13:00:00,0.000679839617747047,2224,1.0899999999999181,4,0
ZS=F,2023-01-04 14:00:00,0.0006109447244214992,1461,1.1400000000001,4,0
ZS=F,2023-01-04 15:00:00,0.0005159560068746462,1395,1.1600000000000819,4,0
ZS=F,2023-01-05 09:00:00,0.0007602380972345214,1346,2.130000000000109,4,0
ZS=F,2023-01-05 10:00:00,0.0004979008543307702,2204,1.3399999999999181,4,0
ZS=F,2023-01-05 11:00:00,0.0005337154083508431,3000,2.0299999999999727,4,0
ZS=F,2023-01-05 12:00:00,0.00026974022298150086,2709,0.7000000000000455,4,0
ZS=F,2023-01-05 13:00:00,0.0005606450450281462,2114,1.75,4,0
ZS=F,2023-01-05 14:00:00,0.000244779800330822,1781,2.0399999999999636,4,0
ZS=F,2023-01-05 15:00:00,0.0006110762298931179,1964,1.1600000000000819,4,0
ZS=F,2023-01-06 09:00:00,0.0008194644478915094,2573,2.0,4,0
ZS=F,2023-01-06 10:00:00,0.0004372031801286887,2485,2.269999999999982,4,0
ZS=F,2023-01-06 11:00:00,0.0006315188778151952,1893,1.2699999999999818,4,0
ZS=F,2023-01-06 12:00:00,0.0007719957041989226,2270,1.4200000000000728,4,0
ZS=F,2023-01-06 13:00:00,0.000512860115929962,2145,1.009999999999991,4,0
ZS=F,2023-01-06 14:00:00,0.0007150626813204194,2407,2.6900000000000546,4,0
ZS=F,2023-01-06 15:00:00,0.0004562826095452937,1537,1.209999999999809,4,0
ZS=F,2023-01-09 09:00:00,0.001303110261383806,2861,2.400000000000091,4,0
ZS=F,2023-01-09 10:00:00,0.00040932150247835133,2832,2.0699999999999363,4,0
ZS=F,2023-01-09 11:00:00,0.0008165915159111792,2734,2.9600000000000364,4,0
ZS=F,2023-01-09 12:00:00,0.0004370907807268934,2184,2.259999999999991,4,0
ZS=F,2023-01-09 13:00:00,0.0006667190345704841,2401,2.709999999999809,4,0
ZS=F,2023-01-09 14:00:00,0.0007524092019493101,2633,1.9300000000000637,4,0
ZS=F,2023-01-09 15:00:00,0.0007152709709331724,2419,2.5800000000001546,4,0
ZS=F,2023-01-10 09:00:00,0.0006755016409619743,2658,1.9100000000000819,4,0
ZS=F,2023-01-10 10:00:00,0.0008339023828082918,1638,1.4799999999997908,4,0
ZS=F,2023-01-10 11:00:00,0.0005170166814671261,1987,2.4200000000000728,4,0
ZS=F,2023-01-10 12:00:00,0.0007340416852117474,2941,1.4700000000000273,4,0
ZS=F,2023-01-10 13:00:00,0.0007002378316770579,1733,1.6799999999998363,4,0
ZS=F,2023-01-10 14:00:00,0.00036767387658534685,1841,3.3199999999999363,4,0
ZS=F,2023-01-10 15:00:00,0.0007183789324491305,2402,1.509999999999991,4,0
ZS=F,2023-01-11 09:00:00,0.0018136224378327394,2794,1.2899999999999636,4,1
ZS=F,2023-01-11 10:00:00,0.0005973496057478046,1934,1.2300000000000182,4,0
ZS=F,2023-01-11 11:00:00,0.0008953869017394281,1525,2.4600000000000364,4,0
ZS=F,2023-01-11 12:00:00,0.0006027075047830903,1650,1.0599999999999454,4,0
ZS=F,2023-01-11 13:00:00,0.0005079427550650973,1702,2.230000000000018,4,0
ZS=F,2023-01-11 14:00:00,0.0009575873857893303,1947,2.480000000000018,4,0
ZS=F,2023-01-11 15:00:00,0.0003628614473097294,3161,1.2000000000000455,4,0
ZS=F,2023-01-12 09:00:00,0.0006542124081380695,2785,1.6800000000000637,4,0
ZS=F,2023-01-12 10:00:00,0.000522706671312402,2083,1.3599999999999,4,0
ZS=F,2023-01-12 11:00:00,0.0006677399872811407,1313,1.2000000000000455,4,0
ZS=F,2023-01-12 12:00:00,0.0006003001208602026,1696,1.3500000000001364,4,0
ZS=F,2023-01-12 13:00:00,0.0004457189031613461,2520,0.8300000000001546,4,0
ZS=F,2023-01-12 14:00:00,0.00046069050443112175,1563,1.1399999999998727,4,0
ZS=F,2023-01-12 15:00:00,0.00026837663522147353,2494,1.009999999999991,4,0
ZS=F,2023-01-13 09:00:00,0.000815241608946377,1970,1.740000000000009,4,0
ZS=F,2023-01-13 10:00:00,0.0005306992299500061,2829,1.7000000000000455,4,0
ZS=F,2023-01-13 11:00:00,0.00039174194248529264,2135,2.519999999999982,4,0
ZS=F,2023-01-13 12:00:00,0.0007157244690907304,1710,2.0800000000001546,4,0
ZS=F,2023-01-13 13:00:00,0.00013376080922415236,2527,2.6700000000000728,4,0
ZS=F,2023-01-13 14:00:00,0.00035329094647565976,1316,1.0499999999999545,4,0
ZS=F,2023-01-13 15:00:00,0.00033263041343703005,2623,2.1400000000001,4,0
ZS=F,2023-01-16 09:00:00,0.0003157079802566338,2195,3.6299999999998818,4,0
ZS=F,2023-01-16 10:00:00,0.00039013385404721167,2087,1.9100000000000819,4,0
ZS=F,2023-01-16 11:00:00,0.0006507538656525733,2369,1.4300000000000637,4,0
ZS=F,2023-01-16 12:00:00,0.0005148077753370575,2088,1.8399999999999181,4,0
ZS=F,2023-01-16 13:00:00,0.0007449834741449977,2805,1.7700000000002092,4,0
ZS=F,2023-01-16 14:00:00,0.0005400776770378423,2676,0.9800000000000182,4,0
ZS=F,2023-01-16 15:00:00,0.0006319824993970852,1853,1.5499999999999545,4,0
ZS=F,2023-01-17 09:00:00,0.002297041686871335,1530,1.490000000000009,4,1
ZS=F,2023-01-17 10:00:00,0.0006347214790457213,3284,1.2000000000000455,4,0
ZS=F,2023-01-17 11:00:00,0.0002812179698571033,2312,0.7799999999999727,4,0
ZS=F,2023-01-17 12:00:00,0.0004886648641683151,2175,1.0499999999999545,4,0
ZS=F,2023-01-17 13:00:00,0.0005098634383808926,1838,0.7999999999999545,4,0
ZS=F,2023-01-17 14:00:00,0.0001651134563523515,1555,0.7799999999999727,4,0
ZS=F,2023-01-17 15:00:00,0.00028295552267192765,2633,3.3099999999999454,4,0
ZS=F,2023-01-18 09:00:00,0.0008165960124832048,2201,2.0399999999999636,4,0
ZS=F,2023-01-18 10:00:00,0.00041974457830312555,2506,0.7200000000000273,4,0
ZS=F,2023-01-18 11:00:00,0.0007422047479017714,1276,2.630000000000109,4,0
ZS=F,2023-01-18 12:00:00,0.0004970968286540085,3302,1.009999999999991,4,0
ZS=F,2023-01-18 13:00:00,0.00043806093190004145,3203,1.3500000000001364,4,0
ZS=F,2023-01-18 14:00:00,0.000435752054274745,2457,1.8199999999999363,4,0
ZS=F,2023-01-18 15:00:00,0.0005849880125981066,1686,1.6599999999998545,4,0
ZS=F,2023-01-19 09:00:00,0.001200892450350138,926,1.5499999999999545,4,0
ZS=F,2023-01-19 10:00:00,0.0007546447924973635,1977,2.160000000000082,4,0
ZS=F,2023-01-19 11:00:00,0.0007833800131722171,2058,1.449999999999818,4,0
ZS=F,2023-01-19 12:00:00,0.0005761362962265542,2259,1.0599999999999454,4,0
ZS=F,2023-01-19 13:00:00,0.0005453134387994824,2299,2.2200000000000273,4,0
ZS=F,2023-01-19 14:00:00,0.0005146344961761692,2069,1.2000000000000455,4,0
ZS=F,2023-01-19 15:00:00,0.0005161441520046275,1604,1.0599999999999454,4,0
ZS=F,2023-01-20 09:00:00,0.0004993647116577247,1824,3.009999999999991,4,0
ZS=F,2023-01-20 10:00:00,0.0007119007551719047,2739,1.25,4,0
ZS=F,2023-01-20 11:00:00,0.000811035225986373,1577,1.5,4,0
ZS=F,2023-01-20 12:00:00,0.0008072708425124808,2249,1.9500000000000455,4,0
ZS=F,2023-01-20 13:00:00,0.0005016588935752642,2430,1.0299999999999727,4,0
ZS=F,2023-01-20 14:00:00,0.0008559130545407258,1910,1.9300000000000637,4,0
ZS=F,2023-01-20 15:00:00,0.0006945861918896797,2361,1.5599999999999454,4,0
ZS=F,2023-01-23 09:00:00,0.0025157114676511508,2789,1.4300000000000637,4,1
ZS=F,2023-01-23 10:00:00,0.000704795614020129,1892,1.6300000000001091,4,0
ZS=F,2023-01-23 11:00:00,0.0006171862468173413,2079,1.9400000000000546,4,0
ZS=F,2023-01-23 12:00:00,0.0003395663093398023,2757,1.490000000000009,4,0
ZS=F,2023-01-23 13:00:00,0.000611072570639685,1321,2.6800000000000637,4,0
ZS=F,2023-01-23 14:00:00,0.00026755448270957336,2770,1.099999999999909,4,0
ZS=F,2023-01-23 15:00:00,0.0007765783658110999,2409,1.2699999999999818,4,0
ZS=F,2023-01-24 09:00:00,0.0017951691563904543,2359,2.1399999999998727,4,1
ZS=F,2023-01-24 10:00:00,0.0003929050809056088,999,2.2899999999999636,4,0
ZS=F,2023-01-24 11:00:00,0.0004771732989006725,3114,1.6799999999998363,4,0
ZS=F,2023-01-24 12:00:00,0.0003252049589569702,2368,2.5700000000001637,4,0
ZS=F,2023-01-24 13:00:00,0.0004005266785319562,2662,1.3600000000001273,4,0
ZS=F,2023-01-24 14:00:00,0.00020341616553456145,2158,2.6099999999999,4,0
ZS=F,2023-01-24 15:00:00,0.0008010646611480119,945,2.0799999999999272,4,0
ZS=F,2023-01-25 09:00:00,0.0010647286117213125,2837,1.7999999999999545,4,0
ZS=F,2023-01-25 10:00:00,0.00020405543697693798,998,1.1700000000000728,4,0
ZS=F,2023-01-25 11:00:00,0.0008540317714396762,2160,1.4200000000000728,4,0
ZS=F,2023-01-25 12:00:00,0.0005647055251767685,1762,2.589999999999918,4,0
ZS=F,2023-01-25 13:00:00,0.0006028729536525322,1846,1.1199999999998909,4,0
ZS=F,2023-01-25 14:00:00,0.000787325624237745,1842,2.7200000000000273,4,0
ZS=F,2023-01-25 15:00:00,0.0006459290787500678,1709,2.5599999999999454,4,0
ZS=F,2023-01-26 09:00:00,0.0006075137991004647,1937,2.3700000000001182,4,0
ZS=F,2023-01-26 10:00:00,0.000782980705979954,2590,2.6299999999998818,4,0
ZS=F,2023-01-26 11:00:00,0.00017306851447521768,1200,0.6900000000000546,4,0
ZS=F,2023-01-26 12:00:00,0.0008409807858760111,2039,2.740000000000009,4,0
ZS=F,2023-01-26 13:00:00,0.0006344278361681402,2784,1.6300000000001091,4,0
ZS=F,2023-01-26 14:00:00,0.00046447642121457815,1362,0.9400000000000546,4,0
ZS=F,2023-01-26 15:00:00,0.0006347987962621204,2638,1.5899999999999181,4,0
ZS=F,2023-01-27 09:00:00,0.0007802038451590692,2392,1.7100000000000364,4,0
ZS=F,2023-01-27 10:00:00,0.0005676049572240846,3234,1.1899999999998272,4,0
ZS=F,2023-01-27 11:00:00,0.0006442338884604499,2335,1.3399999999999181,4,0
ZS=F,2023-01-27 12:00:00,0.0005606371165063424,2518,1.75,4,0
ZS=F,2023-01-27 13:00:00,0.0004072334439415523,2681,3.1299999999998818,4,0
ZS=F,2023-01-27 14:00:00,0.0004298186910706361,2707,1.0499999999999545,4,0
ZS=F,2023-01-27 15:00:00,0.0005977285448588281,2513,2.6599999999998545,4,0
ZS=F,2023-01-30 09:00:00,0.002919078684992519,1761,0.959999999999809,4,1
ZS=F,2023-01-30 10:00:00,0.00039016516267199517,2699,0.8900000000001,4,0
ZS=F,2023-01-30 11:00:00,0.00042152849372523404,2115,0.7300000000000182,4,0
ZS=F,2023-01-30 12:00:00,0.0004961747840044487,1697,2.5599999999999454,4,0
ZS=F,2023-01-30 13:00:00,0.0004497069749003192,1957,1.240000000000009,4,0
ZS=F,2023-01-30 14:00:00,0.0007664934188658142,806,2.410000000000082,4,0
ZS=F,2023-01-30 15:00:00,0.0006712647124525147,2557,1.7200000000000273,4,0
ZS=F,2023-01-31 09:00:00,0.002948579391963026,2577,1.259999999999991,4,1
ZS=F,2023-01-31 10:00:00,0.0006312020810823478,1751,1.3500000000001364,4,0
ZS=F,2023-01-31 11:00:00,0.0004893955762578047,1872,2.3099999999999454,4,0
ZS=F,2023-01-31 12:00:00,0.0005526583485553686,2517,1.4800000000000182,4,0
ZS=F,2023-01-31 13:00:00,0.0008176274715086185,2022,2.150000000000091,4,0
ZS=F,2023-01-31 14:00:00,0.0005679833904390901,2172,1.259999999999991,4,0
ZS=F,2023-01-31 15:00:00,0.0006732947651498902,3059,1.4800000000000182,4,0
ZS=F,2023-02-01 09:00:00,0.0012354680453417117,2212,1.3399999999999181,4,0
ZS=F,2023-02-01 10:00:00,0.000789840635504397,2250,2.199999999999818,4,0
ZS=F,2023-02-01 11:00:00,0.0005556964096365836,2275,1.3800000000001091,4,0
ZS=F,2023-02-01 12:00:00,0.0004077392323523838,2648,1.4500000000000455,4,0
ZS=F,2023-02-01 13:00:00,0.00038675579936703634,1647,1.9100000000000819,4,0
ZS=F,2023-02-01 14:00:00,0.0005409489951731209,2706,0.9300000000000637,4,0
ZS=F,2023-02-01 15:00:00,0.000674970265866742,3039,1.1000000000001364,4,0
ZS=F,2023-02-02 09:00:00,0.0016597258567689313,1741,1.7299999999997908,4,1
ZS=F,2023-02-02 10:00:00,0.000634532164263017,1569,1.1300000000001091,4,0
ZS=F,2023-02-02 11:00:00,0.0005717255495971556,2832,1.2799999999999727,4,0
ZS=F,2023-02-02 12:00:00,0.0008185724260615703,2280,2.0,4,0
ZS=F,2023-02-02 13:00:00,0.0005608024609100391,1931,1.6800000000000637,4,0
ZS=F,2023-02-02 14:00:00,0.0006575681513906264,1431,2.4299999999998363,4,0
ZS=F,2023-02-02 15:00:00,0.0005736664673240968,1277,1.4200000000000728,4,0
ZS=F,2023-02-03 09:00:00,0.0007196814599209657,2877,0.44000000000005457,4,0
ZS=F,2023-02-03 10:00:00,0.0007801883364496271,1753,1.3099999999999454,4,0
ZS=F,2023-02-03 11:00:00,0.00040716049458560446,1781,0.8599999999999,4,0
ZS=F,2023-02-03 12:00:00,0.00036828846496049023,2608,1.240000000000009,4,0
ZS=F,2023-02-03 13:00:00,0.0006027297257300626,1850,1.4300000000000637,4,0
ZS=F,2023-02-03 14:00:00,0.000571875186663476,2070,2.1800000000000637,4,0
ZS=F,2023-02-03 15:00:00,0.0003305128835652319,1434,2.3900000000001,4,0
ZS=F,2023-02-06 09:00:00,0.0009047360859419467,1733,1.3899999999998727,4,0
ZS=F,2023-02-06 10:00:00,0.0004525711458847036,2346,2.0399999999999636,4,0
ZS=F,2023-02-06 11:00:00,0.000629235517091856,1745,1.4699999999998,4,0
ZS=F,2023-02-06 12:00:00,0.0006195712708493078,2229,1.8099999999999454,4,0
ZS=F,2023-02-06 13:00:00,0.0003889677427999682,2229,1.2200000000000273,4,0
ZS=F,2023-02-06 14:00:00,0.0004484376391298212,1426,3.1099999999999,4,0
ZS=F,2023-02-06 15:00:00,0.00044828724156865604,2568,0.37000000000011823,4,0
ZS=F,2023-02-07 09:00:00,0.0007829497376144651,2730,1.1000000000001364,4,0
ZS=F,2023-02-07 10:00:00,0.0006469302050520916,2719,1.4600000000000364,4,0
ZS=F,2023-02-07 11:00:00,0.00055260166860874,1926,1.3899999999998727,4,0
ZS=F,2023-02-07 12:00:00,0.0005969290244142528,2619,1.1000000000001364,4,0
ZS=F,2023-02-07 13:00:00,0.0005764626552676778,2272,1.400000000000091,4,0
ZS=F,2023-02-07 14:00:00,0.00035321244275356525,2642,2.2200000000000273,4,0
ZS=F,2023-02-07 15:00:00,0.0005166218279514916,1916,1.009999999999991,4,0
ZS=F,2023-02-08 09:00:00,0.002897342117873425,1984,3.3900000000001,4,1
ZS=F,2023-02-08 10:00:00,0.0004414226504389926,2476,2.0499999999999545,4,0
ZS=F,2023-02-08 11:00:00,0.0005671255555372649,2359,1.7899999999999636,4,0
ZS=F,2023-02-08 12:00:00,0.00020199843274208996,1912,2.119999999999891,4,0
ZS=F,2023-02-08 13:00:00,0.0006923183879277238,2664,1.209999999999809,4,0
ZS=F,2023-02-08 14:00:00,0.0006682603733369998,1933,1.4600000000000364,4,0
ZS=F,2023-02-08 15:00:00,0.0002247530989221593,2927,2.990000000000009,4,0
ZS=F,2023-02-09 09:00:00,0.000545897039061358,1221,2.3899999999998727,4,0
ZS=F,2023-02-09 10:00:00,0.0006007433873207738,2231,3.4500000000000455,4,0
ZS=F,2023-02-09 11:00:00,0.0005338951547937041,2767,1.1299999999998818,4,0
ZS=F,2023-02-09 12:00:00,0.0005702688287219858,2153,1.509999999999991,4,0
ZS=F,2023-02-09 13:00:00,0.0003476152698175895,1280,2.380000000000109,4,0
ZS=F,2023-02-09 14:00:00,0.000553846621467023,2340,0.9100000000000819,4,0
ZS=F,2023-02-09 15:00:00,0.0003965468402682891,2809,0.7799999999999727,4,0
ZS=F,2023-02-10 09:00:00,0.001069891575728826,2473,1.4600000000000364,4,0
ZS=F,2023-02-10 10:00:00,0.00023688345855647693,1315,1.2899999999999636,4,0
ZS=F,2023-02-10 11:00:00,0.0005905493898121664,1838,0.75,4,0
ZS=F,2023-02-10 12:00:00,0.00048078463970908366,2316,1.6100000000001273,4,0
ZS=F,2023-02-10 13:00:00,0.0008122885490597838,1986,1.2999999999999545,4,0
ZS=F,2023-02-10 14:00:00,0.00046897126826125386,2570,0.41000000000008185,4,0
ZS=F,2023-02-10 15:00:00,0.0005369286196030521,2715,1.2999999999999545,4,0
ZS=F,2023-02-13 09:00:00,0.002043288307514973,2461,3.2000000000000455,4,1
ZS=F,2023-02-13 10:00:00,5.9491010021329907e-05,1902,3.3999999999998636,4,0
ZS=F,2023-02-13 11:00:00,0.0006294439971641151,2223,1.199999999999818,4,0
ZS=F,2023-02-13 12:00:00,0.0005899430264171537,1929,1.4400000000000546,4,0
ZS=F,2023-02-13 13:00:00,0.0004309905668582505,2313,1.9700000000000273,4,0
ZS=F,2023-02-13 14:00:00,0.0005062115696508557,1868,0.8999999999998636,4,0
ZS=F,2023-02-13 15:00:00,0.0005853136236198674,2416,1.1200000000001182,4,0
ZS=F,2023-02-14 09:00:00,0.003986477679377278,1731,1.9299999999998363,4,1
ZS=F,2023-02-14 10:00:00,0.0007932258177257232,1384,1.2899999999999636,4,0
ZS=F,2023-02-14 11:00:00,0.00040230686281082827,1361,0.7000000000000455,4,0
ZS=F,2023-02-14 12:00:00,0.0005914693279585893,1997,1.400000000000091,4,0
ZS=F,2023-02-14 13:00:00,0.0007314473616652647,1996,1.9700000000000273,4,0
ZS=F,2023-02-14 14:00:00,0.00041805729907983484,2369,1.259999999999991,4,0
ZS=F,2023-02-14 15:00:00,0.00034876737955605476,2180,0.9400000000000546,4,0
ZS=F,2023-02-15 09:00:00,0.002222943766654186,2248,2.5299999999999727,4,1
ZS=F,2023-02-15 10:00:00,0.00027511376284319113,1468,2.2899999999999636,4,0
ZS=F,2023-02-15 11:00:00,0.0004753352697099458,2034,0.4700000000000273,4,0
ZS=F,2023-02-15 12:00:00,0.0006225858023831539,1384,1.0,4,0
ZS=F,2023-02-15 13:00:00,0.000753516884585907,2818,1.8700000000001182,4,0
ZS=F,2023-02-15 14:00:00,0.0006423259114142067,2277,1.2300000000000182,4,0
ZS=F,2023-02-15 15:00:00,0.0005750922259785665,2274,1.4400000000000546,4,0
ZS=F,2023-02-16 09:00:00,0.002264645569380602,1728,1.2100000000000364,4,1
ZS=F,2023-02-16 10:00:00,0.00041948253109661926,2066,1.9500000000000455,4,0
ZS=F,2023-02-16 11:00:00,0.0006684047879378292,2157,1.8199999999999363,4,0
ZS=F,2023-02-16 12:00:00,0.0004378570130162812,2363,2.1900000000000546,4,0
ZS=F,2023-02-16 13:00:00,0.00038949959578033383,2227,1.4299999999998363,4,0
ZS=F,2023-02-16 14:00:00,0.000714564240735743,1826,2.730000000000018,4,0
ZS=F,2023-02-16 15:00:00,0.000813901831576847,1936,2.9300000000000637,4,0
ZS=F,2023-02-17 09:00:00,0.0002502655915520476,2154,2.2000000000000455,4,0
ZS=F,2023-02-17 10:00:00,0.0006921786431804594,2034,1.0699999999999363,4,0
ZS=F,2023-02-17 11:00:00,0.0006535192263925067,3144,1.1199999999998909,4,0
ZS=F,2023-02-17 12:00:00,0.0003348679980002013,1965,1.4400000000000546,4,0
ZS=F,2023-02-17 13:00:00,0.00015523068266529814,2002,0.6900000000000546,4,0
ZS=F,2023-02-17 14:00:00,0.0006908410255305613,1297,2.2799999999999727,4,0
ZS=F,2023-02-17 15:00:00,0.0005401837637121051,1410,1.3099999999999454,4,0
ZS=F,2023-02-20 09:00:00,0.0018093130021636828,1731,1.2799999999999727,4,1
ZS=F,2023-02-20 10:00:00,0.0005786840495143487,2668,2.3500000000001364,4,0
ZS=F,2023-02-20 11:00:00,0.0007279912025218676,1972,1.4400000000000546,4,0
ZS=F,2023-02-20 12:00:00,0.00048161716340316827,1923,1.2200000000000273,4,0
ZS=F,2023-02-20 13:00:00,0.0006432189571085183,1907,1.6299999999998818,4,0
ZS=F,2023-02-20 14:00:00,0.0006600968386423228,1343,2.0399999999999636,4,0
ZS=F,2023-02-20 15:00:00,0.0007990270065976882,2959,2.519999999999982,4,0
ZS=F,2023-02-21 09:00:00,0.0005215044661967024,2351,1.3900000000001,4,0
ZS=F,2023-02-21 10:00:00,0.00018551546573558798,2122,2.490000000000009,4,0
ZS=F,2023-02-21 11:00:00,0.00034625917197176833,2858,2.230000000000018,4,0
ZS=F,2023-02-21 12:00:00,0.0006796414476955577,1966,2.449999999999818,4,0
ZS=F,2023-02-21 13:00:00,0.0006832136427736865,2364,1.2699999999999818,4,0
ZS=F,2023-02-21 14:00:00,0.00041633460530968343,2017,1.7000000000000455,4,0
ZS=F,2023-02-21 15:00:00,0.00047852633266969583,2805,1.2799999999999727,4,0
ZS=F,2023-02-22 09:00:00,0.001422684393084744,1751,1.4600000000000364,4,0
ZS=F,2023-02-22 10:00:00,0.00034943367584577394,1987,3.410000000000082,4,0
ZS=F,2023-02-22 11:00:00,0.0007848328129142903,2104,1.490000000000009,4,0
ZS=F,2023-02-22 12:00:00,0.0006294625912924085,2086,2.3999999999998636,4,0
ZS=F,2023-02-22 13:00:00,0.0005886037759129175,1804,0.8399999999999181,4,0
ZS=F,2023-02-22 14:00:00,0.0008292396824787672,1769,2.310000000000173,4,0
ZS=F,2023-02-22 15:00:00,0.0006457225061297063,1620,1.5499999999999545,4,0
ZS=F,2023-02-23 09:00:00,0.0011785705922177528,2825,3.2000000000000455,4,0
ZS=F,2023-02-23 10:00:00,0.00031041958670905155,2007,2.3900000000001,4,0
ZS=F,2023-02-23 11:00:00,0.00038597055293289887,2222,3.0499999999999545,4,0
ZS=F,2023-02-23 12:00:00,0.0005062064339248654,2040,1.9199999999998454,4,0
ZS=F,2023-02-23 13:00:00,0.00027141528287460926,2085,1.0499999999999545,4,0
ZS=F,2023-02-23 14:00:00,0.0007132545948652288,1877,2.1000000000001364,4,0
ZS=F,2023-02-23 15:00:00,0.0001760379816268552,1959,2.6400000000001,4,0
ZS=F,2023-02-24 09:00:00,0.0017676032520935344,1563,2.730000000000018,4,1
ZS=F,2023-02-24 10:00:00,0.0006665247840699755,2750,1.5199999999999818,4,0
ZS=F,2023-02-24 11:00:00,0.0007283209838777519,2133,1.759999999999991,4,0
ZS=F,2023-02-24 12:00:00,0.000371532588297457,2228,2.199999999999818,4,0
ZS=F,2023-02-24 13:00:00,0.000396734439682622,2161,0.5699999999999363,4,0
ZS=F,2023-02-24 14:00:00,0.000552646505090479,2508,2.300000000000182,4,0
ZS=F,2023-02-24 15:00:00,0.00025253368632374636,2631,2.0299999999999727,4,0
ZS=F,2023-02-27 09:00:00,0.0013454862765338203,2164,0.6000000000001364,4,0
ZS=F,2023-02-27 10:00:00,0.0007259247413883591,3037,2.240000000000009,4,0
ZS=F,2023-02-27 11:00:00,0.0005824521245988111,2340,1.5399999999999636,4,0
ZS=F,2023-02-27 12:00:00,0.0007666407857632301,1511,2.880000000000109,4,0
ZS=F,2023-02-27 13:00:00,0.0007744616436990305,2774,2.599999999999909,4,0
ZS=F,2023-02-27 14:00:00,0.0004068248043904015,2388,1.4400000000000546,4,0
ZS=F,2023-02-27 15:00:00,0.0005012768060642259,1861,1.2699999999999818,4,0
ZS=F,2023-02-28 09:00:00,0.001201389757133679,1910,1.5799999999999272,4,0
ZS=F,2023-02-28 10:00:00,0.0006930338522466332,2729,1.5800000000001546,4,0
ZS=F,2023-02-28 11:00:00,0.000662445584830901,2652,2.259999999999991,4,0
ZS=F,2023-02-28 12:00:00,0.0003340637696923669,2631,1.3700000000001182,4,0
ZS=F,2023-02-28 13:00:00,0.0003305971271872303,2365,1.8599999999999,4,0
ZS=F,2023-02-28 14:00:00,0.000497913699651795,1807,1.1199999999998909,4,0
ZS=F,2023-02-28 15:00:00,0.000685190614333711,2542,1.400000000000091,4,0
ZS=F,2023-03-01 09:00:00,0.0006004255376598013,2004,1.9800000000000182,4,0
ZS=F,2023-03-01 10:00:00,0.00042491502256742514,2087,1.509999999999991,4,0
ZS=F,2023-03-01 11:00:00,0.00038935159043467735,1507,2.1900000000000546,4,0
ZS=F,2023-03-01 12:00:00,0.0005660013413983789,2994,1.300000000000182,4,0
ZS=F,2023-03-01 13:00:00,0.00072688385866621,3055,1.1300000000001091,4,0
ZS=F,2023-03-01 14:00:00,0.0007145146362113585,1982,1.6400000000001,4,0
ZS=F,2023-03-01 15:00:00,0.0005761262235435681,2062,1.0900000000001455,4,0
ZS=F,2023-03-02 09:00:00,0.00029197666048245334,1678,2.9200000000000728,4,0
ZS=F,2023-03-02 10:00:00,0.0005394335554803302,1509,3.2799999999999727,4,0
ZS=F,2023-03-02 11:00:00,0.00037243165372535597,2745,0.7999999999999545,4,0
ZS=F,2023-03-02 12:00:00,0.0005690731182555745,2972,1.009999999999991,4,0
ZS=F,2023-03-02 13:00:00,0.000509575406095337,2453,3.4600000000000364,4,0
ZS=F,2023-03-02 14:00:00,0.0005241179420013533,1469,1.0599999999999454,4,0
ZS=F,2023-03-02 15:00:00,0.0006641910029188897,1782,1.2200000000000273,4,0
ZS=F,2023-03-03 09:00:00,0.0018799955892004436,2123,2.730000000000018,4,1
ZS=F,2023-03-03 10:00:00,0.0005625480228776305,1848,1.099999999999909,4,0
ZS=F,2023-03-03 11:00:00,0.0006399015462994626,2520,1.0399999999999636,4,0
ZS=F,2023-03-03 12:00:00,0.0007343068370212812,2532,1.6099999999999,4,0
ZS=F,2023-03-03 13:00:00,0.0003682765707479991,2385,0.5599999999999454,4,0
ZS=F,2023-03-03 14:00:00,0.00025954770532699446,2976,3.5300000000002,4,0
ZS=F,2023-03-03 15:00:00,0.0005073576430023978,2229,1.4200000000000728,4,0
ZS=F,2023-03-06 09:00:00,0.002377101404361476,2040,2.3299999999999272,4,1
ZS=F,2023-03-06 10:00:00,0.0004241569311704336,2985,1.2100000000000364,4,0
ZS=F,2023-03-06 11:00:00,0.0006851851498962087,1856,1.3699999999998909,4,0
ZS=F,2023-03-06 12:00:00,0.0003740375506333151,2434,2.6599999999998545,4,0
ZS=F,2023-03-06 13:00:00,0.0006387883332287947,2733,2.8900000000001,4,0
ZS=F,2023-03-06 14:00:00,0.0005701412680774771,1550,1.1300000000001091,4,0
ZS=F,2023-03-06 15:00:00,0.0004787630261541678,2308,2.3300000000001546,4,0
ZS=F,2023-03-07 09:00:00,0.0006934236787364096,2321,0.900000000000091,4,0
ZS=F,2023-03-07 10:00:00,0.00030012254587404887,2407,2.1799999999998363,4,0
ZS=F,2023-03-07 11:00:00,0.0002891952823391264,2727,0.6300000000001091,4,0
ZS=F,2023-03-07 12:00:00,0.0008718273905495461,2025,2.599999999999909,4,0
ZS=F,2023-03-07 13:00:00,0.00027140057115423777,2470,0.8099999999999454,4,0
ZS=F,2023-03-07 14:00:00,0.0004411018256448851,1875,1.6699999999998454,4,0
ZS=F,2023-03-07 15:00:00,0.0004707835177600422,2707,1.900000000000091,4,0
ZS=F,2023-03-08 09:00:00,0.001149581862875243,2770,1.1399999999998727,4,0
ZS=F,2023-03-08 10:00:00,0.0004370673153759971,2060,1.8699999999998909,4,0
ZS=F,2023-03-08 11:00:00,0.0006501642342530103,2367,1.9100000000000819,4,0
ZS=F,2023-03-08 12:00:00,0.0006166405638387958,3020,1.5399999999999636,4,0
ZS=F,2023-03-08 13:00:00,0.0008075199970811557,1666,1.4500000000000455,4,0
ZS=F,2023-03-08 14:00:00,0.0007593275615811813,2418,1.3199999999999363,4,0
ZS=F,2023-03-08 15:00:00,0.0008109995905482327,2126,1.7300000000000182,4,0
ZS=F,2023-03-09 09:00:00,0.000754472076912541,2916,1.259999999999991,4,0
ZS=F,2023-03-09 10:00:00,0.000979319333578097,2463,1.6600000000000819,4,0
ZS=F,2023-03-09 11:00:00,0.00063654231838581,2376,2.2200000000000273,4,0
ZS=F,2023-03-09 12:00:00,0.0005393733874387343,2042,1.4700000000000273,4,0
ZS=F,2023-03-09 13:00:00,0.0006930775440703548,1691,2.099999999999909,4,0
ZS=F,2023-03-09 14:00:00,0.00045509821954945465,1307,1.8699999999998909,4,0
ZS=F,2023-03-09 15:00:00,0.0007214264193698003,1936,1.1700000000000728,4,0
ZS=F,2023-03-10 09:00:00,0.0007592874657112069,2022,1.5599999999999454,4,0
ZS=F,2023-03-10 10:00:00,0.0005829701804584679,1825,1.2699999999999818,4,0
ZS=F,2023-03-10 11:00:00,0.0006028607486255727,1901,1.349999999999909,4,0
ZS=F,2023-03-10 12:00:00,0.0008181646706993956,2665,2.4500000000000455,4,0
ZS=F,2023-03-10 13:00:00,0.0007218839637356778,2687,1.3899999999998727,4,0
ZS=F,2023-03-10 14:00:00,0.0007193468337966423,2370,1.4100000000000819,4,0
ZS=F,2023-03-10 15:00:00,0.00045543723790135215,2915,1.1399999999998727,4,0
ZS=F,2023-03-13 09:00:00,0.0016402193337885908,2271,2.1599999999998545,4,1
ZS=F,2023-03-13 10:00:00,0.000684597706826546,665,1.5599999999999454,4,0
ZS=F,2023-03-13 11:00:00,0.0008438551850193474,2333,2.7999999999999545,4,0
ZS=F,2023-03-13 12:00:00,0.0005922082392354745,1669,1.9500000000000455,4,0
ZS=F,2023-03-13 13:00:00,0.00051964473889509,2159,0.8899999999998727,4,0
ZS=F,2023-03-13 14:00:00,0.0005514701636758178,2722,1.3299999999999272,4,0
ZS=F,2023-03-13 15:00:00,0.0006705399357877415,2376,1.7699999999999818,4,0
ZS=F,2023-03-14 09:00:00,0.001958835843803164,1757,1.8099999999999454,4,1
ZS=F,2023-03-14 10:00:00,0.0005534211154497556,2400,1.1200000000001182,4,0
ZS=F,2023-03-14 11:00:00,0.0007092514968177029,2206,1.2000000000000455,4,0
ZS=F,2023-03-14 12:00:00,0.0003966073967100722,2067,0.7400000000000091,4,0
ZS=F,2023-03-14 13:00:00,0.000674219806473045,2097,2.380000000000109,4,0
ZS=F,2023-03-14 14:00:00,0.00038959145476671745,1647,1.8300000000001546,4,0
ZS=F,2023-03-14 15:00:00,0.0003939167235905762,2114,1.099999999999909,4,0
ZS=F,2023-03-15 09:00:00,0.0022996213550251026,2399,1.1900000000000546,4,1
ZS=F,2023-03-15 10:00:00,0.0007919289835953025,2086,2.0800000000001546,4,0
ZS=F,2023-03-15 11:00:00,0.0006137770581628435,2608,2.7000000000000455,4,0
ZS=F,2023-03-15 12:00:00,0.0006445480454313635,1058,1.0499999999999545,4,0
ZS=F,2023-03-15 13:00:00,0.0004541699609324161,2923,1.0900000000001455,4,0
ZS=F,2023-03-15 14:00:00,0.0007442941562779564,1449,1.790000000000191,4,0
ZS=F,2023-03-15 15:00:00,0.0007002684789985285,2927,1.9800000000000182,4,0
ZS=F,2023-03-16 09:00:00,0.0012170637717458363,2089,1.150000000000091,4,0
ZS=F,2023-03-16 10:00:00,0.0007983634774085767,2894,1.8200000000001637,4,0
ZS=F,2023-03-16 11:00:00,0.0007309521723282893,2427,1.6399999999998727,4,0
ZS=F,2023-03-16 12:00:00,0.00029307868038993466,2169,3.400000000000091,4,0
ZS=F,2023-03-16 13:00:00,0.0006606010285287447,2833,1.259999999999991,4,0
ZS=F,2023-03-16 14:00:00,0.00042436361691762856,3142,1.2999999999999545,4,0
ZS=F,2023-03-16 15:00:00,0.0005996476995315349,2496,1.6100000000001273,4,0
ZS=F,2023-03-17 09:00:00,0.0013731365347571206,2548,1.75,4,0
ZS=F,2023-03-17 10:00:00,0.0006866013354413012,2881,1.9800000000000182,4,0
ZS=F,2023-03-17 11:00:00,0.000388762180668047,2870,2.230000000000018,4,0
ZS=F,2023-03-17 12:00:00,0.0006822337178902667,2595,2.5800000000001546,4,0
ZS=F,2023-03-17 13:00:00,0.0006452281628044694,2245,1.1400000000001,4,0
ZS=F,2023-03-17 14:00:00,0.0005984642018084891,2438,1.509999999999991,4,0
ZS=F,2023-03-17 15:00:00,0.0007960177721060608,2526,1.4300000000000637,4,0
ZS=F,2023-03-20 09:00:00,0.0027775243351507036,1986,1.099999999999909,4,1
ZS=F,2023-03-20 10:00:00,0.0008915704009423835,2903,2.3200000000001637,4,0
ZS=F,2023-03-20 11:00:00,0.0008151052885039028,1484,2.1099999999999,4,0
ZS=F,2023-03-20 12:00:00,0.000806246772841838,1113,2.490000000000009,4,0
ZS=F,2023-03-20 13:00:00,0.000175297822637015,1914,0.39000000000010004,4,0
ZS=F,2023-03-20 14:00:00,0.0001781137746398239,2857,2.5399999999999636,4,0
ZS=F,2023-03-20 15:00:00,0.0006831855017080448,1898,1.9700000000000273,4,0
ZS=F,2023-03-21 09:00:00,0.0009532767762007115,2760,1.459999999999809,4,0
ZS=F,2023-03-21 10:00:00,0.0004242599392174901,2343,1.490000000000009,4,0
ZS=F,2023-03-21 11:00:00,0.00043721741999892604,3021,3.4600000000000364,4,0
ZS=F,2023-03-21 12:00:00,0.0005060381019215262,1766,1.7100000000000364,4,0
ZS=F,2023-03-21 13:00:00,0.0007203392046658377,2850,1.2300000000000182,4,0
ZS=F,2023-03-21 14:00:00,0.0008062362330862595,1957,1.990000000000009,4,0
ZS=F,2023-03-21 15:00:00,0.0006564632349939581,1904,1.1799999999998363,4,0
ZS=F,2023-03-22 09:00:00,0.0008125710713835613,2389,1.1099999999999,4,0
ZS=F,2023-03-22 10:00:00,0.000337738538952627,2709,0.8999999999998636,4,0
ZS=F,2023-03-22 11:00:00,0.0003009283475961322,1992,0.8000000000001819,4,0
ZS=F,2023-03-22 12:00:00,0.0006600016704039562,1645,2.3900000000001,4,0
ZS=F,2023-03-22 13:00:00,0.0006859034836496879,2422,2.689999999999827,4,0
ZS=F,2023-03-22 14:00:00,0.0004402896193756791,2410,1.259999999999991,4,0
ZS=F,2023-03-22 15:00:00,0.0005341960355375588,2063,0.7699999999999818,4,0
ZS=F,2023-03-23 09:00:00,0.0007032923103053365,2351,1.400000000000091,4,0
ZS=F,2023-03-23 10:00:00,0.00043029743630478495,1499,1.3599999999999,4,0
ZS=F,2023-03-23 11:00:00,0.00033933994029755973,2729,0.7599999999999909,4,0
ZS=F,2023-03-23 12:00:00,0.00044713732016784255,1458,0.5,4,0
ZS=F,2023-03-23 13:00:00,0.0004112143841700047,1437,1.7100000000000364,4,0
ZS=F,2023-03-23 14:00:00,0.00015131635551110094,1934,0.36999999999989086,4,0
ZS=F,2023-03-23 15:00:00,0.0002842057947203671,2365,1.8300000000001546,4,0
ZS=F,2023-03-24 09:00:00,0.002488376952398291,1390,2.410000000000082,4,1
ZS=F,2023-03-24 10:00:00,0.0004109165366378964,1542,1.949999999999818,4,0
ZS=F,2023-03-24 11:00:00,0.0007973243225011217,2542,2.1099999999999,4,0
ZS=F,2023-03-24 12:00:00,0.00044741780700358345,1851,2.3500000000001364,4,0
ZS=F,2023-03-24 13:00:00,0.0005402665415354494,2078,2.160000000000082,4,0
ZS=F,2023-03-24 14:00:00,0.0003587972491035645,1768,1.1300000000001091,4,0
ZS=F,2023-03-24 15:00:00,0.0004536781764355323,2561,0.5600000000001728,4,0
ZS=F,2023-03-27 09:00:00,0.00041714381850155795,2695,0.8299999999999272,4,0
ZS=F,2023-03-27 10:00:00,0.00033367441286192656,2825,3.0699999999999363,4,0
ZS=F,2023-03-27 11:00:00,0.0005979321280882201,2342,0.9900000000000091,4,0
ZS=F,2023-03-27 12:00:00,0.0006723159103577295,2871,1.9800000000000182,4,0
ZS=F,2023-03-27 13:00:00,0.0003746989655654435,2333,0.8800000000001091,4,0
ZS=F,2023-03-27 14:00:00,0.0006625558568380655,2830,1.4800000000000182,4,0
ZS=F,2023-03-27 15:00:00,0.000815164715313973,2074,1.7700000000002092,4,0
ZS=F,2023-03-28 09:00:00,0.0011095292239308953,2452,2.6499999999998636,4,0
ZS=F,2023-03-28 10:00:00,0.00040844150018920944,1785,0.9300000000000637,4,0
ZS=F,2023-03-28 11:00:00,0.00079694913082312,3257,1.2100000000000364,4,0
ZS=F,2023-03-28 12:00:00,0.0006788311207353798,1533,1.3599999999999,4,0
ZS=F,2023-03-28 13:00:00,0.00020718796966076721,2868,2.1100000000001273,4,0
ZS=F,2023-03-28 14:00:00,0.0007043352457832762,2050,1.3700000000001182,4,0
ZS=F,2023-03-28 15:00:00,0.0007618051868851098,2021,1.7899999999999636,4,0
ZS=F,2023-03-29 09:00:00,0.002179803311419768,2502,1.5,4,1
ZS=F,2023-03-29 10:00:00,0.0006511236609555442,2749,1.3500000000001364,4,0
ZS=F,2023-03-29 11:00:00,0.00013349129851760458,2250,0.3500000000001364,4,0
ZS=F,2023-03-29 12:00:00,0.0008140377819750874,2045,2.020000000000209,4,0
ZS=F,2023-03-29 13:00:00,0.0005558377746754138,1790,2.3099999999999454,4,0
ZS=F,2023-03-29 14:00:00,0.0006769746010493001,2067,1.1499999999998636,4,0
ZS=F,2023-03-29 15:00:00,0.00044215243242910713,1991,1.3700000000001182,4,0
ZS=F,2023-03-30 09:00:00,0.0004628876828107663,2290,1.6800000000000637,4,0
ZS=F,2023-03-30 10:00:00,0.0007635974285956158,3403,1.1800000000000637,4,0
ZS=F,2023-03-30 11:00:00,0.00042369490725544277,2862,0.6299999999998818,4,0
ZS=F,2023-03-30 12:00:00,0.00026967146045803143,1109,2.3299999999999272,4,0
ZS=F,2023-03-30 13:00:00,0.0004250510919673864,1965,1.040000000000191,4,0
ZS=F,2023-03-30 14:00:00,0.0004261055659851568,1787,1.9700000000000273,4,0
ZS=F,2023-03-30 15:00:00,0.0009895600222818838,1884,2.490000000000009,4,0
ZS=F,2023-03-31 09:00:00,0.0010508200806110407,2016,1.2899999999999636,4,0
ZS=F,2023-03-31 10:00:00,0.0006276325583514296,2185,1.2200000000000273,4,0
ZS=F,2023-03-31 11:00:00,0.0005945947372277105,1853,1.1800000000000637,4,0
ZS=F,2023-03-31 12:00:00,0.0007960140408272349,2458,1.2000000000000455,4,0
ZS=F,2023-03-31 13:00:00,0.0005585001198473281,2325,0.7699999999999818,4,0
ZS=F,2023-03-31 14:00:00,0.0005251164060819621,1272,1.6199999999998909,4,0
ZS=F,2023-03-31 15:00:00,0.00035098604387968555,2041,1.1800000000000637,4,0
ZS=F,2023-04-03 09:00:00,0.0013977212772125973,2371,1.9200000000000728,4,0
ZS=F,2023-04-03 10:00:00,0.000495990193438919,1509,1.2899999999999636,4,0
ZS=F,2023-04-03 11:00:00,0.00045039468045463194,2530,1.8799999999998818,4,0
ZS=F,2023-04-03 12:00:00,0.0007615148515576893,2230,2.980000000000018,4,0
ZS=F,2023-04-03 13:00:00,0.0005923349164884101,1635,1.3800000000001091,4,0
ZS=F,2023-04-03 14:00:00,0.0007145947491688258,1837,2.019999999999982,4,0
ZS=F,2023-04-03 15:00:00,0.000654354968440341,1792,0.8700000000001182,4,0
ZS=F,2023-04-04 09:00:00,0.0019196812063038777,1554,0.6300000000001091,4,1
ZS=F,2023-04-04 10:00:00,0.0005587041313964342,2831,1.25,4,0
ZS=F,2023-04-04 11:00:00,0.00018436552278139646,2615,1.5499999999999545,4,0
ZS=F,2023-04-04 12:00:00,0.00035021596629512006,2975,2.439999999999827,4,0
ZS=F,2023-04-04 13:00:00,0.0006512410486994086,2755,2.0499999999999545,4,0
ZS=F,2023-04-04 14:00:00,0.0004428346223205347,2204,1.5699999999999363,4,0
ZS=F,2023-04-04 15:00:00,0.0008639827348067534,3032,2.259999999999991,4,0
ZS=F,2023-04-05 09:00:00,0.001184334603022199,2721,1.0499999999999545,4,0
ZS=F,2023-04-05 10:00:00,9.937763846429925e-05,1783,3.740000000000009,4,0
ZS=F,2023-04-05 11:00:00,0.000572475122124605,2881,1.5299999999999727,4,0
ZS=F,2023-04-05 12:00:00,0.0005282593651397115,2454,1.9600000000000364,4,0
ZS=F,2023-04-05 13:00:00,0.000669782672039148,2745,1.0599999999999454,4,0
ZS=F,2023-04-05 14:00:00,0.0003512157546290933,2627,0.8399999999999181,4,0
ZS=F,2023-04-05 15:00:00,0.0007893985131718118,1806,2.439999999999827,4,0
ZS=F,2023-04-06 09:00:00,0.0011179922630156392,2185,0.8699999999998909,4,0
ZS=F,2023-04-06 10:00:00,0.000698821309679702,2415,1.9500000000000455,4,0
ZS=F,2023-04-06 11:00:00,0.00042225942180037053,2675,0.8999999999998636,4,0
ZS=F,2023-04-06 12:00:00,0.0008760840049581855,2859,1.7300000000000182,4,0
ZS=F,2023-04-06 13:00:00,0.0007543228536319276,2432,1.1300000000001091,4,0
ZS=F,2023-04-06 14:00:00,0.0004765417039665561,2104,1.3599999999999,4,0
ZS=F,2023-04-06 15:00:00,0.0005583666313895547,2217,1.5599999999999454,4,0
ZS=F,2023-04-07 09:00:00,0.0006388097554918137,2792,1.9700000000000273,4,0
ZS=F,2023-04-07 10:00:00,0.0008335672010432487,2056,1.8999999999998636,4,0
ZS=F,2023-04-07 11:00:00,0.0006089010791860531,2386,2.349999999999909,4,0
ZS=F,2023-04-07 12:00:00,0.0009393994558542671,2490,1.4800000000000182,4,0
ZS=F,2023-04-07 13:00:00,0.0006742870335409534,2137,2.2100000000000364,4,0
ZS=F,2023-04-07 14:00:00,0.0006910089681886249,2369,1.3399999999999181,4,0
ZS=F,2023-04-07 15:00:00,0.0002836425059760428,2525,2.7999999999999545,4,0
ZS=F,2023-04-10 09:00:00,0.0012654912933318429,2929,2.0700000000001637,4,0
ZS=F,2023-04-10 10:00:00,0.0005714723388173369,1877,0.9900000000000091,4,0
ZS=F,2023-04-10 11:00:00,0.0005570941832238764,2224,1.5800000000001546,4,0
ZS=F,2023-04-10 12:00:00,0.0004232891621667067,806,1.2799999999999727,4,0
ZS=F,2023-04-10 13:00:00,0.0007935373151559855,2394,1.9800000000000182,4,0
ZS=F,2023-04-10 14:00:00,0.000569997328028784,2050,1.0800000000001546,4,0
ZS=F,2023-04-10 15:00:00,0.0004221460193803836,1306,0.9600000000000364,4,0
ZS=F,2023-04-11 09:00:00,0.0008634059309157195,2252,1.8399999999999181,4,0
ZS=F,2023-04-11 10:00:00,0.0008220926870198674,1579,1.7300000000000182,4,0
ZS=F,2023-04-11 11:00:00,0.0007026846479847596,1755,1.5299999999999727,4,0
ZS=F,2023-04-11 12:00:00,0.0005535045660924484,1486,1.4500000000000455,4,0
ZS=F,2023-04-11 13:00:00,0.000731215970697444,2784,2.2200000000000273,4,0
ZS=F,2023-04-11 14:00:00,0.0005401391293087878,2382,1.759999999999991,4,0
ZS=F,2023-04-11 15:00:00,0.0007110358240980469,2152,1.490000000000009,4,0
ZS=F,2023-04-12 09:00:00,0.0005347952201739061,2621,2.910000000000082,4,0
ZS=F,2023-04-12 10:00:00,0.0007242236752534726,2997,1.1300000000001091,4,0
ZS=F,2023-04-12 11:00:00,0.0004971745292004739,1884,1.3800000000001091,4,0
ZS=F,2023-04-12 12:00:00,0.0009615602271047196,1955,2.0399999999999636,4,0
ZS=F,2023-04-12 13:00:00,0.0006669801812171336,2892,1.1700000000000728,4,0
ZS=F,2023-04-12 14:00:00,0.00025502020549185455,2904,0.9900000000000091,4,0
ZS=F,2023-04-12 15:00:00,0.0007119459870914309,2181,1.3900000000001,4,0
ZS=F,2023-04-13 09:00:00,0.00021002084178526622,2829,1.8399999999999181,4,0
ZS=F,2023-04-13 10:00:00,0.00020833430150639156,2719,1.5699999999999363,4,0
ZS=F,2023-04-13 11:00:00,0.0007864606269430506,1190,1.5899999999999181,4,0
ZS=F,2023-04-13 12:00:00,7.408152749011672e-05,1676,3.7000000000000455,4,0
ZS=F,2023-04-13 13:00:00,0.0004966140108131015,1527,1.0,4,0
ZS=F,2023-04-13 14:00:00,0.0004671833988185811,3008,1.2699999999999818,4,0
ZS=F,2023-04-13 15:00:00,0.0007656600741917959,2228,2.4400000000000546,4,0
ZS=F,2023-04-14 09:00:00,0.0004118525282773033,2024,1.0199999999999818,4,0
ZS=F,2023-04-14 10:00:00,0.00012715646747082324,2233,3.5799999999999272,4,0
ZS=F,2023-04-14 11:00:00,0.0007710705626451486,2231,2.7799999999999727,4,0
ZS=F,2023-04-14 12:00:00,0.0006309328736414392,2464,1.1100000000001273,4,0
ZS=F,2023-04-14 13:00:00,0.0006497865466404634,2775,1.0299999999999727,4,0
ZS=F,2023-04-14 14:00:00,0.00040923915811063753,1676,2.480000000000018,4,0
ZS=F,2023-04-14 15:00:00,0.00043074133533605157,2010,1.2999999999999545,4,0
ZS=F,2023-04-17 09:00:00,0.0030387920827871675,1567,1.4399999999998272,4,1
ZS=F,2023-04-17 10:00:00,0.0007862406873026216,2525,2.869999999999891,4,0
ZS=F,2023-04-17 11:00:00,0.000376198759867066,2422,0.8800000000001091,4,0
ZS=F,2023-04-17 12:00:00,0.0007989864083011591,1407,2.4600000000000364,4,0
ZS=F,2023-04-17 13:00:00,0.0008709627554780871,2529,2.270000000000209,4,0
ZS=F,2023-04-17 14:00:00,0.0005807015959881139,2448,0.8099999999999454,4,0
ZS=F,2023-04-17 15:00:00,0.000848214728661334,1704,3.5399999999999636,4,0
ZS=F,2023-04-18 09:00:00,0.0015038166412607457,2100,2.019999999999982,4,1
ZS=F,2023-04-18 10:00:00,0.0006225166150722256,2000,2.230000000000018,4,0
ZS=F,2023-04-18 11:00:00,0.0008001416176471607,2517,1.9799999999997908,4,0
ZS=F,2023-04-18 12:00:00,0.0007394961954284688,2989,1.9400000000000546,4,0
ZS=F,2023-04-18 13:00:00,0.0006732606799604316,3538,2.009999999999991,4,0
ZS=F,2023-04-18 14:00:00,0.0007224296879647672,3091,2.009999999999991,4,0
ZS=F,2023-04-18 15:00:00,0.0005880273250528215,2398,1.2200000000000273,4,0
ZS=F,2023-04-19 09:00:00,0.0006934547224801313,2263,1.2700000000002092,4,0
ZS=F,2023-04-19 10:00:00,0.00036294350679098923,1649,0.9900000000000091,4,0
ZS=F,2023-04-19 11:00:00,0.0004548374798040364,1545,0.9100000000000819,4,0
ZS=F,2023-04-19 12:00:00,0.00029948255519395554,1392,2.2899999999999636,4,0
ZS=F,2023-04-19 13:00:00,0.0006526350621280796,1739,1.1399999999998727,4,0
ZS=F,2023-04-19 14:00:00,0.000762736521757055,1724,2.0299999999999727,4,0
ZS=F,2023-04-19 15:00:00,0.0003295903985951419,1429,1.240000000000009,4,0
ZS=F,2023-04-20 09:00:00,0.0018112682917408452,2474,1.2200000000000273,4,1
ZS=F,2023-04-20 10:00:00,0.00031520341469052976,2181,1.3799999999998818,4,0
ZS=F,2023-04-20 11:00:00,0.0004992798895434065,2110,1.259999999999991,4,0
ZS=F,2023-04-20 12:00:00,0.0008365360907735077,2143,1.3700000000001182,4,0
ZS=F,2023-04-20 13:00:00,0.00047556217798986255,2170,1.8099999999999454,4,0
ZS=F,2023-04-20 14:00:00,0.00030658177001364594,3117,1.2100000000000364,4,0
ZS=F,2023-04-20 15:00:00,0.0006267621694816157,2020,2.4600000000000364,4,0
ZS=F,2023-04-21 09:00:00,0.0011436982474584067,1353,1.9300000000000637,4,0
ZS=F,2023-04-21 10:00:00,0.0004251104375763714,1285,1.259999999999991,4,0
ZS=F,2023-04-21 11:00:00,0.0005340148729174965,1716,2.8700000000001182,4,0
ZS=F,2023-04-21 12:00:00,0.0005394634079948124,2345,2.619999999999891,4,0
ZS=F,2023-04-21 13:00:00,0.0005653404425598979,2412,2.6599999999998545,4,0
ZS=F,2023-04-21 14:00:00,0.0006929201751951601,3490,1.7699999999999818,4,0
ZS=F,2023-04-21 15:00:00,0.0005204238373357419,1771,0.7000000000000455,4,0
ZS=F,2023-04-24 09:00:00,0.0002749932185050114,2715,2.990000000000009,4,0
ZS=F,2023-04-24 10:00:00,0.00041373556269741843,1803,1.900000000000091,4,0
ZS=F,2023-04-24 11:00:00,0.0006842574755603616,1793,2.259999999999991,4,0
ZS=F,2023-04-24 12:00:00,0.0007407405855332218,2352,1.6599999999998545,4,0
ZS=F,2023-04-24 13:00:00,0.0007473728904610284,2892,1.259999999999991,4,0
ZS=F,2023-04-24 14:00:00,0.0008095292073760975,2463,2.7899999999999636,4,0
ZS=F,2023-04-24 15:00:00,0.0006136672569431222,2474,1.4400000000000546,4,0
ZS=F,2023-04-25 09:00:00,0.0018021678206285516,2353,3.2000000000000455,4,1
ZS=F,2023-04-25 10:00:00,0.000583039991632121,1812,1.8500000000001364,4,0
ZS=F,2023-04-25 11:00:00,0.00027638241930910776,1949,2.25,4,0
ZS=F,2023-04-25 12:00:00,0.00041926246528480287,2937,1.75,4,0
ZS=F,2023-04-25 13:00:00,0.0003364339793828702,2306,1.2100000000000364,4,0
ZS=F,2023-04-25 14:00:00,0.00036642569008989016,2196,0.6099999999999,4,0
ZS=F,2023-04-25 15:00:00,0.0005783950648429484,978,1.4400000000000546,4,0
ZS=F,2023-04-26 09:00:00,0.001825794350330162,2632,1.2300000000000182,4,1
ZS=F,2023-04-26 10:00:00,0.0004218489733990263,1997,0.9300000000000637,4,0
ZS=F,2023-04-26 11:00:00,0.00033704216443817777,2363,0.9499999999998181,4,0
ZS=F,2023-04-26 12:00:00,0.00027550249520676156,2048,0.6399999999998727,4,0
ZS=F,2023-04-26 13:00:00,0.0007146070433420445,1922,2.0599999999999454,4,0
ZS=F,2023-04-26 14:00:00,0.0008036367660247503,2408,1.4500000000000455,4,0
ZS=F,2023-04-26 15:00:00,0.0006267230285325197,3042,1.259999999999991,4,0
ZS=F,2023-04-27 09:00:00,0.0013380820549339183,1643,1.240000000000009,4,0
ZS=F,2023-04-27 10:00:00,0.00030092066231844904,2316,1.2000000000000455,4,0
ZS=F,2023-04-27 11:00:00,0.00031020386436712865,1828,1.3099999999999454,4,0
ZS=F,2023-04-27 12:00:00,0.0004862001981688971,2135,1.0699999999999363,4,0
ZS=F,2023-04-27 13:00:00,0.000406614138860976,2036,0.8299999999999272,4,0
ZS=F,2023-04-27 14:00:00,0.0003867639593181161,1951,0.8699999999998909,4,0
ZS=F,2023-04-27 15:00:00,0.0007351397124389366,2360,1.849999999999909,4,0
ZS=F,2023-04-28 09:00:00,0.000807057785357538,2516,1.4700000000000273,4,0
ZS=F,2023-04-28 10:00:00,0.0006403469827774092,997,3.3299999999999272,4,0
ZS=F,2023-04-28 11:00:00,0.0005257195542742033,2333,1.3300000000001546,4,0
ZS=F,2023-04-28 12:00:00,0.000661097365479726,3082,1.25,4,0
ZS=F,2023-04-28 13:00:00,0.0003033975396970779,2510,0.8399999999999181,4,0
ZS=F,2023-04-28 14:00:00,0.000482762101008794,2255,3.4700000000000273,4,0
ZS=F,2023-04-28 15:00:00,0.0006773623427861095,1784,2.339999999999918,4,0
ZS=F,2023-05-01 09:00:00,0.003505681844157852,1992,2.480000000000018,4,1
ZS=F,2023-05-01 10:00:00,0.0004092566234193932,2597,1.6600000000000819,4,0
ZS=F,2023-05-01 11:00:00,0.000512445571196753,1302,3.880000000000109,4,0
ZS=F,2023-05-01 12:00:00,0.0005554703571993912,1931,1.5800000000001546,4,0
ZS=F,2023-05-01 13:00:00,0.0004044572219605117,2570,2.5599999999999454,4,0
ZS=F,2023-05-01 14:00:00,0.00011157116845913541,2466,0.4800000000000182,4,0
ZS=F,2023-05-01 15:00:00,0.0009017449085351496,2516,1.2899999999999636,4,0
ZS=F,2023-05-02 09:00:00,0.00400286638316711,2422,1.400000000000091,4,1
ZS=F,2023-05-02 10:00:00,0.0006158881153306914,2424,1.3799999999998818,4,0
ZS=F,2023-05-02 11:00:00,0.0006295925424166228,2043,0.9100000000000819,4,0
ZS=F,2023-05-02 12:00:00,0.0007843161549783617,1875,1.5699999999999363,4,0
ZS=F,2023-05-02 13:00:00,0.0001302485376430265,2541,2.9299999999998363,4,0
ZS=F,2023-05-02 14:00:00,0.0002739438564394246,2494,0.6000000000001364,4,0
ZS=F,2023-05-02 15:00:00,0.00043207837130207065,1560,0.8600000000001273,4,0
ZS=F,2023-05-03 09:00:00,0.000724260535674383,1090,1.25,4,0
ZS=F,2023-05-03 10:00:00,0.0007722629026832551,3005,1.8299999999999272,4,0
ZS=F,2023-05-03 11:00:00,0.0006133306782581608,2610,1.3199999999999363,4,0
ZS=F,2023-05-03 12:00:00,0.0008020948423529642,888,1.650000000000091,4,0
ZS=F,2023-05-03 13:00:00,0.0004934358980132315,2298,1.5599999999999454,4,0
ZS=F,2023-05-03 14:00:00,0.0001770265238771635,1142,0.33999999999991815,4,0
ZS=F,2023-05-03 15:00:00,0.000742811084540273,2726,2.490000000000009,4,0
ZS=F,2023-05-04 09:00:00,0.0016851849392997182,1882,1.6499999999998636,4,1
ZS=F,2023-05-04 10:00:00,0.0004980646826675035,2681,0.9700000000000273,4,0
ZS=F,2023-05-04 11:00:00,0.00042333837927550563,1900,3.9700000000000273,4,0
ZS=F,2023-05-04 12:00:00,0.0006548756896311472,2652,1.0599999999999454,4,0
ZS=F,2023-05-04 13:00:00,0.000999381807642666,1506,2.25,4,0
ZS=F,2023-05-04 14:00:00,0.0007008749740744942,2948,2.410000000000082,4,0
ZS=F,2023-05-04 15:00:00,0.0003898347701989295,2979,1.2000000000000455,4,0
ZS=F,2023-05-05 09:00:00,0.0019407492958215175,2114,0.9900000000000091,4,1
ZS=F,2023-05-05 10:00:00,0.0004701370278269634,1382,1.4700000000000273,4,0
ZS=F,2023-05-05 11:00:00,0.0007742367413602659,1492,1.1699999999998454,4,0
ZS=F,2023-05-05 12:00:00,0.000810054988437248,2111,1.8399999999999181,4,0
ZS=F,2023-05-05 13:00:00,0.0007474374304675458,2295,1.25,4,0
ZS=F,2023-05-05 14:00:00,0.0005804266852810361,2139,0.7100000000000364,4,0
ZS=F,2023-05-05 15:00:00,0.0005457915117971513,3019,1.1600000000000819,4,0
ZS=F,2023-05-08 09:00:00,0.0007225568530723518,2749,1.7799999999999727,4,0
ZS=F,2023-05-08 10:00:00,0.00039410892664868433,2972,0.7799999999999727,4,0
ZS=F,2023-05-08 11:00:00,0.0006765558676374507,2154,1.9800000000000182,4,0
ZS=F,2023-05-08 12:00:00,0.00037417469230290127,2699,0.5800000000001546,4,0
ZS=F,2023-05-08 13:00:00,0.000641701225381556,2350,2.230000000000018,4,0
ZS=F,2023-05-08 14:00:00,6.91467571842792e-05,2408,2.1900000000000546,4,0
ZS=F,2023-05-08 15:00:00,0.000559931588676809,2129,1.2100000000000364,4,0
ZS=F,2023-05-09 09:00:00,0.001857670858594007,1939,1.25,4,1
ZS=F,2023-05-09 10:00:00,0.0007628808648527754,1707,1.9400000000000546,4,0
ZS=F,2023-05-09 11:00:00,0.0007173911634809422,2411,1.3900000000001,4,0
ZS=F,2023-05-09 12:00:00,0.0003361398164933262,2766,0.599999999999909,4,0
ZS=F,2023-05-09 13:00:00,0.0006804533895997929,3098,2.150000000000091,4,0
ZS=F,2023-05-09 14:00:00,0.0005440883631452224,3734,2.740000000000009,4,0
ZS=F,2023-05-09 15:00:00,0.00039266256434164465,847,2.740000000000009,4,0
ZS=F,2023-05-10 09:00:00,0.0012633081281583731,2366,2.5499999999999545,4,0
ZS=F,2023-05-10 10:00:00,0.0006368575794155525,3175,1.009999999999991,4,0
ZS=F,2023-05-10 11:00:00,0.00016292820296667364,1715,1.259999999999991,4,0
ZS=F,2023-05-10 12:00:00,0.0002766718213272236,2091,2.3900000000001,4,0
ZS=F,2023-05-10 13:00:00,0.0007501054190939683,1318,2.0299999999999727,4,0
ZS=F,2023-05-10 14:00:00,0.0006160659653076492,2128,1.400000000000091,4,0
ZS=F,2023-05-10 15:00:00,0.0005302148693602078,1837,2.300000000000182,4,0
ZS=F,2023-05-11 09:00:00,0.0031719500754802334,2566,0.8099999999999454,4,1
ZS=F,2023-05-11 10:00:00,0.00020649233287703007,1435,2.8600000000001273,4,0
ZS=F,2023-05-11 11:00:00,0.0004231793194518287,2554,0.5199999999999818,4,0
ZS=F,2023-05-11 12:00:00,0.00024224132170527508,1774,2.009999999999991,4,0
ZS=F,2023-05-11 13:00:00,0.0006360870847529179,1847,1.1499999999998636,4,0
ZS=F,2023-05-11 14:00:00,0.0003038387876224695,3174,0.7399999999997817,4,0
ZS=F,2023-05-11 15:00:00,0.0008200644025881882,2203,2.1599999999998545,4,0
ZS=F,2023-05-12 09:00:00,0.002093299594930628,2439,2.0499999999999545,4,1
ZS=F,2023-05-12 10:00:00,7.809655980453012e-05,2855,1.8199999999999363,4,0
ZS=F,2023-05-12 11:00:00,0.0008453404327410976,2730,1.2799999999999727,4,0
ZS=F,2023-05-12 12:00:00,0.0008551288011521849,2424,1.2899999999999636,4,0
ZS=F,2023-05-12 13:00:00,0.00040770840796201406,2867,1.4600000000000364,4,0
ZS=F,2023-05-12 14:00:00,0.0009626807757916686,1993,1.9800000000000182,4,0
ZS=F,2023-05-12 15:00:00,0.00013419905481825247,2099,3.6299999999998818,4,0
ZS=F,2023-05-15 09:00:00,0.002046455870500457,1684,1.0499999999999545,4,1
ZS=F,2023-05-15 10:00:00,0.0007955335986117047,2478,1.4299999999998363,4,0
ZS=F,2023-05-15 11:00:00,0.0006357416155563295,2217,1.0399999999999636,4,0
ZS=F,2023-05-15 12:00:00,0.0004161680582839647,2419,3.4099999999998545,4,0
ZS=F,2023-05-15 13:00:00,0.0008823566071145594,2224,1.8699999999998909,4,0
ZS=F,2023-05-15 14:00:00,0.0005446078764355692,1913,1.5900000000001455,4,0
ZS=F,2023-05-15 15:00:00,0.0006559995653105637,3065,1.2899999999999636,4,0
ZS=F,2023-05-16 09:00:00,0.0007824947675518892,1347,1.3599999999999,4,0
ZS=F,2023-05-16 10:00:00,0.0003486991550721652,2021,3.509999999999991,4,0
ZS=F,2023-05-16 11:00:00,0.00046829245468284637,2609,1.9099999999998545,4,0
ZS=F,2023-05-16 12:00:00,0.0004989751993583382,1556,2.560000000000173,4,0
ZS=F,2023-05-16 13:00:00,0.0005622285528271535,1410,1.0499999999999545,4,0
ZS=F,2023-05-16 14:00:00,0.0007471638736146793,2828,1.6000000000001364,4,0
ZS=F,2023-05-16 15:00:00,0.0007336115894673397,2842,1.740000000000009,4,0
ZS=F,2023-05-17 09:00:00,0.0024095170707957294,1865,1.4299999999998363,4,1
ZS=F,2023-05-17 10:00:00,0.0009944966042320664,1656,1.9600000000000364,4,0
ZS=F,2023-05-17 11:00:00,0.0004116341966947541,3127,0.849999999999909,4,0
ZS=F,2023-05-17 12:00:00,0.0007451521038527982,1327,1.3300000000001546,4,0
ZS=F,2023-05-17 13:00:00,0.0005352671793058416,2244,1.490000000000009,4,0
ZS=F,2023-05-17 14:00:00,0.00035818635135373807,1127,0.849999999999909,4,0
ZS=F,2023-05-17 15:00:00,0.00029230349802948354,3127,0.7599999999999909,4,0
ZS=F,2023-05-18 09:00:00,0.000787631565209125,2353,1.5299999999999727,4,0
ZS=F,2023-05-18 10:00:00,0.00032202185689421273,3009,2.0699999999999363,4,0
ZS=F,2023-05-18 11:00:00,0.0002501496806402122,2264,3.439999999999827,4,0
ZS=F,2023-05-18 12:00:00,0.0006002100937068066,2611,1.0299999999999727,4,0
ZS=F,2023-05-18 13:00:00,0.000666031527210013,2244,1.1300000000001091,4,0
ZS=F,2023-05-18 14:00:00,0.0006789893163853251,2516,1.2300000000000182,4,0
ZS=F,2023-05-18 15:00:00,0.0008780886694131228,2956,3.1200000000001182,4,0
ZS=F,2023-05-19 09:00:00,0.001962991549685602,2234,2.0499999999999545,4,1
ZS=F,2023-05-19 10:00:00,0.0004696146617110812,2756,1.1299999999998818,4,0
ZS=F,2023-05-19 11:00:00,0.0007297247846659387,2117,0.7999999999999545,4,0
ZS=F,2023-05-19 12:00:00,0.0005724424281083559,1699,1.240000000000009,4,0
ZS=F,2023-05-19 13:00:00,0.0005954241719473921,3139,1.6499999999998636,4,0
ZS=F,2023-05-19 14:00:00,0.0006906857876176485,2689,1.2999999999999545,4,0
ZS=F,2023-05-19 15:00:00,0.00036929979943269237,3477,0.7599999999999909,4,0
ZS=F,2023-05-22 09:00:00,0.0004504143246986567,2016,1.4100000000000819,4,0
ZS=F,2023-05-22 10:00:00,0.0003945411117678204,2165,1.699999999999818,4,0
ZS=F,2023-05-22 11:00:00,0.000735561489225213,1744,2.459999999999809,4,0
ZS=F,2023-05-22 12:00:00,0.0007441741922569494,1843,1.1800000000000637,4,0
ZS=F,2023-05-22 13:00:00,0.0007323228910442875,1993,1.6799999999998363,4,0
ZS=F,2023-05-22 14:00:00,0.00040066578841516895,2645,0.7599999999999909,4,0
ZS=F,2023-05-22 15:00:00,0.00030227051979005946,2561,1.3299999999999272,4,0
ZS=F,2023-05-23 09:00:00,0.0009065964424455555,2639,1.4300000000000637,4,0
ZS=F,2023-05-23 10:00:00,0.000604758952063885,1788,0.6599999999998545,4,0
ZS=F,2023-05-23 11:00:00,0.0006664110037785412,2847,1.1199999999998909,4,0
ZS=F,2023-05-23 12:00:00,0.0006772905498056024,1873,1.259999999999991,4,0
ZS=F,2023-05-23 13:00:00,0.000789126639358521,1723,1.7000000000000455,4,0
ZS=F,2023-05-23 14:00:00,0.0004799252758911182,2500,1.5699999999999363,4,0
ZS=F,2023-05-23 15:00:00,0.0005988247283566288,1171,1.0199999999999818,4,0
ZS=F,2023-05-24 09:00:00,0.0008241564070727643,2526,2.2200000000000273,4,0
ZS=F,2023-05-24 10:00:00,0.0005401338011888409,2166,0.8399999999999181,4,0
ZS=F,2023-05-24 11:00:00,0.0006932731185319383,2060,1.349999999999909,4,0
ZS=F,2023-05-24 12:00:00,0.0005105971381267092,2081,2.339999999999918,4,0
ZS=F,2023-05-24 13:00:00,0.000564936409884253,2212,1.9500000000000455,4,0
ZS=F,2023-05-24 14:00:00,0.0005730169007771574,1666,1.2999999999999545,4,0
ZS=F,2023-05-24 15:00:00,0.0007318568272737947,2482,1.759999999999991,4,0
ZS=F,2023-05-25 09:00:00,0.001229578602411469,2146,2.3400000000001455,4,0
ZS=F,2023-05-25 10:00:00,0.0003239116745932448,1816,3.0299999999999727,4,0
ZS=F,2023-05-25 11:00:00,0.0002830175349237672,2013,0.8300000000001546,4,0
ZS=F,2023-05-25 12:00:00,0.0006652673672291401,2076,1.1800000000000637,4,0
ZS=F,2023-05-25 13:00:00,0.0005659499154087155,1644,1.1800000000000637,4,0
ZS=F,2023-05-25 14:00:00,0.0005935069930356361,3481,2.4300000000000637,4,0
ZS=F,2023-05-25 15:00:00,0.0002416080359200822,2469,0.35999999999989996,4,0
ZS=F,2023-05-26 09:00:00,0.002798314429113774,1432,1.3800000000001091,4,1
ZS=F,2023-05-26 10:00:00,0.0006664791581637619,1603,1.1299999999998818,4,0
ZS=F,2023-05-26 11:00:00,0.0005710064089618102,987,2.949999999999818,4,0
ZS=F,2023-05-26 12:00:00,0.0006518116833362986,1449,1.0799999999999272,4,0
ZS=F,2023-05-26 13:00:00,0.00044940735567864255,2698,0.6600000000000819,4,0
ZS=F,2023-05-26 14:00:00,0.0007955658065970727,1761,2.0699999999999363,4,0
ZS=F,2023-05-26 15:00:00,0.0005886705664676543,2985,1.2300000000000182,4,0
ZS=F,2023-05-29 09:00:00,0.0019485482295006616,2511,1.1699999999998454,4,1
ZS=F,2023-05-29 10:00:00,0.000738450945431342,1774,1.759999999999991,4,0
ZS=F,2023-05-29 11:00:00,0.0004804038823418389,2713,1.349999999999909,4,0
ZS=F,2023-05-29 12:00:00,0.0005784925825471578,2635,1.3999999999998636,4,0
ZS=F,2023-05-29 13:00:00,0.00033921142149962726,2571,2.4700000000000273,4,0
ZS=F,2023-05-29 14:00:00,0.0006637406694885315,1743,1.8699999999998909,4,0
ZS=F,2023-05-29 15:00:00,0.0008157440024368578,2518,2.009999999999991,4,0
ZS=F,2023-05-30 09:00:00,0.00210600674551322,3067,1.849999999999909,4,1
ZS=F,2023-05-30 10:00:00,0.00040674556852162016,2003,0.9700000000000273,4,0
ZS=F,2023-05-30 11:00:00,0.0006902508511482116,2529,1.2100000000000364,4,0
ZS=F,2023-05-30 12:00:00,0.000575114936778918,1928,0.9300000000000637,4,0
ZS=F,2023-05-30 13:00:00,0.00079917793764395,1853,1.4400000000000546,4,0
ZS=F,2023-05-30 14:00:00,0.00046282537379047144,1254,2.25,4,0
ZS=F,2023-05-30 15:00:00,0.0003275592389239136,1946,1.8399999999999181,4,0
ZS=F,2023-05-31 09:00:00,0.0013600970238332028,2127,1.099999999999909,4,0
ZS=F,2023-05-31 10:00:00,0.0005781618782005018,2189,1.2899999999999636,4,0
ZS=F,2023-05-31 11:00:00,0.0006253334227108737,2681,1.4600000000000364,4,0
ZS=F,2023-05-31 12:00:00,0.0008775198654880833,1873,3.560000000000173,4,0
ZS=F,2023-05-31 13:00:00,0.0007266074072955171,2523,1.25,4,0
ZS=F,2023-05-31 14:00:00,0.0003961698593452816,1602,0.6200000000001182,4,0
ZS=F,2023-05-31 15:00:00,0.0008385539264296957,1673,1.1200000000001182,4,0
ZS=F,2023-06-01 09:00:00,0.0006780353121190366,2102,1.5199999999999818,4,0
ZS=F,2023-06-01 10:00:00,0.0008302505512477635,2629,1.3300000000001546,4,0
ZS=F,2023-06-01 11:00:00,0.0006112882761836164,1929,1.2100000000000364,4,0
ZS=F,2023-06-01 12:00:00,0.00041347990435630167,2143,1.0600000000001728,4,0
ZS=F,2023-06-01 13:00:00,0.000650794112158,3015,2.0499999999999545,4,0
ZS=F,2023-06-01 14:00:00,0.0007594076667743572,1222,1.8600000000001273,4,0
ZS=F,2023-06-01 15:00:00,0.0002379464946546871,2573,0.7200000000000273,4,0
ZS=F,2023-06-02 09:00:00,0.0022461544546024215,1535,0.9500000000000455,4,1
ZS=F,2023-06-02 10:00:00,0.00026193756822122513,3196,1.75,4,0
ZS=F,2023-06-02 11:00:00,0.000678212398377717,1866,1.4199999999998454,4,0
ZS=F,2023-06-02 12:00:00,0.0006535670644715943,2034,1.5299999999999727,4,0
ZS=F,2023-06-02 13:00:00,0.00030516042188516755,2032,1.5300000000002,4,0
ZS=F,2023-06-02 14:00:00,0.0007555356275638931,1703,1.2999999999999545,4,0
ZS=F,2023-06-02 15:00:00,0.0005750512593866022,2041,0.9699999999997999,4,0
ZS=F,2023-06-05 09:00:00,0.002610017267463821,1647,2.160000000000082,4,1
ZS=F,2023-06-05 10:00:00,0.0007652189931138254,2353,1.2799999999999727,4,0
ZS=F,2023-06-05 11:00:00,0.0005912365642676414,1846,1.7300000000000182,4,0
ZS=F,2023-06-05 12:00:00,0.0007407856299216967,1418,2.4099999999998545,4,0
ZS=F,2023-06-05 13:00:00,0.00035473989055936374,1946,2.3599999999999,4,0
ZS=F,2023-06-05 14:00:00,0.0006364811618597602,2602,2.1399999999998727,4,0
ZS=F,2023-06-05 15:00:00,0.0006424170765243476,1956,2.6599999999998545,4,0
ZS=F,2023-06-06 09:00:00,0.001863651743593588,2936,0.7599999999999909,4,1
ZS=F,2023-06-06 10:00:00,0.00031770549995833845,2379,1.4600000000000364,4,0
ZS=F,2023-06-06 11:00:00,0.0010761268212194522,1926,1.4400000000000546,4,0
ZS=F,2023-06-06 12:00:00,0.0006412833725321278,3315,1.4100000000000819,4,0
ZS=F,2023-06-06 13:00:00,0.000506504418277596,2310,1.5700000000001637,4,0
ZS=F,2023-06-06 14:00:00,0.0006561958053470403,1884,1.4400000000000546,4,0
ZS=F,2023-06-06 15:00:00,0.0005370675842426132,2979,1.1900000000000546,4,0
ZS=F,2023-06-07 09:00:00,0.0005747576020767363,1605,2.769999999999982,4,0
ZS=F,2023-06-07 10:00:00,0.00038433375936661895,2228,0.9200000000000728,4,0
ZS=F,2023-06-07 11:00:00,0.00023303469549937653,2630,2.5499999999999545,4,0
ZS=F,2023-06-07 12:00:00,0.0006518276219904952,2108,1.290000000000191,4,0
ZS=F,2023-06-07 13:00:00,0.00014445344999009324,2239,1.7000000000000455,4,0
ZS=F,2023-06-07 14:00:00,0.0008210841659335681,1164,2.240000000000009,4,0
ZS=F,2023-06-07 15:00:00,0.0005535379936176762,2238,1.3100000000001728,4,0
ZS=F,2023-06-08 09:00:00,0.0017559867171305667,1828,2.75,4,1
ZS=F,2023-06-08 10:00:00,0.0006127233258575719,1842,1.4800000000000182,4,0
ZS=F,2023-06-08 11:00:00,0.0006485605769562581,3030,1.0199999999999818,4,0
ZS=F,2023-06-08 12:00:00,0.0008280511618914534,2896,1.4800000000000182,4,0
ZS=F,2023-06-08 13:00:00,0.0008087555622402004,2023,2.310000000000173,4,0
ZS=F,2023-06-08 14:00:00,0.0004755755991554571,1157,1.849999999999909,4,0
ZS=F,2023-06-08 15:00:00,0.00023365709864174583,2844,2.9600000000000364,4,0
ZS=F,2023-06-09 09:00:00,0.0008358735953417499,2089,0.9200000000000728,4,0
ZS=F,2023-06-09 10:00:00,0.0008461339104688478,1257,2.1800000000000637,4,0
ZS=F,2023-06-09 11:00:00,0.0005450553692477871,2169,2.1100000000001273,4,0
ZS=F,2023-06-09 12:00:00,0.00038252090072175143,1688,1.1199999999998909,4,0
ZS=F,2023-06-09 13:00:00,0.0007137074221405858,1935,2.240000000000009,4,0
ZS=F,2023-06-09 14:00:00,0.0005900595899766256,1959,1.7999999999999545,4,0
ZS=F,2023-06-09 15:00:00,0.0005110861778710303,1788,1.7999999999999545,4,0
ZS=F,2023-06-12 09:00:00,0.0020363529735767626,1859,0.43000000000006366,4,1
ZS=F,2023-06-12 10:00:00,0.000614201558745353,2604,1.2999999999999545,4,0
ZS=F,2023-06-12 11:00:00,0.000455477594231015,1856,2.7200000000000273,4,0
ZS=F,2023-06-12 12:00:00,0.000840277023628526,1946,1.3700000000001182,4,0
ZS=F,2023-06-12 13:00:00,0.0006954022541114588,2657,1.449999999999818,4,0
ZS=F,2023-06-12 14:00:00,0.00042333374720500693,1635,0.7300000000000182,4,0
ZS=F,2023-06-12 15:00:00,0.0004023614154774929,1785,0.7300000000000182,4,0
ZS=F,2023-06-13 09:00:00,0.0009770756449802096,2112,0.1999999999998181,4,0
ZS=F,2023-06-13 10:00:00,0.000490903728927004,1826,2.2100000000000364,4,0
ZS=F,2023-06-13 11:00:00,0.0007899031262734325,1981,1.3100000000001728,4,0
ZS=F,2023-06-13 12:00:00,0.0005543454364624099,1750,1.6000000000001364,4,0
ZS=F,2023-06-13 13:00:00,0.00046025783685910257,3019,1.4399999999998272,4,0
ZS=F,2023-06-13 14:00:00,0.000812368983811238,2591,1.4200000000000728,4,0
ZS=F,2023-06-13 15:00:00,0.0003876522627335284,2398,1.25,4,0
ZS=F,2023-06-14 09:00:00,0.0009191683419851811,3332,1.8800000000001091,4,0
ZS=F,2023-06-14 10:00:00,0.00038617462805282696,1590,0.7799999999999727,4,0
ZS=F,2023-06-14 11:00:00,0.0007352549022484415,2138,2.8799999999998818,4,0
ZS=F,2023-06-14 12:00:00,0.0007340070604110305,1411,0.8999999999998636,4,0
ZS=F,2023-06-14 13:00:00,0.0007429315777318953,2182,2.0299999999999727,4,0
ZS=F,2023-06-14 14:00:00,0.00035793854507875625,2647,0.44000000000005457,4,0
ZS=F,2023-06-14 15:00:00,0.000516704436809766,1496,1.3299999999999272,4,0
ZS=F,2023-06-15 09:00:00,0.0023029116841030905,2973,2.5299999999999727,4,1
ZS=F,2023-06-15 10:00:00,0.00011488362309465156,2953,2.9200000000000728,4,0
ZS=F,2023-06-15 11:00:00,0.0005484143074286469,2705,1.75,4,0
ZS=F,2023-06-15 12:00:00,0.0007756756281671158,2341,1.240000000000009,4,0
ZS=F,2023-06-15 13:00:00,0.0004964717728205918,2401,1.0,4,0
ZS=F,2023-06-15 14:00:00,0.0005954722269006915,2044,2.019999999999982,4,0
ZS=F,2023-06-15 15:00:00,0.0005221375208641631,1451,0.9099999999998545,4,0
ZS=F,2023-06-16 09:00:00,0.00021925606710820962,2634,0.43000000000006366,4,0
ZS=F,2023-06-16 10:00:00,0.00041792551673529163,2275,3.1700000000000728,4,0
ZS=F,2023-06-16 11:00:00,0.0008497755834270764,2139,1.3199999999999363,4,0
ZS=F,2023-06-16 12:00:00,0.00030567688068667344,2925,2.0299999999999727,4,0
ZS=F,2023-06-16 13:00:00,0.0005085158354879008,1788,1.6600000000000819,4,0
ZS=F,2023-06-16 14:00:00,0.0007960824661275676,2124,1.2799999999999727,4,0
ZS=F,2023-06-16 15:00:00,0.0007128004302644222,1299,1.1199999999998909,4,0
ZS=F,2023-06-19 09:00:00,0.0008434121490876174,2536,2.25,4,0
ZS=F,2023-06-19 10:00:00,0.0008763167881303121,1582,1.7699999999999818,4,0
ZS=F,2023-06-19 11:00:00,0.0006082448895883267,3065,1.75,4,0
ZS=F,2023-06-19 12:00:00,0.0006954686327057415,2127,1.0799999999999272,4,0
ZS=F,2023-06-19 13:00:00,0.0005420861788180234,1896,1.490000000000009,4,0
ZS=F,2023-06-19 14:00:00,0.0005592702895773897,2925,1.1800000000000637,4,0
ZS=F,2023-06-19 15:00:00,0.0007234586544131496,2375,1.2200000000000273,4,0
ZS=F,2023-06-20 09:00:00,0.0009585141363907901,2140,1.1800000000000637,4,0
ZS=F,2023-06-20 10:00:00,0.000789263293522865,1418,1.1099999999999,4,0
ZS=F,2023-06-20 11:00:00,0.0007846478713777853,2766,1.7100000000000364,4,0
ZS=F,2023-06-20 12:00:00,0.000583355917342953,2603,2.1900000000000546,4,0
ZS=F,2023-06-20 13:00:00,0.0005522409651471499,2009,2.230000000000018,4,0
ZS=F,2023-06-20 14:00:00,0.0006107914964983195,2735,1.259999999999991,4,0
ZS=F,2023-06-20 15:00:00,0.0005233546702418086,2746,1.1700000000000728,4,0
ZS=F,2023-06-21 09:00:00,0.00023463478667512554,1452,3.2100000000000364,4,0
ZS=F,2023-06-21 10:00:00,0.0009392182040795013,1668,2.230000000000018,4,0
ZS=F,2023-06-21 11:00:00,0.0005175788210393911,2718,1.150000000000091,4,0
ZS=F,2023-06-21 12:00:00,0.0004896836240698574,1802,0.9100000000000819,4,0
ZS=F,2023-06-21 13:00:00,0.0005057878166819741,1832,1.6100000000001273,4,0
ZS=F,2023-06-21 14:00:00,0.0003429666862216536,1851,0.5900000000001455,4,0
ZS=F,2023-06-21 15:00:00,0.0007245913424404067,2074,1.4100000000000819,4,0
ZS=F,2023-06-22 09:00:00,0.0019661862242318436,2055,1.4800000000000182,4,1
ZS=F,2023-06-22 10:00:00,0.000743554287797054,2415,2.1900000000000546,4,0
ZS=F,2023-06-22 11:00:00,0.0007431415879859145,3194,1.0899999999999181,4,0
ZS=F,2023-06-22 12:00:00,0.000758874444724213,3033,1.5,4,0
ZS=F,2023-06-22 13:00:00,0.0004960257347198302,2695,2.0,4,0
ZS=F,2023-06-22 14:00:00,0.0006651435931114048,2225,1.1600000000000819,4,0
ZS=F,2023-06-22 15:00:00,0.0007541703807330256,2679,1.1900000000000546,4,0
ZS=F,2023-06-23 09:00:00,0.001035829151508432,2171,1.849999999999909,4,0
ZS=F,2023-06-23 10:00:00,0.0004645845027953251,2200,1.7300000000000182,4,0
ZS=F,2023-06-23 11:00:00,0.0006211621711476542,1923,2.380000000000109,4,0
ZS=F,2023-06-23 12:00:00,0.0005913338840096544,2029,1.8100000000001728,4,0
ZS=F,2023-06-23 13:00:00,0.0010296929445878073,3245,1.3799999999998818,4,0
ZS=F,2023-06-23 14:00:00,0.0003156405254718176,1809,1.6200000000001182,4,0
ZS=F,2023-06-23 15:00:00,0.0008387732077397246,2382,2.2999999999999545,4,0
ZS=F,2023-06-26 09:00:00,0.0008872637602205806,3350,2.4099999999998545,4,0
ZS=F,2023-06-26 10:00:00,0.0003153196016313524,2223,2.1200000000001182,4,0
ZS=F,2023-06-26 11:00:00,0.0007272164054226679,3145,2.0399999999999636,4,0
ZS=F,2023-06-26 12:00:00,0.0004737574034106225,2171,2.009999999999991,4,0
ZS=F,2023-06-26 13:00:00,0.0004748751421611348,2515,1.990000000000009,4,0
ZS=F,2023-06-26 14:00:00,0.0004586849874548721,2166,1.8600000000001273,4,0
ZS=F,2023-06-26 15:00:00,0.0008151436859078549,2340,2.9299999999998363,4,0
ZS=F,2023-06-27 09:00:00,0.004154003289382741,3587,2.089999999999918,4,1
ZS=F,2023-06-27 10:00:00,0.00030755727853448836,3053,1.2300000000000182,4,0
ZS=F,2023-06-27 11:00:00,0.00038225755535853227,2383,0.4699999999997999,4,0
ZS=F,2023-06-27 12:00:00,0.000648695237282479,1800,1.3199999999999363,4,0
ZS=F,2023-06-27 13:00:00,0.00044596674082639004,2952,1.9600000000000364,4,0
ZS=F,2023-06-27 14:00:00,0.0007210318999326552,2986,1.3299999999999272,4,0
ZS=F,2023-06-27 15:00:00,0.0005890733403971346,1319,1.1700000000000728,4,0
ZS=F,2023-06-28 09:00:00,0.0009694352089886072,3019,1.7300000000000182,4,0
ZS=F,2023-06-28 10:00:00,0.0006715243443884456,2458,1.400000000000091,4,0
ZS=F,2023-06-28 11:00:00,0.0004941777070859392,980,2.1699999999998454,4,0
ZS=F,2023-06-28 12:00:00,0.0007497736405620751,2761,1.2899999999999636,4,0
ZS=F,2023-06-28 13:00:00,0.0005055022761869467,3000,1.2000000000000455,4,0
ZS=F,2023-06-28 14:00:00,0.0007339322030148367,2660,1.4100000000000819,4,0
ZS=F,2023-06-28 15:00:00,0.0008664213583648506,2131,1.4800000000000182,4,0
ZS=F,2023-06-29 09:00:00,0.0015557438088504745,2292,2.1000000000001364,4,1
ZS=F,2023-06-29 10:00:00,0.0005112803726908769,2531,2.0799999999999272,4,0
ZS=F,2023-06-29 11:00:00,0.0007281364515373454,1678,1.7200000000000273,4,0
ZS=F,2023-06-29 12:00:00,0.00039161219703889817,2479,1.7100000000000364,4,0
ZS=F,2023-06-29 13:00:00,0.0005783180338530518,1328,1.2899999999999636,4,0
ZS=F,2023-06-29 14:00:00,0.0005274856727636735,2499,1.4600000000000364,4,0
ZS=F,2023-06-29 15:00:00,0.0010783320933762065,2052,2.709999999999809,4,0
ZS=F,2023-06-30 09:00:00,0.000532363764886827,2925,1.3299999999999272,4,0
ZS=F,2023-06-30 10:00:00,0.0003940799739295338,1725,0.7999999999999545,4,0
ZS=F,2023-06-30 11:00:00,0.0007708221989824669,2354,1.5599999999999454,4,0
ZS=F,2023-06-30 12:00:00,0.00015426566771273444,2183,2.1100000000001273,4,0
ZS=F,2023-06-30 13:00:00,0.0008586335914497247,2794,2.099999999999909,4,0
ZS=F,2023-06-30 14:00:00,0.00016412036012014325,2578,1.7100000000000364,4,0
ZS=F,2023-06-30 15:00:00,0.0006729309528464426,2111,1.959999999999809,4,0
ZS=F,2023-07-03 09:00:00,0.0009610234092719605,1875,1.2999999999999545,4,0
ZS=F,2023-07-03 10:00:00,0.0005599573649193117,1270,1.8199999999999363,4,0
ZS=F,2023-07-03 11:00:00,0.0009356775462677499,1470,2.1499999999998636,4,0
ZS=F,2023-07-03 12:00:00,0.00037530206243105137,2205,2.849999999999909,4,0
ZS=F,2023-07-03 13:00:00,0.00036154743866029574,1424,1.1600000000000819,4,0
ZS=F,2023-07-03 14:00:00,0.0006424599523265415,2098,1.209999999999809,4,0
ZS=F,2023-07-03 15:00:00,0.0009595160486376895,2060,3.75,4,0
ZS=F,2023-07-04 09:00:00,0.0025293587239038867,2928,1.1400000000001,4,1
ZS=F,2023-07-04 10:00:00,0.00042207767339876023,2037,1.8399999999999181,4,0
ZS=F,2023-07-04 11:00:00,0.0006303961732321549,1743,1.1600000000000819,4,0
ZS=F,2023-07-04 12:00:00,0.00043850929892078516,2497,3.259999999999991,4,0
ZS=F,2023-07-04 13:00:00,0.00044658198642294326,2253,0.6800000000000637,4,0
ZS=F,2023-07-04 14:00:00,0.0006986669310835867,2057,2.1800000000000637,4,0
ZS=F,2023-07-04 15:00:00,0.0005427372415545524,2622,0.44000000000005457,4,0
ZS=F,2023-07-05 09:00:00,0.0028609148021307915,1904,2.8299999999999272,4,1
ZS=F,2023-07-05 10:00:00,0.0006603439641603901,2441,1.2100000000000364,4,0
ZS=F,2023-07-05 11:00:00,0.00027221144953309896,2324,2.6100000000001273,4,0
ZS=F,2023-07-05 12:00:00,0.0004537126778084186,2157,2.25,4,0
ZS=F,2023-07-05 13:00:00,0.0006302203151401618,2546,2.520000000000209,4,0
ZS=F,2023-07-05 14:00:00,0.0006706146419242591,2755,1.1700000000000728,4,0
ZS=F,2023-07-05 15:00:00,0.0007495687070778395,1693,1.259999999999991,4,0
ZS=F,2023-07-06 09:00:00,0.001044433186085382,2370,0.5899999999999181,4,0
ZS=F,2023-07-06 10:00:00,0.00024602582018795095,1346,2.1800000000000637,4,0
ZS=F,2023-07-06 11:00:00,0.0006680466684389525,1621,1.7200000000000273,4,0
ZS=F,2023-07-06 12:00:00,0.0007857625109301794,2276,1.400000000000091,4,0
ZS=F,2023-07-06 13:00:00,0.0008533354225780999,1830,2.7000000000000455,4,0
ZS=F,2023-07-06 14:00:00,0.0007696007159847894,1954,1.5,4,0
ZS=F,2023-07-06 15:00:00,0.0005135875358207637,2507,0.9700000000000273,4,0
ZS=F,2023-07-07 09:00:00,0.001270334688543149,1983,1.7100000000000364,4,0
ZS=F,2023-07-07 10:00:00,0.0003901130857437004,2873,1.3400000000001455,4,0
ZS=F,2023-07-07 11:00:00,0.000872311936114097,1974,2.630000000000109,4,0
ZS=F,2023-07-07 12:00:00,0.00032408443802754954,2586,2.0599999999999454,4,0
ZS=F,2023-07-07 13:00:00,0.00045976771274817724,1772,2.589999999999918,4,0
ZS=F,2023-07-07 14:00:00,0.0004295313297667758,3036,2.3899999999998727,4,0
ZS=F,2023-07-07 15:00:00,0.00037562301922198545,1836,0.5500000000001819,4,0
ZS=F,2023-07-10 09:00:00,0.0016126518487622583,2222,3.0299999999999727,4,1
ZS=F,2023-07-10 10:00:00,0.0007393600083603905,1481,2.0299999999999727,4,0
ZS=F,2023-07-10 11:00:00,0.0006718579556385374,3099,2.6499999999998636,4,0
ZS=F,2023-07-10 12:00:00,0.0005329309078575462,2225,1.4500000000000455,4,0
ZS=F,2023-07-10 13:00:00,0.0006895640705372001,1445,1.3099999999999454,4,0
ZS=F,2023-07-10 14:00:00,0.0008408020038131303,2124,1.5799999999999272,4,0
ZS=F,2023-07-10 15:00:00,0.0004148551233628577,1789,2.119999999999891,4,0
ZS=F,2023-07-11 09:00:00,0.0004704080175002187,2178,3.0699999999999363,4,0
ZS=F,2023-07-11 10:00:00,0.0005070384014212841,2671,1.3500000000001364,4,0
ZS=F,2023-07-11 11:00:00,0.0003769747584855831,1455,1.5299999999999727,4,0
ZS=F,2023-07-11 12:00:00,0.0005370806647940783,2604,2.019999999999982,4,0
ZS=F,2023-07-11 13:00:00,0.0001904100157379571,2242,2.5,4,0
ZS=F,2023-07-11 14:00:00,0.0005685262787405124,2903,2.0,4,0
ZS=F,2023-07-11 15:00:00,0.0008906466048316208,2404,2.5299999999999727,4,0
ZS=F,2023-07-12 09:00:00,0.00277138439595714,3003,2.6900000000000546,4,1
ZS=F,2023-07-12 10:00:00,0.0003599458884869157,1717,1.849999999999909,4,0
ZS=F,2023-07-12 11:00:00,0.0008443540491948523,1276,2.509999999999991,4,0
ZS=F,2023-07-12 12:00:00,0.0006665014002513591,1670,2.7899999999999636,4,0
ZS=F,2023-07-12 13:00:00,0.000701694432558402,3282,1.3999999999998636,4,0
ZS=F,2023-07-12 14:00:00,0.0002805403474198587,2930,2.050000000000182,4,0
ZS=F,2023-07-12 15:00:00,0.00030312759934565214,1662,0.599999999999909,4,0
ZS=F,2023-07-13 09:00:00,0.0038345833404967366,2101,1.3199999999999363,4,1
ZS=F,2023-07-13 10:00:00,0.0006947611052129614,2298,1.3299999999999272,4,0
ZS=F,2023-07-13 11:00:00,0.0006541624774893547,1987,1.25,4,0
ZS=F,2023-07-13 12:00:00,0.000714900308267947,1568,1.1800000000000637,4,0
ZS=F,2023-07-13 13:00:00,0.001014924370548633,2046,2.199999999999818,4,0
ZS=F,2023-07-13 14:00:00,0.0006215275143187767,2213,1.5299999999999727,4,0
ZS=F,2023-07-13 15:00:00,0.0004736804249320029,1414,1.509999999999991,4,0
ZS=F,2023-07-14 09:00:00,0.0014865566473178595,3395,1.4700000000000273,4,1
ZS=F,2023-07-14 10:00:00,0.0006358755519749309,2680,2.3999999999998636,4,0
ZS=F,2023-07-14 11:00:00,0.0003115838626143093,2065,1.1699999999998454,4,0
ZS=F,2023-07-14 12:00:00,0.000486027292131146,1669,2.3700000000001182,4,0
ZS=F,2023-07-14 13:00:00,0.0006080600512318369,2557,2.269999999999982,4,0
ZS=F,2023-07-14 14:00:00,0.0002016473560256737,2426,0.900000000000091,4,0
ZS=F,2023-07-14 15:00:00,0.00038287864378723827,2575,0.6700000000000728,4,0
ZS=F,2023-07-17 09:00:00,0.0009849417981773003,2581,0.599999999999909,4,0
ZS=F,2023-07-17 10:00:00,0.0006198722503103841,1873,1.3500000000001364,4,0
ZS=F,2023-07-17 11:00:00,7.085887511092932e-05,2354,4.129999999999882,4,0
ZS=F,2023-07-17 12:00:00,0.0003901564408497935,1406,1.6399999999998727,4,0
ZS=F,2023-07-17 13:00:00,0.0006354159718652305,1652,1.5199999999999818,4,0
ZS=F,2023-07-17 14:00:00,0.0007393398137371868,2654,2.0,4,0
ZS=F,2023-07-17 15:00:00,0.0005583914194921708,2646,1.4300000000000637,4,0
ZS=F,2023-07-18 09:00:00,0.0017063252055354028,2583,1.9200000000000728,4,1
ZS=F,2023-07-18 10:00:00,0.0002759802622614944,2601,2.8799999999998818,4,0
ZS=F,2023-07-18 11:00:00,0.0006579524211518432,2649,1.1600000000000819,4,0
ZS=F,2023-07-18 12:00:00,0.0004536746781271689,1340,2.0,4,0
ZS=F,2023-07-18 13:00:00,0.0004985844889792878,2152,2.6400000000001,4,0
ZS=F,2023-07-18 14:00:00,0.0007562371913213803,2376,2.230000000000018,4,0
ZS=F,2023-07-18 15:00:00,0.0007826079416094264,1835,1.8199999999999363,4,0
ZS=F,2023-07-19 09:00:00,0.004220194739930937,1391,1.4200000000000728,4,1
ZS=F,2023-07-19 10:00:00,0.0004348958793843848,2411,3.5,4,0
ZS=F,2023-07-19 11:00:00,0.00044199520069554014,1829,0.7100000000000364,4,0
ZS=F,2023-07-19 12:00:00,0.0008270142037106078,2383,2.4300000000000637,4,0
ZS=F,2023-07-19 13:00:00,0.0006077309166644435,2854,1.9100000000000819,4,0
ZS=F,2023-07-19 14:00:00,0.0005255120216200882,1976,1.009999999999991,4,0
ZS=F,2023-07-19 15:00:00,0.0006462814062714844,2152,0.9400000000000546,4,0
ZS=F,2023-07-20 09:00:00,0.0017721629222256954,2199,1.7899999999999636,4,1
ZS=F,2023-07-20 10:00:00,0.00024110248505873497,3359,0.4199999999998454,4,0
ZS=F,2023-07-20 11:00:00,0.0008501541383284512,2848,2.8299999999999272,4,0
ZS=F,2023-07-20 12:00:00,0.0007849361567457069,2046,1.7000000000000455,4,0
ZS=F,2023-07-20 13:00:00,0.0005380164899927692,1624,1.1800000000000637,4,0
ZS=F,2023-07-20 14:00:00,0.00016395958263990196,2710,1.4200000000000728,4,0
ZS=F,2023-07-20 15:00:00,0.0008075100771894685,1912,2.3299999999999272,4,0
ZS=F,2023-07-21 09:00:00,0.0003873117296775176,2801,1.3400000000001455,4,0
ZS=F,2023-07-21 10:00:00,0.00047150802352051533,2102,1.3200000000001637,4,0
ZS=F,2023-07-21 11:00:00,0.0009373246298151459,1583,2.480000000000018,4,0
ZS=F,2023-07-21 12:00:00,0.00022789741988709963,1390,1.4700000000000273,4,0
ZS=F,2023-07-21 13:00:00,0.0006159479893376383,3133,2.650000000000091,4,0
ZS=F,2023-07-21 14:00:00,0.0008805189857868329,2150,2.0800000000001546,4,0
ZS=F,2023-07-21 15:00:00,0.0002853452098500071,1434,0.6100000000001273,4,0
ZS=F,2023-07-24 09:00:00,0.002929761952318272,1588,1.990000000000009,4,1
ZS=F,2023-07-24 10:00:00,0.0008118836201565362,2750,2.6400000000001,4,0
ZS=F,2023-07-24 11:00:00,0.0006923340289855664,1803,2.0599999999999454,4,0
ZS=F,2023-07-24 12:00:00,0.00015016656860803576,1472,2.230000000000018,4,0
ZS=F,2023-07-24 13:00:00,0.0005646628963630273,1592,3.769999999999982,4,0
ZS=F,2023-07-24 14:00:00,0.00041398539399580285,1785,0.7000000000000455,4,0
ZS=F,2023-07-24 15:00:00,0.0008770907926136528,1524,1.2000000000000455,4,0
ZS=F,2023-07-25 09:00:00,0.0025914932119431816,2848,0.7400000000000091,4,1
ZS=F,2023-07-25 10:00:00,0.0007287116461136792,1987,2.3900000000001,4,0
ZS=F,2023-07-25 11:00:00,0.0006129416812184815,2056,1.9700000000000273,4,0
ZS=F,2023-07-25 12:00:00,0.0003852960010987563,2939,1.5599999999999454,4,0
ZS=F,2023-07-25 13:00:00,0.0007432816367149596,2183,1.7200000000000273,4,0
ZS=F,2023-07-25 14:00:00,0.0008002318449793163,2959,2.2799999999999727,4,0
ZS=F,2023-07-25 15:00:00,0.0004317030587447604,2596,0.7899999999999636,4,0
ZS=F,2023-07-26 09:00:00,0.0026558954883112,2112,1.7799999999999727,4,1
ZS=F,2023-07-26 10:00:00,0.0009182421498848794,2212,1.4800000000000182,4,0
ZS=F,2023-07-26 11:00:00,0.0006366097930514632,2227,1.1000000000001364,4,0
ZS=F,2023-07-26 12:00:00,0.00023713238786231156,1314,0.6800000000000637,4,0
ZS=F,2023-07-26 13:00:00,0.0005668163934020165,1844,2.089999999999918,4,0
ZS=F,2023-07-26 14:00:00,0.0009265877491374708,1402,1.6700000000000728,4,0
ZS=F,2023-07-26 15:00:00,0.0005783180111468795,1065,1.1399999999998727,4,0
ZS=F,2023-07-27 09:00:00,0.0015938221648572615,1720,2.3799999999998818,4,1
ZS=F,2023-07-27 10:00:00,0.00040009164191867716,3012,0.8400000000001455,4,0
ZS=F,2023-07-27 11:00:00,0.0005085195889024583,2516,0.9900000000000091,4,0
ZS=F,2023-07-27 12:00:00,0.0004078371265563323,2806,0.9900000000000091,4,0
ZS=F,2023-07-27 13:00:00,0.00041728967637284927,2528,0.7899999999999636,4,0
ZS=F,2023-07-27 14:00:00,0.0006853261822937315,1961,1.3500000000001364,4,0
ZS=F,2023-07-27 15:00:00,0.0010439805430291543,2027,2.5399999999999636,4,0
ZS=F,2023-07-28 09:00:00,0.0006069793413680039,2758,1.1799999999998363,4,0
ZS=F,2023-07-28 10:00:00,0.0006493253172595285,1897,1.9600000000000364,4,0
ZS=F,2023-07-28 11:00:00,0.000468307112833226,1997,1.740000000000009,4,0
ZS=F,2023-07-28 12:00:00,0.0003658046604067934,2160,0.8399999999999181,4,0
ZS=F,2023-07-28 13:00:00,0.0007919897895394162,2208,1.2899999999999636,4,0
ZS=F,2023-07-28 14:00:00,0.00060367730952385,2302,2.369999999999891,4,0
ZS=F,2023-07-28 15:00:00,0.0003575309242836109,2868,0.7400000000000091,4,0
ZS=F,2023-07-31 09:00:00,0.0012445651322442778,1101,1.3600000000001273,4,0
ZS=F,2023-07-31 10:00:00,0.0005567805618379644,2021,1.0799999999999272,4,0
ZS=F,2023-07-31 11:00:00,0.000977990958835411,1968,2.099999999999909,4,0
ZS=F,2023-07-31 12:00:00,0.0005440871432132268,2359,3.439999999999827,4,0
ZS=F,2023-07-31 13:00:00,0.0004015117916976476,1370,2.990000000000009,4,0
ZS=F,2023-07-31 14:00:00,0.0005384284318360208,2484,1.650000000000091,4,0
ZS=F,2023-07-31 15:00:00,0.0001520856683655641,2636,2.230000000000018,4,0
ZS=F,2023-08-01 09:00:00,0.001948163903960272,2209,2.509999999999991,4,1
ZS=F,2023-08-01 10:00:00,0.0003618820537444015,2389,0.7799999999999727,4,0
ZS=F,2023-08-01 11:00:00,0.00044243568808454017,2162,1.9200000000000728,4,0
ZS=F,2023-08-01 12:00:00,0.0002693610423761709,2716,0.5699999999999363,4,0
ZS=F,2023-08-01 13:00:00,0.000876407368855469,2924,2.2800000000002,4,0
ZS=F,2023-08-01 14:00:00,0.0008357398452817879,2124,2.5299999999999727,4,0
ZS=F,2023-08-01 15:00:00,0.0005434920455007911,2864,1.0699999999999363,4,0
ZS=F,2023-08-02 09:00:00,0.000589381461252193,1567,2.480000000000018,4,0
ZS=F,2023-08-02 10:00:00,0.000937085703921514,2763,1.4800000000000182,4,0
ZS=F,2023-08-02 11:00:00,0.0004839996872086611,1501,1.3700000000001182,4,0
ZS=F,2023-08-02 12:00:00,0.0008642115592758529,1674,1.900000000000091,4,0
ZS=F,2023-08-02 13:00:00,0.0002875860656610925,2406,1.6100000000001273,4,0
ZS=F,2023-08-02 14:00:00,0.00012013277749720661,2516,1.0199999999999818,4,0
ZS=F,2023-08-02 15:00:00,0.0005502940594999913,2021,1.3399999999999181,4,0
ZS=F,2023-08-03 09:00:00,0.001371070216322238,1895,1.5599999999999454,4,0
ZS=F,2023-08-03 10:00:00,0.0005061158967176777,3044,1.25,4,0
ZS=F,2023-08-03 11:00:00,0.00023559437335074593,2710,1.9100000000000819,4,0
ZS=F,2023-08-03 12:00:00,0.0007969454942464967,1725,1.6400000000001,4,0
ZS=F,2023-08-03 13:00:00,0.0008562018024840648,3037,1.3300000000001546,4,0
ZS=F,2023-08-03 14:00:00,0.0009135611908425252,2200,1.3400000000001455,4,0
ZS=F,2023-08-03 15:00:00,0.0004869272878517001,2499,1.849999999999909,4,0
ZS=F,2023-08-04 09:00:00,0.00099337094459099,2175,1.2799999999999727,4,0
ZS=F,2023-08-04 10:00:00,0.0007050744569906564,1232,1.9800000000000182,4,0
ZS=F,2023-08-04 11:00:00,0.0005618335889529975,1922,1.3199999999999363,4,0
ZS=F,2023-08-04 12:00:00,0.0007912740379572805,2293,2.5700000000001637,4,0
ZS=F,2023-08-04 13:00:00,0.000542837132792347,2214,1.1299999999998818,4,0
ZS=F,2023-08-04 14:00:00,0.0006548237619298737,2175,1.400000000000091,4,0
ZS=F,2023-08-04 15:00:00,0.0006273665580719948,2126,1.709999999999809,4,0
ZS=F,2023-08-07 09:00:00,0.0010717115329811897,1940,2.1599999999998545,4,0
ZS=F,2023-08-07 10:00:00,0.0006798280203593187,2498,1.0799999999999272,4,0
ZS=F,2023-08-07 11:00:00,0.0003198738896670421,2070,1.4099999999998545,4,0
ZS=F,2023-08-07 12:00:00,0.00068609559872456,1568,3.5,4,0
ZS=F,2023-08-07 13:00:00,0.0005691224818879629,2397,1.3700000000001182,4,0
ZS=F,2023-08-07 14:00:00,0.0006237056396654123,1986,2.1200000000001182,4,0
ZS=F,2023-08-07 15:00:00,0.0006167795943144849,2660,1.4600000000000364,4,0
ZS=F,2023-08-08 09:00:00,0.0010296095116980137,2556,1.3299999999999272,4,0
ZS=F,2023-08-08 10:00:00,0.0003323265742756191,1884,2.349999999999909,4,0
ZS=F,2023-08-08 11:00:00,0.0008463297172885773,2726,2.630000000000109,4,0
ZS=F,2023-08-08 12:00:00,0.0006145951888050267,2460,0.8299999999999272,4,0
ZS=F,2023-08-08 13:00:00,0.000362632256121421,2016,1.3200000000001637,4,0
ZS=F,2023-08-08 14:00:00,0.0007308371393683695,2946,1.650000000000091,4,0
ZS=F,2023-08-08 15:00:00,0.0005560126801303423,1512,1.9600000000000364,4,0
ZS=F,2023-08-09 09:00:00,0.0008836983987235592,2157,1.5299999999999727,4,0
ZS=F,2023-08-09 10:00:00,0.00048251007388071715,2307,2.25,4,0
ZS=F,2023-08-09 11:00:00,0.0004965507665904695,2035,2.4200000000000728,4,0
ZS=F,2023-08-09 12:00:00,0.0005927502767990471,2147,2.0700000000001637,4,0
ZS=F,2023-08-09 13:00:00,0.00081362223739165,2293,1.9199999999998454,4,0
ZS=F,2023-08-09 14:00:00,0.0008118152733012689,2296,2.4400000000000546,4,0
ZS=F,2023-08-09 15:00:00,0.0005025638905580824,1715,1.8700000000001182,4,0
ZS=F,2023-08-10 09:00:00,0.0010897763573438288,3186,2.259999999999991,4,0
ZS=F,2023-08-10 10:00:00,0.00023900659808522807,2730,1.7799999999999727,4,0
ZS=F,2023-08-10 11:00:00,0.0006562400509339036,2509,1.4100000000000819,4,0
ZS=F,2023-08-10 12:00:00,0.0008334560426507999,2199,1.2600000000002183,4,0
ZS=F,2023-08-10 13:00:00,0.00025545738426178304,1936,1.240000000000009,4,0
ZS=F,2023-08-10 14:00:00,0.0005152959552555943,2987,2.2399999999997817,4,0
ZS=F,2023-08-10 15:00:00,0.0007859980216758846,2059,1.800000000000182,4,0
ZS=F,2023-08-11 09:00:00,0.001050954526310529,1456,1.6400000000001,4,0
ZS=F,2023-08-11 10:00:00,0.00036796757752156775,2155,2.410000000000082,4,0
ZS=F,2023-08-11 11:00:00,0.000679769311447455,2705,1.3500000000001364,4,0
ZS=F,2023-08-11 12:00:00,0.0001419765055192203,2362,2.4600000000000364,4,0
ZS=F,2023-08-11 13:00:00,0.0002699083312984354,2329,0.41000000000008185,4,0
ZS=F,2023-08-11 14:00:00,0.00032384735519405634,2845,2.019999999999982,4,0
ZS=F,2023-08-11 15:00:00,0.000908551510298026,2175,1.3699999999998909,4,0
ZS=F,2023-08-14 09:00:00,0.0008189427909978946,2219,2.230000000000018,4,0
ZS=F,2023-08-14 10:00:00,0.000780391352026126,1981,1.740000000000009,4,0
ZS=F,2023-08-14 11:00:00,0.0004927574988632491,1992,0.7599999999999909,4,0
ZS=F,2023-08-14 12:00:00,0.00037825554973663645,2002,1.1899999999998272,4,0
ZS=F,2023-08-14 13:00:00,0.0004036301949941632,1318,1.8599999999999,4,0
ZS=F,2023-08-14 14:00:00,0.0006085297373495033,1475,1.6100000000001273,4,0
ZS=F,2023-08-14 15:00:00,0.0005910743613790283,2105,1.1599999999998545,4,0
ZS=F,2023-08-15 09:00:00,0.001366000895737294,1476,2.3199999999999363,4,0
ZS=F,2023-08-15 10:00:00,0.0005080343199813112,3146,1.259999999999991,4,0
ZS=F,2023-08-15 11:00:00,0.0004046885841007468,1451,2.0,4,0
ZS=F,2023-08-15 12:00:00,0.0006865776780100532,2396,1.3700000000001182,4,0
ZS=F,2023-08-15 13:00:00,0.00020546927962693823,1542,0.2799999999999727,4,0
ZS=F,2023-08-15 14:00:00,0.0008938367426910234,2799,2.8700000000001182,4,0
ZS=F,2023-08-15 15:00:00,0.00030956070462309914,1977,2.4400000000000546,4,0
ZS=F,2023-08-16 09:00:00,0.0010236865497528426,2221,1.4600000000000364,4,0
ZS=F,2023-08-16 10:00:00,0.0006098244498664822,2107,1.5599999999999454,4,0
ZS=F,2023-08-16 11:00:00,0.0006701151951872037,1940,1.1800000000000637,4,0
ZS=F,2023-08-16 12:00:00,0.0008021981874741557,1926,1.0699999999999363,4,0
ZS=F,2023-08-16 13:00:00,0.00016215180943109843,2433,1.4600000000000364,4,0
ZS=F,2023-08-16 14:00:00,0.0007624790954016449,2891,1.8100000000001728,4,0
ZS=F,2023-08-16 15:00:00,0.0008837548383520667,1624,1.2799999999999727,4,0
ZS=F,2023-08-17 09:00:00,0.0011500003812826712,2756,2.509999999999991,4,0
ZS=F,2023-08-17 10:00:00,0.00028545127532145665,2334,1.7300000000000182,4,0
ZS=F,2023-08-17 11:00:00,0.0006218150992947127,2645,2.1900000000000546,4,0
ZS=F,2023-08-17 12:00:00,0.00032053786114240296,1766,3.230000000000018,4,0
ZS=F,2023-08-17 13:00:00,0.0007489666945339709,1610,1.2999999999999545,4,0
ZS=F,2023-08-17 14:00:00,0.0003204136692188338,2554,0.7100000000000364,4,0
ZS=F,2023-08-17 15:00:00,0.0007312286260455443,2083,1.490000000000009,4,0
ZS=F,2023-08-18 09:00:00,0.001203984014589446,2682,2.1900000000000546,4,0
ZS=F,2023-08-18 10:00:00,0.0007837437514376399,2551,1.3299999999999272,4,0
ZS=F,2023-08-18 11:00:00,0.0002724290577331288,2131,2.3200000000001637,4,0
ZS=F,2023-08-18 12:00:00,0.0007351908061854571,2126,1.3899999999998727,4,0
ZS=F,2023-08-18 13:00:00,0.0006364160833968187,3259,2.550000000000182,4,0
ZS=F,2023-08-18 14:00:00,0.0009061563629388955,1697,2.449999999999818,4,0
ZS=F,2023-08-18 15:00:00,0.0007198939407779698,2265,1.3700000000001182,4,0
ZS=F,2023-08-21 09:00:00,0.0022811980868869372,2253,2.7200000000000273,4,1
ZS=F,2023-08-21 10:00:00,0.0007272745012025924,2606,2.8400000000001455,4,0
ZS=F,2023-08-21 11:00:00,0.0010617713262597354,2183,2.439999999999827,4,0
ZS=F,2023-08-21 12:00:00,0.0008862106881424104,2323,2.369999999999891,4,0
ZS=F,2023-08-21 13:00:00,0.0003844487223944505,2472,2.2200000000000273,4,0
ZS=F,2023-08-21 14:00:00,0.0007693803621431331,3032,1.2699999999999818,4,0
ZS=F,2023-08-21 15:00:00,0.0004517273252838039,2661,0.5899999999999181,4,0
ZS=F,2023-08-22 09:00:00,0.00041371519011314294,2431,2.5,4,0
ZS=F,2023-08-22 10:00:00,0.000552010022485209,1948,2.1099999999999,4,0
ZS=F,2023-08-22 11:00:00,0.0007997623949833599,2080,1.6900000000000546,4,0
ZS=F,2023-08-22 12:00:00,0.000921913832569228,2093,2.519999999999982,4,0
ZS=F,2023-08-22 13:00:00,0.0005383116646052915,2654,1.6599999999998545,4,0
ZS=F,2023-08-22 14:00:00,0.0008627368525079954,2173,1.3599999999999,4,0
ZS=F,2023-08-22 15:00:00,0.0006449788124755296,3055,2.2799999999999727,4,0
ZS=F,2023-08-23 09:00:00,0.0004462067693057694,2976,1.009999999999991,4,0
ZS=F,2023-08-23 10:00:00,0.00038831433136820003,1950,1.75,4,0
ZS=F,2023-08-23 11:00:00,0.00044640979120411344,2198,2.380000000000109,4,0
ZS=F,2023-08-23 12:00:00,0.00024326310603400755,3028,0.15999999999985448,4,0
ZS=F,2023-08-23 13:00:00,0.0001467806299810813,2149,2.849999999999909,4,0
ZS=F,2023-08-23 14:00:00,0.0007228772151666597,2540,2.2999999999999545,4,0
ZS=F,2023-08-23 15:00:00,0.00044076887365896816,1949,1.7999999999999545,4,0
ZS=F,2023-08-24 09:00:00,0.001369083226074168,2831,2.4400000000000546,4,0
ZS=F,2023-08-24 10:00:00,0.0006315985280447985,2495,2.0599999999999454,4,0
ZS=F,2023-08-24 11:00:00,0.0005708594314091733,2180,1.099999999999909,4,0
ZS=F,2023-08-24 12:00:00,0.000353492077372129,2372,2.599999999999909,4,0
ZS=F,2023-08-24 13:00:00,0.00047142699915492676,1210,1.0899999999999181,4,0
ZS=F,2023-08-24 14:00:00,0.00018456062916438016,1896,1.1200000000001182,4,0
ZS=F,2023-08-24 15:00:00,0.0006716601733238325,1521,1.5599999999999454,4,0
ZS=F,2023-08-25 09:00:00,0.0004745697374229394,2682,1.3199999999999363,4,0
ZS=F,2023-08-25 10:00:00,0.00038918073083604303,2300,0.19000000000005457,4,0
ZS=F,2023-08-25 11:00:00,0.0003917141527880277,1601,2.1099999999999,4,0
ZS=F,2023-08-25 12:00:00,0.000572216285169866,1798,1.709999999999809,4,0
ZS=F,2023-08-25 13:00:00,0.00025324591277744535,2899,0.5099999999999909,4,0
ZS=F,2023-08-25 14:00:00,0.0006801017413519719,2687,1.8399999999999181,4,0
ZS=F,2023-08-25 15:00:00,0.0006089856137027768,1529,0.8799999999998818,4,0
ZS=F,2023-08-28 09:00:00,0.002302099191526765,2312,0.9199999999998454,4,1
ZS=F,2023-08-28 10:00:00,0.0005218722323897519,2317,1.3200000000001637,4,0
ZS=F,2023-08-28 11:00:00,0.000743032453307386,2077,2.089999999999918,4,0
ZS=F,2023-08-28 12:00:00,0.0007256603067635209,2388,1.6700000000000728,4,0
ZS=F,2023-08-28 13:00:00,0.0006343359905207647,1888,1.3899999999998727,4,0
ZS=F,2023-08-28 14:00:00,0.000415435966972737,2349,1.6600000000000819,4,0
ZS=F,2023-08-28 15:00:00,0.0008465947641724319,1863,1.6499999999998636,4,0
ZS=F,2023-08-29 09:00:00,0.0005565960408059225,2093,3.8099999999999454,4,0
ZS=F,2023-08-29 10:00:00,0.0006291548180706074,1258,0.7999999999999545,4,0
ZS=F,2023-08-29 11:00:00,0.0003515274518852013,1805,2.259999999999991,4,0
ZS=F,2023-08-29 12:00:00,0.0008148448201324035,1913,1.6000000000001364,4,0
ZS=F,2023-08-29 13:00:00,0.0002501486812475472,3189,2.619999999999891,4,0
ZS=F,2023-08-29 14:00:00,0.0006957747630074394,2217,1.1300000000001091,4,0
ZS=F,2023-08-29 15:00:00,0.0006761934697034694,2188,1.7799999999999727,4,0
ZS=F,2023-08-30 09:00:00,0.0013918948501770454,2916,0.8700000000001182,4,0
ZS=F,2023-08-30 10:00:00,0.0003865692763845838,1565,2.230000000000018,4,0
ZS=F,2023-08-30 11:00:00,0.0004829432852683428,1762,1.3700000000001182,4,0
ZS=F,2023-08-30 12:00:00,0.00020216411468942363,1181,3.9700000000000273,4,0
ZS=F,2023-08-30 13:00:00,0.0003694224079298971,1297,0.8799999999998818,4,0
ZS=F,2023-08-30 14:00:00,0.0007768112256893753,2360,1.349999999999909,4,0
ZS=F,2023-08-30 15:00:00,0.00091273820500721,1818,1.4600000000000364,4,0
ZS=F,2023-08-31 09:00:00,0.0025763021912407996,2720,2.509999999999991,4,1
ZS=F,2023-08-31 10:00:00,0.0006001831169247663,1640,2.650000000000091,4,0
ZS=F,2023-08-31 11:00:00,0.0005717333443455125,1735,1.4399999999998272,4,0
ZS=F,2023-08-31 12:00:00,0.0006820555437764994,2106,2.7899999999999636,4,0
ZS=F,2023-08-31 13:00:00,0.0004703741886828694,1845,1.6100000000001273,4,0
ZS=F,2023-08-31 14:00:00,0.00039914586142354757,2472,1.1300000000001091,4,0
ZS=F,2023-08-31 15:00:00,0.0004956785759849804,1122,0.9399999999998272,4,0
ZS=F,2023-09-01 09:00:00,0.0006626514764189634,2706,1.7999999999999545,4,0
ZS=F,2023-09-01 10:00:00,0.0005619652393127113,2204,1.2799999999999727,4,0
ZS=F,2023-09-01 11:00:00,0.0007807803149557952,3120,2.439999999999827,4,0
ZS=F,2023-09-01 12:00:00,0.0007839191048731409,2360,1.740000000000009,4,0
ZS=F,2023-09-01 13:00:00,0.00053657705136494,2057,2.2200000000000273,4,0
ZS=F,2023-09-01 14:00:00,0.0007277910456965406,2337,1.3800000000001091,4,0
ZS=F,2023-09-01 15:00:00,0.000730773084166252,2239,1.6800000000000637,4,0
ZS=F,2023-09-04 09:00:00,0.001971707577403471,1282,2.0599999999999454,4,1
ZS=F,2023-09-04 10:00:00,0.0005334649764742571,2596,1.6099999999999,4,0
ZS=F,2023-09-04 11:00:00,0.0002493999726824579,1576,1.6800000000000637,4,0
ZS=F,2023-09-04 12:00:00,0.0007994612958267525,2230,2.0299999999999727,4,0
ZS=F,2023-09-04 13:00:00,0.0007372091630700536,2471,1.3399999999999181,4,0
ZS=F,2023-09-04 14:00:00,0.0004393549726815171,2443,2.3599999999999,4,0
ZS=F,2023-09-04 15:00:00,0.0006003856757630585,2191,1.0599999999999454,4,0
ZS=F,2023-09-05 09:00:00,0.0029749286298666475,2076,1.0,4,1
ZS=F,2023-09-05 10:00:00,0.0006635870758242012,2650,1.490000000000009,4,0
ZS=F,2023-09-05 11:00:00,0.0008947573956824446,2455,1.4800000000000182,4,0
ZS=F,2023-09-05 12:00:00,0.00043686931458006674,2296,1.259999999999991,4,0
ZS=F,2023-09-05 13:00:00,0.0004928896325319902,2242,1.1600000000000819,4,0
ZS=F,2023-09-05 14:00:00,0.00044666298329449093,2660,1.0899999999999181,4,0
ZS=F,2023-09-05 15:00:00,0.00072191468529489,2737,1.490000000000009,4,0
ZS=F,2023-09-06 09:00:00,0.0007469680143929788,2978,1.8399999999999181,4,0
ZS=F,2023-09-06 10:00:00,0.000809055550143051,2548,1.4800000000000182,4,0
ZS=F,2023-09-06 11:00:00,0.00032538621787401456,1670,1.6900000000000546,4,0
ZS=F,2023-09-06 12:00:00,0.0007941667200256592,1956,2.2000000000000455,4,0
ZS=F,2023-09-06 13:00:00,0.00026980452535878594,1776,0.959999999999809,4,0
ZS=F,2023-09-06 14:00:00,0.0003595672405524244,2963,1.949999999999818,4,0
ZS=F,2023-09-06 15:00:00,0.000552973048380041,2620,1.9699999999998,4,0
ZS=F,2023-09-07 09:00:00,0.003169461316407223,1675,1.1600000000000819,4,1
ZS=F,2023-09-07 10:00:00,0.0009144648860770997,2448,1.7200000000000273,4,0
ZS=F,2023-09-07 11:00:00,0.0005970167656147978,3057,3.2999999999999545,4,0
ZS=F,2023-09-07 12:00:00,0.0007699658398388425,2001,1.4399999999998272,4,0
ZS=F,2023-09-07 13:00:00,0.0006059344972286817,3241,2.0399999999999636,4,0
ZS=F,2023-09-07 14:00:00,0.000808763634609755,1939,3.230000000000018,4,0
ZS=F,2023-09-07 15:00:00,0.00044727368014496887,3002,1.349999999999909,4,0
ZS=F,2023-09-08 09:00:00,0.002376911052480112,1823,1.6299999999998818,4,1
ZS=F,2023-09-08 10:00:00,0.00055282833382818,2162,3.5399999999999636,4,0
ZS=F,2023-09-08 11:00:00,0.0006064618272031558,2103,1.709999999999809,4,0
ZS=F,2023-09-08 12:00:00,0.0003070184888724633,2251,2.5599999999999454,4,0
ZS=F,2023-09-08 13:00:00,0.0005287320455362172,2500,0.41000000000008185,4,0
ZS=F,2023-09-08 14:00:00,0.0008441437242701312,2745,1.6699999999998454,4,0
ZS=F,2023-09-08 15:00:00,0.0006606132191174386,1629,1.9699999999998,4,0
ZS=F,2023-09-11 09:00:00,0.003139832153929614,3185,1.5199999999999818,4,1
ZS=F,2023-09-11 10:00:00,0.00020231597342136327,2854,2.3599999999999,4,0
ZS=F,2023-09-11 11:00:00,0.00047336058858394773,1640,1.650000000000091,4,0
ZS=F,2023-09-11 12:00:00,0.0001639932882476789,2059,1.8400000000001455,4,0
ZS=F,2023-09-11 13:00:00,0.0008670738241388822,2957,2.1700000000000728,4,0
ZS=F,2023-09-11 14:00:00,0.0005229610727088122,1849,2.5299999999999727,4,0
ZS=F,2023-09-11 15:00:00,0.0007307723584239432,2506,1.509999999999991,4,0
ZS=F,2023-09-12 09:00:00,0.0007858846142413914,2207,2.150000000000091,4,0
ZS=F,2023-09-12 10:00:00,0.0005364478862546413,2159,2.9400000000000546,4,0
ZS=F,2023-09-12 11:00:00,0.0008115150568273164,1665,2.4099999999998545,4,0
ZS=F,2023-09-12 12:00:00,0.0007151794861386928,1633,2.6699999999998454,4,0
ZS=F,2023-09-12 13:00:00,0.0006574942169892748,1534,1.1099999999999,4,0
ZS=F,2023-09-12 14:00:00,0.00030865391381681273,1932,1.0899999999999181,4,0
ZS=F,2023-09-12 15:00:00,0.00069890360750159,2474,1.5199999999999818,4,0
ZS=F,2023-09-13 09:00:00,0.0008306268175413005,2670,2.769999999999982,4,0
ZS=F,2023-09-13 10:00:00,0.0008532908464512836,2365,1.1299999999998818,4,0
ZS=F,2023-09-13 11:00:00,0.0005167481939558556,2086,1.009999999999991,4,0
ZS=F,2023-09-13 12:00:00,0.0005090661299674581,1919,1.5699999999999363,4,0
ZS=F,2023-09-13 13:00:00,0.0004259048696229412,2556,0.7300000000000182,4,0
ZS=F,2023-09-13 14:00:00,0.0007153762528218248,1952,1.7000000000000455,4,0
ZS=F,2023-09-13 15:00:00,0.0006594360439974858,2489,1.740000000000009,4,0
ZS=F,2023-09-14 09:00:00,0.0030665640225126817,2687,0.9300000000000637,4,1
ZS=F,2023-09-14 10:00:00,0.0005374881815516093,2348,1.3100000000001728,4,0
ZS=F,2023-09-14 11:00:00,0.0005667011024139771,1978,1.5399999999999636,4,0
ZS=F,2023-09-14 12:00:00,0.0005545210231173084,2500,4.009999999999991,4,0
ZS=F,2023-09-14 13:00:00,0.0007332910629592483,1531,1.9500000000000455,4,0
ZS=F,2023-09-14 14:00:00,0.0006723175473458136,2046,1.490000000000009,4,0
ZS=F,2023-09-14 15:00:00,0.0007398246842944445,2958,1.6700000000000728,4,0
ZS=F,2023-09-15 09:00:00,0.0031566726834449084,2298,1.990000000000009,4,1
ZS=F,2023-09-15 10:00:00,0.0004304096941233461,1690,1.3599999999999,4,0
ZS=F,2023-09-15 11:00:00,0.0004216469846299848,3039,1.0799999999999272,4,0
ZS=F,2023-09-15 12:00:00,0.00046832156387325105,1369,2.8199999999999363,4,0
ZS=F,2023-09-15 13:00:00,0.0007070215067754339,1734,1.0799999999999272,4,0
ZS=F,2023-09-15 14:00:00,0.0008688117273027427,1871,2.7000000000000455,4,0
ZS=F,2023-09-15 15:00:00,0.0002447748729678163,2083,0.709999999999809,4,0
ZS=F,2023-09-18 09:00:00,0.0028321487011481916,2179,2.1900000000000546,4,1
ZS=F,2023-09-18 10:00:00,0.0006855052352128335,2881,1.490000000000009,4,0
ZS=F,2023-09-18 11:00:00,0.0005437961197339581,2509,1.0799999999999272,4,0
ZS=F,2023-09-18 12:00:00,0.0007076344786017616,2355,0.8700000000001182,4,0
ZS=F,2023-09-18 13:00:00,0.0006474374390377267,2191,2.0299999999999727,4,0
ZS=F,2023-09-18 14:00:00,0.0007064774825428362,2409,1.5399999999999636,4,0
ZS=F,2023-09-18 15:00:00,0.0004703340563314494,2233,1.009999999999991,4,0
ZS=F,2023-09-19 09:00:00,0.00036580069389448115,2127,1.9100000000000819,4,0
ZS=F,2023-09-19 10:00:00,0.0007038491558031733,2509,1.3800000000001091,4,0
ZS=F,2023-09-19 11:00:00,0.0005943843649654589,3002,1.1499999999998636,4,0
ZS=F,2023-09-19 12:00:00,0.0005311108372181975,1359,1.5699999999999363,4,0
ZS=F,2023-09-19 13:00:00,0.000725866544553348,3007,1.4200000000000728,4,0
ZS=F,2023-09-19 14:00:00,0.000532953654088051,2176,1.1000000000001364,4,0
ZS=F,2023-09-19 15:00:00,0.0008275483226306094,2847,1.599999999999909,4,0
ZS=F,2023-09-20 09:00:00,0.0010016002178948296,2067,0.9100000000000819,4,0
ZS=F,2023-09-20 10:00:00,0.00016749649720933666,2138,3.3999999999998636,4,0
ZS=F,2023-09-20 11:00:00,0.00033009560154962297,1881,1.6200000000001182,4,0
ZS=F,2023-09-20 12:00:00,0.0005136444470118306,2401,1.0399999999999636,4,0
ZS=F,2023-09-20 13:00:00,0.0009705048823067003,2783,2.619999999999891,4,0
ZS=F,2023-09-20 14:00:00,0.000628926222223649,1833,2.1299999999998818,4,0
ZS=F,2023-09-20 15:00:00,0.0004976179103272543,2638,0.7999999999999545,4,0
ZS=F,2023-09-21 09:00:00,0.002242984937396107,1832,2.230000000000018,4,1
ZS=F,2023-09-21 10:00:00,6.336861724826439e-05,2458,1.0699999999999363,4,0
ZS=F,2023-09-21 11:00:00,0.0007709906524125539,1962,1.2699999999999818,4,0
ZS=F,2023-09-21 12:00:00,0.00018121853347220814,2315,1.25,4,0
ZS=F,2023-09-21 13:00:00,0.000526801674281015,1483,0.7799999999999727,4,0
ZS=F,2023-09-21 14:00:00,0.0006208775900319803,2822,0.8999999999998636,4,0
ZS=F,2023-09-21 15:00:00,0.0004464071539223937,2991,1.0599999999999454,4,0
ZS=F,2023-09-22 09:00:00,0.0010673405257471246,2423,1.4400000000000546,4,0
ZS=F,2023-09-22 10:00:00,0.00044943164109704673,1490,1.0800000000001546,4,0
ZS=F,2023-09-22 11:00:00,0.0004294051754086919,2280,2.339999999999918,4,0
ZS=F,2023-09-22 12:00:00,0.0009904236289595373,2092,1.4400000000000546,4,0
ZS=F,2023-09-22 13:00:00,0.0007577257764087407,2133,1.240000000000009,4,0
ZS=F,2023-09-22 14:00:00,0.0005873340182616473,2703,1.759999999999991,4,0
ZS=F,2023-09-22 15:00:00,0.0007638696140053585,2252,1.4399999999998272,4,0
ZS=F,2023-09-25 09:00:00,0.002313450226811106,1947,0.5599999999999454,4,1
ZS=F,2023-09-25 10:00:00,0.0004914463203267353,1654,1.0699999999999363,4,0
ZS=F,2023-09-25 11:00:00,0.0005948709011651213,2954,1.8199999999999363,4,0
ZS=F,2023-09-25 12:00:00,0.00047054629796611404,2637,2.119999999999891,4,0
ZS=F,2023-09-25 13:00:00,0.0007788098733547561,2191,1.4100000000000819,4,0
ZS=F,2023-09-25 14:00:00,0.0008375873504099656,1986,2.3099999999999454,4,0
ZS=F,2023-09-25 15:00:00,0.0006708509716709461,1397,2.130000000000109,4,0
ZS=F,2023-09-26 09:00:00,0.0015033559518625472,2266,1.8399999999999181,4,1
ZS=F,2023-09-26 10:00:00,0.00037646691949128877,2772,2.9700000000000273,4,0
ZS=F,2023-09-26 11:00:00,0.0005855511021275313,2673,1.259999999999991,4,0
ZS=F,2023-09-26 12:00:00,0.000882132427153143,2396,1.4400000000000546,4,0
ZS=F,2023-09-26 13:00:00,0.0006635558511663062,2333,2.509999999999991,4,0
ZS=F,2023-09-26 14:00:00,0.0007254118579905959,1385,1.0499999999999545,4,0
ZS=F,2023-09-26 15:00:00,0.0004055811218344541,2517,1.6099999999999,4,0
ZS=F,2023-09-27 09:00:00,0.0006024238347564103,1581,0.33999999999991815,4,0
ZS=F,2023-09-27 10:00:00,0.0006576985856109337,2051,2.8799999999998818,4,0
ZS=F,2023-09-27 11:00:00,0.0010248380747815311,2516,2.339999999999918,4,0
ZS=F,2023-09-27 12:00:00,0.0005985023670503284,2551,1.1700000000000728,4,0
ZS=F,2023-09-27 13:00:00,0.0005011220074853724,2865,1.290000000000191,4,0
ZS=F,2023-09-27 14:00:00,0.0010106330358626622,1746,2.6800000000000637,4,0
ZS=F,2023-09-27 15:00:00,0.0003142451929113552,1687,1.6499999999998636,4,0
ZS=F,2023-09-28 09:00:00,0.0008773158391821496,1788,1.8100000000001728,4,0
ZS=F,2023-09-28 10:00:00,0.00018369315942138307,1616,0.38000000000010914,4,0
ZS=F,2023-09-28 11:00:00,0.0007376362479488719,1746,1.3199999999999363,4,0
ZS=F,2023-09-28 12:00:00,0.0002792121025358397,2060,2.019999999999982,4,0
ZS=F,2023-09-28 13:00:00,0.0005006863121315282,1867,2.400000000000091,4,0
ZS=F,2023-09-28 14:00:00,0.00035359777464439066,2996,1.1900000000000546,4,0
ZS=F,2023-09-28 15:00:00,0.0005646800300487161,1983,1.1800000000000637,4,0
ZS=F,2023-09-29 09:00:00,0.001742194868458035,2315,1.4500000000000455,4,1
ZS=F,2023-09-29 10:00:00,0.0003272201834857947,2381,0.5699999999999363,4,0
ZS=F,2023-09-29 11:00:00,7.508328870041641e-05,2465,2.3299999999999272,4,0
ZS=F,2023-09-29 12:00:00,0.000652505205095203,2716,2.8400000000001455,4,0
ZS=F,2023-09-29 13:00:00,0.0006584631511970171,2426,1.150000000000091,4,0
ZS=F,2023-09-29 14:00:00,0.00028373068830816133,2702,0.38999999999987267,4,0
ZS=F,2023-09-29 15:00:00,0.0005292115790298724,2952,1.7100000000000364,4,0
ZS=F,2023-10-02 09:00:00,0.0016793917076755507,1960,1.6600000000000819,4,1
ZS=F,2023-10-02 10:00:00,0.0002797527484456182,1674,2.1800000000000637,4,0
ZS=F,2023-10-02 11:00:00,0.0006511795737982829,1617,2.3899999999998727,4,0
ZS=F,2023-10-02 12:00:00,0.00041357745515190313,3184,1.5899999999999181,4,0
ZS=F,2023-10-02 13:00:00,0.0005327519842823538,2183,0.1999999999998181,4,0
ZS=F,2023-10-02 14:00:00,0.0005214166410187097,1492,1.3500000000001364,4,0
ZS=F,2023-10-02 15:00:00,0.0005201879596547558,2116,2.3400000000001455,4,0
ZS=F,2023-10-03 09:00:00,0.0022749588075100507,2493,0.8900000000001,4,1
ZS=F,2023-10-03 10:00:00,0.0008969622119299338,3344,1.4500000000000455,4,0
ZS=F,2023-10-03 11:00:00,0.0009105414371746208,3120,2.5399999999999636,4,0
ZS=F,2023-10-03 12:00:00,0.00043916350771445274,1454,1.4600000000000364,4,0
ZS=F,2023-10-03 13:00:00,0.0008991063647508738,1973,2.1299999999998818,4,0
ZS=F,2023-10-03 14:00:00,0.0007506930500102019,2527,2.1800000000000637,4,0
ZS=F,2023-10-03 15:00:00,0.0007154959161959329,2048,1.9600000000000364,4,0
ZS=F,2023-10-04 09:00:00,0.0004802508021421026,1401,1.240000000000009,4,0
ZS=F,2023-10-04 10:00:00,0.0005216148790511583,2114,0.5099999999999909,4,0
ZS=F,2023-10-04 11:00:00,0.0005176260385731965,2715,1.1300000000001091,4,0
ZS=F,2023-10-04 12:00:00,0.000568045780678037,2355,1.7000000000000455,4,0
ZS=F,2023-10-04 13:00:00,0.000675926704050219,3177,1.6399999999998727,4,0
ZS=F,2023-10-04 14:00:00,0.0006319375207355163,2238,0.8399999999999181,4,0
ZS=F,2023-10-04 15:00:00,0.0006383681067543695,3159,1.2100000000000364,4,0
ZS=F,2023-10-05 09:00:00,0.0015037220097489463,2061,1.1800000000000637,4,1
ZS=F,2023-10-05 10:00:00,0.0007826496057347602,1728,1.400000000000091,4,0
ZS=F,2023-10-05 11:00:00,0.0003954651153822653,3227,1.3200000000001637,4,0
ZS=F,2023-10-05 12:00:00,0.00043240763224812256,3106,1.7999999999999545,4,0
ZS=F,2023-10-05 13:00:00,0.000496129181390918,2426,1.0599999999999454,4,0
ZS=F,2023-10-05 14:00:00,0.0006939152504398916,2376,1.1600000000000819,4,0
ZS=F,2023-10-05 15:00:00,0.0006817429004351951,2189,3.1299999999998818,4,0
ZS=F,2023-10-06 09:00:00,0.0006890241099279488,2093,0.38999999999987267,4,0
ZS=F,2023-10-06 10:00:00,0.00030258109540245477,1953,2.269999999999982,4,0
ZS=F,2023-10-06 11:00:00,0.00019552732817750384,2521,1.6400000000001,4,0
ZS=F,2023-10-06 12:00:00,0.0009107528484595803,1843,1.4700000000000273,4,0
ZS=F,2023-10-06 13:00:00,0.000701129093126054,2758,1.5399999999999636,4,0
ZS=F,2023-10-06 14:00:00,0.0005750972904000305,1912,2.0399999999999636,4,0
ZS=F,2023-10-06 15:00:00,0.0008353816395424028,3067,1.4300000000000637,4,0
ZS=F,2023-10-09 09:00:00,0.003596835223823502,2649,3.980000000000018,4,1
ZS=F,2023-10-09 10:00:00,0.0008791101791829597,2633,3.119999999999891,4,0
ZS=F,2023-10-09 11:00:00,0.0009724995644580466,1687,3.8599999999999,4,0
ZS=F,2023-10-09 12:00:00,0.0005945116432079866,2367,0.9500000000000455,4,0
ZS=F,2023-10-09 13:00:00,0.00047287258980959797,2558,1.650000000000091,4,0
ZS=F,2023-10-09 14:00:00,0.0009048834433589666,2358,2.0800000000001546,4,0
ZS=F,2023-10-09 15:00:00,0.00010165145885897158,1893,0.2800000000002001,4,0
ZS=F,2023-10-10 09:00:00,0.0029253710854771626,3108,1.4500000000000455,4,1
ZS=F,2023-10-10 10:00:00,0.0005508741237287756,2555,1.740000000000009,4,0
ZS=F,2023-10-10 11:00:00,0.0008257481478638719,2133,2.5,4,0
ZS=F,2023-10-10 12:00:00,0.0010674368599333098,1641,2.509999999999991,4,0
ZS=F,2023-10-10 13:00:00,0.0007531127267749698,1811,1.3099999999999454,4,0
ZS=F,2023-10-10 14:00:00,0.0010765710389498823,1738,2.5699999999999363,4,0
ZS=F,2023-10-10 15:00:00,0.0005258041384454233,2951,1.3400000000001455,4,0
ZS=F,2023-10-11 09:00:00,0.0008621428190388889,2800,1.9200000000000728,4,0
ZS=F,2023-10-11 10:00:00,0.0007469329415715487,2643,2.8200000000001637,4,0
ZS=F,2023-10-11 11:00:00,0.0006400717125197149,3091,2.3299999999999272,4,0
ZS=F,2023-10-11 12:00:00,0.00023406302853216698,1548,0.9100000000000819,4,0
ZS=F,2023-10-11 13:00:00,0.00046736788138515285,3278,1.740000000000009,4,0
ZS=F,2023-10-11 14:00:00,0.00043072136061841746,1736,1.5800000000001546,4,0
ZS=F,2023-10-11 15:00:00,0.00042665316116467214,2898,2.349999999999909,4,0
ZS=F,2023-10-12 09:00:00,0.0013882479636487957,2256,1.0300000000002,4,0
ZS=F,2023-10-12 10:00:00,0.0009118735106584383,2596,2.8199999999999363,4,0
ZS=F,2023-10-12 11:00:00,0.0003186014576194519,1406,1.800000000000182,4,0
ZS=F,2023-10-12 12:00:00,0.0003790073633669692,1388,1.509999999999991,4,0
ZS=F,2023-10-12 13:00:00,0.0008503528799938195,1416,2.1399999999998727,4,0
ZS=F,2023-10-12 14:00:00,0.0009438976812422646,2751,1.6700000000000728,4,0
ZS=F,2023-10-12 15:00:00,0.0004706494515003785,2822,1.0799999999999272,4,0
ZS=F,2023-10-13 09:00:00,0.0016996388173663077,2289,1.3899999999998727,4,1
ZS=F,2023-10-13 10:00:00,0.0004948774568343086,2517,1.6400000000001,4,0
ZS=F,2023-10-13 11:00:00,0.0006370083002527345,1901,1.9500000000000455,4,0
ZS=F,2023-10-13 12:00:00,0.0005430934252497633,2968,1.5,4,0
ZS=F,2023-10-13 13:00:00,0.0007169744399622653,2169,1.4800000000000182,4,0
ZS=F,2023-10-13 14:00:00,0.0008685341845059266,1678,2.0399999999999636,4,0
ZS=F,2023-10-13 15:00:00,0.0005769657763348167,1736,3.1700000000000728,4,0
ZS=F,2023-10-16 09:00:00,0.005127466025225836,2635,0.599999999999909,4,1
ZS=F,2023-10-16 10:00:00,0.0005765698617522566,1981,0.7100000000000364,4,0
ZS=F,2023-10-16 11:00:00,0.0007083814024764031,1867,1.0900000000001455,4,0
ZS=F,2023-10-16 12:00:00,0.0006911760199458384,2638,2.3299999999999272,4,0
ZS=F,2023-10-16 13:00:00,0.0009034680316110243,3456,3.0699999999999363,4,0
ZS=F,2023-10-16 14:00:00,0.0006209832925982733,1545,1.4600000000000364,4,0
ZS=F,2023-10-16 15:00:00,0.0003788256620900236,2165,2.3199999999999363,4,0
ZS=F,2023-10-17 09:00:00,0.0022339729877530593,3092,1.9100000000000819,4,1
ZS=F,2023-10-17 10:00:00,0.0004791373339676982,1825,1.7999999999999545,4,0
ZS=F,2023-10-17 11:00:00,0.000768852506958774,2208,2.3199999999999363,4,0
ZS=F,2023-10-17 12:00:00,0.0006257728874756174,1142,1.1299999999998818,4,0
ZS=F,2023-10-17 13:00:00,0.00014470460136250515,1818,0.44000000000005457,4,0
ZS=F,2023-10-17 14:00:00,0.0009159970432785659,2410,2.4500000000000455,4,0
ZS=F,2023-10-17 15:00:00,0.0007332476770889252,2556,1.9600000000000364,4,0
ZS=F,2023-10-18 09:00:00,0.0004989731505783687,2319,1.75,4,0
ZS=F,2023-10-18 10:00:00,0.0005736860114784068,3282,1.4200000000000728,4,0
ZS=F,2023-10-18 11:00:00,0.0005787609141170858,1802,1.1600000000000819,4,0
ZS=F,2023-10-18 12:00:00,0.0007987073709763003,2541,1.3999999999998636,4,0
ZS=F,2023-10-18 13:00:00,0.0009117116385293332,2377,2.4300000000000637,4,0
ZS=F,2023-10-18 14:00:00,0.0009535574949891432,1787,1.4600000000000364,4,0
ZS=F,2023-10-18 15:00:00,0.0009786285180331973,1760,2.6800000000000637,4,0
ZS=F,2023-10-19 09:00:00,0.0009708006286498837,2426,1.6699999999998454,4,0
ZS=F,2023-10-19 10:00:00,0.0006193547636834332,1765,1.8399999999999181,4,0
ZS=F,2023-10-19 11:00:00,0.0009272141845469791,2981,1.6300000000001091,4,0
ZS=F,2023-10-19 12:00:00,0.0007185218423132632,1895,1.4700000000000273,4,0
ZS=F,2023-10-19 13:00:00,0.0009800443703228243,2081,2.3400000000001455,4,0
ZS=F,2023-10-19 14:00:00,0.0004149076923442224,2805,2.009999999999991,4,0
ZS=F,2023-10-19 15:00:00,0.0008436168583134263,2797,1.4400000000000546,4,0
ZS=F,2023-10-20 09:00:00,0.0007628432016763571,1447,1.4600000000000364,4,0
ZS=F,2023-10-20 10:00:00,0.0008347954998314405,1097,2.130000000000109,4,0
ZS=F,2023-10-20 11:00:00,0.0004638919330151905,2825,0.5599999999999454,4,0
ZS=F,2023-10-20 12:00:00,0.0007471965694247012,2263,1.2899999999999636,4,0
ZS=F,2023-10-20 13:00:00,0.000744208327728587,1553,1.3699999999998909,4,0
ZS=F,2023-10-20 14:00:00,0.0003041727933836435,1437,2.5699999999999363,4,0
ZS=F,2023-10-20 15:00:00,0.0004547165414684612,2148,1.6599999999998545,4,0
ZS=F,2023-10-23 09:00:00,0.0009535600092643169,2321,1.259999999999991,4,0
ZS=F,2023-10-23 10:00:00,0.0007658702553848898,2461,1.3799999999998818,4,0
ZS=F,2023-10-23 11:00:00,0.0006293598916277125,2087,1.6700000000000728,4,0
ZS=F,2023-10-23 12:00:00,0.0006305553492921767,1256,1.0899999999999181,4,0
ZS=F,2023-10-23 13:00:00,0.0009649877449634042,1623,2.730000000000018,4,0
ZS=F,2023-10-23 14:00:00,0.0006083182115564043,1898,1.3799999999998818,4,0
ZS=F,2023-10-23 15:00:00,0.0003707022726178747,3121,2.2799999999999727,4,0
ZS=F,2023-10-24 09:00:00,0.0015311958493762394,2362,0.7799999999999727,4,1
ZS=F,2023-10-24 10:00:00,0.00042822231019934355,2116,0.9600000000000364,4,0
ZS=F,2023-10-24 11:00:00,0.000725063636920312,1840,1.3799999999998818,4,0
ZS=F,2023-10-24 12:00:00,0.0008338526543145535,2381,2.040000000000191,4,0
ZS=F,2023-10-24 13:00:00,0.00035372720054465534,2785,2.259999999999991,4,0
ZS=F,2023-10-24 14:00:00,0.0008734738019067461,2318,1.2899999999999636,4,0
ZS=F,2023-10-24 15:00:00,0.0006519026227084095,2429,1.150000000000091,4,0
ZS=F,2023-10-25 09:00:00,0.002693950492088915,1148,1.1900000000000546,4,1
ZS=F,2023-10-25 10:00:00,0.0007411703703982618,2199,1.5,4,0
ZS=F,2023-10-25 11:00:00,0.0006262511036165284,2285,2.0499999999999545,4,0
ZS=F,2023-10-25 12:00:00,0.0006728935257484624,2996,2.2899999999999636,4,0
ZS=F,2023-10-25 13:00:00,0.0008285130006903412,2480,2.040000000000191,4,0
ZS=F,2023-10-25 14:00:00,4.8038883920363055e-05,2172,0.2599999999999909,4,0
ZS=F,2023-10-25 15:00:00,0.0006917813886256058,2269,1.1900000000000546,4,0
ZS=F,2023-10-26 09:00:00,0.0004357346313045345,3459,1.2300000000000182,4,0
ZS=F,2023-10-26 10:00:00,0.000698290432541879,3039,2.0399999999999636,4,0
ZS=F,2023-10-26 11:00:00,0.0007075403709159412,2993,1.2999999999999545,4,0
ZS=F,2023-10-26 12:00:00,0.0007841207311366189,2293,1.4800000000000182,4,0
ZS=F,2023-10-26 13:00:00,0.0008465352794320373,2135,1.949999999999818,4,0
ZS=F,2023-10-26 14:00:00,0.0006371815105449904,2691,1.7200000000000273,4,0
ZS=F,2023-10-26 15:00:00,0.000746456793794514,1566,1.9299999999998363,4,0
ZS=F,2023-10-27 09:00:00,0.0008004766491918416,2341,1.9100000000000819,4,0
ZS=F,2023-10-27 10:00:00,0.0008814691635982596,1999,3.099999999999909,4,0
ZS=F,2023-10-27 11:00:00,0.0005113753391186273,2935,1.5299999999999727,4,0
ZS=F,2023-10-27 12:00:00,0.0007757185541774958,1741,3.019999999999982,4,0
ZS=F,2023-10-27 13:00:00,0.00037572712726646333,2060,1.8199999999999363,4,0
ZS=F,2023-10-27 14:00:00,0.0006066402611245065,1691,1.2000000000000455,4,0
ZS=F,2023-10-27 15:00:00,0.0006695582806771654,2284,1.449999999999818,4,0
ZS=F,2023-10-30 09:00:00,0.0005959289827934285,1723,2.4500000000000455,4,0
ZS=F,2023-10-30 10:00:00,0.00047902245297164794,1862,1.849999999999909,4,0
ZS=F,2023-10-30 11:00:00,0.0009097781689723328,1693,2.519999999999982,4,0
ZS=F,2023-10-30 12:00:00,0.00032518457771272207,3015,2.1099999999999,4,0
ZS=F,2023-10-30 13:00:00,0.0010182263175161075,2181,1.7200000000000273,4,0
ZS=F,2023-10-30 14:00:00,0.0004532291985050977,1699,0.5699999999999363,4,0
ZS=F,2023-10-30 15:00:00,0.0009405356323758945,1715,3.4500000000000455,4,0
ZS=F,2023-10-31 09:00:00,0.0004490538592272374,2347,2.240000000000009,4,0
ZS=F,2023-10-31 10:00:00,0.0008518829919945184,2260,3.730000000000018,4,0
ZS=F,2023-10-31 11:00:00,0.0008048448639996991,2243,1.3799999999998818,4,0
ZS=F,2023-10-31 12:00:00,0.0006626741555686383,1668,0.8399999999999181,4,0
ZS=F,2023-10-31 13:00:00,0.00036988769010758447,2071,2.2000000000000455,4,0
ZS=F,2023-10-31 14:00:00,0.0002949960718960773,3277,3.259999999999991,4,0
ZS=F,2023-10-31 15:00:00,0.00048293233657137737,1701,1.8799999999998818,4,0
ZS=F,2023-11-01 09:00:00,0.0020099139493382164,2543,0.9800000000000182,4,1
ZS=F,2023-11-01 10:00:00,0.00041639039845003755,1630,1.6299999999998818,4,0
ZS=F,2023-11-01 11:00:00,0.0008692852851250536,2169,2.3299999999999272,4,0
ZS=F,2023-11-01 12:00:00,0.00024069797954575213,2194,1.6000000000001364,4,0
ZS=F,2023-11-01 13:00:00,0.0004196144499691396,2203,2.75,4,0
ZS=F,2023-11-01 14:00:00,0.0007278956499390953,3160,1.3900000000001,4,0
ZS=F,2023-11-01 15:00:00,0.00013510478240097077,2581,0.4800000000000182,4,0
ZS=F,2023-11-02 09:00:00,0.0013069553097218307,1562,0.7999999999999545,4,0
ZS=F,2023-11-02 10:00:00,0.0005424194006475821,1965,1.5,4,0
ZS=F,2023-11-02 11:00:00,0.0005823586945294249,1979,1.9099999999998545,4,0
ZS=F,2023-11-02 12:00:00,0.0010018056783393041,1592,2.0700000000001637,4,0
ZS=F,2023-11-02 13:00:00,0.0008886051588451803,2386,2.0700000000001637,4,0
ZS=F,2023-11-02 14:00:00,0.00033260439231238626,2458,2.6799999999998363,4,0
ZS=F,2023-11-02 15:00:00,0.0009338924349471717,2250,2.4200000000000728,4,0
ZS=F,2023-11-03 09:00:00,0.002087462916505116,1672,2.230000000000018,4,1
ZS=F,2023-11-03 10:00:00,0.00046627650370722047,1909,2.6900000000000546,4,0
ZS=F,2023-11-03 11:00:00,0.000573261417387018,2851,1.349999999999909,4,0
ZS=F,2023-11-03 12:00:00,0.0007005295461587023,2092,1.4700000000000273,4,0
ZS=F,2023-11-03 13:00:00,0.0006938088444264811,2696,3.0499999999999545,4,0
ZS=F,2023-11-03 14:00:00,0.0006001398360849772,2227,1.5600000000001728,4,0
ZS=F,2023-11-03 15:00:00,0.0003167128743992273,2119,0.6900000000000546,4,0
ZS=F,2023-11-06 09:00:00,0.0005684836811432331,2197,1.199999999999818,4,0
ZS=F,2023-11-06 10:00:00,0.0007180984183889934,3193,1.4300000000000637,4,0
ZS=F,2023-11-06 11:00:00,0.0006895303753864239,1945,1.1300000000001091,4,0
ZS=F,2023-11-06 12:00:00,0.00037901762405639715,2452,1.349999999999909,4,0
ZS=F,2023-11-06 13:00:00,0.0005979667942248693,1426,1.4800000000000182,4,0
ZS=F,2023-11-06 14:00:00,0.0005270478993455522,1527,2.3199999999999363,4,0
ZS=F,2023-11-06 15:00:00,0.0004157276751455506,2547,0.25,4,0
ZS=F,2023-11-07 09:00:00,0.0017765793387053168,2559,1.5,4,1
ZS=F,2023-11-07 10:00:00,0.0005407212868587458,2552,1.5899999999999181,4,0
ZS=F,2023-11-07 11:00:00,0.0005745377226297212,1443,1.7000000000000455,4,0
ZS=F,2023-11-07 12:00:00,0.0006451164014590951,2347,1.4399999999998272,4,0
ZS=F,2023-11-07 13:00:00,0.000664336699979307,2686,0.599999999999909,4,0
ZS=F,2023-11-07 14:00:00,0.0008634300750180054,1378,1.2100000000000364,4,0
ZS=F,2023-11-07 15:00:00,0.0004311788536305322,2415,1.5,4,0
ZS=F,2023-11-08 09:00:00,0.001203687492822831,2480,2.5,4,0
ZS=F,2023-11-08 10:00:00,0.0004886525062352734,2027,1.9800000000000182,4,0
ZS=F,2023-11-08 11:00:00,0.0006337079704438256,2267,2.0499999999999545,4,0
ZS=F,2023-11-08 12:00:00,0.0004703999037852782,2053,1.7200000000000273,4,0
ZS=F,2023-11-08 13:00:00,0.0008763788401170346,747,1.5599999999999454,4,0
ZS=F,2023-11-08 14:00:00,0.0008360161028795056,2334,1.5899999999999181,4,0
ZS=F,2023-11-08 15:00:00,0.0006286104916638353,2213,1.1600000000000819,4,0
ZS=F,2023-11-09 09:00:00,0.001979474483321982,2046,1.4700000000000273,4,1
ZS=F,2023-11-09 10:00:00,0.0008904580120083034,2012,1.2300000000000182,4,0
ZS=F,2023-11-09 11:00:00,0.0006806761798399158,2077,2.5,4,0
ZS=F,2023-11-09 12:00:00,0.0007524833728933443,2110,1.240000000000009,4,0
ZS=F,2023-11-09 13:00:00,0.0008227376599993329,2774,1.8799999999998818,4,0
ZS=F,2023-11-09 14:00:00,0.00037628890659725843,1875,1.75,4,0
ZS=F,2023-11-09 15:00:00,0.0003508016417867634,2823,2.790000000000191,4,0
ZS=F,2023-11-10 09:00:00,0.0014998645076658896,1975,2.9400000000000546,4,1
ZS=F,2023-11-10 10:00:00,0.0007591975290159877,2914,2.1000000000001364,4,0
ZS=F,2023-11-10 11:00:00,0.0008093699489635597,1952,1.8099999999999454,4,0
ZS=F,2023-11-10 12:00:00,0.00028987492739717503,3357,1.9200000000000728,4,0
ZS=F,2023-11-10 13:00:00,0.0005587340594245313,2109,0.6600000000000819,4,0
ZS=F,2023-11-10 14:00:00,0.00035002712997982317,1866,2.4099999999998545,4,0
ZS=F,2023-11-10 15:00:00,0.0005195849916817068,1396,1.3899999999998727,4,0
ZS=F,2023-11-13 09:00:00,0.0018816355731525254,2009,2.75,4,1
ZS=F,2023-11-13 10:00:00,0.0008174264078020298,2022,3.4700000000000273,4,0
ZS=F,2023-11-13 11:00:00,0.0004722779163207399,1688,3.0299999999999727,4,0
ZS=F,2023-11-13 12:00:00,0.0002668384022933695,2275,1.0699999999999363,4,0
ZS=F,2023-11-13 13:00:00,0.0009789859624379608,2109,2.589999999999918,4,0
ZS=F,2023-11-13 14:00:00,0.0012237128428490343,2991,1.5,4,0
ZS=F,2023-11-13 15:00:00,0.0009590731005682705,1877,2.3299999999999272,4,0
ZS=F,2023-11-14 09:00:00,0.0009136273054230615,1633,1.4099999999998545,4,0
ZS=F,2023-11-14 10:00:00,0.00036831515198513246,2134,0.6899999999998272,4,0
ZS=F,2023-11-14 11:00:00,0.0004907433930423502,2147,1.4500000000000455,4,0
ZS=F,2023-11-14 12:00:00,0.0007085608551303926,2106,1.3100000000001728,4,0
ZS=F,2023-11-14 13:00:00,0.0007185149082078951,1760,1.6700000000000728,4,0
ZS=F,2023-11-14 14:00:00,0.000267008138829243,3011,1.9200000000000728,4,0
ZS=F,2023-11-14 15:00:00,0.00044062748679743295,3203,1.4400000000000546,4,0
ZS=F,2023-11-15 09:00:00,0.0006960338438169688,732,1.400000000000091,4,0
ZS=F,2023-11-15 10:00:00,0.0007593957344230054,2690,1.2000000000000455,4,0
ZS=F,2023-11-15 11:00:00,0.0009216480538294028,1880,2.019999999999982,4,0
ZS=F,2023-11-15 12:00:00,0.0007539478096666965,2060,1.1599999999998545,4,0
ZS=F,2023-11-15 13:00:00,0.00039864805840463506,2035,2.900000000000091,4,0
ZS=F,2023-11-15 14:00:00,0.0005891545523367039,2507,1.5499999999999545,4,0
ZS=F,2023-11-15 15:00:00,0.0009583857357919959,2435,2.740000000000009,4,0
ZS=F,2023-11-16 09:00:00,0.0016116911544080577,2380,2.1900000000000546,4,1
ZS=F,2023-11-16 10:00:00,0.0007435591264856931,1680,1.2000000000000455,4,0
ZS=F,2023-11-16 11:00:00,0.0007312645837255398,1349,1.3299999999999272,4,0
ZS=F,2023-11-16 12:00:00,0.0007828939902706512,2852,1.7100000000000364,4,0
ZS=F,2023-11-16 13:00:00,0.0004045551567070149,2635,2.7100000000000364,4,0
ZS=F,2023-11-16 14:00:00,0.0009223171673239947,1644,1.8700000000001182,4,0
ZS=F,2023-11-16 15:00:00,0.0005092325867582215,1164,0.9200000000000728,4,0
ZS=F,2023-11-17 09:00:00,0.0013032293812827074,1950,1.4200000000000728,4,0
ZS=F,2023-11-17 10:00:00,0.0005943724363345488,2377,1.0499999999999545,4,0
ZS=F,2023-11-17 11:00:00,0.0004659904201389488,2420,1.2699999999999818,4,0
ZS=F,2023-11-17 12:00:00,0.00042474699847217364,2313,1.3900000000001,4,0
ZS=F,2023-11-17 13:00:00,0.0008352570472942035,1770,1.8199999999999363,4,0
ZS=F,2023-11-17 14:00:00,0.0007091828399933988,2450,1.2799999999999727,4,0
ZS=F,2023-11-17 15:00:00,0.0005687637477960795,1755,0.9700000000000273,4,0
ZS=F,2023-11-20 09:00:00,0.0006680319044024718,2048,1.2899999999999636,4,0
ZS=F,2023-11-20 10:00:00,0.000720861676359802,1674,2.5900000000001455,4,0
ZS=F,2023-11-20 11:00:00,0.0006641506533191905,2450,0.9900000000000091,4,0
ZS=F,2023-11-20 12:00:00,0.0009281234307121341,2989,1.4700000000000273,4,0
ZS=F,2023-11-20 13:00:00,0.0007434531959999466,2866,2.2000000000000455,4,0
ZS=F,2023-11-20 14:00:00,0.000748588879432222,2735,1.800000000000182,4,0
ZS=F,2023-11-20 15:00:00,0.0007743823033866132,1538,2.1000000000001364,4,0
ZS=F,2023-11-21 09:00:00,0.0007362781967336469,2122,2.509999999999991,4,0
ZS=F,2023-11-21 10:00:00,0.0003167024523997792,1595,2.3899999999998727,4,0
ZS=F,2023-11-21 11:00:00,0.0002593235477083421,1941,2.8700000000001182,4,0
ZS=F,2023-11-21 12:00:00,0.0006876606087073151,1653,0.8599999999999,4,0
ZS=F,2023-11-21 13:00:00,0.0005391368865935759,1947,3.0,4,0
ZS=F,2023-11-21 14:00:00,0.0006284499929293419,1954,1.150000000000091,4,0
ZS=F,2023-11-21 15:00:00,0.0005917006337163368,1690,1.1900000000000546,4,0
ZS=F,2023-11-22 09:00:00,0.0006375851868394758,1801,1.1300000000001091,4,0
ZS=F,2023-11-22 10:00:00,0.0008340328400953025,3225,1.8600000000001273,4,0
ZS=F,2023-11-22 11:00:00,0.0005694051704560884,2176,1.300000000000182,4,0
ZS=F,2023-11-22 12:00:00,0.0007805554858158517,2242,2.2799999999999727,4,0
ZS=F,2023-11-22 13:00:00,0.0005466104930421949,1800,0.9100000000000819,4,0
ZS=F,2023-11-22 14:00:00,0.00038662458960300077,2386,0.5199999999999818,4,0
ZS=F,2023-11-22 15:00:00,0.0010205702542486828,2459,1.3099999999999454,4,0
ZS=F,2023-11-23 09:00:00,0.0012689307335887984,2218,0.6699999999998454,4,0
ZS=F,2023-11-23 10:00:00,0.0004878605204087691,2754,1.7699999999999818,4,0
ZS=F,2023-11-23 11:00:00,0.0005284734575640111,1920,1.2100000000000364,4,0
ZS=F,2023-11-23 12:00:00,0.0005099551456514739,2328,1.599999999999909,4,0
ZS=F,2023-11-23 13:00:00,0.0007493989938482804,2541,1.4400000000000546,4,0
ZS=F,2023-11-23 14:00:00,0.0005386635249445223,2494,1.1100000000001273,4,0
ZS=F,2023-11-23 15:00:00,0.0004259424965470683,2110,0.9700000000000273,4,0
ZS=F,2023-11-24 09:00:00,0.0016507327104633208,1854,1.1700000000000728,4,1
ZS=F,2023-11-24 10:00:00,0.0006569368424412591,1615,1.2000000000000455,4,0
ZS=F,2023-11-24 11:00:00,0.0008537364212280259,2952,2.4500000000000455,4,0
ZS=F,2023-11-24 12:00:00,0.0007924533458245116,1985,1.3900000000001,4,0
ZS=F,2023-11-24 13:00:00,0.00040577050581453366,1589,2.6000000000001364,4,0
ZS=F,2023-11-24 14:00:00,0.0007731963709990217,2338,1.3500000000001364,4,0
ZS=F,2023-11-24 15:00:00,0.0007546383536348046,2144,1.259999999999991,4,0
ZS=F,2023-11-27 09:00:00,0.000691556002441145,2492,0.849999999999909,4,0
ZS=F,2023-11-27 10:00:00,0.0007759781967641597,2245,1.7100000000000364,4,0
ZS=F,2023-11-27 11:00:00,0.0008730911450568623,1993,1.6099999999999,4,0
ZS=F,2023-11-27 12:00:00,0.0007354323901447382,1493,1.1200000000001182,4,0
ZS=F,2023-11-27 13:00:00,0.0007090510781299466,1729,1.5499999999999545,4,0
ZS=F,2023-11-27 14:00:00,0.0008700659679601552,1513,2.1399999999998727,4,0
ZS=F,2023-11-27 15:00:00,0.0006956678414687644,2271,0.7200000000000273,4,0
ZS=F,2023-11-28 09:00:00,0.0015303848972158661,2009,0.9300000000000637,4,1
ZS=F,2023-11-28 10:00:00,0.0008749010590158212,2148,1.4100000000000819,4,0
ZS=F,2023-11-28 11:00:00,0.0004185314993865716,1607,1.8200000000001637,4,0
ZS=F,2023-11-28 12:00:00,0.0006654753387535196,2287,1.3500000000001364,4,0
ZS=F,2023-11-28 13:00:00,0.0003883443380933046,1240,0.650000000000091,4,0
ZS=F,2023-11-28 14:00:00,0.00018332080803091247,2858,1.5,4,0
ZS=F,2023-11-28 15:00:00,0.00018065402202074906,3391,1.6900000000000546,4,0
ZS=F,2023-11-29 09:00:00,0.0008004984224504843,2164,1.0299999999999727,4,0
ZS=F,2023-11-29 10:00:00,0.0005461765301903597,3012,1.3899999999998727,4,0
ZS=F,2023-11-29 11:00:00,0.0006503086794547885,2064,1.1699999999998454,4,0
ZS=F,2023-11-29 12:00:00,0.0009222443211071852,1549,1.3599999999999,4,0
ZS=F,2023-11-29 13:00:00,0.0005845385601663959,2084,0.75,4,0
ZS=F,2023-11-29 14:00:00,0.0009468991017906992,1221,1.3700000000001182,4,0
ZS=F,2023-11-29 15:00:00,0.0005346280020778172,836,1.5100000000002183,4,0
ZS=F,2023-11-30 09:00:00,0.0029430860604130215,1841,2.0599999999999454,4,1
ZS=F,2023-11-30 10:00:00,0.0006856652652976951,2561,0.8199999999999363,4,0
ZS=F,2023-11-30 11:00:00,0.000888873572737125,1702,1.4100000000000819,4,0
ZS=F,2023-11-30 12:00:00,0.000511831101054855,1431,1.7999999999999545,4,0
ZS=F,2023-11-30 13:00:00,0.0006863378207583088,2509,1.740000000000009,4,0
ZS=F,2023-11-30 14:00:00,0.00037206981185101945,1627,0.9600000000000364,4,0
ZS=F,2023-11-30 15:00:00,0.0005945165918911264,2821,1.4600000000000364,4,0
ZS=F,2023-12-01 09:00:00,0.003039714600174752,1812,1.509999999999991,4,1
ZS=F,2023-12-01 10:00:00,0.0007068964836759527,2744,1.2899999999999636,4,0
ZS=F,2023-12-01 11:00:00,0.0005914928039940314,2147,0.5399999999999636,4,0
ZS=F,2023-12-01 12:00:00,0.0004372969238509528,2482,2.019999999999982,4,0
ZS=F,2023-12-01 13:00:00,0.0004011591830735781,3397,1.990000000000009,4,0
ZS=F,2023-12-01 14:00:00,0.0008627190413857585,2104,1.5499999999999545,4,0
ZS=F,2023-12-01 15:00:00,0.0007476421813055083,2474,1.5,4,0
ZS=F,2023-12-04 09:00:00,0.003519221312520688,2843,1.3700000000001182,4,1
ZS=F,2023-12-04 10:00:00,0.0006499018546917183,2215,1.349999999999909,4,0
ZS=F,2023-12-04 11:00:00,0.000539266217106676,2186,0.8399999999999181,4,0
ZS=F,2023-12-04 12:00:00,0.0007406353037332493,2100,1.4300000000000637,4,0
ZS=F,2023-12-04 13:00:00,0.0008770437728703514,2307,1.3699999999998909,4,0
ZS=F,2023-12-04 14:00:00,0.0005473200540492778,2395,2.3199999999999363,4,0
ZS=F,2023-12-04 15:00:00,0.0006180495732752717,1765,2.019999999999982,4,0
ZS=F,2023-12-05 09:00:00,0.0008746232348275793,2867,1.8199999999999363,4,0
ZS=F,2023-12-05 10:00:00,0.0005126530669151443,2193,2.5599999999999454,4,0
ZS=F,2023-12-05 11:00:00,0.00044185990812656956,2262,2.5499999999999545,4,0
ZS=F,2023-12-05 12:00:00,0.0005345882752308426,2591,1.0299999999999727,4,0
ZS=F,2023-12-05 13:00:00,0.0010058774260645602,1885,1.4099999999998545,4,0
ZS=F,2023-12-05 14:00:00,0.0001849835107286652,2124,1.3899999999998727,4,0
ZS=F,2023-12-05 15:00:00,0.0006337460627418461,1657,0.5500000000001819,4,0
ZS=F,2023-12-06 09:00:00,0.0007148239460722951,2146,1.7200000000000273,4,0
ZS=F,2023-12-06 10:00:00,0.0006140529841231931,1810,1.7799999999999727,4,0
ZS=F,2023-12-06 11:00:00,0.0009542397767734187,1425,2.599999999999909,4,0
ZS=F,2023-12-06 12:00:00,0.0002826716504573498,2680,3.380000000000109,4,0
ZS=F,2023-12-06 13:00:00,0.0009133265706386544,2031,1.3299999999999272,4,0
ZS=F,2023-12-06 14:00:00,0.0008166533069528593,1819,1.25,4,0
ZS=F,2023-12-06 15:00:00,0.0007714891596410078,2586,1.5299999999999727,4,0
ZS=F,2023-12-07 09:00:00,0.0008313066704898287,1957,1.5599999999999454,4,0
ZS=F,2023-12-07 10:00:00,0.000854559748693478,2112,2.339999999999918,4,0
ZS=F,2023-12-07 11:00:00,0.0003408890330186792,2391,2.339999999999918,4,0
ZS=F,2023-12-07 12:00:00,0.0006662370428064312,2499,1.3199999999999363,4,0
ZS=F,2023-12-07 13:00:00,0.0006862475818438698,1715,1.7799999999999727,4,0
ZS=F,2023-12-07 14:00:00,0.0004265227026739878,2156,0.8699999999998909,4,0
ZS=F,2023-12-07 15:00:00,0.0008954538710494263,2330,2.2200000000000273,4,0
ZS=F,2023-12-08 09:00:00,0.0013341502603907251,1991,1.2699999999999818,4,0
ZS=F,2023-12-08 10:00:00,0.0008761353085208226,2177,1.4300000000000637,4,0
ZS=F,2023-12-08 11:00:00,0.0006731281805460495,2062,1.3199999999999363,4,0
ZS=F,2023-12-08 12:00:00,0.0010051572390195206,2842,2.75,4,0
ZS=F,2023-12-08 13:00:00,0.0008627802213148072,2221,1.259999999999991,4,0
ZS=F,2023-12-08 14:00:00,0.0007474248117517539,2394,2.3199999999999363,4,0
ZS=F,2023-12-08 15:00:00,0.000523882693684894,2173,1.2999999999999545,4,0
ZS=F,2023-12-11 09:00:00,0.002707221985734019,1261,1.3200000000001637,4,1
ZS=F,2023-12-11 10:00:00,0.0005599147605221496,1337,2.240000000000009,4,0
ZS=F,2023-12-11 11:00:00,0.0006186030272141466,2237,0.9399999999998272,4,0
ZS=F,2023-12-11 12:00:00,0.0006803854050846863,1938,0.8500000000001364,4,0
ZS=F,2023-12-11 13:00:00,0.000609974009682959,2343,0.38999999999987267,4,0
ZS=F,2023-12-11 14:00:00,0.00046759411036684603,1430,0.9900000000000091,4,0
ZS=F,2023-12-11 15:00:00,0.0009200764275142171,2131,1.650000000000091,4,0
ZS=F,2023-12-12 09:00:00,0.0018095011854694857,2843,2.099999999999909,4,1
ZS=F,2023-12-12 10:00:00,0.0007820115094384805,2548,1.8300000000001546,4,0
ZS=F,2023-12-12 11:00:00,0.00041242563161861116,2455,0.9500000000000455,4,0
ZS=F,2023-12-12 12:00:00,0.0007954686877462531,1939,1.6400000000001,4,0
ZS=F,2023-12-12 13:00:00,0.0003858296386438765,2741,0.959999999999809,4,0
ZS=F,2023-12-12 14:00:00,0.0004845222425922243,3026,0.4800000000000182,4,0
ZS=F,2023-12-12 15:00:00,0.0004290458593704126,2345,0.7000000000000455,4,0
ZS=F,2023-12-13 09:00:00,0.0016027061371543551,2539,2.2899999999999636,4,1
ZS=F,2023-12-13 10:00:00,0.0006668169405308525,2600,1.240000000000009,4,0
ZS=F,2023-12-13 11:00:00,0.0002826498605600468,1717,2.3400000000001455,4,0
ZS=F,2023-12-13 12:00:00,0.0007473926777979318,2140,3.400000000000091,4,0
ZS=F,2023-12-13 13:00:00,0.000909776974988949,3430,1.3900000000001,4,0
ZS=F,2023-12-13 14:00:00,0.0006921311353674831,2102,2.2799999999999727,4,0
ZS=F,2023-12-13 15:00:00,0.0006950105060855713,2371,1.6099999999999,4,0
ZS=F,2023-12-14 09:00:00,0.0011042122616681765,1816,0.8399999999999181,4,0
ZS=F,2023-12-14 10:00:00,0.0005862675807292568,1920,2.019999999999982,4,0
ZS=F,2023-12-14 11:00:00,0.00027486184090447794,1042,0.5500000000001819,4,0
ZS=F,2023-12-14 12:00:00,0.0007196918796159596,2593,1.3200000000001637,4,0
ZS=F,2023-12-14 13:00:00,0.0008168188571017604,2992,2.3899999999998727,4,0
ZS=F,2023-12-14 14:00:00,0.0006583822844938183,2241,1.759999999999991,4,0
ZS=F,2023-12-14 15:00:00,0.0006826184236828479,1759,1.5499999999999545,4,0
ZS=F,2023-12-15 09:00:00,0.0010129579531568825,1419,1.3199999999999363,4,0
ZS=F,2023-12-15 10:00:00,0.000341351552423313,2123,1.8799999999998818,4,0
ZS=F,2023-12-15 11:00:00,0.0005219491852832096,2373,0.650000000000091,4,0
ZS=F,2023-12-15 12:00:00,0.0003337492820161223,1714,1.0199999999999818,4,0
ZS=F,2023-12-15 13:00:00,0.0007006246767086093,2335,1.9200000000000728,4,0
ZS=F,2023-12-15 14:00:00,0.0004117823814671143,2269,2.509999999999991,4,0
ZS=F,2023-12-15 15:00:00,0.0006092237511699616,2240,1.2699999999999818,4,0
ZS=F,2023-12-18 09:00:00,0.0022671032433823055,2834,0.8899999999998727,4,1
ZS=F,2023-12-18 10:00:00,0.0005497172793626056,2617,1.9800000000000182,4,0
ZS=F,2023-12-18 11:00:00,0.0004832312215580904,1406,1.740000000000009,4,0
ZS=F,2023-12-18 12:00:00,0.0009531397737023592,1339,2.3299999999999272,4,0
ZS=F,2023-12-18 13:00:00,0.000967559455049177,1269,1.7699999999999818,4,0
ZS=F,2023-12-18 14:00:00,0.0006705662166609096,2589,2.0,4,0
ZS=F,2023-12-18 15:00:00,0.0008314454316701765,2929,2.240000000000009,4,0
ZS=F,2023-12-19 09:00:00,0.001075001746348333,2088,1.0800000000001546,4,0
ZS=F,2023-12-19 10:00:00,0.00028633381142426247,2298,1.9399999999998272,4,0
ZS=F,2023-12-19 11:00:00,0.0005622982186675657,2961,0.9399999999998272,4,0
ZS=F,2023-12-19 12:00:00,0.000359069578447253,2098,0.4900000000000091,4,0
ZS=F,2023-12-19 13:00:00,0.000650171056297831,2294,1.1900000000000546,4,0
ZS=F,2023-12-19 14:00:00,0.0006685004840221989,2329,2.480000000000018,4,0
ZS=F,2023-12-19 15:00:00,0.000395758031185233,2459,2.2200000000000273,4,0
ZS=F,2023-12-20 09:00:00,0.0016364447068103003,2509,2.1000000000001364,4,1
ZS=F,2023-12-20 10:00:00,0.0005211865565014233,1959,1.650000000000091,4,0
ZS=F,2023-12-20 11:00:00,0.0003911659394717204,1248,1.6499999999998636,4,0
ZS=F,2023-12-20 12:00:00,0.0006333892917772931,2436,1.0799999999999272,4,0
ZS=F,2023-12-20 13:00:00,0.00023152867966487218,3156,0.6400000000001,4,0
ZS=F,2023-12-20 14:00:00,0.000710279562358453,2167,2.6200000000001182,4,0
ZS=F,2023-12-20 15:00:00,0.0003765606323338877,1990,1.25,4,0
ZS=F,2023-12-21 09:00:00,0.00296052026516722,2405,1.9300000000000637,4,1
ZS=F,2023-12-21 10:00:00,0.0006581634360521246,2423,2.0299999999999727,4,0
ZS=F,2023-12-21 11:00:00,0.0007202967644148395,2337,1.2000000000000455,4,0
ZS=F,2023-12-21 12:00:00,0.00029610242522903196,1660,0.8199999999999363,4,0
ZS=F,2023-12-21 13:00:00,0.0007423366598622649,2580,2.1499999999998636,4,0
ZS=F,2023-12-21 14:00:00,0.0008282427368824234,1584,1.5399999999999636,4,0
ZS=F,2023-12-21 15:00:00,0.000688901637742726,2539,2.0299999999999727,4,0
ZS=F,2023-12-22 09:00:00,0.0013751757752302938,2086,2.3599999999999,4,0
ZS=F,2023-12-22 10:00:00,0.0004497690028718183,2169,1.9800000000000182,4,0
ZS=F,2023-12-22 11:00:00,0.0007430497805037141,2323,1.3399999999999181,4,0
ZS=F,2023-12-22 12:00:00,0.0003653615665621085,2221,2.3299999999999272,4,0
ZS=F,2023-12-22 13:00:00,0.0004779494654791294,2616,2.189999999999827,4,0
ZS=F,2023-12-22 14:00:00,0.0005822983262171355,2279,1.4399999999998272,4,0
ZS=F,2023-12-22 15:00:00,0.0009751606521846417,1470,1.9399999999998272,4,0
ZS=F,2023-12-25 09:00:00,0.0007836598273810169,2762,3.230000000000018,4,0
ZS=F,2023-12-25 10:00:00,0.0007768851443104632,2359,1.6199999999998909,4,0
ZS=F,2023-12-25 11:00:00,0.0008097967103492499,1907,3.310000000000173,4,0
ZS=F,2023-12-25 12:00:00,0.0005626566945622498,1681,1.3799999999998818,4,0
ZS=F,2023-12-25 13:00:00,0.0008175190639759172,2268,1.949999999999818,4,0
ZS=F,2023-12-25 14:00:00,0.0005720694283976587,2136,1.2000000000000455,4,0
ZS=F,2023-12-25 15:00:00,0.0007929711650873294,2317,1.5499999999999545,4,0
ZS=F,2023-12-26 09:00:00,0.00045671296657407605,2173,1.8800000000001091,4,0
ZS=F,2023-12-26 10:00:00,0.0009026458855486681,2509,1.9700000000000273,4,0
ZS=F,2023-12-26 11:00:00,0.0003036580103951519,1645,1.9200000000000728,4,0
ZS=F,2023-12-26 12:00:00,0.00045097636752497683,1219,1.8200000000001637,4,0
ZS=F,2023-12-26 13:00:00,0.000814287334478806,2944,1.4600000000000364,4,0
ZS=F,2023-12-26 14:00:00,0.0009316645537399377,1778,1.490000000000009,4,0
ZS=F,2023-12-26 15:00:00,0.00045476117837439065,2385,0.9800000000000182,4,0
ZS=F,2023-12-27 09:00:00,0.0021247094953177003,2000,1.6000000000001364,4,1
ZS=F,2023-12-27 10:00:00,0.0006057325905551756,2455,1.2000000000000455,4,0
ZS=F,2023-12-27 11:00:00,0.0003756463932058118,1498,1.8900000000001,4,0
ZS=F,2023-12-27 12:00:00,0.0008303070521114988,2087,1.699999999999818,4,0
ZS=F,2023-12-27 13:00:00,0.00036013893708430075,2259,1.8799999999998818,4,0
ZS=F,2023-12-27 14:00:00,0.00067679180913938,2137,0.7699999999999818,4,0
ZS=F,2023-12-27 15:00:00,0.0005698847277607343,1707,0.7699999999999818,4,0
ZS=F,2023-12-28 09:00:00,0.0006908444115371371,2075,0.7300000000000182,4,0
ZS=F,2023-12-28 10:00:00,0.0008439289262585242,1211,1.7699999999999818,4,0
ZS=F,2023-12-28 11:00:00,0.00038645607911230403,2363,1.150000000000091,4,0
ZS=F,2023-12-28 12:00:00,0.0006716155372900256,2388,0.9700000000000273,4,0
ZS=F,2023-12-28 13:00:00,0.0009970450921624927,2357,1.2300000000000182,4,0
ZS=F,2023-12-28 14:00:00,0.0006494426774737073,2564,1.2300000000000182,4,0
ZS=F,2023-12-28 15:00:00,0.0006123166930128545,1644,1.6599999999998545,4,0
ZS=F,2023-12-29 09:00:00,0.0018020629161312435,1847,1.9600000000000364,4,1
ZS=F,2023-12-29 10:00:00,0.0006485026711971751,2056,0.9800000000000182,4,0
ZS=F,2023-12-29 11:00:00,0.00026976630256795756,2733,2.630000000000109,4,0
ZS=F,2023-12-29 12:00:00,0.00044842507429154315,3068,0.8199999999999363,4,0
ZS=F,2023-12-29 13:00:00,0.0006468268251313458,2870,1.4800000000000182,4,0
ZS=F,2023-12-29 14:00:00,0.0005981009650173431,2005,1.5599999999999454,4,0
ZS=F,2023-12-29 15:00:00,0.0008656183452316405,2573,0.9400000000000546,4,0
