MES,DAP,MAIZ,PETROLEO,POTASIO,SOYA_ACEITE,SOYA_GRANO,SOYA_HARINA,UREA,NINO34_ANOMALIA_C,DLOG_SOYA_GRANO,SOYA_GRANO_LAG1,DLOG_SOYA_ACEITE,SOYA_ACEITE_LAG1,DLOG_SOYA_HARINA,SOYA_HARINA_LAG1,DLOG_PETROLEO,PETROLEO_LAG1,DLOG_MAIZ,MAIZ_LAG1,DLOG_DAP,DAP_LAG1,DLOG_UREA,UREA_LAG1,DLOG_POTASIO,POTASIO_LAG1,NINO34_LAG2,SPLIT
1960-01-01,,45.00000000,1.60000000,28.50000000,204.00000000,94.00000000,92.00000000,42.30000000,-0.40000000,,,,,,,,,,,,,,,,,,train
1960-02-01,,44.00000000,1.60000000,28.50000000,201.00000000,91.00000000,87.00000000,42.30000000,-0.37000000,-0.03243528,94.00000000,-0.01481509,204.00000000,-0.05588046,92.00000000,0E-8,1.60000000,-0.02247286,45.00000000,,,0E-8,42.30000000,0E-8,28.50000000,,train
1960-03-01,,45.00000000,1.60000000,28.50000000,201.00000000,92.00000000,84.00000000,42.30000000,-0.21000000,0.01092907,91.00000000,0E-8,201.00000000,-0.03509132,87.00000000,0E-8,1.60000000,0.02247286,44.00000000,,,0E-8,42.30000000,0E-8,28.50000000,-0.40000000,train
1960-04-01,,45.00000000,1.60000000,28.50000000,207.00000000,93.00000000,87.00000000,42.30000000,-0.16000000,0.01081092,92.00000000,0.02941389,201.00000000,0.03509132,84.00000000,0E-8,1.60000000,0E-8,45.00000000,,,0E-8,42.30000000,0E-8,28.50000000,-0.37000000,train
1960-05-01,,48.00000000,1.60000000,28.50000000,209.00000000,93.00000000,82.00000000,42.30000000,-0.25000000,0E-8,93.00000000,0.00961546,207.00000000,-0.05918887,87.00000000,0E-8,1.60000000,0.06453852,45.00000000,,,0E-8,42.30000000,0E-8,28.50000000,-0.21000000,train
1960-06-01,,47.00000000,1.60000000,28.50000000,218.00000000,91.00000000,80.00000000,42.30000000,-0.43000000,-0.02173999,93.00000000,0.04216081,209.00000000,-0.02469261,82.00000000,0E-8,1.60000000,-0.02105341,48.00000000,,,0E-8,42.30000000,0E-8,28.50000000,-0.16000000,train
1960-07-01,,47.00000000,1.60000000,28.50000000,224.00000000,92.00000000,78.00000000,42.30000000,-0.41000000,0.01092907,91.00000000,0.02715099,218.00000000,-0.02531781,80.00000000,0E-8,1.60000000,0E-8,47.00000000,,,0E-8,42.30000000,0E-8,28.50000000,-0.25000000,train
1960-08-01,,47.00000000,1.60000000,28.50000000,237.00000000,93.00000000,78.00000000,42.30000000,-0.32000000,0.01081092,92.00000000,0.05641409,224.00000000,0E-8,78.00000000,0E-8,1.60000000,0E-8,47.00000000,,,0E-8,42.30000000,0E-8,28.50000000,-0.43000000,train
1960-09-01,,46.00000000,1.60000000,28.50000000,231.00000000,92.00000000,83.00000000,42.30000000,-0.30000000,-0.01081092,93.00000000,-0.02564243,237.00000000,0.06213178,78.00000000,0E-8,1.60000000,-0.02150621,47.00000000,,,0E-8,42.30000000,0E-8,28.50000000,-0.41000000,train
1960-10-01,,42.00000000,1.60000000,28.50000000,237.00000000,88.00000000,75.00000000,42.30000000,-0.43000000,-0.04445176,92.00000000,0.02564243,231.00000000,-0.10135249,83.00000000,0E-8,1.60000000,-0.09097178,46.00000000,,,0E-8,42.30000000,0E-8,28.50000000,-0.32000000,train
1960-11-01,,38.00000000,1.60000000,28.50000000,259.00000000,90.00000000,69.00000000,42.30000000,-0.49000000,0.02247286,88.00000000,0.08876792,237.00000000,-0.08338161,75.00000000,0E-8,1.60000000,-0.10008346,42.00000000,,,0E-8,42.30000000,0E-8,28.50000000,-0.30000000,train
1960-12-01,,40.00000000,1.60000000,28.50000000,259.00000000,93.00000000,79.00000000,42.30000000,-0.34000000,0.03278982,90.00000000,0E-8,259.00000000,0.13534135,69.00000000,0E-8,1.60000000,0.05129329,38.00000000,,,0E-8,42.30000000,0E-8,28.50000000,-0.43000000,train
1961-01-01,,43.00000000,1.60000000,30.00000000,278.00000000,102.00000000,85.00000000,42.30000000,-0.30000000,0.09237332,93.00000000,0.07079305,259.00000000,0.07320340,79.00000000,0E-8,1.60000000,0.07232066,40.00000000,,,0E-8,42.30000000,0.05129329,28.50000000,-0.49000000,train
1961-02-01,,44.00000000,1.60000000,30.00000000,303.00000000,114.00000000,95.00000000,42.30000000,-0.20000000,0.11122564,102.00000000,0.08611169,278.00000000,0.11122564,85.00000000,0E-8,1.60000000,0.02298952,43.00000000,,,0E-8,42.30000000,0E-8,30.00000000,-0.34000000,train
1961-03-01,,44.00000000,1.60000000,30.00000000,311.00000000,121.00000000,99.00000000,42.30000000,-0.41000000,0.05959210,114.00000000,0.02606011,303.00000000,0.04124296,95.00000000,0E-8,1.60000000,0E-8,44.00000000,,,0E-8,42.30000000,0E-8,30.00000000,-0.30000000,train
1961-04-01,,43.00000000,1.60000000,30.00000000,322.00000000,129.00000000,111.00000000,42.30000000,-0.37000000,0.06402186,121.00000000,0.03475863,311.00000000,0.11441035,99.00000000,0E-8,1.60000000,-0.02298952,44.00000000,,,0E-8,42.30000000,0E-8,30.00000000,-0.20000000,train
1961-05-01,,45.00000000,1.60000000,30.00000000,314.00000000,122.00000000,109.00000000,42.30000000,-0.27000000,-0.05579136,129.00000000,-0.02515856,322.00000000,-0.01818232,111.00000000,0E-8,1.60000000,0.04546237,43.00000000,,,0E-8,42.30000000,0E-8,30.00000000,-0.41000000,train
1961-06-01,,44.00000000,1.60000000,30.00000000,295.00000000,114.00000000,99.00000000,42.30000000,-0.03000000,-0.06782260,122.00000000,-0.06241763,314.00000000,-0.09622803,109.00000000,0E-8,1.60000000,-0.02247286,45.00000000,,,0E-8,42.30000000,0E-8,30.00000000,-0.37000000,train
1961-07-01,,45.00000000,1.60000000,30.00000000,282.00000000,112.00000000,100.00000000,42.30000000,-0.41000000,-0.01769958,114.00000000,-0.04506829,295.00000000,0.01005034,99.00000000,0E-8,1.60000000,0.02247286,44.00000000,,,0E-8,42.30000000,0E-8,30.00000000,-0.27000000,train
1961-08-01,,44.00000000,1.60000000,30.00000000,276.00000000,101.00000000,103.00000000,42.30000000,-0.64000000,-0.10337835,112.00000000,-0.02150621,282.00000000,0.02955880,100.00000000,0E-8,1.60000000,-0.02247286,45.00000000,,,0E-8,42.30000000,0E-8,30.00000000,-0.03000000,train
1961-09-01,,43.00000000,1.60000000,30.00000000,267.00000000,98.00000000,92.00000000,42.30000000,-0.82000000,-0.03015304,101.00000000,-0.03315221,276.00000000,-0.11294041,103.00000000,0E-8,1.60000000,-0.02298952,44.00000000,,,0E-8,42.30000000,0E-8,30.00000000,-0.41000000,train
1961-10-01,,47.60000000,1.60000000,30.00000000,270.00000000,98.00000000,87.00000000,42.30000000,-0.82000000,0E-8,98.00000000,0.01117330,267.00000000,-0.05588046,92.00000000,0E-8,1.60000000,0.10163265,43.00000000,,,0E-8,42.30000000,0E-8,30.00000000,-0.64000000,train
1961-11-01,,48.40000000,1.60000000,30.00000000,265.00000000,100.00000000,92.00000000,42.30000000,-0.43000000,0.02020271,98.00000000,-0.01869213,270.00000000,0.05588046,87.00000000,0E-8,1.60000000,0.01666705,47.60000000,,,0E-8,42.30000000,0E-8,30.00000000,-0.82000000,train
1961-12-01,,48.40000000,1.60000000,30.00000000,265.00000000,101.00000000,93.00000000,42.30000000,-0.57000000,0.00995033,100.00000000,0E-8,265.00000000,0.01081092,92.00000000,0E-8,1.60000000,0E-8,48.40000000,,,0E-8,42.30000000,0E-8,30.00000000,-0.82000000,train
1962-01-01,,48.00000000,1.50000000,30.00000000,265.00000000,101.00000000,80.00000000,42.30000000,-0.68000000,0E-8,101.00000000,0E-8,265.00000000,-0.15057286,93.00000000,-0.06453852,1.60000000,-0.00829880,48.40000000,,,0E-8,42.30000000,0E-8,30.00000000,-0.43000000,train
1962-02-01,,48.00000000,1.50000000,30.00000000,259.00000000,101.00000000,78.00000000,42.30000000,-0.53000000,0E-8,101.00000000,-0.02290176,265.00000000,-0.02531781,80.00000000,0E-8,1.50000000,0E-8,48.00000000,,,0E-8,42.30000000,0E-8,30.00000000,-0.57000000,train
1962-03-01,,48.80000000,1.50000000,30.00000000,256.00000000,103.00000000,83.00000000,42.30000000,-0.49000000,0.01960847,101.00000000,-0.01165062,259.00000000,0.06213178,78.00000000,0E-8,1.50000000,0.01652930,48.00000000,,,0E-8,42.30000000,0E-8,30.00000000,-0.68000000,train
1962-04-01,,48.80000000,1.50000000,30.00000000,254.00000000,104.00000000,84.00000000,42.30000000,-0.45000000,0.00966191,103.00000000,-0.00784318,256.00000000,0.01197619,83.00000000,0E-8,1.50000000,0E-8,48.80000000,,,0E-8,42.30000000,0E-8,30.00000000,-0.53000000,train
1962-05-01,,49.60000000,1.50000000,30.00000000,234.00000000,104.00000000,86.00000000,42.30000000,-0.71000000,0E-8,104.00000000,-0.08201315,254.00000000,0.02353050,84.00000000,0E-8,1.50000000,0.01626052,48.80000000,,,0E-8,42.30000000,0E-8,30.00000000,-0.49000000,train
1962-06-01,,49.60000000,1.50000000,30.00000000,215.00000000,102.00000000,89.00000000,42.30000000,-0.48000000,-0.01941809,104.00000000,-0.08468309,234.00000000,0.03428907,86.00000000,0E-8,1.50000000,0E-8,49.60000000,,,0E-8,42.30000000,0E-8,30.00000000,-0.45000000,train
1962-07-01,,48.80000000,1.50000000,30.00000000,198.00000000,101.00000000,92.00000000,42.30000000,-0.42000000,-0.00985230,102.00000000,-0.08237100,215.00000000,0.03315221,89.00000000,0E-8,1.50000000,-0.01626052,49.60000000,,,0E-8,42.30000000,0E-8,30.00000000,-0.71000000,train
1962-08-01,,47.20000000,1.50000000,30.00000000,198.00000000,95.00000000,94.00000000,42.30000000,-0.46000000,-0.06124363,101.00000000,0E-8,198.00000000,0.02150621,92.00000000,0E-8,1.50000000,-0.03333642,48.80000000,,,0E-8,42.30000000,0E-8,30.00000000,-0.48000000,train
1962-09-01,,47.60000000,1.50000000,30.00000000,198.00000000,95.00000000,102.00000000,42.30000000,-0.77000000,0E-8,95.00000000,0E-8,198.00000000,0.08167803,94.00000000,0E-8,1.50000000,0.00843887,47.20000000,,,0E-8,42.30000000,0E-8,30.00000000,-0.42000000,train
1962-10-01,,47.60000000,1.50000000,30.00000000,212.00000000,97.00000000,93.00000000,42.30000000,-0.67000000,0.02083409,95.00000000,0.06831924,198.00000000,-0.09237332,102.00000000,0E-8,1.50000000,0E-8,47.60000000,,,0E-8,42.30000000,0E-8,30.00000000,-0.46000000,train
1962-11-01,,48.40000000,1.50000000,30.00000000,220.00000000,101.00000000,94.00000000,42.30000000,-0.64000000,0.04040954,97.00000000,0.03704127,212.00000000,0.01069529,93.00000000,0E-8,1.50000000,0.01666705,47.60000000,,,0E-8,42.30000000,0E-8,30.00000000,-0.77000000,train
1962-12-01,,51.20000000,1.50000000,30.00000000,215.00000000,102.00000000,94.00000000,42.30000000,-0.72000000,0.00985230,101.00000000,-0.02298952,220.00000000,0E-8,94.00000000,0E-8,1.50000000,0.05623972,48.40000000,,,0E-8,42.30000000,0E-8,30.00000000,-0.67000000,train
1963-01-01,,52.80000000,1.50000000,30.00000000,223.00000000,107.00000000,92.00000000,42.30000000,-0.76000000,0.04785602,102.00000000,0.03653374,215.00000000,-0.02150621,94.00000000,0E-8,1.50000000,0.03077166,51.20000000,,,0E-8,42.30000000,0E-8,30.00000000,-0.64000000,train
1963-02-01,,53.20000000,1.50000000,30.00000000,231.00000000,110.00000000,92.00000000,42.30000000,-0.51000000,0.02765153,107.00000000,0.03524594,223.00000000,0E-8,92.00000000,0E-8,1.50000000,0.00754721,52.80000000,,,0E-8,42.30000000,0E-8,30.00000000,-0.72000000,train
1963-03-01,,52.40000000,1.50000000,30.00000000,229.00000000,109.00000000,90.00000000,42.30000000,-0.29000000,-0.00913248,110.00000000,-0.00869571,231.00000000,-0.02197891,92.00000000,0E-8,1.50000000,-0.01515181,53.20000000,,,0E-8,42.30000000,0E-8,30.00000000,-0.76000000,train
1963-04-01,,52.00000000,1.50000000,30.00000000,229.00000000,107.00000000,87.00000000,42.30000000,-0.17000000,-0.01851905,109.00000000,0E-8,229.00000000,-0.03390155,90.00000000,0E-8,1.50000000,-0.00766287,52.40000000,,,0E-8,42.30000000,0E-8,30.00000000,-0.51000000,train
1963-05-01,,52.40000000,1.50000000,30.00000000,231.00000000,109.00000000,87.00000000,42.30000000,-0.31000000,0.01851905,107.00000000,0.00869571,229.00000000,0E-8,87.00000000,0E-8,1.50000000,0.00766287,52.00000000,,,0E-8,42.30000000,0E-8,30.00000000,-0.29000000,train
1963-06-01,,55.50000000,1.50000000,30.00000000,231.00000000,108.00000000,90.00000000,42.30000000,-0.41000000,-0.00921666,109.00000000,0E-8,231.00000000,0.03390155,87.00000000,0E-8,1.50000000,0.05747643,52.40000000,,,0E-8,42.30000000,0E-8,30.00000000,-0.17000000,train
1963-07-01,,56.70000000,1.50000000,30.00000000,229.00000000,109.00000000,91.00000000,42.30000000,0.52000000,0.00921666,108.00000000,-0.00869571,231.00000000,0.01104984,90.00000000,0E-8,1.50000000,0.02139119,55.50000000,,,0E-8,42.30000000,0E-8,30.00000000,-0.31000000,train
1963-08-01,,55.50000000,1.50000000,30.00000000,207.00000000,106.00000000,91.00000000,42.30000000,0.42000000,-0.02790879,109.00000000,-0.10100321,229.00000000,0E-8,91.00000000,0E-8,1.50000000,-0.02139119,56.70000000,,,0E-8,42.30000000,0E-8,30.00000000,-0.41000000,train
1963-09-01,,55.90000000,1.50000000,30.00000000,204.00000000,109.00000000,91.00000000,42.30000000,0.44000000,0.02790879,106.00000000,-0.01459880,207.00000000,0E-8,91.00000000,0E-8,1.50000000,0.00718136,55.50000000,,,0E-8,42.30000000,0E-8,30.00000000,0.52000000,train
1963-10-01,,53.20000000,1.50000000,30.00000000,234.00000000,117.00000000,91.00000000,42.30000000,0.57000000,0.07082605,109.00000000,0.13720112,204.00000000,0E-8,91.00000000,0E-8,1.50000000,-0.04950598,55.90000000,,,0E-8,42.30000000,0E-8,30.00000000,0.42000000,train
1963-11-01,,52.40000000,1.50000000,30.00000000,223.00000000,116.00000000,91.00000000,42.30000000,0.47000000,-0.00858374,117.00000000,-0.04814934,234.00000000,0E-8,91.00000000,0E-8,1.50000000,-0.01515181,53.20000000,,,0E-8,42.30000000,0E-8,30.00000000,0.44000000,train
1963-12-01,,53.50000000,1.50000000,30.00000000,212.00000000,114.00000000,99.00000000,42.30000000,0.57000000,-0.01739174,116.00000000,-0.05058550,223.00000000,0.08426034,91.00000000,0E-8,1.50000000,0.02077506,52.40000000,,,0E-8,42.30000000,0E-8,30.00000000,0.57000000,train
1964-01-01,,55.10000000,1.50000000,32.50000000,215.00000000,117.00000000,99.00000000,60.50000000,0.48000000,0.02597549,114.00000000,0.01405175,212.00000000,0E-8,99.00000000,0E-8,1.50000000,0.02946806,53.50000000,,,0.35785628,42.30000000,0.08004271,30.00000000,0.47000000,train
1964-02-01,,52.80000000,1.50000000,32.50000000,209.00000000,113.00000000,96.00000000,60.50000000,0.28000000,-0.03478612,117.00000000,-0.02830378,215.00000000,-0.03077166,99.00000000,0E-8,1.50000000,-0.04263853,55.10000000,,,0E-8,60.50000000,0E-8,32.50000000,0.57000000,train
1964-03-01,,54.30000000,1.50000000,32.50000000,209.00000000,111.00000000,94.00000000,60.50000000,-0.33000000,-0.01785762,113.00000000,0E-8,209.00000000,-0.02105341,96.00000000,0E-8,1.50000000,0.02801304,52.80000000,,,0E-8,60.50000000,0E-8,32.50000000,0.48000000,train
1964-04-01,,55.50000000,1.50000000,32.50000000,204.00000000,107.00000000,90.00000000,60.50000000,-0.53000000,-0.03670137,111.00000000,-0.02421426,209.00000000,-0.04348511,94.00000000,0E-8,1.50000000,0.02185879,54.30000000,,,0E-8,60.50000000,0E-8,32.50000000,0.28000000,train
1964-05-01,,55.90000000,1.50000000,32.50000000,215.00000000,105.00000000,85.00000000,60.50000000,-0.88000000,-0.01886848,107.00000000,0.05251803,204.00000000,-0.05715841,90.00000000,0E-8,1.50000000,0.00718136,55.50000000,,,0E-8,60.50000000,0E-8,32.50000000,-0.33000000,train
1964-06-01,,56.30000000,1.50000000,32.50000000,212.00000000,104.00000000,86.00000000,60.50000000,-1.01000000,-0.00956945,105.00000000,-0.01405175,215.00000000,0.01169604,85.00000000,0E-8,1.50000000,0.00713015,55.90000000,,,0E-8,60.50000000,0E-8,32.50000000,-0.53000000,train
1964-07-01,,55.90000000,1.50000000,32.50000000,209.00000000,102.00000000,85.00000000,60.50000000,-0.92000000,-0.01941809,104.00000000,-0.01425202,212.00000000,-0.01169604,86.00000000,0E-8,1.50000000,-0.00713015,56.30000000,,,0E-8,60.50000000,0E-8,32.50000000,-0.88000000,train
1964-08-01,,54.70000000,1.50000000,32.50000000,223.00000000,104.00000000,83.00000000,60.50000000,-1.14000000,0.01941809,102.00000000,0.06483752,209.00000000,-0.02381065,85.00000000,0E-8,1.50000000,-0.02170067,55.90000000,,,0E-8,60.50000000,0E-8,32.50000000,-1.01000000,train
1964-09-01,,55.10000000,1.50000000,32.50000000,243.00000000,110.00000000,92.00000000,60.50000000,-1.40000000,0.05608947,104.00000000,0.08588967,223.00000000,0.10294797,83.00000000,0E-8,1.50000000,0.00728601,54.70000000,,,0E-8,60.50000000,0E-8,32.50000000,-0.92000000,train
1964-10-01,,52.80000000,1.50000000,32.50000000,270.00000000,114.00000000,89.00000000,60.50000000,-1.15000000,0.03571808,110.00000000,0.10536052,243.00000000,-0.03315221,92.00000000,0E-8,1.50000000,-0.04263853,55.10000000,,,0E-8,60.50000000,0E-8,32.50000000,-1.14000000,train
1964-11-01,,52.80000000,1.50000000,32.50000000,270.00000000,118.00000000,85.00000000,60.50000000,-1.37000000,0.03448618,114.00000000,0E-8,270.00000000,-0.04598511,89.00000000,0E-8,1.50000000,0E-8,52.80000000,,,0E-8,60.50000000,0E-8,32.50000000,-1.40000000,train
1964-12-01,,54.30000000,1.50000000,32.50000000,317.00000000,122.00000000,87.00000000,60.50000000,-1.21000000,0.03333642,118.00000000,0.16047981,270.00000000,0.02325686,85.00000000,0E-8,1.50000000,0.02801304,52.80000000,,,0E-8,60.50000000,0E-8,32.50000000,-1.15000000,train
1965-01-01,,55.90000000,1.40000000,29.50000000,284.00000000,123.00000000,92.00000000,65.80000000,-0.83000000,0.00816331,122.00000000,-0.10992754,317.00000000,0.05588046,87.00000000,-0.06899287,1.50000000,0.02904015,54.30000000,,,0.08397647,60.50000000,-0.09684983,32.50000000,-1.37000000,train
1965-02-01,,56.70000000,1.40000000,29.50000000,303.00000000,128.00000000,96.00000000,65.80000000,-0.47000000,0.03984591,123.00000000,0.06475857,284.00000000,0.04255961,92.00000000,0E-8,1.40000000,0.01420983,55.90000000,,,0E-8,65.80000000,0E-8,29.50000000,-1.21000000,train
1965-03-01,,57.10000000,1.40000000,29.50000000,300.00000000,125.00000000,94.00000000,65.80000000,-0.42000000,-0.02371653,128.00000000,-0.00995033,303.00000000,-0.02105341,96.00000000,0E-8,1.40000000,0.00702991,56.70000000,,,0E-8,65.80000000,0E-8,29.50000000,-0.83000000,train
1965-04-01,,57.50000000,1.40000000,29.50000000,295.00000000,123.00000000,95.00000000,65.80000000,-0.30000000,-0.01612938,125.00000000,-0.01680712,300.00000000,0.01058211,94.00000000,0E-8,1.40000000,0.00698083,57.10000000,,,0E-8,65.80000000,0E-8,29.50000000,-0.47000000,train
1965-05-01,,58.70000000,1.40000000,29.50000000,256.00000000,119.00000000,94.00000000,65.80000000,-0.08000000,-0.03306086,123.00000000,-0.14179791,295.00000000,-0.01058211,95.00000000,0E-8,1.40000000,0.02065478,57.50000000,,,0E-8,65.80000000,0E-8,29.50000000,-0.42000000,train
1965-06-01,,58.30000000,1.40000000,29.50000000,256.00000000,122.00000000,94.00000000,65.80000000,0.37000000,0.02489755,119.00000000,0E-8,256.00000000,0E-8,94.00000000,0E-8,1.40000000,-0.00683763,58.70000000,,,0E-8,65.80000000,0E-8,29.50000000,-0.30000000,train
1965-07-01,,56.70000000,1.40000000,29.50000000,248.00000000,120.00000000,102.00000000,65.80000000,0.51000000,-0.01652930,122.00000000,-0.03174870,256.00000000,0.08167803,94.00000000,0E-8,1.40000000,-0.02782788,58.30000000,,,0E-8,65.80000000,0E-8,29.50000000,-0.08000000,train
1965-08-01,,55.10000000,1.40000000,29.50000000,234.00000000,111.00000000,96.00000000,65.80000000,0.68000000,-0.07796154,120.00000000,-0.05810763,248.00000000,-0.06062462,102.00000000,0E-8,1.40000000,-0.02862449,56.70000000,,,0E-8,65.80000000,0E-8,29.50000000,0.37000000,train
1965-09-01,,53.90000000,1.40000000,29.50000000,248.00000000,106.00000000,105.00000000,65.80000000,0.61000000,-0.04609111,111.00000000,0.05810763,234.00000000,0.08961216,96.00000000,0E-8,1.40000000,-0.02201924,55.10000000,,,0E-8,65.80000000,0E-8,29.50000000,0.51000000,train
1965-10-01,,51.60000000,1.40000000,29.50000000,284.00000000,104.00000000,97.00000000,65.80000000,1.07000000,-0.01904819,106.00000000,0.13554549,248.00000000,-0.07924937,105.00000000,0E-8,1.40000000,-0.04360881,53.90000000,,,0E-8,65.80000000,0E-8,29.50000000,0.68000000,train
1965-11-01,,51.60000000,1.40000000,29.50000000,276.00000000,107.00000000,103.00000000,65.80000000,1.02000000,0.02843794,104.00000000,-0.02857337,284.00000000,0.06001801,97.00000000,0E-8,1.40000000,0E-8,51.60000000,,,0E-8,65.80000000,0E-8,29.50000000,0.61000000,train
1965-12-01,,55.10000000,1.40000000,29.50000000,256.00000000,113.00000000,97.00000000,65.80000000,1.04000000,0.05455898,107.00000000,-0.07522342,276.00000000,-0.06001801,103.00000000,0E-8,1.40000000,0.06562804,51.60000000,,,0E-8,65.80000000,0E-8,29.50000000,1.07000000,train
1966-01-01,,57.10000000,1.40000000,27.50000000,267.00000000,120.00000000,102.00000000,59.30000000,0.78000000,0.06010392,113.00000000,0.04207121,256.00000000,0.05026183,97.00000000,0E-8,1.40000000,0.03565440,55.10000000,,,-0.10401053,65.80000000,-0.07020426,29.50000000,1.02000000,train
1966-02-01,,57.10000000,1.40000000,27.50000000,273.00000000,122.00000000,99.00000000,59.30000000,0.44000000,0.01652930,120.00000000,0.02222314,267.00000000,-0.02985296,102.00000000,0E-8,1.40000000,0E-8,57.10000000,,,0E-8,59.30000000,0E-8,27.50000000,1.04000000,train
1966-03-01,,55.50000000,1.40000000,27.50000000,265.00000000,120.00000000,93.00000000,59.30000000,0.66000000,-0.01652930,122.00000000,-0.02974197,273.00000000,-0.06252036,99.00000000,0E-8,1.40000000,-0.02842110,57.10000000,,,0E-8,59.30000000,0E-8,27.50000000,0.78000000,train
1966-04-01,,55.90000000,1.40000000,27.50000000,267.00000000,122.00000000,97.00000000,59.30000000,0.28000000,0.01652930,120.00000000,0.00751883,265.00000000,0.04211149,93.00000000,0E-8,1.40000000,0.00718136,55.50000000,,,0E-8,59.30000000,0E-8,27.50000000,0.44000000,train
1966-05-01,,55.10000000,1.40000000,27.50000000,256.00000000,125.00000000,102.00000000,59.30000000,-0.40000000,0.02429269,122.00000000,-0.04207121,267.00000000,0.05026183,97.00000000,0E-8,1.40000000,-0.01441466,55.90000000,,,0E-8,59.30000000,0E-8,27.50000000,0.66000000,train
1966-06-01,,57.10000000,1.40000000,27.50000000,256.00000000,131.00000000,118.00000000,59.30000000,0.10000000,0.04688359,125.00000000,0E-8,256.00000000,0.14571181,102.00000000,0E-8,1.40000000,0.03565440,55.10000000,,,0E-8,59.30000000,0E-8,27.50000000,0.28000000,train
1966-07-01,,59.10000000,1.40000000,27.50000000,267.00000000,139.00000000,123.00000000,59.30000000,0.18000000,0.05927661,131.00000000,0.04207121,256.00000000,0.04149973,118.00000000,0E-8,1.40000000,0.03442681,57.10000000,,,0E-8,59.30000000,0E-8,27.50000000,-0.40000000,train
1966-08-01,,62.60000000,1.40000000,27.50000000,276.00000000,140.00000000,124.00000000,59.30000000,-0.29000000,0.00716849,139.00000000,0.03315221,267.00000000,0.00809721,123.00000000,0E-8,1.40000000,0.05753435,59.10000000,,,0E-8,59.30000000,0E-8,27.50000000,0.10000000,train
1966-09-01,,61.00000000,1.40000000,27.50000000,267.00000000,128.00000000,112.00000000,59.30000000,-0.34000000,-0.08961216,140.00000000,-0.03315221,276.00000000,-0.10178269,124.00000000,0E-8,1.40000000,-0.02589141,62.60000000,,,0E-8,59.30000000,0E-8,27.50000000,0.18000000,train
1966-10-01,,58.70000000,1.40000000,27.50000000,251.00000000,120.00000000,105.00000000,59.30000000,-0.39000000,-0.06453852,128.00000000,-0.06179572,267.00000000,-0.06453852,112.00000000,0E-8,1.40000000,-0.03843414,61.00000000,,,0E-8,59.30000000,0E-8,27.50000000,-0.29000000,train
1966-11-01,,59.10000000,1.40000000,27.50000000,248.00000000,121.00000000,101.00000000,59.30000000,-0.27000000,0.00829880,120.00000000,-0.01202419,251.00000000,-0.03883983,105.00000000,0E-8,1.40000000,0.00679120,58.70000000,,,0E-8,59.30000000,0E-8,27.50000000,-0.34000000,train
1966-12-01,,61.40000000,1.40000000,27.50000000,245.00000000,121.00000000,108.00000000,59.30000000,-0.53000000,0E-8,121.00000000,-0.01217054,248.00000000,0.06701071,101.00000000,0E-8,1.40000000,0.03817891,59.10000000,,,0E-8,59.30000000,0E-8,27.50000000,-0.39000000,train
1967-01-01,68.50000000,60.20000000,1.30000000,25.50000000,231.00000000,117.00000000,105.00000000,49.30000000,-0.81000000,-0.03361661,121.00000000,-0.05884050,245.00000000,-0.02817088,108.00000000,-0.07410797,1.40000000,-0.01973748,61.40000000,,,-0.18468522,59.30000000,-0.07550755,27.50000000,-0.27000000,train
1967-02-01,68.50000000,59.10000000,1.30000000,25.50000000,225.00000000,117.00000000,101.00000000,49.30000000,-0.75000000,0E-8,117.00000000,-0.02631731,231.00000000,-0.03883983,105.00000000,0E-8,1.30000000,-0.01844143,60.20000000,0E-8,68.50000000,0E-8,49.30000000,0E-8,25.50000000,-0.53000000,train
1967-03-01,68.50000000,59.10000000,1.30000000,25.50000000,231.00000000,116.00000000,98.00000000,49.30000000,-0.58000000,-0.00858374,117.00000000,0.02631731,225.00000000,-0.03015304,101.00000000,0E-8,1.30000000,0E-8,59.10000000,0E-8,68.50000000,0E-8,49.30000000,0E-8,25.50000000,-0.81000000,train
1967-04-01,68.50000000,57.90000000,1.30000000,25.50000000,227.00000000,116.00000000,96.00000000,49.30000000,-0.64000000,0E-8,116.00000000,-0.01746769,231.00000000,-0.02061929,98.00000000,0E-8,1.30000000,-0.02051354,59.10000000,0E-8,68.50000000,0E-8,49.30000000,0E-8,25.50000000,-0.75000000,train
1967-05-01,68.50000000,57.10000000,1.30000000,25.50000000,224.00000000,116.00000000,95.00000000,49.30000000,-0.31000000,0E-8,116.00000000,-0.01330397,227.00000000,-0.01047130,96.00000000,0E-8,1.30000000,-0.01391327,57.90000000,0E-8,68.50000000,0E-8,49.30000000,0E-8,25.50000000,-0.58000000,train
1967-06-01,68.50000000,57.10000000,1.30000000,25.50000000,226.00000000,117.00000000,99.00000000,49.30000000,-0.10000000,0.00858374,116.00000000,0.00888895,224.00000000,0.04124296,95.00000000,0E-8,1.30000000,0E-8,57.10000000,0E-8,68.50000000,0E-8,49.30000000,0E-8,25.50000000,-0.64000000,train
1967-07-01,68.50000000,55.10000000,1.30000000,25.50000000,212.00000000,115.00000000,99.00000000,49.30000000,-0.31000000,-0.01724181,117.00000000,-0.06394872,226.00000000,0E-8,99.00000000,0E-8,1.30000000,-0.03565440,57.10000000,0E-8,68.50000000,0E-8,49.30000000,0E-8,25.50000000,-0.31000000,train
1967-08-01,68.50000000,52.00000000,1.30000000,25.50000000,210.00000000,111.00000000,99.00000000,49.30000000,-0.55000000,-0.03540193,115.00000000,-0.00947874,212.00000000,0E-8,99.00000000,0E-8,1.30000000,-0.05790600,55.10000000,0E-8,68.50000000,0E-8,49.30000000,0E-8,25.50000000,-0.10000000,train
1967-09-01,68.50000000,49.20000000,1.30000000,25.50000000,206.00000000,111.00000000,99.00000000,49.30000000,-0.79000000,0E-8,111.00000000,-0.01923136,210.00000000,0E-8,99.00000000,0E-8,1.30000000,-0.05535010,52.00000000,0E-8,68.50000000,0E-8,49.30000000,0E-8,25.50000000,-0.31000000,train
1967-10-01,68.50000000,48.00000000,1.30000000,25.50000000,203.00000000,110.00000000,99.00000000,49.30000000,-0.61000000,-0.00904984,111.00000000,-0.01467019,206.00000000,0E-8,99.00000000,0E-8,1.30000000,-0.02469261,49.20000000,0E-8,68.50000000,0E-8,49.30000000,0E-8,25.50000000,-0.55000000,train
1967-11-01,68.50000000,47.60000000,1.30000000,25.50000000,211.00000000,116.00000000,99.00000000,49.30000000,-0.51000000,0.05310983,110.00000000,0.03865215,203.00000000,0E-8,99.00000000,0E-8,1.30000000,-0.00836825,48.00000000,0E-8,68.50000000,0E-8,49.30000000,0E-8,25.50000000,-0.79000000,train
1967-12-01,68.50000000,46.90000000,1.30000000,25.50000000,196.00000000,113.00000000,99.00000000,49.30000000,-0.52000000,-0.02620237,116.00000000,-0.07374347,211.00000000,0E-8,99.00000000,0E-8,1.30000000,-0.01481509,47.60000000,0E-8,68.50000000,0E-8,49.30000000,0E-8,25.50000000,-0.61000000,train
1968-01-01,60.50000000,51.60000000,1.30000000,24.00000000,196.00000000,114.00000000,97.00000000,35.50000000,-0.73000000,0.00881063,113.00000000,0E-8,196.00000000,-0.02040887,99.00000000,0E-8,1.30000000,0.09550400,46.90000000,-0.12419038,68.50000000,-0.32839138,49.30000000,-0.06062462,25.50000000,-0.51000000,train
1968-02-01,60.50000000,51.20000000,1.30000000,24.00000000,193.00000000,115.00000000,97.00000000,35.50000000,-0.70000000,0.00873368,114.00000000,-0.01542447,196.00000000,0E-8,97.00000000,0E-8,1.30000000,-0.00778214,51.60000000,0E-8,60.50000000,0E-8,35.50000000,0E-8,24.00000000,-0.52000000,train
1968-03-01,60.50000000,50.00000000,1.30000000,24.00000000,191.00000000,116.00000000,96.00000000,35.50000000,-0.78000000,0.00865806,115.00000000,-0.01041676,193.00000000,-0.01036279,97.00000000,0E-8,1.30000000,-0.02371653,51.20000000,0E-8,60.50000000,0E-8,35.50000000,0E-8,24.00000000,-0.73000000,train
1968-04-01,60.50000000,48.00000000,1.30000000,24.00000000,190.00000000,113.00000000,95.00000000,35.50000000,-0.52000000,-0.02620237,116.00000000,-0.00524936,191.00000000,-0.01047130,96.00000000,0E-8,1.30000000,-0.04082199,50.00000000,0E-8,60.50000000,0E-8,35.50000000,0E-8,24.00000000,-0.70000000,train
1968-05-01,60.50000000,48.40000000,1.30000000,24.00000000,189.00000000,114.00000000,96.00000000,35.50000000,-0.68000000,0.00881063,113.00000000,-0.00527706,190.00000000,0.01047130,95.00000000,0E-8,1.30000000,0.00829880,48.00000000,0E-8,60.50000000,0E-8,35.50000000,0E-8,24.00000000,-0.78000000,train
1968-06-01,60.50000000,47.60000000,1.30000000,24.00000000,178.00000000,112.00000000,96.00000000,35.50000000,0.09000000,-0.01769958,114.00000000,-0.05996346,189.00000000,0E-8,96.00000000,0E-8,1.30000000,-0.01666705,48.40000000,0E-8,60.50000000,0E-8,35.50000000,0E-8,24.00000000,-0.52000000,train
1968-07-01,60.50000000,47.20000000,1.30000000,24.00000000,162.00000000,111.00000000,96.00000000,35.50000000,0.06000000,-0.00896867,112.00000000,-0.09418722,178.00000000,0E-8,96.00000000,0E-8,1.30000000,-0.00843887,47.60000000,0E-8,60.50000000,0E-8,35.50000000,0E-8,24.00000000,-0.68000000,train
1968-08-01,60.50000000,44.90000000,1.30000000,24.00000000,157.00000000,106.00000000,96.00000000,35.50000000,0.01000000,-0.04609111,111.00000000,-0.03135053,162.00000000,0E-8,96.00000000,0E-8,1.30000000,-0.04995610,47.20000000,0E-8,60.50000000,0E-8,35.50000000,0E-8,24.00000000,0.09000000,train
1968-09-01,60.50000000,44.10000000,1.30000000,24.00000000,161.00000000,105.00000000,99.00000000,35.50000000,-0.24000000,-0.00947874,106.00000000,0.02515856,157.00000000,0.03077166,96.00000000,0E-8,1.30000000,-0.01797801,44.90000000,0E-8,60.50000000,0E-8,35.50000000,0E-8,24.00000000,0.06000000,train
1968-10-01,60.50000000,44.90000000,1.30000000,24.00000000,166.00000000,104.00000000,98.00000000,35.50000000,0.12000000,-0.00956945,105.00000000,0.03058342,161.00000000,-0.01015237,99.00000000,0E-8,1.30000000,0.01797801,44.10000000,0E-8,60.50000000,0E-8,35.50000000,0E-8,24.00000000,0.01000000,train
1968-11-01,60.50000000,49.20000000,1.30000000,24.00000000,173.00000000,109.00000000,97.00000000,35.50000000,0.53000000,0.04695698,104.00000000,0.04130381,166.00000000,-0.01025650,98.00000000,0E-8,1.30000000,0.09145583,44.90000000,0E-8,60.50000000,0E-8,35.50000000,0E-8,24.00000000,-0.24000000,train
1968-12-01,60.50000000,48.40000000,1.30000000,24.00000000,181.00000000,111.00000000,94.00000000,35.50000000,0.45000000,0.01818232,109.00000000,0.04520544,173.00000000,-0.03141620,97.00000000,0E-8,1.30000000,-0.01639381,49.20000000,0E-8,60.50000000,0E-8,35.50000000,0E-8,24.00000000,0.12000000,train
1969-01-01,58.00000000,50.40000000,1.30000000,22.00000000,181.00000000,111.00000000,95.00000000,26.60000000,0.96000000,0E-8,111.00000000,0E-8,181.00000000,0.01058211,94.00000000,0E-8,1.30000000,0.04049136,48.40000000,-0.04220035,60.50000000,-0.28862148,35.50000000,-0.08701138,24.00000000,0.53000000,train
1969-02-01,58.00000000,50.40000000,1.30000000,22.00000000,185.00000000,109.00000000,95.00000000,26.60000000,0.99000000,-0.01818232,111.00000000,0.02185879,181.00000000,0E-8,95.00000000,0E-8,1.30000000,0E-8,50.40000000,0E-8,58.00000000,0E-8,26.60000000,0E-8,22.00000000,0.45000000,train
1969-03-01,58.00000000,50.40000000,1.30000000,22.00000000,178.00000000,111.00000000,94.00000000,26.60000000,0.50000000,0.01818232,109.00000000,-0.03857227,185.00000000,-0.01058211,95.00000000,0E-8,1.30000000,0E-8,50.40000000,0E-8,58.00000000,0E-8,26.60000000,0E-8,22.00000000,0.96000000,train
1969-04-01,58.00000000,51.60000000,1.30000000,22.00000000,167.00000000,110.00000000,95.00000000,26.60000000,0.38000000,-0.00904984,111.00000000,-0.06378974,178.00000000,0.01058211,94.00000000,0E-8,1.30000000,0.02353050,50.40000000,0E-8,58.00000000,0E-8,26.60000000,0E-8,22.00000000,0.99000000,train
1969-05-01,58.00000000,54.30000000,1.30000000,22.00000000,170.00000000,112.00000000,96.00000000,26.60000000,0.46000000,0.01801851,110.00000000,0.01780462,167.00000000,0.01047130,95.00000000,0E-8,1.30000000,0.05100255,51.60000000,0E-8,58.00000000,0E-8,26.60000000,0E-8,22.00000000,0.50000000,train
1969-06-01,58.00000000,54.30000000,1.30000000,22.00000000,173.00000000,110.00000000,99.00000000,26.60000000,0.20000000,-0.01801851,112.00000000,0.01749316,170.00000000,0.03077166,96.00000000,0E-8,1.30000000,0E-8,54.30000000,0E-8,58.00000000,0E-8,26.60000000,0E-8,22.00000000,0.38000000,train
1969-07-01,58.00000000,53.90000000,1.30000000,22.00000000,180.00000000,102.00000000,95.00000000,26.60000000,-0.11000000,-0.07550755,110.00000000,0.03966526,173.00000000,-0.04124296,99.00000000,0E-8,1.30000000,-0.00739375,54.30000000,0E-8,58.00000000,0E-8,26.60000000,0E-8,22.00000000,0.46000000,train
1969-08-01,58.00000000,53.50000000,1.30000000,22.00000000,181.00000000,99.00000000,96.00000000,26.60000000,0.17000000,-0.02985296,102.00000000,0.00554018,180.00000000,0.01047130,95.00000000,0E-8,1.30000000,-0.00744882,53.90000000,0E-8,58.00000000,0E-8,26.60000000,0E-8,22.00000000,0.20000000,train
1969-09-01,58.00000000,51.20000000,1.30000000,22.00000000,200.00000000,101.00000000,92.00000000,26.60000000,0.33000000,0.02000067,99.00000000,0.09982034,181.00000000,-0.04255961,96.00000000,0E-8,1.30000000,-0.04394212,53.50000000,0E-8,58.00000000,0E-8,26.60000000,0E-8,22.00000000,-0.11000000,train
1969-10-01,58.00000000,51.90000000,1.30000000,22.00000000,240.00000000,103.00000000,92.00000000,26.60000000,0.46000000,0.01960847,101.00000000,0.18232156,200.00000000,0E-8,92.00000000,0E-8,1.30000000,0.01357926,51.20000000,0E-8,58.00000000,0E-8,26.60000000,0E-8,22.00000000,0.17000000,train
1969-11-01,58.00000000,53.20000000,1.30000000,22.00000000,260.00000000,107.00000000,91.00000000,26.60000000,0.46000000,0.03809985,103.00000000,0.08004271,240.00000000,-0.01092907,92.00000000,0E-8,1.30000000,0.02473961,51.90000000,0E-8,58.00000000,0E-8,26.60000000,0E-8,22.00000000,0.33000000,train
1969-12-01,58.00000000,52.40000000,1.30000000,22.00000000,251.00000000,106.00000000,96.00000000,26.60000000,0.66000000,-0.00938974,107.00000000,-0.03522869,260.00000000,0.05348868,91.00000000,0E-8,1.30000000,-0.01515181,53.20000000,0E-8,58.00000000,0E-8,26.60000000,0E-8,22.00000000,0.46000000,train
1970-01-01,54.00000000,58.40000000,1.20000000,31.50000000,252.00000000,107.00000000,101.00000000,18.30000000,0.20000000,0.00938974,106.00000000,0.00397615,251.00000000,0.05077233,96.00000000,-0.08004271,1.30000000,0.10840930,52.40000000,-0.07145896,58.00000000,-0.37401016,26.60000000,0.35894509,22.00000000,0.46000000,train
1970-02-01,54.00000000,58.40000000,1.20000000,31.50000000,257.00000000,110.00000000,102.00000000,18.30000000,-0.05000000,0.02765153,107.00000000,0.01964700,252.00000000,0.00985230,101.00000000,0E-8,1.20000000,0E-8,58.40000000,0E-8,54.00000000,0E-8,18.30000000,0E-8,31.50000000,0.66000000,train
1970-03-01,54.00000000,58.40000000,1.20000000,31.50000000,268.00000000,111.00000000,97.00000000,18.30000000,0.04000000,0.00904984,110.00000000,0.04191090,257.00000000,-0.05026183,102.00000000,0E-8,1.20000000,0E-8,58.40000000,0E-8,54.00000000,0E-8,18.30000000,0E-8,31.50000000,0.20000000,train
1970-04-01,54.00000000,58.40000000,1.20000000,31.50000000,298.00000000,112.00000000,97.00000000,18.30000000,0.17000000,0.00896867,111.00000000,0.10610651,268.00000000,0E-8,97.00000000,0E-8,1.20000000,0E-8,58.40000000,0E-8,54.00000000,0E-8,18.30000000,0E-8,31.50000000,-0.05000000,train
1970-05-01,54.00000000,58.40000000,1.20000000,31.50000000,292.00000000,115.00000000,98.00000000,18.30000000,-0.12000000,0.02643326,112.00000000,-0.02033968,298.00000000,0.01025650,97.00000000,0E-8,1.20000000,0E-8,58.40000000,0E-8,54.00000000,0E-8,18.30000000,0E-8,31.50000000,0.04000000,train
1970-06-01,54.00000000,58.40000000,1.20000000,31.50000000,288.00000000,118.00000000,102.00000000,18.30000000,-0.42000000,0.02575250,115.00000000,-0.01379332,292.00000000,0.04000533,98.00000000,0E-8,1.20000000,0E-8,58.40000000,0E-8,54.00000000,0E-8,18.30000000,0E-8,31.50000000,0.17000000,train
1970-07-01,54.00000000,58.40000000,1.20000000,31.50000000,290.00000000,122.00000000,106.00000000,18.30000000,-0.65000000,0.03333642,118.00000000,0.00692044,288.00000000,0.03846628,102.00000000,0E-8,1.20000000,0E-8,58.40000000,0E-8,54.00000000,0E-8,18.30000000,0E-8,31.50000000,-0.12000000,train
1970-08-01,54.00000000,58.40000000,1.20000000,31.50000000,270.00000000,120.00000000,107.00000000,18.30000000,-0.88000000,-0.01652930,122.00000000,-0.07145896,290.00000000,0.00938974,106.00000000,0E-8,1.20000000,0E-8,58.40000000,0E-8,54.00000000,0E-8,18.30000000,0E-8,31.50000000,-0.42000000,train
1970-09-01,54.00000000,58.40000000,1.20000000,31.50000000,276.00000000,119.00000000,106.00000000,18.30000000,-1.04000000,-0.00836825,120.00000000,0.02197891,270.00000000,-0.00938974,107.00000000,0E-8,1.20000000,0E-8,58.40000000,0E-8,54.00000000,0E-8,18.30000000,0E-8,31.50000000,-0.65000000,train
1970-10-01,54.00000000,58.40000000,1.20000000,31.50000000,304.00000000,123.00000000,104.00000000,18.30000000,-0.89000000,0.03306086,119.00000000,0.09662684,276.00000000,-0.01904819,106.00000000,0E-8,1.20000000,0E-8,58.40000000,0E-8,54.00000000,0E-8,18.30000000,0E-8,31.50000000,-0.88000000,train
1970-11-01,54.00000000,58.40000000,1.20000000,31.50000000,330.00000000,125.00000000,105.00000000,18.30000000,-0.96000000,0.01612938,123.00000000,0.08206495,304.00000000,0.00956945,104.00000000,0E-8,1.20000000,0E-8,58.40000000,0E-8,54.00000000,0E-8,18.30000000,0E-8,31.50000000,-1.04000000,train
1970-12-01,54.00000000,58.40000000,1.20000000,31.50000000,311.00000000,121.00000000,106.00000000,18.30000000,-1.18000000,-0.03252319,125.00000000,-0.05929974,330.00000000,0.00947874,105.00000000,0E-8,1.20000000,0E-8,58.40000000,0E-8,54.00000000,0E-8,18.30000000,0E-8,31.50000000,-0.89000000,train
1971-01-01,57.50000000,58.40000000,1.60000000,32.50000000,309.00000000,125.00000000,105.00000000,16.00000000,-1.71000000,0.03252319,121.00000000,-0.00645164,311.00000000,-0.00947874,106.00000000,0.28768207,1.20000000,0E-8,58.40000000,0.06280090,54.00000000,-0.13431234,18.30000000,0.03125254,31.50000000,-0.96000000,train
1971-02-01,57.50000000,58.40000000,1.60000000,32.50000000,297.00000000,125.00000000,101.00000000,16.00000000,-1.46000000,0E-8,125.00000000,-0.03960914,309.00000000,-0.03883983,105.00000000,0E-8,1.60000000,0E-8,58.40000000,0E-8,57.50000000,0E-8,16.00000000,0E-8,32.50000000,-1.18000000,train
1971-03-01,57.50000000,58.40000000,1.60000000,32.50000000,300.00000000,124.00000000,100.00000000,16.00000000,-1.30000000,-0.00803217,125.00000000,0.01005034,297.00000000,-0.00995033,101.00000000,0E-8,1.60000000,0E-8,58.40000000,0E-8,57.50000000,0E-8,16.00000000,0E-8,32.50000000,-1.71000000,train
1971-04-01,57.50000000,58.40000000,1.60000000,32.50000000,292.00000000,119.00000000,98.00000000,16.00000000,-0.94000000,-0.04115807,124.00000000,-0.02702867,300.00000000,-0.02020271,100.00000000,0E-8,1.60000000,0E-8,58.40000000,0E-8,57.50000000,0E-8,16.00000000,0E-8,32.50000000,-1.46000000,train
1971-05-01,57.50000000,58.40000000,1.60000000,32.50000000,293.00000000,122.00000000,101.00000000,16.00000000,-0.92000000,0.02489755,119.00000000,0.00341881,292.00000000,0.03015304,98.00000000,0E-8,1.60000000,0E-8,58.40000000,0E-8,57.50000000,0E-8,16.00000000,0E-8,32.50000000,-1.30000000,train
1971-06-01,57.50000000,58.40000000,1.60000000,32.50000000,310.00000000,127.00000000,104.00000000,16.00000000,-1.04000000,0.04016604,122.00000000,0.05639969,293.00000000,0.02927038,101.00000000,0E-8,1.60000000,0E-8,58.40000000,0E-8,57.50000000,0E-8,16.00000000,0E-8,32.50000000,-0.94000000,train
1971-07-01,66.00000000,58.40000000,1.70000000,32.50000000,336.00000000,134.00000000,107.00000000,16.00000000,-0.90000000,0.05365271,127.00000000,0.08053886,310.00000000,0.02843794,104.00000000,0.06062462,1.60000000,0E-8,58.40000000,0.13786979,57.50000000,0E-8,16.00000000,0E-8,32.50000000,-0.92000000,train
1971-08-01,66.00000000,58.40000000,1.70000000,32.50000000,335.00000000,131.00000000,108.00000000,16.00000000,-0.93000000,-0.02264248,134.00000000,-0.00298063,336.00000000,0.00930239,107.00000000,0E-8,1.70000000,0E-8,58.40000000,0E-8,66.00000000,0E-8,16.00000000,0E-8,32.50000000,-1.04000000,train
1971-09-01,66.00000000,58.40000000,1.70000000,32.50000000,296.00000000,124.00000000,99.00000000,16.00000000,-1.05000000,-0.05491576,131.00000000,-0.12377108,335.00000000,-0.08701138,108.00000000,0E-8,1.70000000,0E-8,58.40000000,0E-8,66.00000000,0E-8,16.00000000,0E-8,32.50000000,-0.90000000,train
1971-10-01,66.00000000,58.40000000,1.70000000,32.50000000,305.00000000,125.00000000,101.00000000,16.00000000,-1.05000000,0.00803217,124.00000000,0.02995232,296.00000000,0.02000067,99.00000000,0E-8,1.70000000,0E-8,58.40000000,0E-8,66.00000000,0E-8,16.00000000,0E-8,32.50000000,-0.93000000,train
1971-11-01,66.00000000,58.40000000,1.70000000,32.50000000,301.00000000,125.00000000,102.00000000,16.00000000,-0.92000000,0E-8,125.00000000,-0.01320151,305.00000000,0.00985230,101.00000000,0E-8,1.70000000,0E-8,58.40000000,0E-8,66.00000000,0E-8,16.00000000,0E-8,32.50000000,-1.05000000,train
1971-12-01,66.00000000,58.40000000,1.70000000,32.50000000,271.00000000,126.00000000,101.00000000,16.00000000,-0.86000000,0.00796817,125.00000000,-0.10499144,301.00000000,-0.00985230,102.00000000,0E-8,1.70000000,0E-8,58.40000000,0E-8,66.00000000,0E-8,16.00000000,0E-8,32.50000000,-1.05000000,train
1972-01-01,83.00000000,51.30000000,1.80000000,33.50000000,249.00000000,125.00000000,105.00000000,29.30000000,-0.68000000,-0.00796817,126.00000000,-0.08466592,271.00000000,0.03883983,101.00000000,0.05715841,1.70000000,-0.12962514,58.40000000,0.22918587,66.00000000,0.60499879,16.00000000,0.03030535,32.50000000,-0.92000000,train
1972-02-01,83.00000000,51.70000000,1.80000000,33.50000000,246.00000000,127.00000000,107.00000000,29.30000000,-0.20000000,0.01587335,125.00000000,-0.01212136,249.00000000,0.01886848,105.00000000,0E-8,1.80000000,0.00776703,51.30000000,0E-8,83.00000000,0E-8,29.30000000,0E-8,33.50000000,-0.86000000,train
1972-03-01,83.00000000,52.50000000,1.80000000,33.50000000,258.00000000,135.00000000,114.00000000,29.30000000,-0.16000000,0.06108769,127.00000000,0.04762805,246.00000000,0.06336961,107.00000000,0E-8,1.80000000,0.01535539,51.70000000,0E-8,83.00000000,0E-8,29.30000000,0E-8,33.50000000,-0.68000000,train
1972-04-01,83.00000000,53.70000000,1.80000000,33.50000000,272.00000000,140.00000000,117.00000000,29.30000000,0.20000000,0.03636764,135.00000000,0.05284248,258.00000000,0.02597549,114.00000000,0E-8,1.80000000,0.02259983,52.50000000,0E-8,83.00000000,0E-8,29.30000000,0E-8,33.50000000,-0.20000000,train
1972-05-01,83.00000000,54.50000000,1.80000000,33.50000000,252.00000000,140.00000000,117.00000000,29.30000000,0.23000000,0E-8,140.00000000,-0.07637298,272.00000000,0E-8,117.00000000,0E-8,1.80000000,0.01478770,53.70000000,0E-8,83.00000000,0E-8,29.30000000,0E-8,33.50000000,-0.16000000,train
1972-06-01,83.00000000,52.90000000,1.80000000,33.50000000,234.00000000,138.00000000,119.00000000,29.30000000,0.41000000,-0.01438874,140.00000000,-0.07410797,252.00000000,0.01694956,117.00000000,0E-8,1.80000000,-0.02979736,54.50000000,0E-8,83.00000000,0E-8,29.30000000,0E-8,33.50000000,0.20000000,train
1972-07-01,99.00000000,54.10000000,1.90000000,33.50000000,226.00000000,141.00000000,127.00000000,29.30000000,0.64000000,0.02150621,138.00000000,-0.03478612,234.00000000,0.06506359,119.00000000,0.05406722,1.80000000,0.02243085,52.90000000,0.17627924,83.00000000,0E-8,29.30000000,0E-8,33.50000000,0.23000000,train
1972-08-01,99.00000000,55.70000000,1.90000000,33.50000000,223.00000000,141.00000000,126.00000000,29.30000000,0.73000000,0E-8,141.00000000,-0.01336323,226.00000000,-0.00790518,127.00000000,0E-8,1.90000000,0.02914596,54.10000000,0E-8,99.00000000,0E-8,29.30000000,0E-8,33.50000000,0.41000000,train
1972-09-01,99.00000000,59.20000000,1.90000000,33.50000000,225.00000000,135.00000000,138.00000000,29.30000000,0.76000000,-0.04348511,141.00000000,0.00892863,223.00000000,0.09097178,126.00000000,0E-8,1.90000000,0.06094139,55.70000000,0E-8,99.00000000,0E-8,29.30000000,0E-8,33.50000000,0.64000000,train
1972-10-01,99.00000000,57.20000000,1.90000000,33.50000000,228.00000000,136.00000000,135.00000000,29.30000000,1.12000000,0.00738011,135.00000000,0.01324523,225.00000000,-0.02197891,138.00000000,0E-8,1.90000000,-0.03436764,59.20000000,0E-8,99.00000000,0E-8,29.30000000,0E-8,33.50000000,0.73000000,train
1972-11-01,99.00000000,59.20000000,1.90000000,33.50000000,240.00000000,148.00000000,155.00000000,29.30000000,1.30000000,0.08455739,136.00000000,0.05129329,228.00000000,0.13815034,135.00000000,0E-8,1.90000000,0.03436764,57.20000000,0E-8,99.00000000,0E-8,29.30000000,0E-8,33.50000000,0.76000000,train
1972-12-01,99.00000000,67.10000000,1.90000000,33.50000000,234.00000000,174.00000000,198.00000000,29.30000000,1.26000000,0.16184303,148.00000000,-0.02531781,240.00000000,0.24484191,155.00000000,0E-8,1.90000000,0.12526250,59.20000000,0E-8,99.00000000,0E-8,29.30000000,0E-8,33.50000000,1.12000000,train
1973-01-01,105.00000000,79.10000000,2.10000000,42.50000000,239.00000000,214.00000000,215.00000000,64.80000000,1.09000000,0.20692072,174.00000000,0.02114244,234.00000000,0.08237100,198.00000000,0.10008346,1.90000000,0.16452883,67.10000000,0.05884050,99.00000000,0.79371809,29.30000000,0.23795864,33.50000000,1.30000000,train
1973-02-01,105.00000000,81.10000000,2.10000000,42.50000000,291.00000000,259.00000000,247.00000000,64.80000000,0.91000000,0.19085205,214.00000000,0.19685972,239.00000000,0.13875031,215.00000000,0E-8,2.10000000,0.02497009,79.10000000,0E-8,105.00000000,0E-8,64.80000000,0E-8,42.50000000,1.26000000,train
1973-03-01,105.00000000,79.90000000,2.10000000,42.50000000,311.00000000,258.00000000,238.00000000,64.80000000,0.39000000,-0.00386848,259.00000000,0.06646965,291.00000000,-0.03711766,247.00000000,0E-8,2.10000000,-0.01490711,81.10000000,0E-8,105.00000000,0E-8,64.80000000,0E-8,42.50000000,1.09000000,train
1973-04-01,105.00000000,77.80000000,2.40000000,42.50000000,333.00000000,260.00000000,256.00000000,64.80000000,-0.39000000,0.00772205,258.00000000,0.06834958,311.00000000,0.07290677,238.00000000,0.13353139,2.10000000,-0.02663442,79.90000000,0E-8,105.00000000,0E-8,64.80000000,0E-8,42.50000000,0.91000000,train
1973-05-01,105.00000000,89.00000000,2.40000000,42.50000000,373.00000000,358.00000000,364.00000000,64.80000000,-0.64000000,0.31985136,260.00000000,0.11343593,333.00000000,0.35197642,256.00000000,0E-8,2.40000000,0.13449494,77.80000000,0E-8,105.00000000,0E-8,64.80000000,0E-8,42.50000000,0.39000000,train
1973-06-01,105.00000000,101.20000000,2.40000000,42.50000000,455.00000000,470.00000000,497.00000000,64.80000000,-0.92000000,0.27219971,358.00000000,0.19871900,373.00000000,0.31143616,364.00000000,0E-8,2.40000000,0.12846239,89.00000000,0E-8,105.00000000,0E-8,64.80000000,0E-8,42.50000000,-0.39000000,train
1973-07-01,132.50000000,109.40000000,2.70000000,42.50000000,550.00000000,330.00000000,582.00000000,64.80000000,-1.13000000,-0.35364004,470.00000000,0.18962086,455.00000000,0.15788042,497.00000000,0.11778304,2.40000000,0.07791213,101.20000000,0.23262230,105.00000000,0E-8,64.80000000,0E-8,42.50000000,-0.64000000,train
1973-08-01,132.50000000,122.40000000,2.70000000,42.50000000,548.00000000,331.00000000,330.00000000,64.80000000,-1.24000000,0.00302572,330.00000000,-0.00364299,550.00000000,-0.56737779,582.00000000,0E-8,2.70000000,0.11228348,109.40000000,0E-8,132.50000000,0E-8,64.80000000,0E-8,42.50000000,-0.92000000,train
1973-09-01,132.50000000,107.10000000,2.70000000,42.50000000,508.00000000,266.00000000,218.00000000,64.80000000,-1.43000000,-0.21862207,331.00000000,-0.07579384,548.00000000,-0.41459759,330.00000000,0E-8,2.70000000,-0.13353139,122.40000000,0E-8,132.50000000,0E-8,64.80000000,0E-8,42.50000000,-1.13000000,train
1973-10-01,132.50000000,106.40000000,4.10000000,42.50000000,531.00000000,245.00000000,207.00000000,64.80000000,-1.60000000,-0.08223810,266.00000000,0.04428057,508.00000000,-0.05177627,218.00000000,0.41773520,2.70000000,-0.00655740,107.10000000,0E-8,132.50000000,0E-8,64.80000000,0E-8,42.50000000,-1.24000000,train
1973-11-01,132.50000000,107.90000000,4.10000000,42.50000000,490.00000000,239.00000000,223.00000000,64.80000000,-2.05000000,-0.02479466,245.00000000,-0.08035663,531.00000000,0.07445298,207.00000000,0E-8,4.10000000,0.01399930,106.40000000,0E-8,132.50000000,0E-8,64.80000000,0E-8,42.50000000,-1.43000000,train
1973-12-01,132.50000000,112.60000000,4.10000000,42.50000000,603.00000000,254.00000000,243.00000000,64.80000000,-2.18000000,0.06087072,239.00000000,0.20751181,490.00000000,0.08588967,223.00000000,0E-8,4.10000000,0.04263684,107.90000000,0E-8,132.50000000,0E-8,64.80000000,0E-8,42.50000000,-1.60000000,train
1974-01-01,215.00000000,112.30000000,13.00000000,53.00000000,665.00000000,261.00000000,221.00000000,285.80000000,-2.04000000,0.02718614,254.00000000,0.09786984,603.00000000,-0.09489874,243.00000000,1.15396238,4.10000000,-0.00266785,112.60000000,0.48405538,132.50000000,1.48398666,64.80000000,0.22078784,42.50000000,-2.05000000,train
1974-02-01,232.50000000,131.10000000,13.00000000,55.00000000,780.00000000,271.00000000,203.00000000,285.80000000,-1.60000000,0.03759841,261.00000000,0.15950688,665.00000000,-0.08495672,221.00000000,0E-8,13.00000000,0.15478653,112.30000000,0.07825220,215.00000000,0E-8,285.80000000,0.03704127,53.00000000,-2.18000000,train
1974-03-01,262.50000000,126.40000000,13.00000000,55.00000000,711.00000000,265.00000000,200.00000000,285.80000000,-1.38000000,-0.02238899,271.00000000,-0.09262149,780.00000000,-0.01488861,203.00000000,0E-8,13.00000000,-0.03650891,131.10000000,0.12136086,232.50000000,0E-8,285.80000000,0E-8,55.00000000,-2.04000000,train
1974-04-01,293.80000000,114.20000000,10.60000000,55.00000000,660.00000000,235.00000000,172.00000000,285.80000000,-1.11000000,-0.12014431,265.00000000,-0.07443259,711.00000000,-0.15082289,200.00000000,-0.20409536,13.00000000,-0.10150018,126.40000000,0.11264818,262.50000000,0E-8,285.80000000,0E-8,55.00000000,-1.60000000,train
1974-05-01,301.30000000,113.70000000,10.60000000,55.00000000,775.00000000,229.00000000,157.00000000,285.80000000,-1.08000000,-0.02586351,235.00000000,0.16062319,660.00000000,-0.09124867,172.00000000,0E-8,10.60000000,-0.00438790,114.20000000,0.02520718,293.80000000,0E-8,285.80000000,0E-8,55.00000000,-1.38000000,train
1974-06-01,339.50000000,116.60000000,10.60000000,57.00000000,788.00000000,228.00000000,142.00000000,285.80000000,-0.61000000,-0.00437637,229.00000000,0.01663506,775.00000000,-0.10041875,157.00000000,0E-8,10.60000000,0.02518587,113.70000000,0.11936750,301.30000000,0E-8,285.80000000,0.03571808,55.00000000,-1.11000000,train
1974-07-01,358.10000000,132.30000000,10.00000000,58.00000000,872.00000000,276.00000000,163.00000000,285.80000000,-0.96000000,0.19105524,228.00000000,0.10129133,788.00000000,0.13792314,142.00000000,-0.05826891,10.60000000,0.12632280,116.60000000,0.05333833,339.50000000,0E-8,285.80000000,0.01739174,57.00000000,-1.08000000,train
1974-08-01,365.00000000,145.80000000,10.00000000,62.00000000,922.00000000,320.00000000,197.00000000,285.80000000,-0.57000000,0.14792013,276.00000000,0.05575580,872.00000000,0.18945353,163.00000000,0E-8,10.00000000,0.09716375,132.30000000,0.01908508,358.10000000,0E-8,285.80000000,0.06669137,58.00000000,-0.61000000,train
1974-09-01,405.00000000,141.40000000,10.00000000,66.00000000,933.00000000,303.00000000,184.00000000,285.80000000,-0.67000000,-0.05458819,320.00000000,0.01185998,922.00000000,-0.06826797,197.00000000,0E-8,10.00000000,-0.03064307,145.80000000,0.10398971,365.00000000,0E-8,285.80000000,0.06252036,62.00000000,-0.96000000,train
1974-10-01,405.00000000,151.60000000,10.30000000,70.00000000,1045.00000000,335.00000000,210.00000000,285.80000000,-1.08000000,0.10039773,303.00000000,0.11336696,933.00000000,0.13217177,184.00000000,0.02955880,10.00000000,0.06965272,141.40000000,0E-8,405.00000000,0E-8,285.80000000,0.05884050,66.00000000,-0.57000000,train
1974-11-01,405.00000000,144.10000000,10.30000000,70.00000000,943.00000000,312.00000000,179.00000000,285.80000000,-1.11000000,-0.07112734,335.00000000,-0.10270588,1045.00000000,-0.15972172,210.00000000,0E-8,10.30000000,-0.05073797,151.60000000,0E-8,405.00000000,0E-8,285.80000000,0E-8,70.00000000,-0.67000000,train
1974-12-01,408.80000000,145.30000000,10.30000000,70.00000000,892.00000000,288.00000000,184.00000000,285.80000000,-0.97000000,-0.08004271,312.00000000,-0.05560015,943.00000000,0.02754995,179.00000000,0E-8,10.30000000,0.00829307,144.10000000,0.00933897,405.00000000,0E-8,285.80000000,0E-8,70.00000000,-1.08000000,train
1975-01-01,396.00000000,131.70000000,10.40000000,70.00000000,775.00000000,256.00000000,156.00000000,168.00000000,-0.58000000,-0.11778304,288.00000000,-0.14060310,892.00000000,-0.16507975,184.00000000,0.00966191,10.30000000,-0.09827396,145.30000000,-0.03181183,408.80000000,-0.53132829,285.80000000,0E-8,70.00000000,-1.11000000,train
1975-02-01,383.00000000,120.50000000,10.40000000,70.00000000,661.00000000,231.00000000,141.00000000,168.00000000,-0.57000000,-0.10275973,256.00000000,-0.15910919,775.00000000,-0.10109612,156.00000000,0E-8,10.40000000,-0.08887686,131.70000000,-0.03337922,396.00000000,0E-8,168.00000000,0E-8,70.00000000,-0.97000000,train
1975-03-01,363.00000000,120.20000000,10.40000000,88.00000000,622.00000000,226.00000000,144.00000000,168.00000000,-0.87000000,-0.02188271,231.00000000,-0.06081375,661.00000000,0.02105341,141.00000000,0E-8,10.40000000,-0.00249273,120.50000000,-0.05363215,383.00000000,0E-8,168.00000000,0.22884157,70.00000000,-0.58000000,train
1975-04-01,307.00000000,119.70000000,10.40000000,88.00000000,624.00000000,229.00000000,153.00000000,168.00000000,-0.75000000,0.01318700,226.00000000,0.00321028,622.00000000,0.06062462,144.00000000,0E-8,10.40000000,-0.00416841,120.20000000,-0.16755509,363.00000000,0E-8,168.00000000,0E-8,88.00000000,-0.57000000,train
1975-05-01,242.00000000,114.50000000,10.40000000,89.00000000,516.00000000,208.00000000,148.00000000,168.00000000,-0.98000000,-0.09618392,229.00000000,-0.19004360,624.00000000,-0.03322565,153.00000000,0E-8,10.40000000,-0.04441379,119.70000000,-0.23791002,307.00000000,0E-8,168.00000000,0.01129956,88.00000000,-0.87000000,train
1975-06-01,194.00000000,119.10000000,10.40000000,88.00000000,525.00000000,207.00000000,150.00000000,168.00000000,-1.33000000,-0.00481929,208.00000000,0.01729150,516.00000000,0.01342302,148.00000000,0E-8,10.40000000,0.03938865,114.50000000,-0.22107957,242.00000000,0E-8,168.00000000,-0.01129956,89.00000000,-0.75000000,train
1975-07-01,181.00000000,119.80000000,10.40000000,85.00000000,578.00000000,224.00000000,157.00000000,168.00000000,-1.21000000,0.07892726,207.00000000,0.09617561,525.00000000,0.04561051,150.00000000,0E-8,10.40000000,0.00586021,119.10000000,-0.06936113,194.00000000,0E-8,168.00000000,-0.03468556,88.00000000,-0.98000000,train
1975-08-01,185.00000000,131.60000000,10.40000000,85.00000000,599.00000000,243.00000000,170.00000000,168.00000000,-1.47000000,0.08141539,224.00000000,0.03568773,578.00000000,0.07955263,157.00000000,0E-8,10.40000000,0.09394333,119.80000000,0.02185879,181.00000000,0E-8,168.00000000,0E-8,85.00000000,-1.33000000,train
1975-09-01,192.00000000,122.30000000,10.40000000,84.00000000,551.00000000,227.00000000,169.00000000,168.00000000,-1.69000000,-0.06811143,243.00000000,-0.08352679,599.00000000,-0.00589972,170.00000000,0E-8,10.40000000,-0.07328998,131.60000000,0.03713955,185.00000000,0E-8,168.00000000,-0.01183446,85.00000000,-1.21000000,train
1975-10-01,162.00000000,116.90000000,10.50000000,78.00000000,495.00000000,211.00000000,163.00000000,168.00000000,-1.72000000,-0.07309188,227.00000000,-0.10717705,551.00000000,-0.03614851,169.00000000,0.00956945,10.40000000,-0.04515817,122.30000000,-0.16989904,192.00000000,0E-8,168.00000000,-0.07410797,84.00000000,-1.47000000,train
1975-11-01,150.00000000,110.30000000,10.50000000,76.00000000,423.00000000,192.00000000,152.00000000,168.00000000,-1.51000000,-0.09436276,211.00000000,-0.15718558,495.00000000,-0.06986968,163.00000000,0E-8,10.50000000,-0.05811494,116.90000000,-0.07696104,162.00000000,0E-8,168.00000000,-0.02597549,78.00000000,-1.69000000,train
1975-12-01,155.00000000,109.20000000,10.50000000,75.00000000,391.00000000,185.00000000,157.00000000,168.00000000,-1.97000000,-0.03713955,192.00000000,-0.07866462,423.00000000,0.03236528,152.00000000,0E-8,10.50000000,-0.01002286,110.30000000,0.03278982,150.00000000,0E-8,168.00000000,-0.01324523,76.00000000,-1.72000000,train
1976-01-01,130.00000000,110.30000000,11.50000000,70.00000000,385.00000000,189.00000000,160.00000000,82.00000000,-1.74000000,0.02139119,185.00000000,-0.01546423,391.00000000,0.01892801,157.00000000,0.09097178,10.50000000,0.01002286,109.20000000,-0.17589067,155.00000000,-0.71724473,168.00000000,-0.06899287,75.00000000,-1.51000000,train
1976-02-01,125.00000000,113.20000000,11.50000000,56.00000000,390.00000000,191.00000000,164.00000000,82.00000000,-1.04000000,0.01052641,189.00000000,0.01290340,385.00000000,0.02469261,160.00000000,0E-8,11.50000000,0.02595224,110.30000000,-0.03922071,130.00000000,0E-8,82.00000000,-0.22314355,70.00000000,-1.97000000,train
1976-03-01,126.00000000,113.10000000,11.50000000,56.00000000,399.00000000,190.00000000,162.00000000,82.00000000,-0.83000000,-0.00524936,191.00000000,0.02281468,390.00000000,-0.01227009,164.00000000,0E-8,11.50000000,-0.00088378,113.20000000,0.00796817,125.00000000,0E-8,82.00000000,0E-8,56.00000000,-1.74000000,train
1976-04-01,113.00000000,111.10000000,11.50000000,55.00000000,384.00000000,190.00000000,163.00000000,82.00000000,-0.59000000,0E-8,190.00000000,-0.03831886,399.00000000,0.00615387,162.00000000,0E-8,11.50000000,-0.01784169,113.10000000,-0.10889409,126.00000000,0E-8,82.00000000,-0.01801851,56.00000000,-1.04000000,train
1976-05-01,104.00000000,118.20000000,11.50000000,53.00000000,370.00000000,210.00000000,189.00000000,82.00000000,-0.61000000,0.10008346,190.00000000,-0.03713955,384.00000000,0.14799681,163.00000000,0E-8,11.50000000,0.06194741,111.10000000,-0.08299692,113.00000000,0E-8,82.00000000,-0.03704127,55.00000000,-0.83000000,train
1976-06-01,100.00000000,121.80000000,11.50000000,53.00000000,408.00000000,248.00000000,244.00000000,82.00000000,-0.30000000,0.16632122,210.00000000,0.09776417,370.00000000,0.25542121,189.00000000,0E-8,11.50000000,0.03000225,118.20000000,-0.03922071,104.00000000,0E-8,82.00000000,0E-8,53.00000000,-0.59000000,train
1976-07-01,120.00000000,121.30000000,11.60000000,55.00000000,457.00000000,264.00000000,231.00000000,82.00000000,-0.10000000,0.06252036,248.00000000,0.11341622,408.00000000,-0.05475051,244.00000000,0.00865806,11.50000000,-0.00411354,121.80000000,0.18232156,100.00000000,0E-8,82.00000000,0.03704127,53.00000000,-0.61000000,train
1976-08-01,125.00000000,116.10000000,11.60000000,53.00000000,456.00000000,248.00000000,212.00000000,82.00000000,-0.01000000,-0.06252036,264.00000000,-0.00219058,457.00000000,-0.08583144,231.00000000,0E-8,11.60000000,-0.04381493,121.30000000,0.04082199,120.00000000,0E-8,82.00000000,-0.03704127,55.00000000,-0.30000000,train
1976-09-01,140.00000000,115.00000000,11.60000000,53.00000000,505.00000000,261.00000000,218.00000000,82.00000000,0.16000000,0.05109166,248.00000000,0.10206562,456.00000000,0.02790879,212.00000000,0E-8,11.60000000,-0.00951976,116.10000000,0.11332869,125.00000000,0E-8,82.00000000,0E-8,53.00000000,-0.10000000,train
1976-10-01,128.00000000,106.20000000,11.90000000,55.00000000,495.00000000,254.00000000,211.00000000,82.00000000,0.52000000,-0.02718614,261.00000000,-0.02000067,505.00000000,-0.03263693,218.00000000,0.02553330,11.60000000,-0.07960802,115.00000000,-0.08961216,140.00000000,0E-8,82.00000000,0.03704127,53.00000000,-0.01000000,train
1976-11-01,115.00000000,98.70000000,11.90000000,54.00000000,506.00000000,260.00000000,215.00000000,82.00000000,0.66000000,0.02334736,254.00000000,0.02197891,495.00000000,0.01877989,211.00000000,0E-8,11.90000000,-0.07323916,106.20000000,-0.10709814,128.00000000,0E-8,82.00000000,-0.01834914,55.00000000,0.16000000,train
1976-12-01,113.00000000,103.50000000,11.90000000,53.00000000,505.00000000,269.00000000,231.00000000,82.00000000,0.36000000,0.03402975,260.00000000,-0.00197824,506.00000000,0.07177968,215.00000000,0E-8,11.90000000,0.04748667,98.70000000,-0.01754431,115.00000000,0E-8,82.00000000,-0.01869213,54.00000000,0.52000000,train
1977-01-01,130.00000000,111.60000000,12.50000000,54.50000000,502.00000000,287.00000000,251.00000000,115.00000000,0.57000000,0.06477084,269.00000000,-0.00595831,505.00000000,0.08303523,231.00000000,0.04919024,11.90000000,0.07534944,103.50000000,0.14014663,113.00000000,0.33821288,82.00000000,0.02790879,53.00000000,0.66000000,train
1977-02-01,133.00000000,110.60000000,12.50000000,54.50000000,553.00000000,293.00000000,248.00000000,100.50000000,0.25000000,0.02069039,287.00000000,0.09675788,502.00000000,-0.01202419,251.00000000,0E-8,12.50000000,-0.00900096,111.60000000,0.02281468,130.00000000,-0.13477440,115.00000000,0E-8,54.50000000,0.36000000,train
1977-03-01,137.00000000,108.00000000,12.50000000,54.50000000,630.00000000,328.00000000,272.00000000,100.50000000,0.18000000,0.11284100,293.00000000,0.13036182,553.00000000,0.09237332,248.00000000,0E-8,12.50000000,-0.02378886,110.60000000,0.02963180,133.00000000,0E-8,100.50000000,0E-8,54.50000000,0.57000000,train
1977-04-01,134.00000000,105.80000000,12.40000000,54.50000000,782.00000000,384.00000000,316.00000000,109.50000000,-0.23000000,0.15762894,328.00000000,0.21613492,630.00000000,0.14994015,272.00000000,-0.00803217,12.50000000,-0.02058071,108.00000000,-0.02214113,137.00000000,0.08576682,100.50000000,0E-8,54.50000000,0.25000000,train
1977-05-01,129.00000000,100.90000000,12.40000000,54.30000000,741.00000000,371.00000000,298.00000000,116.10000000,-0.16000000,-0.03444049,384.00000000,-0.05385412,782.00000000,-0.05864873,316.00000000,0E-8,12.40000000,-0.04742059,105.80000000,-0.03802740,134.00000000,0.05852734,109.50000000,-0.00367647,54.50000000,0.18000000,train
1977-06-01,133.00000000,94.50000000,12.40000000,55.00000000,666.00000000,326.00000000,253.00000000,120.00000000,0.23000000,-0.12930468,371.00000000,-0.10671095,741.00000000,-0.16370400,298.00000000,0E-8,12.40000000,-0.06553009,100.90000000,0.03053672,129.00000000,0.03303985,116.10000000,0.01280896,54.30000000,-0.23000000,train
1977-07-01,133.00000000,85.00000000,12.60000000,55.00000000,548.00000000,252.00000000,193.00000000,123.10000000,0.37000000,-0.25746829,326.00000000,-0.19501438,666.00000000,-0.27069930,253.00000000,0.01600034,12.40000000,-0.10594858,94.50000000,0E-8,133.00000000,0.02550529,120.00000000,0E-8,55.00000000,-0.16000000,train
1977-08-01,143.00000000,76.90000000,12.60000000,55.10000000,498.00000000,230.00000000,174.00000000,129.60000000,-0.01000000,-0.09134978,252.00000000,-0.09567521,548.00000000,-0.10363489,193.00000000,0E-8,12.60000000,-0.10014538,85.00000000,0.07249550,133.00000000,0.05145575,123.10000000,0.00181653,55.00000000,0.23000000,train
1977-09-01,148.00000000,78.30000000,12.60000000,56.60000000,512.00000000,205.00000000,174.00000000,132.50000000,0.26000000,-0.11506933,230.00000000,0.02772455,498.00000000,0E-8,174.00000000,0E-8,12.60000000,0.01804173,76.90000000,0.03436764,143.00000000,0.02212986,129.60000000,0.02685927,55.10000000,0.37000000,train
1977-10-01,138.00000000,83.20000000,12.70000000,57.50000000,490.00000000,209.00000000,179.00000000,131.00000000,0.59000000,0.01932427,205.00000000,-0.04391923,512.00000000,0.02833051,174.00000000,0.00790518,12.60000000,0.06069974,78.30000000,-0.06995859,148.00000000,-0.01138532,132.50000000,0.01577596,56.60000000,-0.01000000,train
1977-11-01,123.00000000,93.40000000,12.70000000,56.00000000,500.00000000,236.00000000,200.00000000,137.00000000,0.61000000,0.12149755,209.00000000,0.02020271,490.00000000,0.11093156,179.00000000,0E-8,12.70000000,0.11564400,83.20000000,-0.11506933,138.00000000,0.04478360,131.00000000,-0.02643326,57.50000000,0.26000000,train
1977-12-01,128.00000000,96.00000000,12.70000000,56.00000000,541.00000000,241.00000000,200.00000000,134.30000000,0.61000000,0.02096513,236.00000000,0.07881118,500.00000000,0E-8,200.00000000,0E-8,12.70000000,0.02745685,93.40000000,0.03984591,123.00000000,-0.01990482,137.00000000,0E-8,56.00000000,0.59000000,train
1978-01-01,138.00000000,95.80000000,12.70000000,56.00000000,522.00000000,239.00000000,200.00000000,133.00000000,0.52000000,-0.00833338,241.00000000,-0.03575169,541.00000000,0E-8,200.00000000,0E-8,12.70000000,-0.00208551,96.00000000,0.07522342,128.00000000,-0.00972698,134.30000000,0E-8,56.00000000,0.61000000,train
1978-02-01,138.00000000,101.00000000,12.70000000,56.00000000,534.00000000,239.00000000,188.00000000,134.80000000,0.31000000,0E-8,239.00000000,0.02272825,522.00000000,-0.06187540,200.00000000,0E-8,12.70000000,0.05285783,95.80000000,0E-8,138.00000000,0.01344307,133.00000000,0E-8,56.00000000,0.61000000,train
1978-03-01,137.00000000,106.10000000,12.70000000,56.00000000,629.00000000,273.00000000,215.00000000,134.50000000,0.02000000,0.13300824,239.00000000,0.16373542,534.00000000,0.13419607,188.00000000,0E-8,12.70000000,0.04926153,101.00000000,-0.00727276,138.00000000,-0.00222800,134.80000000,0E-8,56.00000000,0.52000000,train
1978-04-01,131.00000000,111.50000000,12.70000000,56.00000000,624.00000000,290.00000000,224.00000000,134.00000000,-0.49000000,0.06040913,273.00000000,-0.00798089,629.00000000,0.04100802,215.00000000,0E-8,12.70000000,0.04964255,106.10000000,-0.04478360,137.00000000,-0.00372440,134.50000000,0E-8,56.00000000,0.31000000,train
1978-05-01,128.00000000,112.70000000,12.70000000,56.00000000,657.00000000,290.00000000,221.00000000,130.80000000,-0.35000000,0E-8,290.00000000,0.05153365,624.00000000,-0.01348335,224.00000000,0E-8,12.70000000,0.01070483,111.50000000,-0.02316706,131.00000000,-0.02417036,134.00000000,0E-8,56.00000000,0.02000000,train
1978-06-01,130.00000000,106.60000000,12.70000000,56.00000000,631.00000000,278.00000000,208.00000000,132.50000000,-0.47000000,-0.04225981,290.00000000,-0.04037816,657.00000000,-0.06062462,221.00000000,0E-8,12.70000000,-0.05564591,112.70000000,0.01550419,128.00000000,0.01291321,130.80000000,0E-8,56.00000000,-0.49000000,train
1978-07-01,137.00000000,97.30000000,12.80000000,57.00000000,586.00000000,266.00000000,207.00000000,142.00000000,-0.33000000,-0.04412480,278.00000000,-0.07398607,631.00000000,-0.00481929,208.00000000,0.00784318,12.70000000,-0.09128452,106.60000000,0.05244648,130.00000000,0.06924441,132.50000000,0.01769958,56.00000000,-0.35000000,train
1978-08-01,143.00000000,92.00000000,12.80000000,58.50000000,587.00000000,262.00000000,202.00000000,142.50000000,-0.77000000,-0.01515181,266.00000000,0.00170503,586.00000000,-0.02445110,207.00000000,0E-8,12.80000000,-0.05601041,97.30000000,0.04286370,137.00000000,0.00351494,142.00000000,0.02597549,57.00000000,-0.47000000,train
1978-09-01,151.50000000,91.00000000,12.80000000,63.10000000,630.00000000,264.00000000,208.00000000,134.60000000,-0.45000000,0.00760460,262.00000000,0.07069500,587.00000000,0.02927038,202.00000000,0E-8,12.80000000,-0.01092907,92.00000000,0.05774099,143.00000000,-0.05703458,142.50000000,0.07569402,58.50000000,-0.33000000,train
1978-10-01,151.50000000,95.90000000,12.90000000,63.50000000,637.00000000,271.00000000,223.00000000,132.00000000,-0.44000000,0.02616972,264.00000000,0.01104984,630.00000000,0.06963369,208.00000000,0.00778214,12.80000000,0.05244648,91.00000000,0E-8,151.50000000,-0.01950549,134.60000000,0.00631914,63.10000000,-0.77000000,train
1978-11-01,151.50000000,100.50000000,13.20000000,65.00000000,620.00000000,270.00000000,227.00000000,140.80000000,-0.20000000,-0.00369686,271.00000000,-0.02705018,637.00000000,0.01777825,223.00000000,0.02298952,12.90000000,0.04685175,95.90000000,0E-8,151.50000000,0.06453852,132.00000000,0.02334736,63.50000000,-0.45000000,train
1978-12-01,141.50000000,98.50000000,14.50000000,65.00000000,627.00000000,278.00000000,237.00000000,141.00000000,0.09000000,0.02919915,270.00000000,0.01122706,620.00000000,0.04311012,227.00000000,0.09393182,13.20000000,-0.02010118,100.50000000,-0.06828591,151.50000000,0.00141945,140.80000000,0E-8,65.00000000,-0.44000000,train
1979-01-01,153.00000000,105.40000000,17.50000000,65.00000000,616.00000000,284.00000000,235.00000000,143.00000000,0.05000000,0.02135312,278.00000000,-0.01769958,627.00000000,-0.00847463,237.00000000,0.18805223,14.50000000,0.06770609,98.50000000,0.07813820,141.50000000,0.01408474,141.00000000,0E-8,65.00000000,-0.20000000,train
1979-02-01,157.50000000,107.00000000,20.80000000,64.50000000,653.00000000,298.00000000,238.00000000,143.00000000,0.05000000,0.04811925,284.00000000,0.05833017,616.00000000,0.01268516,235.00000000,0.17275211,17.50000000,0.01506620,105.40000000,0.02898754,153.00000000,0E-8,143.00000000,-0.00772205,65.00000000,0.09000000,train
1979-03-01,162.50000000,109.50000000,22.00000000,65.50000000,669.00000000,310.00000000,241.00000000,131.90000000,0.07000000,0.03947881,298.00000000,0.02420693,653.00000000,0.01252626,238.00000000,0.05608947,20.80000000,0.02309571,107.00000000,0.03125254,157.50000000,-0.08080057,143.00000000,0.01538492,64.50000000,0.05000000,train
1979-04-01,164.00000000,111.50000000,22.40000000,70.00000000,648.00000000,300.00000000,238.00000000,135.00000000,0.05000000,-0.03278982,310.00000000,-0.03189336,669.00000000,-0.01252626,241.00000000,0.01801851,22.00000000,0.01810004,109.50000000,0.00918843,162.50000000,0.02323072,131.90000000,0.06644510,65.50000000,0.05000000,train
1979-05-01,162.00000000,112.60000000,33.50000000,70.00000000,636.00000000,300.00000000,240.00000000,141.80000000,-0.06000000,0E-8,300.00000000,-0.01869213,648.00000000,0.00836825,238.00000000,0.40248448,22.40000000,0.00981712,111.50000000,-0.01227009,164.00000000,0.04914284,135.00000000,0E-8,70.00000000,0.07000000,train
1979-06-01,175.50000000,120.40000000,34.70000000,71.30000000,673.00000000,322.00000000,261.00000000,148.50000000,-0.05000000,0.07076907,300.00000000,0.05654677,636.00000000,0.08388148,240.00000000,0.03519425,33.50000000,0.06697782,112.60000000,0.08004271,162.00000000,0.04616734,141.80000000,0.01840109,70.00000000,0.05000000,train
1979-07-01,187.50000000,130.50000000,33.50000000,77.00000000,690.00000000,322.00000000,246.00000000,155.40000000,-0.13000000,0E-8,322.00000000,0.02494627,673.00000000,-0.05918887,261.00000000,-0.03519425,34.70000000,0.08055369,120.40000000,0.06613980,175.50000000,0.04541748,148.50000000,0.07690909,71.30000000,-0.06000000,train
1979-08-01,207.50000000,118.90000000,34.00000000,79.00000000,682.00000000,302.00000000,236.00000000,160.00000000,-0.20000000,-0.06412453,322.00000000,-0.01166194,690.00000000,-0.04149973,246.00000000,0.01481509,33.50000000,-0.09309042,130.50000000,0.10135249,187.50000000,0.02917138,155.40000000,0.02564243,77.00000000,-0.05000000,train
1979-09-01,215.00000000,118.00000000,35.50000000,80.10000000,691.00000000,292.00000000,238.00000000,163.80000000,0.17000000,-0.03367322,302.00000000,0.01311017,682.00000000,0.00843887,236.00000000,0.04317217,34.00000000,-0.00759818,118.90000000,0.03550669,207.50000000,0.02347236,160.00000000,0.01382800,79.00000000,-0.13000000,train
1979-10-01,247.50000000,119.10000000,37.30000000,83.50000000,671.00000000,283.00000000,238.00000000,167.50000000,0.04000000,-0.03130690,292.00000000,-0.02937069,691.00000000,0E-8,238.00000000,0.04946063,35.50000000,0.00927885,118.00000000,0.14077255,215.00000000,0.02233718,163.80000000,0.04157078,80.10000000,-0.20000000,train
1979-11-01,242.00000000,118.20000000,40.80000000,83.50000000,670.00000000,281.00000000,251.00000000,170.00000000,0.33000000,-0.00709223,283.00000000,-0.00149142,671.00000000,0.05318227,238.00000000,0.08968875,37.30000000,-0.00758537,119.10000000,-0.02247286,247.50000000,0.01481509,167.50000000,0E-8,83.50000000,0.17000000,train
1979-12-01,246.00000000,115.30000000,39.80000000,108.30000000,647.00000000,279.00000000,254.00000000,176.30000000,0.48000000,-0.00714289,281.00000000,-0.03493142,670.00000000,0.01188133,251.00000000,-0.02481517,40.80000000,-0.02484068,118.20000000,0.01639381,242.00000000,0.03638865,170.00000000,0.26005852,83.50000000,0.04000000,train
1980-01-01,257.00000000,105.40000000,39.00000000,106.50000000,609.00000000,268.00000000,244.00000000,187.50000000,0.44000000,-0.04022480,279.00000000,-0.06052803,647.00000000,-0.04016604,254.00000000,-0.02030527,39.80000000,-0.08977479,115.30000000,0.04374455,246.00000000,0.06159176,176.30000000,-0.01676017,108.30000000,0.33000000,train
1980-02-01,257.50000000,113.90000000,37.30000000,106.50000000,610.00000000,271.00000000,238.00000000,187.50000000,0.35000000,0.01113184,268.00000000,0.00164069,609.00000000,-0.02489755,244.00000000,-0.04456832,39.00000000,0.07755823,105.40000000,0.00194364,257.00000000,0E-8,187.50000000,0E-8,106.50000000,0.48000000,train
1980-03-01,260.50000000,110.40000000,37.00000000,106.50000000,580.00000000,264.00000000,242.00000000,187.50000000,0.18000000,-0.02616972,271.00000000,-0.05043085,610.00000000,0.01666705,238.00000000,-0.00807541,37.30000000,-0.03121074,113.90000000,0.01158314,257.50000000,0E-8,187.50000000,0E-8,106.50000000,0.44000000,train
1980-04-01,202.50000000,108.20000000,36.60000000,106.50000000,552.00000000,252.00000000,242.00000000,196.30000000,0.13000000,-0.04652002,264.00000000,-0.04948006,580.00000000,0E-8,242.00000000,-0.01086967,37.00000000,-0.02012877,110.40000000,-0.25186297,260.50000000,0.04586526,187.50000000,0E-8,106.50000000,0.35000000,train
1980-05-01,211.00000000,110.00000000,37.00000000,106.50000000,562.00000000,260.00000000,224.00000000,205.00000000,0.23000000,0.03125254,252.00000000,0.01795380,552.00000000,-0.07729167,242.00000000,0.01086967,36.60000000,0.01649900,108.20000000,0.04111825,202.50000000,0.04336588,196.30000000,0E-8,106.50000000,0.18000000,train
1980-06-01,212.50000000,113.60000000,37.00000000,106.50000000,570.00000000,262.00000000,218.00000000,205.00000000,0.30000000,0.00766287,260.00000000,0.01413451,562.00000000,-0.02715099,224.00000000,0E-8,37.00000000,0.03220314,110.00000000,0.00708385,211.00000000,0E-8,205.00000000,0E-8,106.50000000,0.13000000,train
1980-07-01,215.00000000,128.90000000,35.40000000,106.50000000,635.00000000,303.00000000,248.00000000,205.00000000,0.10000000,0.14538830,262.00000000,0.10798864,570.00000000,0.12893368,218.00000000,-0.04420609,37.00000000,0.12635340,113.60000000,0.01169604,212.50000000,0E-8,205.00000000,0E-8,106.50000000,0.23000000,train
1980-08-01,215.00000000,143.50000000,32.90000000,106.50000000,636.00000000,309.00000000,260.00000000,205.00000000,-0.35000000,0.01960847,303.00000000,0.00157356,635.00000000,0.04725288,248.00000000,-0.07323916,35.40000000,0.10729813,128.90000000,0E-8,215.00000000,0E-8,205.00000000,0E-8,106.50000000,0.30000000,train
1980-09-01,205.00000000,140.80000000,32.80000000,106.50000000,615.00000000,335.00000000,292.00000000,207.00000000,-0.36000000,0.08078925,309.00000000,-0.03357630,636.00000000,0.11607217,260.00000000,-0.00304414,32.90000000,-0.01899459,143.50000000,-0.04762805,215.00000000,0.00970881,205.00000000,0E-8,106.50000000,0.10000000,train
1980-10-01,202.50000000,140.40000000,37.40000000,106.50000000,592.00000000,340.00000000,310.00000000,207.00000000,-0.20000000,0.01481509,335.00000000,-0.03811563,615.00000000,0.05981850,292.00000000,0.13124219,32.80000000,-0.00284495,140.80000000,-0.01227009,205.00000000,0E-8,207.00000000,0E-8,106.50000000,-0.35000000,train
1980-11-01,214.00000000,146.60000000,40.30000000,106.50000000,639.00000000,367.00000000,336.00000000,207.00000000,0.08000000,0.07641623,340.00000000,0.07639782,592.00000000,0.08053886,310.00000000,0.07468076,37.40000000,0.04321230,140.40000000,0.05523613,202.50000000,0E-8,207.00000000,0E-8,106.50000000,-0.36000000,train
1980-12-01,214.00000000,141.50000000,39.80000000,106.50000000,571.00000000,324.00000000,295.00000000,207.00000000,0.10000000,-0.12461833,367.00000000,-0.11251524,639.00000000,-0.13013580,336.00000000,-0.01248456,40.30000000,-0.03540807,146.60000000,0E-8,214.00000000,0E-8,207.00000000,0E-8,106.50000000,-0.20000000,train
1981-01-01,227.50000000,148.80000000,39.80000000,115.00000000,545.00000000,323.00000000,287.00000000,207.00000000,-0.45000000,-0.00309119,324.00000000,-0.04660341,571.00000000,-0.02749314,295.00000000,0E-8,39.80000000,0.05030341,141.50000000,0.06117422,214.00000000,0E-8,207.00000000,0.07678714,106.50000000,0.08000000,train
1981-02-01,226.00000000,143.30000000,37.90000000,115.00000000,516.00000000,306.00000000,270.00000000,242.50000000,-0.42000000,-0.05406722,323.00000000,-0.05467903,545.00000000,-0.06106026,287.00000000,-0.04891580,39.80000000,-0.03766279,148.80000000,-0.00661524,227.50000000,0.15828292,207.00000000,0E-8,115.00000000,0.10000000,train
1981-03-01,207.50000000,142.10000000,37.60000000,115.00000000,535.00000000,305.00000000,265.00000000,242.50000000,-0.11000000,-0.00327333,306.00000000,0.03615998,516.00000000,-0.01869213,270.00000000,-0.00794706,37.90000000,-0.00840930,143.30000000,-0.08540366,226.00000000,0E-8,242.50000000,0E-8,115.00000000,-0.45000000,train
1981-04-01,193.00000000,145.50000000,36.40000000,70.00000000,531.00000000,316.00000000,273.00000000,135.00000000,-0.57000000,0.03543044,305.00000000,-0.00750473,535.00000000,0.02974197,265.00000000,-0.03243528,37.60000000,0.02364505,142.10000000,-0.07244115,207.50000000,-0.58572693,242.50000000,-0.49643689,115.00000000,-0.42000000,train
1981-05-01,195.50000000,141.30000000,34.30000000,115.00000000,511.00000000,306.00000000,267.00000000,215.00000000,-0.29000000,-0.03215711,316.00000000,-0.03839243,531.00000000,-0.02222314,273.00000000,-0.05942342,36.40000000,-0.02929080,145.50000000,0.01287019,193.00000000,0.46536325,135.00000000,0.49643689,70.00000000,-0.11000000,train
1981-06-01,190.00000000,136.10000000,32.70000000,115.00000000,512.00000000,291.00000000,247.00000000,215.00000000,-0.33000000,-0.05026183,306.00000000,0.00195503,511.00000000,-0.07786032,267.00000000,-0.04777028,34.30000000,-0.03749538,141.30000000,-0.02853631,195.50000000,0E-8,215.00000000,0E-8,115.00000000,-0.57000000,train
1981-07-01,177.50000000,137.60000000,33.50000000,116.50000000,530.00000000,294.00000000,247.00000000,180.00000000,-0.55000000,0.01025650,291.00000000,0.03455238,512.00000000,0E-8,247.00000000,0.02417036,32.70000000,0.01096102,136.10000000,-0.06805346,190.00000000,-0.17768118,215.00000000,0.01295914,115.00000000,-0.29000000,train
1981-08-01,179.50000000,127.10000000,34.00000000,116.50000000,506.00000000,283.00000000,243.00000000,160.00000000,-0.39000000,-0.03813287,294.00000000,-0.04634034,530.00000000,-0.01632689,247.00000000,0.01481509,33.50000000,-0.07937675,137.60000000,0.01120460,177.50000000,-0.11778304,180.00000000,0E-8,116.50000000,-0.33000000,train
1981-09-01,130.00000000,115.50000000,34.00000000,116.50000000,485.00000000,264.00000000,235.00000000,160.00000000,-0.22000000,-0.06949779,283.00000000,-0.04238778,506.00000000,-0.03347593,243.00000000,0E-8,34.00000000,-0.09570365,127.10000000,-0.32264076,179.50000000,0E-8,160.00000000,0E-8,116.50000000,-0.55000000,train
1981-10-01,122.50000000,112.70000000,34.60000000,116.50000000,486.00000000,260.00000000,231.00000000,160.00000000,-0.16000000,-0.01526747,264.00000000,0.00205973,485.00000000,-0.01716780,235.00000000,0.01749316,34.00000000,-0.02454111,115.50000000,-0.05942342,130.00000000,0E-8,160.00000000,0E-8,116.50000000,-0.39000000,train
1981-11-01,145.00000000,111.80000000,35.70000000,116.50000000,470.00000000,257.00000000,230.00000000,136.50000000,-0.42000000,-0.01160555,260.00000000,-0.03347593,486.00000000,-0.00433840,231.00000000,0.03129701,34.60000000,-0.00801786,112.70000000,0.16862271,122.50000000,-0.15884920,160.00000000,0E-8,116.50000000,-0.22000000,train
1981-12-01,137.50000000,107.60000000,35.40000000,94.50000000,455.00000000,256.00000000,236.00000000,136.50000000,-0.12000000,-0.00389864,257.00000000,-0.03243528,470.00000000,0.02575250,230.00000000,-0.00843887,35.70000000,-0.03829091,111.80000000,-0.05310983,145.00000000,0E-8,136.50000000,-0.20929144,116.50000000,-0.16000000,train
1982-01-01,135.00000000,115.40000000,35.00000000,94.50000000,455.00000000,262.00000000,242.00000000,112.50000000,0.07000000,0.02316706,256.00000000,0E-8,455.00000000,0.02510592,236.00000000,-0.01136376,35.40000000,0.06998371,107.60000000,-0.01834914,137.50000000,-0.19337139,136.50000000,0E-8,94.50000000,-0.42000000,train
1982-02-01,190.00000000,112.60000000,32.30000000,94.50000000,454.00000000,254.00000000,235.00000000,130.00000000,-0.13000000,-0.03101024,262.00000000,-0.00220022,455.00000000,-0.02935221,242.00000000,-0.08028083,35.00000000,-0.02456264,115.40000000,0.34174929,135.00000000,0.14458123,112.50000000,0E-8,94.50000000,-0.12000000,train
1982-03-01,190.00000000,114.20000000,30.20000000,94.50000000,452.00000000,254.00000000,226.00000000,130.00000000,0.03000000,0E-8,254.00000000,-0.00441502,454.00000000,-0.03905051,235.00000000,-0.06722531,32.30000000,0.01410958,112.60000000,0E-8,190.00000000,0E-8,130.00000000,0E-8,94.50000000,0.07000000,train
1982-04-01,168.50000000,117.80000000,31.60000000,94.50000000,482.00000000,265.00000000,230.00000000,122.50000000,0.26000000,0.04239556,254.00000000,0.06426193,452.00000000,0.01754431,226.00000000,0.04531520,30.20000000,0.03103697,114.20000000,-0.12008832,190.00000000,-0.05942342,130.00000000,0E-8,94.50000000,-0.13000000,train
1982-05-01,166.00000000,118.10000000,33.00000000,90.00000000,509.00000000,269.00000000,234.00000000,122.50000000,0.53000000,0.01498155,265.00000000,0.05450390,482.00000000,0.01724181,230.00000000,0.04335044,31.60000000,0.00254345,117.80000000,-0.01494796,168.50000000,0E-8,122.50000000,-0.04879016,94.50000000,0.03000000,train
1982-06-01,167.00000000,115.00000000,32.80000000,75.00000000,475.00000000,254.00000000,222.00000000,122.50000000,0.80000000,-0.05737711,269.00000000,-0.06913321,509.00000000,-0.05264373,234.00000000,-0.00607905,33.00000000,-0.02659959,118.10000000,0.00600602,166.00000000,0E-8,122.50000000,-0.18232156,90.00000000,0.26000000,train
1982-07-01,168.00000000,115.00000000,32.90000000,77.50000000,464.00000000,249.00000000,212.00000000,122.50000000,0.34000000,-0.01988137,254.00000000,-0.02343025,475.00000000,-0.04609111,222.00000000,0.00304414,32.80000000,0E-8,115.00000000,0.00597017,167.00000000,0E-8,122.50000000,0.03278982,75.00000000,0.53000000,train
1982-08-01,165.50000000,102.30000000,32.40000000,77.50000000,432.00000000,234.00000000,203.00000000,125.00000000,0.44000000,-0.06213178,249.00000000,-0.07145896,464.00000000,-0.04338030,212.00000000,-0.01531423,32.90000000,-0.11702246,115.00000000,-0.01499278,168.00000000,0.02020271,122.50000000,0E-8,77.50000000,0.80000000,train
1982-09-01,167.00000000,100.90000000,33.50000000,77.00000000,426.00000000,217.00000000,196.00000000,125.00000000,1.04000000,-0.07542376,234.00000000,-0.01398624,432.00000000,-0.03509132,203.00000000,0.03338702,32.40000000,-0.01377975,102.30000000,0.00902262,165.50000000,0E-8,125.00000000,-0.00647251,77.50000000,0.34000000,train
1982-10-01,163.50000000,91.70000000,33.80000000,79.00000000,416.00000000,214.00000000,192.00000000,127.50000000,1.48000000,-0.01392134,217.00000000,-0.02375409,426.00000000,-0.02061929,196.00000000,0.00891536,33.50000000,-0.09560755,100.90000000,-0.02118082,167.00000000,0.01980263,125.00000000,0.02564243,77.00000000,0.44000000,train
1982-11-01,160.50000000,102.90000000,32.80000000,72.50000000,403.00000000,231.00000000,213.00000000,127.50000000,1.40000000,0.07644170,214.00000000,-0.03174870,416.00000000,0.10379679,192.00000000,-0.03003229,33.80000000,0.11523526,91.70000000,-0.01851905,163.50000000,0E-8,127.50000000,-0.08586129,79.00000000,1.04000000,train
1982-12-01,158.50000000,105.50000000,31.50000000,72.50000000,399.00000000,232.00000000,217.00000000,120.00000000,1.61000000,0.00431966,231.00000000,-0.00997515,403.00000000,0.01860519,213.00000000,-0.04044097,32.80000000,0.02495331,102.90000000,-0.01253935,160.50000000,-0.06062462,127.50000000,0E-8,72.50000000,1.48000000,train
1983-01-01,150.50000000,107.80000000,30.70000000,75.00000000,397.00000000,235.00000000,216.00000000,124.50000000,1.68000000,0.01284814,232.00000000,-0.00502514,399.00000000,-0.00461895,217.00000000,-0.02572489,31.50000000,0.02156671,105.50000000,-0.05179151,158.50000000,0.03681397,120.00000000,0.03390155,72.50000000,1.40000000,train
1983-02-01,164.00000000,117.30000000,29.10000000,75.50000000,395.00000000,239.00000000,211.00000000,124.50000000,1.48000000,0.01687804,235.00000000,-0.00505052,397.00000000,-0.02342027,216.00000000,-0.05352448,30.70000000,0.08445710,107.80000000,0.08590334,150.50000000,0E-8,124.50000000,0.00664454,75.00000000,1.61000000,train
1983-03-01,179.50000000,125.20000000,28.30000000,75.50000000,394.00000000,242.00000000,211.00000000,120.00000000,1.15000000,0.01247417,239.00000000,-0.00253486,395.00000000,0E-8,211.00000000,-0.02787637,29.10000000,0.06517770,117.30000000,0.09030878,164.00000000,-0.03681397,124.50000000,0E-8,75.50000000,1.68000000,train
1983-04-01,180.50000000,133.40000000,29.70000000,75.50000000,434.00000000,253.00000000,219.00000000,109.00000000,0.66000000,0.04445176,242.00000000,0.09669362,394.00000000,0.03721360,211.00000000,0.04828524,28.30000000,0.06343967,125.20000000,0.00555557,179.50000000,-0.09614386,120.00000000,0E-8,75.50000000,1.48000000,train
1983-05-01,171.50000000,133.90000000,29.40000000,75.50000000,434.00000000,252.00000000,217.00000000,101.50000000,0.68000000,-0.00396040,253.00000000,0E-8,434.00000000,-0.00917438,219.00000000,-0.01015237,29.70000000,0.00374112,133.40000000,-0.05114751,180.50000000,-0.07128908,109.00000000,0E-8,75.50000000,1.15000000,train
1983-06-01,158.50000000,135.00000000,30.00000000,73.00000000,425.00000000,243.00000000,210.00000000,120.00000000,0.41000000,-0.03636764,252.00000000,-0.02095537,434.00000000,-0.03278982,217.00000000,0.02020271,29.40000000,0.00818153,133.90000000,-0.07882867,171.50000000,0.16743294,101.50000000,-0.03367322,75.50000000,0.66000000,train
1983-07-01,157.50000000,140.60000000,30.50000000,73.00000000,477.00000000,263.00000000,226.00000000,109.00000000,-0.13000000,0.07909259,243.00000000,0.11542732,425.00000000,0.07342747,210.00000000,0.01652930,30.00000000,0.04064420,135.00000000,-0.00632914,158.50000000,-0.09614386,120.00000000,0E-8,73.00000000,0.68000000,train
1983-08-01,154.50000000,152.80000000,30.70000000,73.00000000,651.00000000,339.00000000,279.00000000,110.50000000,-0.23000000,0.25384608,263.00000000,0.31099315,477.00000000,0.21067678,226.00000000,0.00653597,30.50000000,0.08321090,140.60000000,-0.01923136,157.50000000,0.01366764,109.00000000,0E-8,73.00000000,0.41000000,train
1983-09-01,160.00000000,147.80000000,30.10000000,73.00000000,733.00000000,350.00000000,277.00000000,110.50000000,-0.51000000,0.03193305,339.00000000,0.11863606,651.00000000,-0.00719428,279.00000000,-0.01973748,30.70000000,-0.03326987,152.80000000,0.03497972,154.50000000,0E-8,110.50000000,0E-8,73.00000000,-0.13000000,train
1983-10-01,174.00000000,148.20000000,29.60000000,73.00000000,687.00000000,329.00000000,267.00000000,114.00000000,-1.08000000,-0.06187540,350.00000000,-0.06481141,733.00000000,-0.03676885,277.00000000,-0.01675081,30.10000000,0.00270270,147.80000000,0.08388148,160.00000000,0.03118293,110.50000000,0E-8,73.00000000,-0.23000000,train
1983-11-01,188.50000000,147.00000000,29.20000000,75.50000000,652.00000000,324.00000000,265.00000000,115.50000000,-1.04000000,-0.01531423,329.00000000,-0.05228973,687.00000000,-0.00751883,267.00000000,-0.01360565,29.60000000,-0.00813013,148.20000000,0.08004271,174.00000000,0.01307208,114.00000000,0.03367322,73.00000000,-0.51000000,train
1983-12-01,190.00000000,143.30000000,28.80000000,75.50000000,644.00000000,311.00000000,256.00000000,115.50000000,-0.77000000,-0.04095060,324.00000000,-0.01234584,652.00000000,-0.03455238,265.00000000,-0.01379332,29.20000000,-0.02549225,147.00000000,0.00792607,188.50000000,0E-8,115.50000000,0E-8,75.50000000,-1.08000000,train
1984-01-01,191.50000000,141.90000000,29.00000000,82.50000000,692.00000000,305.00000000,237.00000000,116.50000000,-0.79000000,-0.01948114,311.00000000,0.07188723,644.00000000,-0.07711730,256.00000000,0.00692044,28.80000000,-0.00981775,143.30000000,0.00786374,190.00000000,0.00862074,115.50000000,0.08866564,75.50000000,-1.04000000,train
1984-02-01,204.00000000,137.00000000,29.20000000,82.50000000,669.00000000,293.00000000,221.00000000,118.00000000,-0.47000000,-0.04013917,305.00000000,-0.03380190,692.00000000,-0.06989744,237.00000000,0.00687288,29.00000000,-0.03514166,141.90000000,0.06323219,191.50000000,0.01279335,116.50000000,0E-8,82.50000000,-0.77000000,train
1984-03-01,201.00000000,147.10000000,29.50000000,82.50000000,720.00000000,314.00000000,229.00000000,141.00000000,-0.60000000,0.06922038,293.00000000,0.07346715,669.00000000,0.03555930,221.00000000,0.01022155,29.20000000,0.07113170,137.00000000,-0.01481509,204.00000000,0.17807527,118.00000000,0E-8,82.50000000,-0.79000000,train
1984-04-01,198.50000000,148.00000000,29.60000000,81.00000000,772.00000000,315.00000000,220.00000000,127.50000000,-0.66000000,0.00317965,314.00000000,0.06973334,720.00000000,-0.04009446,229.00000000,0.00338410,29.50000000,0.00609965,147.10000000,-0.01251581,201.00000000,-0.10064353,141.00000000,-0.01834914,82.50000000,-0.47000000,train
1984-05-01,171.50000000,146.10000000,29.50000000,81.00000000,914.00000000,338.00000000,219.00000000,147.50000000,-0.69000000,0.07047326,315.00000000,0.16884602,772.00000000,-0.00455582,220.00000000,-0.00338410,29.60000000,-0.01292096,148.00000000,-0.14620583,198.50000000,0.14571181,127.50000000,0E-8,81.00000000,-0.60000000,train
1984-06-01,156.00000000,147.00000000,29.10000000,81.00000000,844.00000000,308.00000000,202.00000000,155.00000000,-0.82000000,-0.09294611,338.00000000,-0.07967808,914.00000000,-0.08080403,219.00000000,-0.01365209,29.50000000,0.00614127,146.10000000,-0.09472726,171.50000000,0.04959694,147.50000000,0E-8,81.00000000,-0.66000000,train
1984-07-01,163.50000000,142.60000000,28.00000000,86.50000000,697.00000000,270.00000000,186.00000000,162.50000000,-0.54000000,-0.13167782,308.00000000,-0.19136708,844.00000000,-0.08252102,202.00000000,-0.03853366,29.10000000,-0.03038908,147.00000000,0.04695698,156.00000000,0.04725288,155.00000000,0.06569526,81.00000000,-0.69000000,train
1984-08-01,170.50000000,138.80000000,28.20000000,86.50000000,679.00000000,261.00000000,180.00000000,165.00000000,-0.46000000,-0.03390155,270.00000000,-0.02616428,697.00000000,-0.03278982,186.00000000,0.00711747,28.00000000,-0.02700946,142.60000000,0.04192231,163.50000000,0.01526747,162.50000000,0E-8,86.50000000,-0.82000000,train
1984-09-01,168.00000000,130.40000000,28.40000000,86.50000000,694.00000000,245.00000000,168.00000000,165.00000000,-0.41000000,-0.06326220,261.00000000,0.02185083,679.00000000,-0.06899287,180.00000000,0.00706717,28.20000000,-0.06242740,138.80000000,-0.01477132,170.50000000,0E-8,165.00000000,0E-8,86.50000000,-0.54000000,train
1984-10-01,166.00000000,121.20000000,27.90000000,86.50000000,679.00000000,245.00000000,170.00000000,172.00000000,-0.74000000,0E-8,245.00000000,-0.02185083,694.00000000,0.01183446,168.00000000,-0.01776246,28.40000000,-0.07316458,130.40000000,-0.01197619,168.00000000,0.04154900,165.00000000,0E-8,86.50000000,-0.46000000,train
1984-11-01,160.50000000,117.40000000,27.70000000,86.50000000,698.00000000,250.00000000,169.00000000,166.00000000,-0.97000000,0.02020271,245.00000000,0.02759798,679.00000000,-0.00589972,170.00000000,-0.00719428,27.90000000,-0.03185517,121.20000000,-0.03369385,166.00000000,-0.03550669,172.00000000,0E-8,86.50000000,-0.41000000,train
1984-12-01,156.50000000,114.00000000,26.80000000,86.50000000,630.00000000,241.00000000,165.00000000,166.00000000,-1.21000000,-0.03666398,250.00000000,-0.10249928,698.00000000,-0.02395324,169.00000000,-0.03303053,27.70000000,-0.02938846,117.40000000,-0.02523793,160.50000000,0E-8,166.00000000,0E-8,86.50000000,-0.74000000,train
1985-01-01,158.50000000,119.00000000,26.60000000,86.50000000,630.00000000,243.00000000,166.00000000,168.50000000,-0.80000000,0.00826451,241.00000000,0E-8,630.00000000,0.00604231,165.00000000,-0.00749067,26.80000000,0.04292504,114.00000000,0.01269858,156.50000000,0.01494796,166.00000000,0E-8,86.50000000,-0.97000000,train
1985-02-01,156.00000000,119.80000000,27.60000000,87.00000000,664.00000000,239.00000000,151.00000000,168.50000000,-0.83000000,-0.01659789,243.00000000,0.05256233,630.00000000,-0.09470795,166.00000000,0.03690456,26.60000000,0.00670019,119.00000000,-0.01589859,158.50000000,0E-8,168.50000000,0.00576370,86.50000000,-1.21000000,train
1985-03-01,179.50000000,120.20000000,27.90000000,75.50000000,667.00000000,241.00000000,154.00000000,105.00000000,-0.88000000,0.00833338,239.00000000,0.00450790,664.00000000,0.01967277,151.00000000,0.01081092,27.60000000,0.00333334,119.80000000,0.14031920,156.00000000,-0.47297540,168.50000000,-0.14177546,87.00000000,-0.80000000,train
1985-04-01,179.50000000,120.10000000,27.80000000,75.50000000,693.00000000,243.00000000,151.00000000,107.50000000,-1.01000000,0.00826451,241.00000000,0.03823995,667.00000000,-0.01967277,154.00000000,-0.00359067,27.90000000,-0.00083229,120.20000000,0E-8,179.50000000,0.02353050,105.00000000,0E-8,75.50000000,-0.83000000,train
1985-05-01,154.00000000,116.70000000,26.70000000,87.00000000,652.00000000,231.00000000,144.00000000,127.50000000,-0.88000000,-0.05064373,243.00000000,-0.06098544,693.00000000,-0.04746654,151.00000000,-0.04037246,27.80000000,-0.02871819,120.10000000,-0.15322261,179.50000000,0.17062552,107.50000000,0.14177546,75.50000000,-0.88000000,train
1985-06-01,151.50000000,116.00000000,26.40000000,87.00000000,630.00000000,227.00000000,141.00000000,112.50000000,-0.85000000,-0.01746769,231.00000000,-0.03432474,652.00000000,-0.02105341,144.00000000,-0.01129956,26.70000000,-0.00601635,116.70000000,-0.01636698,154.00000000,-0.12516314,127.50000000,0E-8,87.00000000,-1.01000000,train
1985-07-01,151.00000000,114.90000000,26.40000000,87.00000000,568.00000000,223.00000000,144.00000000,109.50000000,-0.49000000,-0.01777825,227.00000000,-0.10359840,630.00000000,0.02105341,141.00000000,0E-8,26.40000000,-0.00952801,116.00000000,-0.00330579,151.50000000,-0.02702867,112.50000000,0E-8,87.00000000,-0.88000000,train
1985-08-01,155.50000000,105.50000000,27.00000000,87.00000000,518.00000000,211.00000000,150.00000000,97.50000000,-0.46000000,-0.05531364,223.00000000,-0.09214618,568.00000000,0.04082199,144.00000000,0.02247286,26.40000000,-0.08535123,114.90000000,0.02936589,151.00000000,-0.11607217,109.50000000,0E-8,87.00000000,-0.85000000,train
1985-09-01,154.00000000,101.90000000,27.00000000,81.50000000,469.00000000,207.00000000,160.00000000,87.50000000,-0.47000000,-0.01913934,211.00000000,-0.09937247,518.00000000,0.06453852,150.00000000,0E-8,27.00000000,-0.03471901,105.50000000,-0.00969313,155.50000000,-0.10821358,97.50000000,-0.06530510,87.00000000,-0.49000000,train
1985-10-01,151.00000000,98.60000000,27.80000000,81.50000000,448.00000000,205.00000000,170.00000000,80.50000000,-0.40000000,-0.00970881,207.00000000,-0.04580954,469.00000000,0.06062462,160.00000000,0.02919915,27.00000000,-0.03292068,101.90000000,-0.01967277,154.00000000,-0.08338161,87.50000000,0E-8,81.50000000,-0.46000000,train
1985-11-01,149.00000000,106.20000000,28.60000000,81.50000000,455.00000000,210.00000000,177.00000000,87.50000000,-0.29000000,0.02409755,205.00000000,0.01550419,448.00000000,0.04035130,170.00000000,0.02837070,27.80000000,0.07425285,98.60000000,-0.01333353,151.00000000,0.08338161,80.50000000,0E-8,81.50000000,-0.47000000,train
1985-12-01,146.50000000,107.90000000,26.50000000,81.50000000,470.00000000,213.00000000,178.00000000,87.50000000,-0.25000000,0.01418463,210.00000000,0.03243528,455.00000000,0.00563382,177.00000000,-0.07626198,28.60000000,0.01588076,106.20000000,-0.01692088,149.00000000,0E-8,87.50000000,0E-8,81.50000000,-0.40000000,train
1986-01-01,145.50000000,107.80000000,24.70000000,81.50000000,457.00000000,221.00000000,186.00000000,82.50000000,-0.50000000,0.03687054,213.00000000,-0.02804930,470.00000000,0.04396312,178.00000000,-0.07034149,26.50000000,-0.00092721,107.90000000,-0.00684934,146.50000000,-0.05884050,87.50000000,0E-8,81.50000000,-0.29000000,train
1986-02-01,143.00000000,103.20000000,15.90000000,80.00000000,394.00000000,216.00000000,185.00000000,77.00000000,-0.32000000,-0.02288429,221.00000000,-0.14833248,457.00000000,-0.00539085,186.00000000,-0.44048413,24.70000000,-0.04360881,107.80000000,-0.01733146,145.50000000,-0.06899287,82.50000000,-0.01857639,81.50000000,-0.25000000,train
1986-03-01,148.00000000,100.90000000,12.70000000,80.00000000,369.00000000,217.00000000,194.00000000,77.00000000,-0.30000000,0.00461895,216.00000000,-0.06555427,394.00000000,0.04750233,185.00000000,-0.22471712,15.90000000,-0.02253893,103.20000000,0.03436764,143.00000000,0E-8,77.00000000,0E-8,80.00000000,-0.50000000,train
1986-04-01,149.00000000,101.30000000,11.90000000,75.00000000,349.00000000,213.00000000,187.00000000,72.50000000,-0.29000000,-0.01860519,217.00000000,-0.05572472,369.00000000,-0.03674954,194.00000000,-0.06506359,12.70000000,0.00395648,100.90000000,0.00673403,148.00000000,-0.06021886,77.00000000,-0.06453852,80.00000000,-0.32000000,train
1986-05-01,148.00000000,105.60000000,13.70000000,75.00000000,345.00000000,215.00000000,184.00000000,72.50000000,-0.22000000,0.00934586,213.00000000,-0.01152751,349.00000000,-0.01617286,187.00000000,0.14085743,11.90000000,0.04157196,101.30000000,-0.00673403,149.00000000,0E-8,72.50000000,0E-8,75.00000000,-0.30000000,train
1986-06-01,140.50000000,103.50000000,11.90000000,75.00000000,351.00000000,213.00000000,180.00000000,72.50000000,-0.06000000,-0.00934586,215.00000000,0.01724181,345.00000000,-0.02197891,184.00000000,-0.14085743,13.70000000,-0.02008676,105.60000000,-0.05200478,148.00000000,0E-8,72.50000000,0E-8,75.00000000,-0.29000000,train
1986-07-01,135.50000000,83.00000000,9.60000000,72.50000000,336.00000000,209.00000000,184.00000000,67.50000000,0.13000000,-0.01895791,213.00000000,-0.04367506,351.00000000,0.02197891,180.00000000,-0.21477530,11.90000000,-0.22073100,103.50000000,-0.03623585,140.50000000,-0.07145896,72.50000000,-0.03390155,75.00000000,-0.22000000,train
1986-08-01,135.50000000,72.30000000,13.70000000,72.50000000,271.00000000,202.00000000,187.00000000,71.00000000,0.33000000,-0.03406655,209.00000000,-0.21499234,336.00000000,0.01617286,184.00000000,0.35563273,9.60000000,-0.13801648,83.00000000,0E-8,135.50000000,0.05055228,67.50000000,0E-8,72.50000000,-0.06000000,train
1986-09-01,129.50000000,65.70000000,14.10000000,66.50000000,276.00000000,195.00000000,189.00000000,65.00000000,0.51000000,-0.03526814,202.00000000,0.01828204,271.00000000,0.01063840,187.00000000,0.02877896,13.70000000,-0.09572520,72.30000000,-0.04529076,135.50000000,-0.08829261,71.00000000,-0.08638461,72.50000000,0.13000000,train
1986-10-01,134.50000000,65.30000000,14.00000000,66.50000000,319.00000000,197.00000000,185.00000000,62.50000000,0.52000000,0.01020417,195.00000000,0.14479024,276.00000000,-0.02139119,189.00000000,-0.00711747,14.10000000,-0.00610689,65.70000000,0.03788332,129.50000000,-0.03922071,65.00000000,0E-8,66.50000000,0.33000000,train
1986-11-01,127.00000000,72.40000000,14.50000000,65.50000000,322.00000000,204.00000000,182.00000000,64.50000000,1.01000000,0.03491627,197.00000000,0.00936044,319.00000000,-0.01634914,185.00000000,0.03509132,14.00000000,0.10321426,65.30000000,-0.05737711,134.50000000,0.03149867,62.50000000,-0.01515181,66.50000000,0.51000000,train
1986-12-01,122.00000000,69.60000000,15.70000000,65.50000000,320.00000000,199.00000000,174.00000000,64.50000000,0.94000000,-0.02481517,204.00000000,-0.00623055,322.00000000,-0.04495139,182.00000000,0.07951206,14.50000000,-0.03944173,72.40000000,-0.04016604,127.00000000,0E-8,64.50000000,0E-8,65.50000000,0.52000000,train
1987-01-01,140.00000000,67.90000000,18.10000000,63.00000000,315.00000000,200.00000000,182.00000000,64.00000000,0.84000000,0.00501254,199.00000000,-0.01574836,320.00000000,0.04495139,174.00000000,0.14225123,15.70000000,-0.02472853,69.60000000,0.13762138,122.00000000,-0.00778214,64.50000000,-0.03891542,65.50000000,1.01000000,train
1987-02-01,161.00000000,66.10000000,17.30000000,61.50000000,307.00000000,198.00000000,183.00000000,68.00000000,0.90000000,-0.01005034,200.00000000,-0.02572489,315.00000000,0.00547947,182.00000000,-0.04520544,18.10000000,-0.02686729,67.90000000,0.13976194,140.00000000,0.06062462,64.00000000,-0.02409755,63.00000000,0.94000000,train
1987-03-01,165.00000000,71.60000000,17.80000000,61.50000000,305.00000000,199.00000000,175.00000000,70.50000000,0.87000000,0.00503779,198.00000000,-0.00653597,307.00000000,-0.04470018,183.00000000,0.02849196,17.30000000,0.07992633,66.10000000,0.02454111,161.00000000,0.03610500,68.00000000,0E-8,61.50000000,0.84000000,train
1987-04-01,157.50000000,74.90000000,17.90000000,61.50000000,333.00000000,207.00000000,185.00000000,77.50000000,0.59000000,0.03941397,199.00000000,0.08783071,305.00000000,0.05556985,175.00000000,0.00560226,17.80000000,0.04505882,71.60000000,-0.04652002,165.00000000,0.09466523,70.50000000,0E-8,61.50000000,0.90000000,train
1987-05-01,151.50000000,81.80000000,18.40000000,61.50000000,351.00000000,221.00000000,201.00000000,87.50000000,0.63000000,0.06544391,207.00000000,0.05264373,333.00000000,0.08294908,185.00000000,0.02754995,17.90000000,0.08812335,74.90000000,-0.03883983,157.50000000,0.12136086,77.50000000,0E-8,61.50000000,0.87000000,train
1987-06-01,149.00000000,80.70000000,18.70000000,61.50000000,351.00000000,228.00000000,214.00000000,87.50000000,0.84000000,0.03118293,221.00000000,0E-8,351.00000000,0.06267111,201.00000000,0.01617286,18.40000000,-0.01353867,81.80000000,-0.01663932,151.50000000,0E-8,87.50000000,0E-8,61.50000000,0.59000000,train
1987-07-01,159.50000000,76.40000000,19.60000000,70.00000000,318.00000000,222.00000000,204.00000000,87.50000000,0.98000000,-0.02666825,228.00000000,-0.09873484,351.00000000,-0.04785602,214.00000000,0.04700604,18.70000000,-0.05475588,80.70000000,0.06809762,149.00000000,0E-8,87.50000000,0.12945807,61.50000000,0.63000000,train
1987-08-01,167.00000000,71.70000000,18.80000000,70.00000000,322.00000000,215.00000000,194.00000000,85.00000000,1.05000000,-0.03203935,222.00000000,0.01250016,318.00000000,-0.05026183,204.00000000,-0.04167270,19.60000000,-0.06349195,76.40000000,0.04594989,159.50000000,-0.02898754,87.50000000,0E-8,70.00000000,0.84000000,train
1987-09-01,167.50000000,73.60000000,18.30000000,70.00000000,330.00000000,214.00000000,207.00000000,85.00000000,1.18000000,-0.00466201,215.00000000,0.02454111,322.00000000,0.06486063,194.00000000,-0.02695581,18.80000000,0.02615428,71.70000000,0.00298954,167.00000000,0E-8,85.00000000,0E-8,70.00000000,0.98000000,train
1987-10-01,163.00000000,78.90000000,18.60000000,73.00000000,348.00000000,217.00000000,214.00000000,92.50000000,1.15000000,0.01392134,214.00000000,0.05310983,330.00000000,0.03325722,207.00000000,0.01626052,18.30000000,0.06953620,73.60000000,-0.02723315,167.50000000,0.08455739,85.00000000,0.04196420,70.00000000,1.05000000,train
1987-11-01,165.00000000,81.70000000,17.80000000,73.00000000,338.00000000,228.00000000,239.00000000,92.50000000,1.08000000,0.04944828,217.00000000,-0.02915658,348.00000000,0.11048754,214.00000000,-0.04396312,18.60000000,0.03487277,78.90000000,0.01219527,163.00000000,0E-8,92.50000000,0E-8,73.00000000,1.18000000,train
1987-12-01,174.00000000,83.20000000,16.60000000,81.00000000,393.00000000,240.00000000,241.00000000,92.50000000,0.89000000,0.05129329,228.00000000,0.15076372,338.00000000,0.00833338,239.00000000,-0.06979576,17.80000000,0.01819335,81.70000000,0.05310983,165.00000000,0E-8,92.50000000,0.10398971,73.00000000,1.15000000,train
1988-01-01,189.00000000,85.90000000,16.50000000,82.00000000,433.00000000,254.00000000,225.00000000,92.50000000,0.74000000,0.05669534,240.00000000,0.09692812,393.00000000,-0.06869653,241.00000000,-0.00604231,16.60000000,0.03193648,83.20000000,0.08269172,174.00000000,0E-8,92.50000000,0.01227009,81.00000000,1.08000000,train
1988-02-01,194.50000000,88.00000000,15.90000000,83.00000000,406.00000000,254.00000000,216.00000000,97.50000000,0.15000000,0E-8,254.00000000,-0.06438457,433.00000000,-0.04082199,225.00000000,-0.03704127,16.50000000,0.02415299,85.90000000,0.02868515,189.00000000,0.05264373,92.50000000,0.01212136,82.00000000,0.89000000,train
1988-03-01,189.00000000,90.20000000,14.80000000,83.00000000,396.00000000,257.00000000,227.00000000,105.00000000,0.10000000,0.01174182,254.00000000,-0.02493895,406.00000000,0.04967161,216.00000000,-0.07169193,15.90000000,0.02469261,88.00000000,-0.02868515,194.50000000,0.07410797,97.50000000,0E-8,83.00000000,0.74000000,train
1988-04-01,194.50000000,89.50000000,16.50000000,83.00000000,409.00000000,270.00000000,237.00000000,97.50000000,-0.45000000,0.04934587,257.00000000,0.03230094,396.00000000,0.04311012,227.00000000,0.10873320,14.80000000,-0.00779080,90.20000000,0.02868515,189.00000000,-0.07410797,105.00000000,0E-8,83.00000000,0.15000000,train
1988-05-01,175.50000000,89.30000000,16.20000000,84.50000000,437.00000000,285.00000000,255.00000000,110.00000000,-1.09000000,0.05406722,270.00000000,0.06621804,409.00000000,0.07320340,237.00000000,-0.01834914,16.50000000,-0.00223714,89.50000000,-0.10279312,194.50000000,0.12062799,97.50000000,0.01791093,83.00000000,0.10000000,train
1988-06-01,166.50000000,120.30000000,15.30000000,84.50000000,544.00000000,353.00000000,317.00000000,110.00000000,-1.35000000,0.21397888,285.00000000,0.21901605,437.00000000,0.21763823,255.00000000,-0.05715841,16.20000000,0.29798714,89.30000000,-0.05264373,175.50000000,0E-8,110.00000000,0E-8,84.50000000,-0.45000000,train
1988-07-01,177.00000000,125.50000000,14.50000000,84.50000000,600.00000000,351.00000000,293.00000000,110.00000000,-1.28000000,-0.00568183,353.00000000,0.09798041,544.00000000,-0.07872916,317.00000000,-0.05370418,15.30000000,0.04231714,120.30000000,0.06115442,166.50000000,0E-8,110.00000000,0E-8,84.50000000,-1.09000000,train
1988-08-01,176.50000000,119.90000000,14.60000000,93.00000000,534.00000000,342.00000000,283.00000000,130.00000000,-1.10000000,-0.02597549,351.00000000,-0.11653382,600.00000000,-0.03472571,293.00000000,0.00687288,14.50000000,-0.04564770,125.50000000,-0.00282886,177.00000000,0.16705408,110.00000000,0.09584796,84.50000000,-1.35000000,train
1988-09-01,173.50000000,121.40000000,13.10000000,90.00000000,478.00000000,337.00000000,297.00000000,130.00000000,-1.02000000,-0.01472781,342.00000000,-0.11078511,534.00000000,0.04828524,283.00000000,-0.10840930,14.60000000,0.01243282,119.90000000,-0.01714328,176.50000000,0E-8,130.00000000,-0.03278982,93.00000000,-1.28000000,train
1988-10-01,174.50000000,121.40000000,12.20000000,91.50000000,449.00000000,313.00000000,290.00000000,130.00000000,-1.72000000,-0.07387974,337.00000000,-0.06258784,478.00000000,-0.02385122,297.00000000,-0.07117628,13.10000000,0E-8,121.40000000,0.00574714,173.50000000,0E-8,130.00000000,0.01652930,90.00000000,-1.10000000,train
1988-11-01,173.00000000,114.40000000,12.50000000,91.50000000,431.00000000,313.00000000,283.00000000,130.00000000,-1.89000000,0E-8,313.00000000,-0.04091480,449.00000000,-0.02443403,290.00000000,0.02429269,12.20000000,-0.05938980,121.40000000,-0.00863315,174.50000000,0E-8,130.00000000,0E-8,91.50000000,-1.02000000,train
1988-12-01,178.50000000,116.90000000,14.70000000,91.50000000,444.00000000,313.00000000,287.00000000,120.00000000,-1.75000000,0E-8,313.00000000,0.02971647,431.00000000,0.01403532,283.00000000,0.16211885,12.50000000,0.02161779,114.40000000,0.03129701,173.00000000,-0.08004271,130.00000000,0E-8,91.50000000,-1.72000000,train
1989-01-01,181.00000000,118.20000000,16.50000000,91.50000000,423.00000000,318.00000000,288.00000000,120.00000000,-1.81000000,0.01584819,313.00000000,-0.04845238,444.00000000,0.00347826,287.00000000,0.11551289,14.70000000,0.01105924,116.90000000,0.01390843,178.50000000,0E-8,120.00000000,0E-8,91.50000000,-1.89000000,train
1989-02-01,178.50000000,117.40000000,16.40000000,101.50000000,412.00000000,307.00000000,270.00000000,120.00000000,-1.36000000,-0.03520364,318.00000000,-0.02634883,423.00000000,-0.06453852,288.00000000,-0.00607905,16.50000000,-0.00679120,118.20000000,-0.01390843,181.00000000,0E-8,120.00000000,0.10371983,91.50000000,-1.75000000,train
1989-03-01,176.50000000,118.40000000,18.00000000,100.50000000,437.00000000,313.00000000,277.00000000,120.00000000,-1.11000000,0.01935544,307.00000000,0.05890985,412.00000000,0.02559555,270.00000000,0.09309042,16.40000000,0.00848182,117.40000000,-0.01126772,178.50000000,0E-8,120.00000000,-0.00990107,101.50000000,-1.81000000,train
1989-04-01,167.50000000,115.70000000,19.20000000,98.50000000,440.00000000,297.00000000,264.00000000,113.50000000,-1.04000000,-0.05247105,313.00000000,0.00684153,437.00000000,-0.04806840,277.00000000,0.06453852,18.00000000,-0.02306809,118.40000000,-0.05233753,176.50000000,-0.05568891,120.00000000,-0.02010118,100.50000000,-1.36000000,train
1989-05-01,152.50000000,117.60000000,18.00000000,98.50000000,460.00000000,297.00000000,256.00000000,113.50000000,-0.72000000,0E-8,297.00000000,0.04445176,440.00000000,-0.03077166,264.00000000,-0.06453852,19.20000000,0.01628840,115.70000000,-0.09381876,167.50000000,0E-8,113.50000000,0E-8,98.50000000,-1.11000000,train
1989-06-01,142.50000000,113.00000000,17.60000000,98.50000000,464.00000000,291.00000000,256.00000000,113.50000000,-0.57000000,-0.02040887,297.00000000,0.00865806,460.00000000,0E-8,256.00000000,-0.02247286,18.00000000,-0.03990122,117.60000000,-0.06782260,152.50000000,0E-8,113.50000000,0E-8,98.50000000,-1.04000000,train
1989-07-01,137.50000000,108.70000000,17.70000000,98.50000000,447.00000000,272.00000000,256.00000000,113.50000000,-0.52000000,-0.06752120,291.00000000,-0.03732596,464.00000000,0E-8,256.00000000,0.00566574,17.60000000,-0.03879602,113.00000000,-0.03571808,142.50000000,0E-8,113.50000000,0E-8,98.50000000,-0.72000000,train
1989-08-01,144.00000000,100.90000000,16.90000000,98.50000000,404.00000000,236.00000000,214.00000000,82.50000000,-0.73000000,-0.14197026,272.00000000,-0.10114372,447.00000000,-0.17920143,256.00000000,-0.04625102,17.70000000,-0.07446187,108.70000000,0.04618938,137.50000000,-0.31900454,113.50000000,0E-8,98.50000000,-0.57000000,train
1989-09-01,156.00000000,103.40000000,17.70000000,98.50000000,410.00000000,237.00000000,216.00000000,82.50000000,-0.38000000,0.00422834,236.00000000,0.01474228,404.00000000,0.00930239,214.00000000,0.04625102,16.90000000,0.02447503,100.90000000,0.08004271,144.00000000,0E-8,82.50000000,0E-8,98.50000000,-0.52000000,train
1989-10-01,148.00000000,107.30000000,18.40000000,98.50000000,419.00000000,238.00000000,222.00000000,72.50000000,-0.35000000,0.00421053,237.00000000,0.02171376,410.00000000,0.02739897,216.00000000,0.03878603,17.70000000,0.03702369,103.40000000,-0.05264373,156.00000000,-0.12921173,82.50000000,0E-8,98.50000000,-0.73000000,train
1989-11-01,142.00000000,108.50000000,18.40000000,98.50000000,433.00000000,246.00000000,226.00000000,86.00000000,-0.45000000,0.03306086,238.00000000,0.03286681,419.00000000,0.01785762,222.00000000,0E-8,18.40000000,0.01112152,107.30000000,-0.04138522,148.00000000,0.17076073,72.50000000,0E-8,98.50000000,-0.38000000,train
1989-12-01,137.50000000,109.20000000,19.40000000,98.50000000,429.00000000,248.00000000,226.00000000,98.00000000,0.07000000,0.00809721,246.00000000,-0.00928081,433.00000000,0E-8,226.00000000,0.05292240,18.40000000,0.00643089,108.50000000,-0.03220314,142.00000000,0.13062018,86.00000000,0E-8,98.50000000,-0.35000000,train
1990-01-01,138.50000000,105.60000000,20.40000000,98.50000000,417.00000000,242.00000000,221.00000000,104.50000000,-0.01000000,-0.02449102,248.00000000,-0.02837070,429.00000000,-0.02237230,226.00000000,0.05026183,19.40000000,-0.03352269,109.20000000,0.00724641,137.50000000,0.06421959,98.00000000,0E-8,98.50000000,-0.45000000,train
1990-02-01,139.80000000,106.10000000,19.60000000,98.50000000,428.00000000,240.00000000,209.00000000,106.30000000,0.35000000,-0.00829880,242.00000000,0.02603697,417.00000000,-0.05582845,221.00000000,-0.04000533,20.40000000,0.00472367,105.60000000,0.00934250,138.50000000,0.01707821,104.50000000,0E-8,98.50000000,0.07000000,train
1990-03-01,146.00000000,109.70000000,18.20000000,97.40000000,442.00000000,242.00000000,197.00000000,111.00000000,0.12000000,0.00829880,240.00000000,0.03218669,428.00000000,-0.05913052,209.00000000,-0.07410797,19.60000000,0.03336732,106.10000000,0.04339379,139.80000000,0.04326492,106.30000000,-0.01123034,98.50000000,-0.01000000,train
1990-04-01,155.20000000,118.80000000,16.60000000,93.20000000,440.00000000,247.00000000,198.00000000,111.00000000,0.27000000,0.02045061,242.00000000,-0.00453516,442.00000000,0.00506330,197.00000000,-0.09201890,18.20000000,0.07969204,109.70000000,0.06110799,146.00000000,0E-8,111.00000000,-0.04407849,97.40000000,0.35000000,train
1990-05-01,149.10000000,121.00000000,16.60000000,93.50000000,449.00000000,259.00000000,198.00000000,107.00000000,0.15000000,0.04743973,247.00000000,0.02024816,440.00000000,0E-8,198.00000000,0E-8,16.60000000,0.01834914,118.80000000,-0.04009739,155.20000000,-0.03670137,111.00000000,0.00321371,93.20000000,0.12000000,train
1990-06-01,152.80000000,120.90000000,15.30000000,93.50000000,435.00000000,249.00000000,184.00000000,107.00000000,0.02000000,-0.03937517,259.00000000,-0.03167686,449.00000000,-0.07333127,198.00000000,-0.08154987,16.60000000,-0.00082679,121.00000000,0.02451265,149.10000000,0E-8,107.00000000,0E-8,93.50000000,0.27000000,train
1990-07-01,160.70000000,114.90000000,17.20000000,93.50000000,437.00000000,252.00000000,186.00000000,107.00000000,0.27000000,0.01197619,249.00000000,0.00458716,435.00000000,0.01081092,184.00000000,0.11705656,15.30000000,-0.05090157,120.90000000,0.05040940,152.80000000,0E-8,107.00000000,0E-8,93.50000000,0.15000000,train
1990-08-01,160.50000000,110.10000000,26.40000000,93.50000000,460.00000000,250.00000000,189.00000000,114.90000000,0.22000000,-0.00796817,252.00000000,0.05129329,437.00000000,0.01600034,186.00000000,0.42845463,17.20000000,-0.04267314,114.90000000,-0.00124533,160.70000000,0.07123335,107.00000000,0E-8,93.50000000,0.02000000,train
1990-09-01,165.90000000,101.50000000,32.70000000,93.50000000,461.00000000,250.00000000,197.00000000,90.60000000,0.22000000,0E-8,250.00000000,0.00217155,460.00000000,0.04145671,189.00000000,0.21401107,26.40000000,-0.08133025,110.10000000,0.03309125,160.50000000,-0.23760797,114.90000000,0E-8,93.50000000,0.27000000,train
1990-10-01,165.70000000,100.30000000,34.50000000,93.50000000,468.00000000,247.00000000,211.00000000,136.50000000,0.31000000,-0.01207258,250.00000000,0.01507025,461.00000000,0.06865440,197.00000000,0.05358425,32.70000000,-0.01189310,101.50000000,-0.00120627,165.90000000,0.40987040,90.60000000,0E-8,93.50000000,0.22000000,train
1990-11-01,163.40000000,100.40000000,31.10000000,93.50000000,455.00000000,239.00000000,204.00000000,144.50000000,0.22000000,-0.03292478,247.00000000,-0.02817088,468.00000000,-0.03373814,211.00000000,-0.10375150,34.50000000,0.00099651,100.30000000,-0.01397774,165.70000000,0.05695489,136.50000000,0E-8,93.50000000,0.22000000,train
1990-12-01,158.60000000,102.00000000,26.10000000,93.50000000,476.00000000,244.00000000,208.00000000,147.50000000,0.37000000,0.02070467,239.00000000,0.04512044,455.00000000,0.01941809,204.00000000,-0.17527250,31.10000000,0.01581061,100.40000000,-0.02981587,163.40000000,0.02054867,144.50000000,0E-8,93.50000000,0.31000000,train
1991-01-01,157.40000000,105.70000000,22.60000000,93.50000000,455.00000000,239.00000000,198.00000000,151.00000000,0.58000000,-0.02070467,244.00000000,-0.04512044,476.00000000,-0.04927105,208.00000000,-0.14398541,26.10000000,0.03563208,102.00000000,-0.00759497,158.60000000,0.02345166,147.50000000,0E-8,93.50000000,0.22000000,train
1991-02-01,160.60000000,106.10000000,18.10000000,95.60000000,445.00000000,241.00000000,192.00000000,151.00000000,0.41000000,0.00833338,239.00000000,-0.02222314,455.00000000,-0.03077166,198.00000000,-0.22203797,22.60000000,0.00377715,105.70000000,0.02012647,157.40000000,0E-8,151.00000000,0.02221138,93.50000000,0.37000000,train
1991-03-01,163.60000000,109.50000000,18.10000000,95.60000000,453.00000000,244.00000000,187.00000000,145.00000000,0.24000000,0.01237129,241.00000000,0.01781784,445.00000000,-0.02638676,192.00000000,0E-8,18.10000000,0.03154250,106.10000000,0.01850762,160.60000000,-0.04054609,151.00000000,0E-8,95.60000000,0.58000000,train
1991-04-01,166.00000000,110.30000000,18.50000000,108.00000000,460.00000000,245.00000000,188.00000000,143.50000000,0.45000000,0.00408999,244.00000000,0.01533436,453.00000000,0.00533335,187.00000000,0.02185879,18.10000000,0.00727938,109.50000000,0.01456336,163.60000000,-0.01039871,145.00000000,0.12195841,95.60000000,0.41000000,train
1991-05-01,165.30000000,105.70000000,18.80000000,112.00000000,444.00000000,241.00000000,200.00000000,138.50000000,0.45000000,-0.01646128,245.00000000,-0.03540193,460.00000000,0.06187540,188.00000000,0.01608614,18.50000000,-0.04259903,110.30000000,-0.00422578,166.00000000,-0.03546471,143.50000000,0.03636764,108.00000000,0.24000000,train
1991-06-01,159.30000000,104.20000000,17.90000000,112.00000000,440.00000000,241.00000000,201.00000000,135.50000000,0.59000000,0E-8,241.00000000,-0.00904984,444.00000000,0.00498754,200.00000000,-0.04905616,18.80000000,-0.01429276,105.70000000,-0.03697279,165.30000000,-0.02189869,138.50000000,0E-8,112.00000000,0.45000000,train
1991-07-01,163.50000000,105.10000000,19.10000000,110.40000000,431.00000000,229.00000000,187.00000000,132.50000000,0.70000000,-0.05107493,241.00000000,-0.02066664,440.00000000,-0.07219629,201.00000000,0.06488762,17.90000000,0.00860015,104.20000000,0.02602377,159.30000000,-0.02238899,135.50000000,-0.01438874,112.00000000,0.45000000,train
1991-08-01,161.90000000,110.40000000,19.40000000,110.00000000,457.00000000,241.00000000,195.00000000,132.50000000,0.73000000,0.05107493,229.00000000,0.05857530,431.00000000,0.04189094,187.00000000,0.01558473,19.10000000,0.04919786,105.10000000,-0.00983413,163.50000000,0E-8,132.50000000,-0.00362977,110.40000000,0.59000000,train
1991-09-01,159.50000000,108.90000000,20.10000000,110.00000000,468.00000000,246.00000000,209.00000000,132.50000000,0.42000000,0.02053460,241.00000000,0.02378491,457.00000000,0.06933469,195.00000000,0.03544675,19.40000000,-0.01368010,110.40000000,-0.01493494,161.90000000,0E-8,132.50000000,0E-8,110.00000000,0.70000000,train
1991-10-01,155.00000000,109.70000000,21.50000000,110.00000000,485.00000000,237.00000000,207.00000000,132.50000000,0.89000000,-0.03727139,246.00000000,0.03568060,468.00000000,-0.00961546,209.00000000,0.06733312,20.10000000,0.00731934,108.90000000,-0.02861881,159.50000000,0E-8,132.50000000,0E-8,110.00000000,0.73000000,train
1991-11-01,143.50000000,106.50000000,20.80000000,110.00000000,466.00000000,237.00000000,202.00000000,134.40000000,1.06000000,0E-8,237.00000000,-0.03996326,485.00000000,-0.02445110,207.00000000,-0.03309995,21.50000000,-0.02960438,109.70000000,-0.07709008,155.00000000,0.01423778,132.50000000,0E-8,110.00000000,0.42000000,train
1991-12-01,143.50000000,106.90000000,17.80000000,110.00000000,442.00000000,234.00000000,199.00000000,131.90000000,1.27000000,-0.01273903,237.00000000,-0.05287575,466.00000000,-0.01496287,202.00000000,-0.15575453,20.80000000,0.00374883,106.50000000,0E-8,143.50000000,-0.01877637,134.40000000,0E-8,110.00000000,0.89000000,train
1992-01-01,145.30000000,109.30000000,17.40000000,110.00000000,429.00000000,236.00000000,210.00000000,122.50000000,1.34000000,0.00851069,234.00000000,-0.02985296,442.00000000,0.05380271,199.00000000,-0.02272825,17.80000000,0.02220258,106.90000000,0.01246554,143.50000000,-0.07393303,131.90000000,0E-8,110.00000000,1.06000000,train
1992-02-01,147.90000000,113.60000000,17.60000000,110.00000000,414.00000000,237.00000000,204.00000000,120.60000000,1.32000000,0.00422834,236.00000000,-0.03559095,429.00000000,-0.02898754,210.00000000,0.01142870,17.40000000,0.03858711,109.30000000,0.01773580,145.30000000,-0.01563175,122.50000000,0E-8,110.00000000,1.27000000,train
1992-03-01,144.80000000,117.00000000,17.50000000,110.00000000,434.00000000,240.00000000,200.00000000,120.00000000,1.19000000,0.01257878,237.00000000,0.04717856,414.00000000,-0.01980263,204.00000000,-0.00569802,17.60000000,0.02949043,113.60000000,-0.02118289,147.90000000,-0.00498754,120.60000000,0E-8,110.00000000,1.34000000,train
1992-04-01,142.80000000,108.50000000,18.60000000,110.00000000,425.00000000,235.00000000,192.00000000,120.00000000,1.17000000,-0.02105341,240.00000000,-0.02095537,434.00000000,-0.04082199,200.00000000,0.06096070,17.50000000,-0.07542376,117.00000000,-0.01390843,144.80000000,0E-8,120.00000000,0E-8,110.00000000,1.32000000,train
1992-05-01,140.50000000,109.60000000,19.50000000,110.00000000,439.00000000,247.00000000,196.00000000,120.00000000,0.97000000,0.04980282,235.00000000,0.03241024,425.00000000,0.02061929,192.00000000,0.04725288,18.60000000,0.01008720,108.50000000,-0.01623756,142.80000000,0E-8,120.00000000,0E-8,110.00000000,1.19000000,train
1992-06-01,143.50000000,110.90000000,20.80000000,110.00000000,456.00000000,253.00000000,204.00000000,120.00000000,0.57000000,0.02400115,247.00000000,0.03799340,439.00000000,0.04000533,196.00000000,0.06453852,19.50000000,0.01179152,109.60000000,0.02112755,140.50000000,0E-8,120.00000000,0E-8,110.00000000,1.17000000,train
1992-07-01,146.00000000,102.80000000,20.20000000,110.00000000,429.00000000,237.00000000,205.00000000,120.00000000,0.37000000,-0.06532935,253.00000000,-0.06103589,456.00000000,0.00488999,204.00000000,-0.02927038,20.80000000,-0.07584354,110.90000000,0.01727159,143.50000000,0E-8,120.00000000,0E-8,110.00000000,0.97000000,train
1992-08-01,131.40000000,97.00000000,19.60000000,113.60000000,409.00000000,229.00000000,205.00000000,120.00000000,0.09000000,-0.03433814,237.00000000,-0.04774176,429.00000000,0E-8,205.00000000,-0.03015304,20.20000000,-0.05807437,102.80000000,-0.10536052,146.00000000,0E-8,120.00000000,0.03220314,110.00000000,0.57000000,train
1992-09-01,131.30000000,98.10000000,20.20000000,114.50000000,421.00000000,227.00000000,209.00000000,120.00000000,-0.03000000,-0.00877199,229.00000000,0.02891768,409.00000000,0.01932427,205.00000000,0.03015304,19.60000000,0.01127639,97.00000000,-0.00076132,131.40000000,0E-8,120.00000000,0.00789132,113.60000000,0.37000000,train
1992-10-01,130.10000000,95.10000000,20.10000000,114.50000000,418.00000000,221.00000000,207.00000000,116.90000000,-0.17000000,-0.02678732,227.00000000,-0.00715140,421.00000000,-0.00961546,209.00000000,-0.00496279,20.20000000,-0.03105840,98.10000000,-0.00918140,131.30000000,-0.02617287,120.00000000,0E-8,114.50000000,0.09000000,train
1992-11-01,126.40000000,94.50000000,18.90000000,114.50000000,437.00000000,229.00000000,206.00000000,107.50000000,-0.06000000,0.03555930,221.00000000,0.04445176,418.00000000,-0.00484262,207.00000000,-0.06155789,20.10000000,-0.00632914,95.10000000,-0.02885190,130.10000000,-0.08382802,116.90000000,0E-8,114.50000000,-0.03000000,train
1992-12-01,124.60000000,94.60000000,17.90000000,114.00000000,436.00000000,235.00000000,215.00000000,103.80000000,0E-8,0.02586351,229.00000000,-0.00229095,437.00000000,0.04276186,206.00000000,-0.05436121,18.90000000,0.00105764,94.50000000,-0.01434288,126.40000000,-0.03502488,107.50000000,-0.00437637,114.50000000,-0.17000000,train
1993-01-01,123.80000000,94.20000000,17.20000000,113.00000000,444.00000000,239.00000000,216.00000000,102.50000000,0.35000000,0.01687804,235.00000000,0.01818232,436.00000000,0.00464038,215.00000000,-0.03989133,17.90000000,-0.00423729,94.60000000,-0.00644125,124.60000000,-0.01260317,103.80000000,-0.00881063,114.00000000,-0.06000000,train
1993-02-01,120.30000000,94.40000000,18.20000000,112.50000000,433.00000000,236.00000000,201.00000000,102.50000000,0.43000000,-0.01263175,239.00000000,-0.02508683,444.00000000,-0.07197350,216.00000000,0.05651221,17.20000000,0.00212089,94.20000000,-0.02867874,123.80000000,0E-8,102.50000000,-0.00443460,113.00000000,0E-8,train
1993-03-01,115.10000000,97.10000000,18.50000000,112.50000000,438.00000000,238.00000000,193.00000000,86.20000000,0.36000000,0.00843887,236.00000000,0.01148118,433.00000000,-0.04061472,201.00000000,0.01634914,18.20000000,0.02820030,94.40000000,-0.04418731,120.30000000,-0.17319262,102.50000000,0E-8,112.50000000,0.35000000,train
1993-04-01,112.80000000,100.60000000,18.40000000,112.50000000,448.00000000,244.00000000,194.00000000,81.00000000,0.63000000,0.02489755,238.00000000,0.02257432,438.00000000,0.00516797,193.00000000,-0.00542007,18.50000000,0.03541088,97.10000000,-0.02018498,115.10000000,-0.06222102,86.20000000,0E-8,112.50000000,0.43000000,train
1993-05-01,115.10000000,98.60000000,18.20000000,112.50000000,448.00000000,246.00000000,195.00000000,81.00000000,0.86000000,0.00816331,244.00000000,0E-8,448.00000000,0.00514140,194.00000000,-0.01092907,18.40000000,-0.02008100,100.60000000,0.02018498,112.80000000,0E-8,81.00000000,0E-8,112.50000000,0.36000000,train
1993-06-01,113.90000000,92.80000000,17.50000000,112.50000000,461.00000000,245.00000000,197.00000000,81.00000000,0.39000000,-0.00407333,246.00000000,0.02860481,448.00000000,0.01020417,195.00000000,-0.03922071,18.20000000,-0.06062462,98.60000000,-0.01048045,115.10000000,0E-8,81.00000000,0E-8,112.50000000,0.63000000,train
1993-07-01,112.90000000,101.30000000,16.30000000,112.50000000,505.00000000,287.00000000,227.00000000,81.00000000,0.20000000,0.15822401,245.00000000,0.09116039,461.00000000,0.14174629,197.00000000,-0.07103577,17.50000000,0.08763977,92.80000000,-0.00881840,113.90000000,0E-8,81.00000000,0E-8,112.50000000,0.86000000,train
1993-08-01,113.10000000,100.30000000,16.50000000,112.50000000,483.00000000,274.00000000,223.00000000,81.00000000,0.26000000,-0.04635411,287.00000000,-0.04454178,505.00000000,-0.01777825,227.00000000,0.01219527,16.30000000,-0.00992072,101.30000000,0.00176991,112.90000000,0E-8,81.00000000,0E-8,112.50000000,0.39000000,train
1993-09-01,116.90000000,100.90000000,15.90000000,112.50000000,489.00000000,260.00000000,214.00000000,81.00000000,0.33000000,-0.05244648,274.00000000,0.01234584,483.00000000,-0.04119576,223.00000000,-0.03704127,16.50000000,0.00596423,100.30000000,0.03304649,113.10000000,0E-8,81.00000000,0E-8,112.50000000,0.20000000,train
1993-10-01,129.50000000,106.50000000,16.50000000,112.50000000,491.00000000,249.00000000,207.00000000,81.00000000,0.22000000,-0.04322873,260.00000000,0.00408164,489.00000000,-0.03325722,214.00000000,0.03704127,15.90000000,0.05401506,100.90000000,0.10236201,116.90000000,0E-8,81.00000000,0E-8,112.50000000,0.26000000,train
1993-11-01,140.40000000,116.70000000,15.20000000,112.50000000,536.00000000,267.00000000,216.00000000,82.80000000,0.29000000,0.06979576,249.00000000,0.08769003,491.00000000,0.04255961,207.00000000,-0.08206495,16.50000000,0.09146155,106.50000000,0.08081461,129.50000000,0.02197891,81.00000000,0E-8,112.50000000,0.33000000,train
1993-12-01,150.40000000,121.80000000,13.80000000,112.50000000,589.00000000,276.00000000,215.00000000,85.50000000,0.34000000,0.03315221,267.00000000,0.09429202,536.00000000,-0.00464038,216.00000000,-0.09662684,15.20000000,0.04277382,116.70000000,0.06880292,140.40000000,0.03208831,82.80000000,0E-8,112.50000000,0.22000000,train
1994-01-01,150.00000000,127.20000000,14.10000000,112.50000000,602.00000000,282.00000000,215.00000000,85.50000000,0.22000000,0.02150621,276.00000000,0.02183126,589.00000000,0E-8,215.00000000,0.02150621,13.80000000,0.04338030,121.80000000,-0.00266312,150.40000000,0E-8,85.50000000,0E-8,112.50000000,0.29000000,train
1994-02-01,151.80000000,123.20000000,13.80000000,112.50000000,577.00000000,273.00000000,207.00000000,85.50000000,-0.09000000,-0.03243528,282.00000000,-0.04241518,602.00000000,-0.03791923,215.00000000,-0.02150621,14.10000000,-0.03195160,127.20000000,0.01192857,150.00000000,0E-8,85.50000000,0E-8,112.50000000,0.34000000,train
1994-03-01,155.90000000,119.40000000,13.60000000,112.50000000,586.00000000,274.00000000,200.00000000,98.60000000,0.13000000,0.00365631,273.00000000,0.01547752,577.00000000,-0.03440143,207.00000000,-0.01459880,13.80000000,-0.03132985,123.20000000,0.02665091,151.80000000,0.14255489,85.50000000,0E-8,112.50000000,0.22000000,train
1994-04-01,162.30000000,113.20000000,15.10000000,112.50000000,584.00000000,261.00000000,193.00000000,103.50000000,0.21000000,-0.04860770,274.00000000,-0.00341881,586.00000000,-0.03562718,200.00000000,0.10462495,13.60000000,-0.05332304,119.40000000,0.04023170,155.90000000,0.04850035,98.60000000,0E-8,112.50000000,-0.09000000,train
1994-05-01,159.20000000,109.60000000,16.30000000,112.50000000,594.00000000,256.00000000,196.00000000,103.50000000,0.25000000,-0.01934296,261.00000000,0.01697834,584.00000000,0.01542447,193.00000000,0.07647036,15.10000000,-0.03231879,113.20000000,-0.01928520,162.30000000,0E-8,103.50000000,0E-8,112.50000000,0.13000000,train
1994-06-01,157.60000000,112.20000000,17.20000000,112.50000000,571.00000000,265.00000000,203.00000000,103.50000000,0.32000000,0.03455238,256.00000000,-0.03949011,594.00000000,0.03509132,196.00000000,0.05374428,16.30000000,0.02344562,109.60000000,-0.01010110,159.20000000,0E-8,103.50000000,0E-8,112.50000000,0.21000000,train
1994-07-01,158.60000000,97.80000000,17.90000000,112.50000000,560.00000000,237.00000000,193.00000000,106.50000000,0.38000000,-0.11166968,265.00000000,-0.01945243,571.00000000,-0.05051579,203.00000000,0.03989133,17.20000000,-0.13735842,112.20000000,0.00632513,157.60000000,0.02857337,103.50000000,0E-8,112.50000000,0.25000000,train
1994-08-01,161.10000000,96.00000000,17.00000000,112.50000000,600.00000000,232.00000000,189.00000000,88.00000000,0.51000000,-0.02132277,237.00000000,0.06899287,560.00000000,-0.02094317,193.00000000,-0.05158737,17.90000000,-0.01857639,97.80000000,0.01563998,158.60000000,-0.19080817,106.50000000,0E-8,112.50000000,0.32000000,train
1994-09-01,164.00000000,97.50000000,16.20000000,112.50000000,672.00000000,233.00000000,184.00000000,88.00000000,0.38000000,0.00430108,232.00000000,0.11332869,600.00000000,-0.02681126,189.00000000,-0.04820210,17.00000000,0.01550419,96.00000000,0.01784114,161.10000000,0E-8,88.00000000,0E-8,112.50000000,0.38000000,train
1994-10-01,167.10000000,96.50000000,16.50000000,112.50000000,642.00000000,227.00000000,177.00000000,88.00000000,0.78000000,-0.02608844,233.00000000,-0.04567004,672.00000000,-0.03878603,184.00000000,0.01834914,16.20000000,-0.01030937,97.50000000,0.01872601,164.00000000,0E-8,88.00000000,0E-8,112.50000000,0.51000000,train
1994-11-01,165.90000000,95.50000000,17.10000000,112.50000000,706.00000000,239.00000000,174.00000000,88.00000000,0.97000000,0.05151353,227.00000000,0.09502693,642.00000000,-0.01709443,177.00000000,0.03571808,16.50000000,-0.01041676,96.50000000,-0.00720724,167.10000000,0E-8,88.00000000,0E-8,112.50000000,0.38000000,train
1994-12-01,171.70000000,102.50000000,15.90000000,112.50000000,693.00000000,243.00000000,178.00000000,88.00000000,1.08000000,0.01659789,239.00000000,-0.01858524,706.00000000,0.02272825,174.00000000,-0.07275935,17.10000000,0.07073655,95.50000000,0.03436357,165.90000000,0E-8,88.00000000,0E-8,112.50000000,0.78000000,train
1995-01-01,188.20000000,107.00000000,16.90000000,112.50000000,674.00000000,243.00000000,183.00000000,159.60000000,0.84000000,0E-8,243.00000000,-0.02779989,693.00000000,0.02770260,178.00000000,0.06099451,15.90000000,0.04296604,102.50000000,0.09175646,171.70000000,0.59533387,88.00000000,0E-8,112.50000000,0.97000000,train
1995-02-01,198.60000000,106.70000000,17.40000000,112.50000000,663.00000000,238.00000000,185.00000000,177.50000000,0.80000000,-0.02079077,243.00000000,-0.01645512,674.00000000,0.01086967,183.00000000,0.02915658,16.90000000,-0.00280768,107.00000000,0.05378752,188.20000000,0.10629992,159.60000000,0E-8,112.50000000,1.08000000,train
1995-03-01,205.60000000,109.70000000,17.30000000,112.50000000,652.00000000,246.00000000,175.00000000,191.30000000,0.52000000,0.03306086,238.00000000,-0.01673043,663.00000000,-0.05556985,185.00000000,-0.00576370,17.40000000,0.02772821,106.70000000,0.03463978,198.60000000,0.07487227,177.50000000,0E-8,112.50000000,0.84000000,train
1995-04-01,204.50000000,109.30000000,18.60000000,112.50000000,610.00000000,249.00000000,181.00000000,205.00000000,0.32000000,0.01212136,246.00000000,-0.06658560,652.00000000,0.03371106,175.00000000,0.07245508,17.30000000,-0.00365297,109.70000000,-0.00536456,205.60000000,0.06916710,191.30000000,0E-8,112.50000000,0.80000000,train
1995-05-01,197.80000000,112.00000000,18.40000000,112.50000000,595.00000000,250.00000000,181.00000000,159.00000000,0.12000000,0.00400802,249.00000000,-0.02489755,610.00000000,0E-8,181.00000000,-0.01081092,18.60000000,0.02440248,109.30000000,-0.03331156,204.50000000,-0.25410578,205.00000000,0E-8,112.50000000,0.52000000,train
1995-06-01,185.60000000,119.90000000,17.40000000,112.50000000,611.00000000,252.00000000,180.00000000,90.00000000,0.02000000,0.00796817,250.00000000,0.02653555,595.00000000,-0.00554018,181.00000000,-0.05588046,18.40000000,0.06815919,112.00000000,-0.06366260,197.80000000,-0.56909453,159.00000000,0E-8,112.50000000,0.32000000,train
1995-07-01,180.80000000,127.00000000,16.10000000,112.50000000,626.00000000,261.00000000,193.00000000,90.00000000,-0.03000000,0.03509132,252.00000000,0.02425341,611.00000000,0.06973334,180.00000000,-0.07765093,17.40000000,0.05752902,119.90000000,-0.02620237,185.60000000,0E-8,90.00000000,0E-8,112.50000000,0.12000000,train
1995-08-01,185.30000000,126.40000000,16.50000000,112.50000000,616.00000000,257.00000000,190.00000000,90.00000000,-0.49000000,-0.01544432,261.00000000,-0.01610341,626.00000000,-0.01566612,193.00000000,0.02454111,16.10000000,-0.00473560,127.00000000,0.02458469,180.80000000,0E-8,90.00000000,0E-8,112.50000000,0.02000000,train
1995-09-01,192.00000000,130.50000000,16.80000000,112.50000000,614.00000000,266.00000000,206.00000000,90.00000000,-0.63000000,0.03442022,257.00000000,-0.00325204,616.00000000,0.08085210,190.00000000,0.01801851,16.50000000,0.03192175,126.40000000,0.03551924,185.30000000,0E-8,90.00000000,0E-8,112.50000000,-0.03000000,train
1995-10-01,204.80000000,140.90000000,16.10000000,112.50000000,638.00000000,271.00000000,214.00000000,90.00000000,-0.75000000,0.01862251,266.00000000,0.03834336,614.00000000,0.03809985,206.00000000,-0.04255961,16.80000000,0.07667719,130.50000000,0.06453852,192.00000000,0E-8,90.00000000,0E-8,112.50000000,-0.49000000,train
1995-11-01,224.90000000,144.00000000,16.70000000,112.50000000,623.00000000,282.00000000,225.00000000,90.00000000,-0.88000000,0.03978825,271.00000000,-0.02379176,638.00000000,0.05012439,214.00000000,0.03658945,16.10000000,0.02176288,140.90000000,0.09362197,204.80000000,0E-8,90.00000000,0E-8,112.50000000,-0.63000000,train
1995-12-01,229.20000000,148.70000000,17.90000000,112.50000000,579.00000000,296.00000000,250.00000000,90.00000000,-0.77000000,0.04845238,282.00000000,-0.07324404,623.00000000,0.10536052,225.00000000,0.06939199,16.70000000,0.03211755,144.00000000,0.01893913,224.90000000,0E-8,90.00000000,0E-8,112.50000000,-0.75000000,train
1996-01-01,226.30000000,156.10000000,17.80000000,112.50000000,554.00000000,305.00000000,260.00000000,90.00000000,-0.68000000,0.02995232,296.00000000,-0.04413779,579.00000000,0.03922071,250.00000000,-0.00560226,17.90000000,0.04856597,148.70000000,-0.01273343,229.20000000,0E-8,90.00000000,0E-8,112.50000000,-0.88000000,train
1996-02-01,225.90000000,164.80000000,17.70000000,112.50000000,548.00000000,299.00000000,253.00000000,90.00000000,-0.65000000,-0.01986820,305.00000000,-0.01088940,554.00000000,-0.02729214,260.00000000,-0.00563382,17.80000000,0.05423579,156.10000000,-0.00176913,226.30000000,0E-8,90.00000000,0E-8,112.50000000,-0.77000000,train
1996-03-01,221.00000000,184.90000000,19.40000000,112.50000000,538.00000000,295.00000000,246.00000000,90.00000000,-0.50000000,-0.01346822,299.00000000,-0.01841673,548.00000000,-0.02805795,253.00000000,0.09170843,17.70000000,0.11508252,164.80000000,-0.02192972,225.90000000,0E-8,90.00000000,0E-8,112.50000000,-0.68000000,train
1996-04-01,210.80000000,190.40000000,20.70000000,112.50000000,582.00000000,316.00000000,270.00000000,160.40000000,-0.31000000,0.06876686,295.00000000,0.07861189,538.00000000,0.09309042,246.00000000,0.06486063,19.40000000,0.02931198,184.90000000,-0.04725288,221.00000000,0.57786103,90.00000000,0E-8,112.50000000,-0.65000000,train
1996-05-01,186.10000000,204.00000000,19.10000000,112.50000000,591.00000000,322.00000000,271.00000000,169.50000000,-0.25000000,0.01880933,316.00000000,0.01534557,582.00000000,0.00369686,270.00000000,-0.08044537,20.70000000,0.06899287,190.40000000,-0.12462565,210.80000000,0.05518223,160.40000000,0E-8,112.50000000,-0.50000000,train
1996-06-01,182.10000000,197.60000000,18.50000000,112.50000000,563.00000000,308.00000000,266.00000000,172.10000000,-0.26000000,-0.04445176,322.00000000,-0.04853639,591.00000000,-0.01862251,271.00000000,-0.03191760,19.10000000,-0.03187521,204.00000000,-0.02172818,186.10000000,0.01522278,169.50000000,0E-8,112.50000000,-0.31000000,train
1996-07-01,188.00000000,197.80000000,19.60000000,112.50000000,549.00000000,312.00000000,265.00000000,184.50000000,-0.31000000,0.01290340,308.00000000,-0.02518119,563.00000000,-0.00376648,266.00000000,0.05775883,18.50000000,0.00101163,197.60000000,0.03188598,182.10000000,0.06957376,172.10000000,0E-8,112.50000000,-0.25000000,train
1996-08-01,189.90000000,185.50000000,20.40000000,112.50000000,565.00000000,317.00000000,270.00000000,187.00000000,-0.20000000,0.01589859,312.00000000,0.02872729,549.00000000,0.01869213,265.00000000,0.04000533,19.60000000,-0.06420154,197.80000000,0.01005565,188.00000000,0.01345915,184.50000000,0E-8,112.50000000,-0.26000000,train
1996-09-01,186.70000000,145.40000000,22.30000000,112.50000000,569.00000000,319.00000000,286.00000000,181.40000000,-0.33000000,0.00628933,317.00000000,0.00705470,565.00000000,0.05756985,270.00000000,0.08905178,20.40000000,-0.24356632,185.50000000,-0.01699457,189.90000000,-0.03040408,187.00000000,0E-8,112.50000000,-0.31000000,train
1996-10-01,183.80000000,127.90000000,23.60000000,112.50000000,528.00000000,290.00000000,270.00000000,172.30000000,-0.27000000,-0.09531018,319.00000000,-0.07478415,569.00000000,-0.05756985,286.00000000,0.05666003,22.30000000,-0.12823986,145.40000000,-0.01565484,186.70000000,-0.05146739,181.40000000,0E-8,112.50000000,-0.20000000,train
1996-11-01,188.30000000,117.70000000,22.40000000,112.50000000,517.00000000,286.00000000,274.00000000,172.60000000,-0.19000000,-0.01388911,290.00000000,-0.02105341,528.00000000,0.01470615,270.00000000,-0.05218575,23.60000000,-0.08310969,127.90000000,0.02418823,183.80000000,0.00173964,172.30000000,0E-8,112.50000000,-0.33000000,train
1996-12-01,188.50000000,117.70000000,23.60000000,112.50000000,514.00000000,289.00000000,279.00000000,174.50000000,-0.39000000,0.01043488,286.00000000,-0.00581961,517.00000000,0.01808368,274.00000000,0.05218575,22.40000000,0E-8,117.70000000,0.00106157,188.30000000,0.01094796,172.60000000,0E-8,112.50000000,-0.27000000,train
1997-01-01,188.00000000,118.40000000,23.20000000,112.50000000,534.00000000,301.00000000,280.00000000,173.50000000,-0.25000000,0.04068358,289.00000000,0.03817257,514.00000000,0.00357782,279.00000000,-0.01709443,23.60000000,0.00592971,117.70000000,-0.00265604,188.50000000,-0.00574714,174.50000000,0E-8,112.50000000,-0.19000000,train
1997-02-01,187.40000000,121.70000000,20.40000000,112.50000000,527.00000000,308.00000000,282.00000000,160.40000000,-0.08000000,0.02298952,301.00000000,-0.01319529,534.00000000,0.00711747,280.00000000,-0.12861738,23.20000000,0.02749028,118.40000000,-0.00319659,188.00000000,-0.07850690,173.50000000,0E-8,112.50000000,-0.39000000,train
1997-03-01,187.40000000,127.60000000,19.30000000,112.50000000,541.00000000,332.00000000,300.00000000,148.00000000,0.05000000,0.07503519,308.00000000,0.02621873,527.00000000,0.06187540,282.00000000,-0.05542980,20.40000000,0.04734137,121.70000000,0E-8,187.40000000,-0.08045842,160.40000000,0E-8,112.50000000,-0.25000000,train
1997-04-01,188.50000000,124.40000000,17.90000000,112.50000000,541.00000000,338.00000000,301.00000000,135.00000000,0.44000000,0.01791093,332.00000000,0E-8,541.00000000,0.00332779,300.00000000,-0.07530438,19.30000000,-0.02539819,127.60000000,0.00585264,187.40000000,-0.09193750,148.00000000,0E-8,112.50000000,-0.08000000,train
1997-05-01,188.50000000,118.80000000,19.40000000,112.50000000,541.00000000,298.00000000,300.00000000,113.10000000,0.72000000,-0.12595241,338.00000000,0E-8,541.00000000,-0.00332779,301.00000000,0.08047235,17.90000000,-0.04606077,124.40000000,0E-8,188.50000000,-0.17700240,135.00000000,0E-8,112.50000000,0.05000000,train
1997-06-01,187.00000000,112.10000000,17.90000000,112.50000000,550.00000000,278.00000000,274.00000000,108.50000000,0.91000000,-0.06947237,298.00000000,0.01649900,541.00000000,-0.09065437,300.00000000,-0.08047235,19.40000000,-0.05805008,118.80000000,-0.00798939,188.50000000,-0.04152221,113.10000000,0E-8,112.50000000,0.44000000,train
1997-07-01,186.90000000,106.10000000,18.30000000,112.50000000,535.00000000,306.00000000,248.00000000,112.50000000,1.21000000,0.09596399,278.00000000,-0.02765153,550.00000000,-0.09969936,274.00000000,0.02210035,17.90000000,-0.05500928,112.10000000,-0.00053490,187.00000000,0.03620305,108.50000000,0E-8,112.50000000,0.72000000,train
1997-08-01,186.60000000,112.90000000,18.70000000,112.50000000,544.00000000,265.00000000,258.00000000,102.50000000,1.40000000,-0.14385528,306.00000000,0.01668250,535.00000000,0.03953084,248.00000000,0.02162246,18.30000000,0.06212043,106.10000000,-0.00160643,186.90000000,-0.09309042,112.50000000,0E-8,112.50000000,0.91000000,train
1997-09-01,186.60000000,112.20000000,18.70000000,112.50000000,555.00000000,269.00000000,266.00000000,88.30000000,1.63000000,0.01498155,265.00000000,0.02001887,544.00000000,0.03053672,258.00000000,0E-8,18.70000000,-0.00621948,112.90000000,0E-8,186.60000000,-0.14912269,102.50000000,0E-8,112.50000000,1.21000000,train
1997-10-01,186.00000000,120.40000000,20.00000000,112.50000000,611.00000000,278.00000000,260.00000000,87.50000000,1.69000000,0.03290973,269.00000000,0.09612885,555.00000000,-0.02281468,266.00000000,0.06720875,18.70000000,0.07053654,112.20000000,-0.00322061,186.60000000,-0.00910131,88.30000000,0E-8,112.50000000,1.40000000,train
1997-11-01,185.50000000,117.20000000,19.10000000,112.50000000,676.00000000,288.00000000,276.00000000,90.60000000,1.85000000,0.03533937,278.00000000,0.10109612,611.00000000,0.05971923,260.00000000,-0.04604394,20.00000000,-0.02693766,120.40000000,-0.00269179,186.00000000,0.03481542,87.50000000,0E-8,112.50000000,1.63000000,train
1997-12-01,185.50000000,113.50000000,17.10000000,112.50000000,622.00000000,284.00000000,264.00000000,90.00000000,1.78000000,-0.01398624,288.00000000,-0.08325298,676.00000000,-0.04445176,276.00000000,-0.11060987,19.10000000,-0.03207904,117.20000000,0E-8,185.50000000,-0.00664454,90.60000000,0E-8,112.50000000,1.69000000,train
1998-01-01,184.00000000,114.70000000,15.00000000,112.50000000,625.00000000,273.00000000,231.00000000,86.30000000,1.81000000,-0.03950244,284.00000000,0.00481156,622.00000000,-0.13353139,264.00000000,-0.13102826,17.10000000,0.01051719,113.50000000,-0.00811912,185.50000000,-0.04198007,90.00000000,0E-8,112.50000000,1.85000000,train
1998-02-01,183.50000000,113.40000000,14.10000000,112.50000000,634.00000000,273.00000000,214.00000000,77.50000000,1.53000000,0E-8,273.00000000,0.01429730,625.00000000,-0.07644170,231.00000000,-0.06187540,15.00000000,-0.01139863,114.70000000,-0.00272109,184.00000000,-0.10755166,86.30000000,0E-8,112.50000000,1.78000000,train
1998-03-01,183.50000000,114.20000000,13.10000000,112.50000000,652.00000000,265.00000000,184.00000000,84.50000000,1.06000000,-0.02974197,273.00000000,0.02799561,634.00000000,-0.15104026,214.00000000,-0.07356257,14.10000000,0.00702991,113.40000000,0E-8,183.50000000,0.08647360,77.50000000,0E-8,112.50000000,1.81000000,train
1998-04-01,185.00000000,107.10000000,13.50000000,112.50000000,662.00000000,259.00000000,165.00000000,100.00000000,0.55000000,-0.02290176,265.00000000,0.01522099,652.00000000,-0.10899028,184.00000000,0.03007746,13.10000000,-0.06418832,114.20000000,0.00814116,183.50000000,0.16841865,84.50000000,0E-8,112.50000000,1.53000000,train
1998-05-01,186.50000000,106.10000000,14.00000000,112.50000000,671.00000000,247.00000000,162.00000000,95.00000000,0.59000000,-0.04743973,259.00000000,0.01350358,662.00000000,-0.01834914,165.00000000,0.03636764,13.50000000,-0.00938093,107.10000000,0.00807541,185.00000000,-0.05129329,100.00000000,0E-8,112.50000000,1.06000000,train
1998-06-01,189.20000000,104.20000000,12.50000000,112.50000000,629.00000000,242.00000000,159.00000000,88.40000000,-0.44000000,-0.02045061,247.00000000,-0.06463788,671.00000000,-0.01869213,162.00000000,-0.11332869,14.00000000,-0.01806992,106.10000000,0.01437342,186.50000000,-0.07200492,95.00000000,0E-8,112.50000000,0.55000000,train
1998-07-01,190.50000000,100.50000000,12.70000000,112.50000000,612.00000000,238.00000000,157.00000000,86.00000000,-0.53000000,-0.01666705,242.00000000,-0.02739897,629.00000000,-0.01265840,159.00000000,0.01587335,12.50000000,-0.03615440,104.20000000,0.00684754,189.20000000,-0.02752467,88.40000000,0E-8,112.50000000,0.59000000,train
1998-08-01,190.50000000,87.90000000,12.50000000,112.50000000,592.00000000,219.00000000,145.00000000,85.50000000,-0.74000000,-0.08319894,238.00000000,-0.03322565,612.00000000,-0.07951206,157.00000000,-0.01587335,12.70000000,-0.13395792,100.50000000,0E-8,190.50000000,-0.00583092,86.00000000,0E-8,112.50000000,-0.44000000,train
1998-09-01,190.50000000,86.30000000,13.80000000,112.50000000,615.00000000,216.00000000,145.00000000,83.60000000,-0.97000000,-0.01379332,219.00000000,0.03811563,592.00000000,0E-8,145.00000000,0.09893995,12.50000000,-0.01837021,87.90000000,0E-8,190.50000000,-0.02247286,85.50000000,0E-8,112.50000000,-0.53000000,train
1998-10-01,189.60000000,95.50000000,13.30000000,112.50000000,614.00000000,223.00000000,151.00000000,75.60000000,-1.16000000,0.03189336,216.00000000,-0.00162734,615.00000000,0.04054609,145.00000000,-0.03690456,13.80000000,0.10129665,86.30000000,-0.00473560,190.50000000,-0.10058724,83.60000000,0E-8,112.50000000,-0.74000000,train
1998-11-01,186.70000000,98.10000000,11.90000000,112.50000000,614.00000000,234.00000000,163.00000000,70.70000000,-1.08000000,0.04814934,223.00000000,0E-8,614.00000000,0.07647036,151.00000000,-0.11122564,13.30000000,0.02686112,95.50000000,-0.01541354,189.60000000,-0.06701071,75.60000000,0E-8,112.50000000,-0.97000000,train
1998-12-01,182.80000000,95.80000000,10.40000000,112.50000000,591.00000000,230.00000000,168.00000000,65.50000000,-1.45000000,-0.01724181,234.00000000,-0.03817891,614.00000000,0.03021378,163.00000000,-0.13473259,11.90000000,-0.02372468,98.10000000,-0.02111039,186.70000000,-0.07639543,70.70000000,0E-8,112.50000000,-1.16000000,train
1999-01-01,181.80000000,97.40000000,11.40000000,112.50000000,542.00000000,221.00000000,166.00000000,64.50000000,-1.68000000,-0.03991661,230.00000000,-0.08655002,591.00000000,-0.01197619,168.00000000,0.09180755,10.40000000,0.01656353,95.80000000,-0.00548548,182.80000000,-0.01538492,65.50000000,0E-8,112.50000000,-1.08000000,train
1999-02-01,181.60000000,94.20000000,10.80000000,112.50000000,482.00000000,205.00000000,159.00000000,64.00000000,-1.28000000,-0.07515272,221.00000000,-0.11732189,542.00000000,-0.04308359,166.00000000,-0.05406722,11.40000000,-0.03340603,97.40000000,-0.00110072,181.80000000,-0.00778214,64.50000000,0E-8,112.50000000,-1.45000000,train
1999-03-01,181.80000000,96.20000000,13.20000000,112.50000000,444.00000000,205.00000000,163.00000000,75.50000000,-0.90000000,0E-8,205.00000000,-0.08211955,482.00000000,0.02484600,159.00000000,0.20067070,10.80000000,0.02100918,94.20000000,0.00110072,181.60000000,0.16524957,64.00000000,0E-8,112.50000000,-1.68000000,train
1999-04-01,180.50000000,94.10000000,15.90000000,112.50000000,443.00000000,207.00000000,165.00000000,64.50000000,-0.71000000,0.00970881,205.00000000,-0.00225479,444.00000000,0.01219527,163.00000000,0.18610228,13.20000000,-0.02207131,96.20000000,-0.00717640,181.80000000,-0.15746743,75.50000000,0E-8,112.50000000,-1.28000000,train
1999-05-01,180.50000000,92.50000000,16.10000000,112.50000000,422.00000000,199.00000000,147.00000000,64.90000000,-0.78000000,-0.03941397,207.00000000,-0.04856446,443.00000000,-0.11551289,165.00000000,0.01250016,15.90000000,-0.01714940,94.10000000,0E-8,180.50000000,0.00618240,64.50000000,0E-8,112.50000000,-0.90000000,train
1999-06-01,180.50000000,93.70000000,16.40000000,112.50000000,406.00000000,194.00000000,146.00000000,63.80000000,-0.76000000,-0.02544667,199.00000000,-0.03865215,422.00000000,-0.00682597,147.00000000,0.01846206,16.10000000,0.01288954,92.50000000,0E-8,180.50000000,-0.01709443,64.90000000,0E-8,112.50000000,-0.71000000,train
1999-07-01,177.00000000,84.00000000,19.00000000,112.50000000,391.00000000,183.00000000,144.00000000,62.80000000,-0.89000000,-0.05837201,194.00000000,-0.03764560,406.00000000,-0.01379332,146.00000000,0.14715764,16.40000000,-0.10928139,93.70000000,-0.01958105,180.50000000,-0.01579812,63.80000000,0E-8,112.50000000,-0.78000000,train
1999-08-01,172.40000000,85.70000000,20.30000000,112.50000000,412.00000000,199.00000000,160.00000000,65.70000000,-1.02000000,0.08381867,183.00000000,0.05231579,391.00000000,0.10536052,144.00000000,0.06618191,19.00000000,0.02003603,84.00000000,-0.02633237,177.00000000,0.04514385,62.80000000,0E-8,112.50000000,-0.76000000,train
1999-09-01,164.40000000,86.50000000,22.70000000,112.50000000,414.00000000,207.00000000,177.00000000,67.50000000,-0.87000000,0.03941397,199.00000000,0.00484262,412.00000000,0.10097592,160.00000000,0.11174404,20.30000000,0.00929159,85.70000000,-0.04751488,172.40000000,0.02702867,65.70000000,0E-8,112.50000000,-0.89000000,train
1999-10-01,157.00000000,85.80000000,22.00000000,112.50000000,400.00000000,203.00000000,188.00000000,65.40000000,-0.95000000,-0.01951281,207.00000000,-0.03440143,414.00000000,0.06029223,177.00000000,-0.03132247,22.70000000,-0.00812541,86.50000000,-0.04605668,164.40000000,-0.03160534,67.50000000,0E-8,112.50000000,-1.02000000,train
1999-11-01,148.30000000,85.40000000,24.20000000,112.50000000,387.00000000,198.00000000,183.00000000,66.00000000,-1.33000000,-0.02493895,203.00000000,-0.03303985,400.00000000,-0.02695581,188.00000000,0.09531018,22.00000000,-0.00467291,85.80000000,-0.05700856,157.00000000,0.00913248,65.40000000,0E-8,112.50000000,-0.87000000,train
1999-12-01,147.50000000,87.20000000,25.10000000,112.50000000,375.00000000,199.00000000,184.00000000,66.80000000,-1.43000000,0.00503779,198.00000000,-0.03149867,387.00000000,0.00544960,183.00000000,0.03651521,24.20000000,0.02085823,85.40000000,-0.00540907,148.30000000,0.01204834,66.00000000,0E-8,112.50000000,-0.95000000,train
2000-01-01,147.20000000,93.30000000,25.30000000,112.50000000,370.00000000,208.00000000,195.00000000,77.40000000,-1.41000000,0.04423325,199.00000000,-0.01342302,375.00000000,0.05806380,184.00000000,0.00793655,25.10000000,0.06761578,87.20000000,-0.00203597,147.50000000,0.14728370,66.80000000,0E-8,112.50000000,-1.33000000,train
2000-02-01,144.50000000,95.20000000,27.20000000,112.50000000,358.00000000,214.00000000,203.00000000,90.10000000,-1.26000000,0.02843794,208.00000000,-0.03297002,370.00000000,0.04020642,195.00000000,0.07241258,25.30000000,0.02015983,93.30000000,-0.01851270,147.20000000,0.15193338,77.40000000,0E-8,112.50000000,-1.43000000,train
2000-03-01,143.00000000,95.10000000,27.50000000,112.50000000,363.00000000,221.00000000,205.00000000,88.80000000,-1.07000000,0.03218669,214.00000000,0.01386985,358.00000000,0.00980400,203.00000000,0.01096903,27.20000000,-0.00105097,95.20000000,-0.01043488,144.50000000,-0.01453351,90.10000000,0E-8,112.50000000,-1.41000000,train
2000-04-01,143.00000000,95.20000000,23.50000000,112.50000000,366.00000000,229.00000000,199.00000000,83.30000000,-0.81000000,0.03555930,221.00000000,0.00823050,363.00000000,-0.02970515,205.00000000,-0.15718558,27.50000000,0.00105097,95.10000000,0E-8,143.00000000,-0.06393810,88.80000000,0E-8,112.50000000,-1.26000000,train
2000-05-01,143.00000000,96.40000000,27.20000000,112.50000000,338.00000000,229.00000000,202.00000000,91.00000000,-0.84000000,0E-8,229.00000000,-0.07958744,366.00000000,0.01496287,199.00000000,0.14621655,23.50000000,0.01252626,95.20000000,0E-8,143.00000000,0.08841096,83.30000000,0E-8,112.50000000,-1.07000000,train
2000-06-01,142.00000000,84.30000000,29.60000000,112.50000000,330.00000000,211.00000000,199.00000000,105.10000000,-0.55000000,-0.08186387,229.00000000,-0.02395324,338.00000000,-0.01496287,202.00000000,0.08455739,27.20000000,-0.13412434,96.40000000,-0.00701757,143.00000000,0.14405277,91.00000000,0E-8,112.50000000,-0.81000000,train
2000-07-01,140.30000000,75.30000000,28.20000000,112.50000000,339.00000000,197.00000000,190.00000000,121.70000000,-0.54000000,-0.06865440,211.00000000,0.02690745,330.00000000,-0.04628075,199.00000000,-0.04845238,29.60000000,-0.11290173,84.30000000,-0.01204407,142.00000000,0.14664672,105.10000000,0E-8,112.50000000,-0.84000000,train
2000-08-01,148.60000000,75.60000000,29.30000000,112.50000000,329.00000000,198.00000000,190.00000000,133.40000000,-0.35000000,0.00506330,197.00000000,-0.02994236,339.00000000,0E-8,190.00000000,0.03826554,28.20000000,0.00397615,75.30000000,0.05747515,140.30000000,0.09179313,121.70000000,0E-8,112.50000000,-0.55000000,train
2000-09-01,157.50000000,80.40000000,32.10000000,112.50000000,312.00000000,209.00000000,207.00000000,113.90000000,-0.33000000,0.05406722,198.00000000,-0.05305456,329.00000000,0.08569472,190.00000000,0.09126851,29.30000000,0.06155789,75.60000000,0.05816733,148.60000000,-0.15803126,133.40000000,0E-8,112.50000000,-0.54000000,train
2000-10-01,155.90000000,85.00000000,31.40000000,112.50000000,314.00000000,203.00000000,205.00000000,111.10000000,-0.56000000,-0.02912827,209.00000000,0.00638980,312.00000000,-0.00970881,207.00000000,-0.02204814,32.10000000,0.05563708,80.40000000,-0.01021068,157.50000000,-0.02489017,113.90000000,0E-8,112.50000000,-0.35000000,train
2000-11-01,153.50000000,89.20000000,32.30000000,112.50000000,317.00000000,206.00000000,215.00000000,99.40000000,-0.61000000,0.01467019,203.00000000,0.00950879,314.00000000,0.04762805,205.00000000,0.02825934,31.40000000,0.04822978,85.00000000,-0.01551421,155.90000000,-0.11127858,111.10000000,0E-8,112.50000000,-0.33000000,train
2000-12-01,153.50000000,97.60000000,25.20000000,112.50000000,321.00000000,217.00000000,235.00000000,96.00000000,-0.89000000,0.05202118,206.00000000,0.01253935,317.00000000,0.08894749,215.00000000,-0.24822324,32.30000000,0.08999645,89.20000000,0E-8,153.50000000,-0.03480392,99.40000000,0E-8,112.50000000,-0.56000000,train
2001-01-01,154.50000000,95.20000000,26.00000000,112.50000000,305.00000000,210.00000000,223.00000000,121.00000000,-0.74000000,-0.03278982,217.00000000,-0.05112935,321.00000000,-0.05241374,235.00000000,0.03125254,25.20000000,-0.02489755,97.60000000,0.00649353,153.50000000,0.23144235,96.00000000,0E-8,112.50000000,-0.61000000,train
2001-02-01,159.00000000,92.00000000,27.20000000,112.50000000,304.00000000,200.00000000,202.00000000,105.30000000,-0.70000000,-0.04879016,210.00000000,-0.00328408,305.00000000,-0.09890407,223.00000000,0.04512044,26.00000000,-0.03419136,95.20000000,0.02871011,154.50000000,-0.13897713,121.00000000,0E-8,112.50000000,-0.89000000,train
2001-03-01,159.10000000,90.30000000,25.00000000,112.50000000,328.00000000,195.00000000,205.00000000,98.90000000,-0.39000000,-0.02531781,200.00000000,0.07598591,304.00000000,0.01474228,202.00000000,-0.08434115,27.20000000,-0.01865112,92.00000000,0.00062873,159.00000000,-0.06270418,105.30000000,0E-8,112.50000000,-0.74000000,train
2001-04-01,151.30000000,88.00000000,25.70000000,112.50000000,326.00000000,186.00000000,198.00000000,95.30000000,-0.26000000,-0.04725288,195.00000000,-0.00611623,328.00000000,-0.03474295,205.00000000,0.02761517,25.00000000,-0.02580065,90.30000000,-0.05026831,159.10000000,-0.03707943,98.90000000,0E-8,112.50000000,-0.70000000,train
2001-05-01,142.00000000,84.10000000,27.50000000,112.50000000,295.00000000,184.00000000,197.00000000,85.00000000,-0.14000000,-0.01081092,186.00000000,-0.09992203,326.00000000,-0.00506330,198.00000000,0.06769501,25.70000000,-0.04533025,88.00000000,-0.06343756,151.30000000,-0.11437855,95.30000000,0E-8,112.50000000,-0.39000000,train
2001-06-01,133.10000000,83.30000000,27.00000000,112.50000000,287.00000000,188.00000000,207.00000000,87.50000000,0E-8,0.02150621,184.00000000,-0.02749314,295.00000000,0.04951506,197.00000000,-0.01834914,27.50000000,-0.00955802,84.10000000,-0.06472633,142.00000000,0.02898754,85.00000000,0E-8,112.50000000,-0.26000000,train
2001-07-01,135.00000000,91.70000000,24.80000000,112.50000000,421.00000000,208.00000000,209.00000000,87.50000000,0.13000000,0.10109612,188.00000000,0.38315062,287.00000000,0.00961546,207.00000000,-0.08499321,27.00000000,0.09607383,83.30000000,0.01417405,133.10000000,0E-8,87.50000000,0E-8,112.50000000,-0.14000000,train
2001-08-01,135.00000000,93.10000000,25.80000000,112.50000000,427.00000000,212.00000000,203.00000000,88.80000000,0.07000000,0.01904819,208.00000000,0.01415118,421.00000000,-0.02912827,209.00000000,0.03953084,24.80000000,0.01515181,91.70000000,0E-8,135.00000000,0.01474786,87.50000000,0E-8,112.50000000,0E-8,train
2001-09-01,135.00000000,90.10000000,25.20000000,112.50000000,385.00000000,202.00000000,204.00000000,94.50000000,-0.04000000,-0.04831858,212.00000000,-0.10354068,427.00000000,0.00491401,203.00000000,-0.02353050,25.80000000,-0.03275402,93.10000000,0E-8,135.00000000,0.06221318,88.80000000,0E-8,112.50000000,0.13000000,train
2001-10-01,135.90000000,86.60000000,20.70000000,112.50000000,373.00000000,187.00000000,204.00000000,96.10000000,0.13000000,-0.07715908,202.00000000,-0.03166491,385.00000000,0E-8,204.00000000,-0.19671029,25.20000000,-0.03962035,90.10000000,0.00664454,135.00000000,0.01678948,94.50000000,0E-8,112.50000000,0.07000000,train
2001-11-01,140.50000000,89.50000000,18.70000000,112.50000000,391.00000000,189.00000000,208.00000000,96.50000000,-0.11000000,0.01063840,187.00000000,0.04712914,373.00000000,0.01941809,204.00000000,-0.10161018,20.70000000,0.03293881,86.60000000,0.03328817,135.90000000,0.00415369,96.10000000,0E-8,112.50000000,-0.04000000,train
2001-12-01,141.70000000,91.90000000,18.50000000,112.50000000,397.00000000,189.00000000,195.00000000,101.20000000,-0.27000000,0E-8,189.00000000,0.01522872,391.00000000,-0.06453852,208.00000000,-0.01075279,18.70000000,0.02646240,89.50000000,0.00850466,140.50000000,0.04755575,96.50000000,0E-8,112.50000000,0.13000000,train
2002-01-01,146.00000000,92.00000000,19.20000000,112.50000000,389.00000000,188.00000000,206.00000000,104.10000000,0.01000000,-0.00530505,189.00000000,-0.02035694,397.00000000,0.05487661,195.00000000,0.03713955,18.50000000,0.00108755,91.90000000,0.02989448,141.70000000,0.02825322,101.20000000,0E-8,112.50000000,-0.11000000,train
2002-02-01,150.30000000,90.80000000,20.00000000,112.50000000,365.00000000,187.00000000,197.00000000,99.60000000,0.15000000,-0.00533335,188.00000000,-0.06368199,389.00000000,-0.04467244,206.00000000,0.04082199,19.20000000,-0.01312929,92.00000000,0.02902668,146.00000000,-0.04418981,104.10000000,0E-8,112.50000000,-0.27000000,train
2002-03-01,149.80000000,89.60000000,23.60000000,112.50000000,359.00000000,191.00000000,190.00000000,90.30000000,0.22000000,0.02116481,187.00000000,-0.01657497,365.00000000,-0.03617966,197.00000000,0.16551444,20.00000000,-0.01330397,90.80000000,-0.00333223,150.30000000,-0.09802470,99.60000000,0E-8,112.50000000,0.01000000,train
2002-04-01,147.80000000,87.10000000,25.40000000,112.50000000,371.00000000,195.00000000,186.00000000,84.70000000,0.28000000,0.02072613,191.00000000,0.03287967,359.00000000,-0.02127740,190.00000000,0.07350246,23.60000000,-0.02829844,89.60000000,-0.01344106,149.80000000,-0.06402186,90.30000000,0E-8,112.50000000,0.15000000,train
2002-05-01,143.90000000,90.30000000,25.70000000,112.50000000,400.00000000,197.00000000,187.00000000,85.50000000,0.40000000,0.01020417,195.00000000,0.07526248,371.00000000,0.00536194,186.00000000,0.01174182,25.40000000,0.03608058,87.10000000,-0.02674139,147.80000000,0.00940077,84.70000000,0E-8,112.50000000,0.22000000,train
2002-06-01,149.50000000,94.10000000,24.50000000,112.50000000,457.00000000,200.00000000,187.00000000,92.80000000,0.65000000,0.01511364,197.00000000,0.13321884,400.00000000,0E-8,187.00000000,-0.04781787,25.70000000,0.04122059,90.30000000,0.03817778,143.90000000,0.08193026,85.50000000,0E-8,112.50000000,0.28000000,train
2002-07-01,160.50000000,98.70000000,25.80000000,112.50000000,490.00000000,218.00000000,191.00000000,94.20000000,0.66000000,0.08617770,200.00000000,0.06972200,457.00000000,0.02116481,187.00000000,0.05170137,24.50000000,0.04772690,94.10000000,0.07099755,149.50000000,0.01497354,92.80000000,0E-8,112.50000000,0.40000000,train
2002-08-01,162.50000000,108.90000000,26.80000000,112.50000000,503.00000000,227.00000000,190.00000000,105.00000000,0.67000000,0.04045495,218.00000000,0.02618478,490.00000000,-0.00524936,191.00000000,0.03802740,25.80000000,0.09834508,98.70000000,0.01238406,160.50000000,0.10854017,94.20000000,0E-8,112.50000000,0.65000000,train
2002-09-01,160.90000000,114.10000000,28.30000000,112.50000000,506.00000000,236.00000000,202.00000000,93.00000000,0.81000000,0.03888179,227.00000000,0.00594650,503.00000000,0.06124363,190.00000000,0.05445992,26.80000000,0.04664523,108.90000000,-0.00989495,162.50000000,-0.12136086,105.00000000,0E-8,112.50000000,0.66000000,train
2002-10-01,156.30000000,109.70000000,27.50000000,112.50000000,529.00000000,229.00000000,202.00000000,92.30000000,0.93000000,-0.03010980,236.00000000,0.04445176,506.00000000,0E-8,202.00000000,-0.02867580,28.30000000,-0.03932589,114.10000000,-0.02900582,160.90000000,-0.00755535,93.00000000,0E-8,112.50000000,0.67000000,train
2002-11-01,151.50000000,108.90000000,24.50000000,112.50000000,582.00000000,243.00000000,206.00000000,92.30000000,1.20000000,0.05933944,229.00000000,0.09548202,529.00000000,0.01960847,202.00000000,-0.11551289,27.50000000,-0.00731934,109.70000000,-0.03119161,156.30000000,0E-8,92.30000000,0E-8,112.50000000,0.81000000,train
2002-12-01,147.50000000,107.00000000,27.90000000,112.50000000,591.00000000,241.00000000,204.00000000,99.40000000,1.25000000,-0.00826451,243.00000000,0.01534557,582.00000000,-0.00975617,206.00000000,0.12995357,24.50000000,-0.01760120,108.90000000,-0.02675745,151.50000000,0.07410797,92.30000000,0E-8,112.50000000,0.93000000,train
2003-01-01,149.80000000,106.10000000,30.80000000,112.50000000,541.00000000,244.00000000,206.00000000,112.00000000,0.58000000,0.01237129,241.00000000,-0.08839674,591.00000000,0.00975617,204.00000000,0.09888800,27.90000000,-0.00844679,107.00000000,0.01547290,147.50000000,0.11934676,99.40000000,0E-8,112.50000000,1.20000000,train
2003-02-01,155.30000000,105.90000000,32.90000000,112.50000000,522.00000000,243.00000000,214.00000000,132.10000000,0.68000000,-0.00410678,244.00000000,-0.03575169,541.00000000,0.03809985,206.00000000,0.06595797,30.80000000,-0.00188679,106.10000000,0.03605766,149.80000000,0.16506034,112.00000000,0E-8,112.50000000,1.25000000,train
2003-03-01,177.20000000,105.60000000,30.40000000,112.50000000,523.00000000,241.00000000,213.00000000,138.90000000,0.54000000,-0.00826451,243.00000000,0.00191388,522.00000000,-0.00468385,214.00000000,-0.07903005,32.90000000,-0.00283688,105.90000000,0.13192031,155.30000000,0.05019504,132.10000000,0E-8,112.50000000,0.58000000,train
2003-04-01,181.50000000,105.50000000,25.60000000,112.50000000,541.00000000,251.00000000,218.00000000,118.60000000,0.22000000,0.04065601,241.00000000,0.03383781,523.00000000,0.02320290,213.00000000,-0.17185026,30.40000000,-0.00094742,105.60000000,0.02397662,177.20000000,-0.15799776,138.90000000,0E-8,112.50000000,0.68000000,train
2003-05-01,178.40000000,107.50000000,26.10000000,112.50000000,549.00000000,250.00000000,222.00000000,128.10000000,-0.26000000,-0.00399202,251.00000000,0.01467916,541.00000000,0.01818232,218.00000000,0.01934296,25.60000000,0.01877989,105.50000000,-0.01722743,181.50000000,0.07705472,118.60000000,0E-8,112.50000000,0.54000000,train
2003-06-01,171.30000000,107.30000000,27.90000000,112.50000000,546.00000000,239.00000000,219.00000000,133.90000000,0.12000000,-0.04499737,250.00000000,-0.00547947,549.00000000,-0.01360565,222.00000000,0.06669137,26.10000000,-0.00186220,107.50000000,-0.04061181,178.40000000,0.04428204,128.10000000,0E-8,112.50000000,0.22000000,train
2003-07-01,176.40000000,96.80000000,28.60000000,112.50000000,531.00000000,230.00000000,211.00000000,142.80000000,0.26000000,-0.03838424,239.00000000,-0.02785695,546.00000000,-0.03721360,219.00000000,0.02478003,27.90000000,-0.10298166,107.30000000,0.02933774,171.30000000,0.06435180,133.90000000,0E-8,112.50000000,-0.26000000,train
2003-08-01,175.60000000,100.70000000,29.70000000,112.50000000,516.00000000,237.00000000,213.00000000,141.50000000,0.30000000,0.02998083,230.00000000,-0.02865526,531.00000000,0.00943403,211.00000000,0.03774033,28.60000000,0.03949881,96.80000000,-0.00454546,176.40000000,-0.00914533,142.80000000,0E-8,112.50000000,0.12000000,train
2003-09-01,171.30000000,104.10000000,26.90000000,112.50000000,558.00000000,264.00000000,230.00000000,146.80000000,0.21000000,0.10788896,237.00000000,0.07825220,516.00000000,0.07678714,213.00000000,-0.09902076,29.70000000,0.03320618,100.70000000,-0.02479228,175.60000000,0.03677140,141.50000000,0E-8,112.50000000,0.26000000,train
2003-10-01,166.40000000,105.40000000,29.00000000,112.50000000,608.00000000,310.00000000,277.00000000,150.60000000,0.49000000,0.16062319,264.00000000,0.08581592,558.00000000,0.18593820,230.00000000,0.07516954,26.90000000,0.01241066,104.10000000,-0.02902188,171.30000000,0.02555620,146.80000000,0E-8,112.50000000,0.30000000,train
2003-11-01,169.40000000,108.50000000,29.10000000,112.50000000,631.00000000,327.00000000,293.00000000,153.50000000,0.44000000,0.05338787,310.00000000,0.03713098,608.00000000,0.05615510,277.00000000,0.00344234,29.00000000,0.02898754,105.40000000,0.01786825,166.40000000,0.01907325,150.60000000,0E-8,112.50000000,0.21000000,train
2003-12-01,187.50000000,111.20000000,30.00000000,112.50000000,637.00000000,332.00000000,276.00000000,159.40000000,0.43000000,0.01517480,327.00000000,0.00946379,631.00000000,-0.05977174,293.00000000,0.03045921,29.10000000,0.02458021,108.50000000,0.10151606,169.40000000,0.03771620,153.50000000,0E-8,112.50000000,0.49000000,train
2004-01-01,204.30000000,115.50000000,31.40000000,112.50000000,657.00000000,350.00000000,293.00000000,160.30000000,0.43000000,0.05279819,332.00000000,0.03091436,637.00000000,0.05977174,276.00000000,0.04561051,30.00000000,0.03794015,111.20000000,0.08581066,187.50000000,0.00563029,159.40000000,0E-8,112.50000000,0.44000000,train
2004-02-01,211.50000000,123.50000000,31.30000000,112.50000000,682.00000000,368.00000000,299.00000000,134.50000000,0.36000000,0.05014978,350.00000000,0.03734564,657.00000000,0.02027096,293.00000000,-0.00318980,31.40000000,0.06697063,115.50000000,0.03463550,204.30000000,-0.17548286,160.30000000,0E-8,112.50000000,0.43000000,train
2004-03-01,205.30000000,127.80000000,33.70000000,112.50000000,689.00000000,413.00000000,329.00000000,130.50000000,0.07000000,0.11536465,368.00000000,0.01021161,682.00000000,0.09561418,299.00000000,0.07387974,31.30000000,0.03422539,123.50000000,-0.02975267,211.50000000,-0.03019097,134.50000000,0E-8,112.50000000,0.43000000,train
2004-04-01,199.40000000,133.50000000,33.70000000,112.50000000,672.00000000,358.00000000,332.00000000,128.40000000,0.24000000,-0.14291461,413.00000000,-0.02498293,689.00000000,0.00907722,329.00000000,0E-8,33.70000000,0.04363494,127.80000000,-0.02915947,205.30000000,-0.01622284,130.50000000,0E-8,112.50000000,0.36000000,train
2004-05-01,191.10000000,128.20000000,37.60000000,112.50000000,628.00000000,316.00000000,294.00000000,135.90000000,0.19000000,-0.12479077,358.00000000,-0.06771817,672.00000000,-0.12155520,332.00000000,0.10950621,33.70000000,-0.04050993,133.50000000,-0.04251601,199.40000000,0.05676893,128.40000000,0E-8,112.50000000,0.07000000,train
2004-06-01,190.60000000,123.30000000,35.50000000,112.50000000,582.00000000,295.00000000,254.00000000,158.30000000,0.27000000,-0.06876686,316.00000000,-0.07606972,628.00000000,-0.14624550,294.00000000,-0.05747135,37.60000000,-0.03897113,128.20000000,-0.00261986,191.10000000,0.15257265,135.90000000,0E-8,112.50000000,0.24000000,train
2004-07-01,201.50000000,104.80000000,37.90000000,112.50000000,605.00000000,279.00000000,228.00000000,185.00000000,0.57000000,-0.05576357,295.00000000,0.03875801,582.00000000,-0.10798864,254.00000000,0.06541842,35.50000000,-0.16256664,123.30000000,0.05561239,190.60000000,0.15586386,158.30000000,0E-8,112.50000000,0.19000000,train
2004-08-01,208.10000000,104.10000000,42.10000000,125.90000000,605.00000000,265.00000000,217.00000000,196.20000000,0.65000000,-0.05148196,279.00000000,0E-8,605.00000000,-0.04944828,228.00000000,0.10509663,37.90000000,-0.00670180,104.80000000,0.03222935,201.50000000,0.05877872,185.00000000,0.11253472,112.50000000,0.27000000,train
2004-09-01,208.50000000,97.90000000,41.60000000,143.50000000,602.00000000,260.00000000,221.00000000,218.10000000,0.67000000,-0.01904819,265.00000000,-0.00497101,605.00000000,0.01826535,217.00000000,-0.01194757,42.10000000,-0.06140543,104.10000000,0.00192031,208.10000000,0.10581913,196.20000000,0.13084709,125.90000000,0.57000000,train
2004-10-01,211.80000000,93.80000000,46.90000000,146.00000000,583.00000000,249.00000000,215.00000000,242.10000000,0.74000000,-0.04322873,260.00000000,-0.03207026,602.00000000,-0.02752467,221.00000000,0.11991751,41.60000000,-0.04278169,97.90000000,0.01570339,208.50000000,0.10439719,218.10000000,0.01727159,143.50000000,0.65000000,train
2004-11-01,213.80000000,93.70000000,42.10000000,151.20000000,561.00000000,260.00000000,214.00000000,224.50000000,0.83000000,0.04322873,249.00000000,-0.03846628,583.00000000,-0.00466201,215.00000000,-0.10796993,46.90000000,-0.00106667,93.80000000,0.00939857,211.80000000,-0.07547516,242.10000000,0.03499684,146.00000000,0.67000000,train
2004-12-01,211.10000000,95.40000000,39.00000000,152.50000000,552.00000000,265.00000000,222.00000000,185.30000000,0.82000000,0.01904819,260.00000000,-0.01617286,561.00000000,0.03670137,214.00000000,-0.07648609,42.10000000,0.01798039,93.70000000,-0.01270904,213.80000000,-0.19189957,224.50000000,0.00856113,151.20000000,0.74000000,train
2005-01-01,208.60000000,96.30000000,43.00000000,152.50000000,520.00000000,262.00000000,232.00000000,184.60000000,0.77000000,-0.01138532,265.00000000,-0.05971923,552.00000000,0.04405999,222.00000000,0.09763847,39.00000000,0.00938974,95.40000000,-0.01191341,211.10000000,-0.00378481,185.30000000,0E-8,152.50000000,0.83000000,train
2005-02-01,207.10000000,94.10000000,44.80000000,152.50000000,496.00000000,261.00000000,237.00000000,185.80000000,0.48000000,-0.00382410,262.00000000,-0.04725288,520.00000000,0.02132277,232.00000000,0.04100802,43.00000000,-0.02311027,96.30000000,-0.00721677,208.60000000,0.00647950,184.60000000,0E-8,152.50000000,0.82000000,train
2005-03-01,210.60000000,99.90000000,50.90000000,152.50000000,544.00000000,290.00000000,255.00000000,217.10000000,0.55000000,0.10536052,261.00000000,0.09237332,496.00000000,0.07320340,237.00000000,0.12765478,44.80000000,0.05981164,94.10000000,0.01675883,207.10000000,0.15568725,185.80000000,0E-8,152.50000000,0.77000000,train
2005-04-01,214.80000000,96.30000000,50.60000000,152.50000000,546.00000000,283.00000000,243.00000000,242.10000000,0.40000000,-0.02443403,290.00000000,0.00366973,544.00000000,-0.04820210,255.00000000,-0.00591135,50.90000000,-0.03670137,99.90000000,0.01974676,210.60000000,0.10899279,217.10000000,0E-8,152.50000000,0.48000000,train
2005-05-01,217.20000000,95.40000000,47.80000000,152.50000000,538.00000000,283.00000000,234.00000000,256.00000000,0.33000000,0E-8,283.00000000,-0.01476042,546.00000000,-0.03774033,243.00000000,-0.05692594,50.60000000,-0.00938974,96.30000000,0.01111123,214.80000000,0.05582658,242.10000000,0E-8,152.50000000,0.55000000,train
2005-06-01,224.30000000,97.10000000,53.90000000,152.50000000,560.00000000,306.00000000,241.00000000,217.50000000,0.27000000,0.07813820,283.00000000,0.04007822,538.00000000,0.02947582,234.00000000,0.12010484,47.80000000,0.01766280,95.40000000,0.03216585,217.20000000,-0.16297859,256.00000000,0E-8,152.50000000,0.40000000,train
2005-07-01,228.30000000,107.50000000,56.40000000,152.50000000,561.00000000,298.00000000,245.00000000,221.90000000,-0.02000000,-0.02649162,306.00000000,0.00178412,560.00000000,0.01646128,241.00000000,0.04533868,53.90000000,0.10174947,97.10000000,0.01767611,224.30000000,0.02002798,217.50000000,0E-8,152.50000000,0.33000000,train
2005-08-01,231.50000000,101.70000000,61.90000000,152.50000000,550.00000000,274.00000000,238.00000000,208.50000000,0.07000000,-0.08396538,298.00000000,-0.01980263,561.00000000,-0.02898754,245.00000000,0.09305102,56.40000000,-0.05546354,107.50000000,0.01391932,228.30000000,-0.06228779,221.90000000,0E-8,152.50000000,0.27000000,train
2005-09-01,240.80000000,96.40000000,61.70000000,152.50000000,545.00000000,263.00000000,234.00000000,210.40000000,0.05000000,-0.04097407,274.00000000,-0.00913248,550.00000000,-0.01694956,238.00000000,-0.00323625,61.90000000,-0.05352110,101.70000000,0.03938684,231.50000000,0.00907144,208.50000000,0E-8,152.50000000,-0.02000000,train
2005-10-01,246.40000000,101.90000000,58.20000000,152.50000000,579.00000000,257.00000000,225.00000000,215.50000000,0.10000000,-0.02307795,263.00000000,0.06051668,545.00000000,-0.03922071,234.00000000,-0.05839858,61.70000000,0.05548574,96.40000000,0.02298952,240.80000000,0.02395043,210.40000000,0E-8,152.50000000,0.07000000,train
2005-11-01,246.10000000,95.40000000,55.00000000,167.50000000,559.00000000,256.00000000,222.00000000,235.00000000,-0.26000000,-0.00389864,257.00000000,-0.03515300,579.00000000,-0.01342302,225.00000000,-0.05655217,58.20000000,-0.06591336,101.90000000,-0.00121827,246.40000000,0.08662460,215.50000000,0.09381876,152.50000000,0.05000000,train
2005-12-01,245.90000000,102.10000000,56.40000000,167.50000000,538.00000000,264.00000000,236.00000000,213.90000000,-0.65000000,0.03077166,256.00000000,-0.03829091,559.00000000,0.06115442,222.00000000,0.02513597,55.00000000,0.06787415,95.40000000,-0.00081301,246.10000000,-0.09407690,235.00000000,0E-8,167.50000000,0.10000000,train
2006-01-01,244.30000000,102.70000000,62.50000000,167.50000000,536.00000000,257.00000000,231.00000000,202.30000000,-0.69000000,-0.02687302,264.00000000,-0.00372440,538.00000000,-0.02141409,236.00000000,0.10269740,56.40000000,0.00585939,102.10000000,-0.00652797,245.90000000,-0.05575687,213.90000000,0E-8,167.50000000,-0.26000000,train
2006-02-01,238.10000000,107.10000000,59.70000000,167.50000000,533.00000000,257.00000000,230.00000000,213.90000000,-0.63000000,0E-8,257.00000000,-0.00561274,536.00000000,-0.00433840,231.00000000,-0.04583454,62.50000000,0.04195086,102.70000000,-0.02570622,244.30000000,0.05575687,202.30000000,0E-8,167.50000000,-0.65000000,train
2006-03-01,233.60000000,105.30000000,60.90000000,167.50000000,541.00000000,257.00000000,218.00000000,243.10000000,-0.62000000,0E-8,257.00000000,0.01489785,533.00000000,-0.05358425,230.00000000,0.01990115,59.70000000,-0.01694956,107.10000000,-0.01908050,238.10000000,0.12796427,213.90000000,0E-8,167.50000000,-0.69000000,train
2006-04-01,231.80000000,107.70000000,68.00000000,167.50000000,540.00000000,258.00000000,210.00000000,247.50000000,-0.14000000,0.00388350,257.00000000,-0.00185014,541.00000000,-0.03738753,218.00000000,0.11027453,60.90000000,0.02253617,105.30000000,-0.00773532,233.60000000,0.01793770,243.10000000,0E-8,167.50000000,-0.63000000,train
2006-05-01,232.90000000,110.60000000,68.70000000,167.50000000,588.00000000,266.00000000,213.00000000,229.50000000,0.02000000,0.03053672,258.00000000,0.08515781,540.00000000,0.01418463,210.00000000,0.01024149,68.00000000,0.02657050,107.70000000,0.00473425,231.80000000,-0.07550755,247.50000000,0E-8,167.50000000,-0.62000000,train
2006-06-01,232.40000000,109.40000000,68.30000000,167.50000000,601.00000000,267.00000000,216.00000000,210.00000000,0.19000000,0.00375235,266.00000000,0.02186799,588.00000000,0.01398624,213.00000000,-0.00583943,68.70000000,-0.01090920,110.60000000,-0.00214915,232.90000000,-0.08879550,229.50000000,0E-8,167.50000000,-0.14000000,train
2006-07-01,230.30000000,114.00000000,72.50000000,172.50000000,630.00000000,272.00000000,215.00000000,205.50000000,0.26000000,0.01855341,267.00000000,0.04712488,601.00000000,-0.00464038,216.00000000,0.05967680,68.30000000,0.04118756,109.40000000,-0.00907722,232.40000000,-0.02166150,210.00000000,0.02941389,167.50000000,0.02000000,train
2006-08-01,228.30000000,116.60000000,71.80000000,192.50000000,632.00000000,262.00000000,223.00000000,210.50000000,0.51000000,-0.03745756,272.00000000,0.00316957,630.00000000,0.03653374,215.00000000,-0.00970209,72.50000000,0.02255083,114.00000000,-0.00872225,230.30000000,0.02403962,205.50000000,0.10969892,172.50000000,0.19000000,train
2006-09-01,225.10000000,121.70000000,62.10000000,192.50000000,602.00000000,258.00000000,232.00000000,215.10000000,0.66000000,-0.01538492,262.00000000,-0.04863195,632.00000000,0.03956560,223.00000000,-0.14513849,71.80000000,0.04280973,116.60000000,-0.01411581,228.30000000,0.02161738,210.50000000,0E-8,192.50000000,0.26000000,train
2006-10-01,218.50000000,142.20000000,57.90000000,192.50000000,615.00000000,273.00000000,244.00000000,209.20000000,0.76000000,0.05651221,258.00000000,0.02136482,602.00000000,0.05043085,232.00000000,-0.07002860,62.10000000,0.15567552,121.70000000,-0.02975873,225.10000000,-0.02781230,215.10000000,0E-8,192.50000000,0.51000000,train
2006-11-01,219.40000000,164.50000000,58.10000000,192.50000000,676.00000000,300.00000000,248.00000000,227.40000000,0.99000000,0.09431068,273.00000000,0.09457081,615.00000000,0.01626052,244.00000000,0.00344828,57.90000000,0.14567605,142.20000000,0.00411053,218.50000000,0.08341985,209.20000000,0E-8,192.50000000,0.66000000,train
2006-12-01,223.80000000,160.40000000,61.00000000,192.50000000,698.00000000,297.00000000,249.00000000,251.70000000,1.08000000,-0.01005034,300.00000000,0.03202603,676.00000000,0.00402415,248.00000000,0.04870820,58.10000000,-0.02523987,164.50000000,0.01985625,219.40000000,0.10152732,227.40000000,0E-8,192.50000000,0.76000000,train
2007-01-01,249.20000000,164.80000000,53.50000000,192.50000000,697.00000000,306.00000000,264.00000000,265.00000000,0.69000000,0.02985296,297.00000000,-0.00143369,698.00000000,0.05849621,249.00000000,-0.13119221,61.00000000,0.02706192,160.40000000,0.10750299,223.80000000,0.05149192,251.70000000,0E-8,192.50000000,0.99000000,train
2007-02-01,317.60000000,177.30000000,57.60000000,192.50000000,715.00000000,325.00000000,283.00000000,299.40000000,0.27000000,0.06024008,306.00000000,0.02549713,697.00000000,0.06949779,264.00000000,0.07384091,53.50000000,0.07311060,164.80000000,0.24253694,249.20000000,0.12205065,265.00000000,0E-8,192.50000000,1.08000000,train
2007-03-01,387.00000000,170.50000000,60.60000000,192.50000000,719.00000000,322.00000000,279.00000000,318.10000000,0.06000000,-0.00927364,325.00000000,0.00557882,715.00000000,-0.01423512,283.00000000,0.05077233,57.60000000,-0.03910792,177.30000000,0.19763196,317.60000000,0.06058533,299.40000000,0E-8,192.50000000,0.69000000,train
2007-04-01,404.60000000,152.70000000,65.10000000,192.50000000,754.00000000,320.00000000,265.00000000,291.00000000,-0.01000000,-0.00623055,322.00000000,0.04753101,719.00000000,-0.05148196,279.00000000,0.07162966,60.60000000,-0.11026008,170.50000000,0.04447423,387.00000000,-0.08904253,318.10000000,0E-8,192.50000000,0.27000000,train
2007-05-01,392.00000000,160.20000000,65.20000000,192.50000000,789.00000000,334.00000000,268.00000000,293.10000000,-0.23000000,0.04282000,320.00000000,0.04537395,754.00000000,0.01125715,265.00000000,0.00153492,65.10000000,0.04794782,152.70000000,-0.03163708,404.60000000,0.00719058,291.00000000,0E-8,192.50000000,0.06000000,train
2007-06-01,387.90000000,165.20000000,68.20000000,192.50000000,836.00000000,361.00000000,278.00000000,291.90000000,-0.02000000,0.07773697,334.00000000,0.05786229,789.00000000,0.03663413,268.00000000,0.04498510,65.20000000,0.03073383,160.20000000,-0.01051427,392.00000000,-0.00410257,293.10000000,0E-8,192.50000000,-0.01000000,train
2007-07-01,398.50000000,146.80000000,73.60000000,192.50000000,887.00000000,376.00000000,301.00000000,269.50000000,-0.24000000,0.04071119,361.00000000,0.05921637,836.00000000,0.07948915,278.00000000,0.07620046,68.20000000,-0.11808574,165.20000000,0.02695992,387.90000000,-0.07984289,291.90000000,0E-8,192.50000000,-0.23000000,train
2007-08-01,401.60000000,151.20000000,70.10000000,192.50000000,922.00000000,385.00000000,317.00000000,260.60000000,-0.53000000,0.02365419,376.00000000,0.03870024,887.00000000,0.05179151,301.00000000,-0.04872223,73.60000000,0.02953235,146.80000000,0.00774907,398.50000000,-0.03358173,269.50000000,0E-8,192.50000000,-0.02000000,train
2007-09-01,399.60000000,159.40000000,76.80000000,197.50000000,977.00000000,426.00000000,364.00000000,305.00000000,-0.90000000,0.10119601,385.00000000,0.05794143,922.00000000,0.13825209,317.00000000,0.09128185,70.10000000,0.05281330,151.20000000,-0.00499252,401.60000000,0.15732511,260.60000000,0.02564243,192.50000000,-0.24000000,train
2007-10-01,406.00000000,164.20000000,82.00000000,202.50000000,1008.00000000,450.00000000,402.00000000,323.80000000,-1.07000000,0.05480824,426.00000000,0.03123680,977.00000000,0.09929822,364.00000000,0.06551461,76.80000000,0.02966843,159.40000000,0.01588911,399.60000000,0.05981426,305.00000000,0.02500130,197.50000000,-0.53000000,train
2007-11-01,447.00000000,171.30000000,91.30000000,202.50000000,1142.00000000,489.00000000,409.00000000,366.30000000,-1.36000000,0.08311491,450.00000000,0.12481294,1008.00000000,0.01726307,402.00000000,0.10743154,82.00000000,0.04233121,164.20000000,0.09620544,406.00000000,0.12332663,323.80000000,0E-8,202.50000000,-0.90000000,train
2007-12-01,512.50000000,180.30000000,89.50000000,202.50000000,1188.00000000,504.00000000,433.00000000,401.70000000,-1.42000000,0.03021378,489.00000000,0.03949011,1142.00000000,0.05702257,409.00000000,-0.01991216,91.30000000,0.05120572,171.30000000,0.13674212,447.00000000,0.09225287,366.30000000,0E-8,202.50000000,-1.07000000,train
2008-01-01,593.90000000,206.70000000,90.70000000,230.60000000,1280.00000000,529.00000000,448.00000000,376.60000000,-1.60000000,0.04841216,504.00000000,0.07458886,1188.00000000,0.03405550,433.00000000,0.01331873,89.50000000,0.13664634,180.30000000,0.14741024,512.50000000,-0.06452193,401.70000000,0.12994472,202.50000000,-1.36000000,train
2008-02-01,692.50000000,220.10000000,93.40000000,240.00000000,1414.00000000,574.00000000,458.00000000,328.10000000,-1.64000000,0.08164096,529.00000000,0.09956249,1280.00000000,0.02207595,448.00000000,0.02933399,90.70000000,0.06281352,206.70000000,0.15359728,593.90000000,-0.13786518,376.60000000,0.03995432,230.60000000,-1.42000000,train
2008-03-01,862.20000000,234.40000000,101.80000000,240.00000000,1489.00000000,559.00000000,466.00000000,371.00000000,-1.14000000,-0.02647992,574.00000000,0.05168219,1414.00000000,0.01731645,458.00000000,0.08611876,93.40000000,0.06294707,220.10000000,0.21917902,692.50000000,0.12288362,328.10000000,0E-8,240.00000000,-1.60000000,train
2008-04-01,953.50000000,246.40000000,108.80000000,393.00000000,1422.00000000,549.00000000,516.00000000,462.50000000,-0.89000000,-0.01805103,559.00000000,-0.04604042,1489.00000000,0.10192113,466.00000000,0.06650123,101.80000000,0.04992717,234.40000000,0.10065216,862.20000000,0.22044449,371.00000000,0.49317069,240.00000000,-1.64000000,train
2008-05-01,997.50000000,243.50000000,122.60000000,546.00000000,1438.00000000,566.00000000,504.00000000,633.80000000,-0.75000000,0.03049564,549.00000000,0.01118893,1422.00000000,-0.02353050,516.00000000,0.11941569,108.80000000,-0.01183929,246.40000000,0.04511272,953.50000000,0.31508689,462.50000000,0.32880936,393.00000000,-1.14000000,train
2008-06-01,1004.10000000,287.10000000,131.50000000,546.00000000,1535.00000000,635.00000000,534.00000000,642.00000000,-0.55000000,0.11503092,566.00000000,0.06527712,1438.00000000,0.05781957,504.00000000,0.07007983,122.60000000,0.16471364,243.50000000,0.00659475,997.50000000,0.01285486,633.80000000,0E-8,546.00000000,-0.89000000,train
2008-07-01,1075.80000000,265.30000000,132.80000000,546.00000000,1507.00000000,637.00000000,522.00000000,733.80000000,-0.17000000,0.00314466,635.00000000,-0.01840946,1535.00000000,-0.02272825,534.00000000,0.00983739,131.50000000,-0.07896933,287.10000000,0.06897295,1004.10000000,0.13364821,642.00000000,0E-8,546.00000000,-0.75000000,train
2008-08-01,1065.00000000,235.00000000,114.60000000,546.00000000,1330.00000000,557.00000000,442.00000000,785.00000000,-0.15000000,-0.13420442,637.00000000,-0.12494198,1507.00000000,-0.16635771,522.00000000,-0.14739643,132.80000000,-0.12127575,265.30000000,-0.01008977,1075.80000000,0.06744721,733.80000000,0E-8,546.00000000,-0.55000000,train
2008-09-01,980.00000000,233.80000000,99.70000000,546.00000000,1201.00000000,525.00000000,413.00000000,744.50000000,-0.29000000,-0.05916698,557.00000000,-0.10202440,1330.00000000,-0.06786229,442.00000000,-0.13928213,114.60000000,-0.00511947,235.00000000,-0.08317751,1065.00000000,-0.05297087,785.00000000,0E-8,546.00000000,-0.17000000,train
2008-10-01,910.00000000,183.10000000,72.70000000,546.00000000,943.00000000,400.00000000,351.00000000,575.00000000,-0.27000000,-0.27193372,525.00000000,-0.24184354,1201.00000000,-0.16266137,413.00000000,-0.31582429,99.70000000,-0.24443360,233.80000000,-0.07410797,980.00000000,-0.25834281,744.50000000,0E-8,546.00000000,-0.15000000,train
2008-11-01,710.00000000,163.80000000,54.00000000,546.00000000,826.00000000,372.00000000,334.00000000,287.50000000,-0.39000000,-0.07257069,400.00000000,-0.13247151,943.00000000,-0.04964523,351.00000000,-0.29735734,72.70000000,-0.11138628,183.10000000,-0.24817963,910.00000000,-0.69314718,575.00000000,0E-8,546.00000000,-0.29000000,train
2008-12-01,495.00000000,158.30000000,41.30000000,546.00000000,746.00000000,359.00000000,318.00000000,240.00000000,-0.74000000,-0.03557147,372.00000000,-0.10186917,826.00000000,-0.04908961,334.00000000,-0.26812155,54.00000000,-0.03415420,163.80000000,-0.36070721,710.00000000,-0.18058394,287.50000000,0E-8,546.00000000,-0.27000000,train
2009-01-01,308.90000000,172.80000000,43.90000000,546.00000000,790.00000000,401.00000000,383.00000000,273.80000000,-0.86000000,0.11063904,359.00000000,0.05730735,746.00000000,0.18598361,318.00000000,0.06105182,41.30000000,0.08764289,158.30000000,-0.47154016,495.00000000,0.13175899,240.00000000,0E-8,546.00000000,-0.39000000,train
2009-02-01,313.80000000,163.40000000,41.80000000,580.10000000,748.00000000,374.00000000,396.00000000,281.30000000,-0.65000000,-0.06970563,401.00000000,-0.05462997,790.00000000,0.03337922,383.00000000,-0.04901798,43.90000000,-0.05593367,172.80000000,0.01573824,308.90000000,0.02702380,273.80000000,0.06058153,546.00000000,-0.74000000,train
2009-03-01,317.80000000,164.60000000,46.60000000,682.50000000,731.00000000,373.00000000,367.00000000,268.50000000,-0.58000000,-0.00267738,374.00000000,-0.02298952,748.00000000,-0.07605236,396.00000000,0.10870420,41.80000000,0.00731711,163.40000000,0.01266641,313.80000000,-0.04657080,281.30000000,0.16256202,580.10000000,-0.86000000,train
2009-04-01,300.60000000,168.50000000,50.30000000,682.50000000,809.00000000,388.00000000,396.00000000,245.60000000,-0.15000000,0.03942692,373.00000000,0.10138546,731.00000000,0.07605236,367.00000000,0.07640454,46.60000000,0.02341746,164.60000000,-0.05564178,317.80000000,-0.08914672,268.50000000,0E-8,682.50000000,-0.65000000,train
2009-05-01,267.90000000,179.90000000,58.20000000,682.50000000,890.00000000,426.00000000,447.00000000,236.30000000,0.22000000,0.09343401,388.00000000,0.09542255,809.00000000,0.12114438,396.00000000,0.14588028,50.30000000,0.06546539,168.50000000,-0.11516670,300.60000000,-0.03860201,245.60000000,0E-8,682.50000000,-0.58000000,train
2009-06-01,256.10000000,179.50000000,69.10000000,682.50000000,893.00000000,442.00000000,460.00000000,239.70000000,0.54000000,0.03687054,426.00000000,0.00336512,890.00000000,0.02866789,447.00000000,0.17166938,58.20000000,-0.00222593,179.90000000,-0.04504578,267.90000000,0.01428596,236.30000000,0E-8,682.50000000,-0.15000000,train
2009-07-01,263.30000000,151.60000000,64.70000000,615.60000000,846.00000000,431.00000000,440.00000000,243.80000000,0.60000000,-0.02520179,442.00000000,-0.05406722,893.00000000,-0.04445176,460.00000000,-0.06579353,69.10000000,-0.16892973,179.50000000,0.02772607,256.10000000,0.01696008,239.70000000,-0.10316513,682.50000000,0.22000000,train
2009-08-01,276.40000000,152.00000000,71.60000000,530.00000000,903.00000000,498.00000000,453.00000000,251.50000000,0.61000000,0.14449199,431.00000000,0.06520319,846.00000000,0.02911740,440.00000000,0.10133387,64.70000000,0.00263505,151.60000000,0.04855503,263.30000000,0.03109477,243.80000000,-0.14972040,615.60000000,0.54000000,train
2009-09-01,280.60000000,150.40000000,68.30000000,425.00000000,858.00000000,425.00000000,441.00000000,232.30000000,0.63000000,-0.15851091,498.00000000,-0.05111845,903.00000000,-0.02684725,453.00000000,-0.04718531,71.60000000,-0.01058211,152.00000000,0.01508108,276.40000000,-0.07941335,251.50000000,-0.22078784,530.00000000,0.60000000,train
2009-10-01,271.60000000,167.30000000,74.10000000,425.00000000,897.00000000,430.00000000,430.00000000,234.90000000,0.97000000,0.01169604,425.00000000,0.04445176,858.00000000,-0.02525967,441.00000000,0.08150577,68.30000000,0.10649020,150.40000000,-0.03259977,280.60000000,0.01113025,232.30000000,0E-8,425.00000000,0.61000000,train
2009-11-01,273.20000000,171.60000000,77.60000000,425.00000000,932.00000000,447.00000000,440.00000000,243.50000000,1.38000000,0.03877339,430.00000000,0.03827695,897.00000000,0.02298952,430.00000000,0.04615189,74.10000000,0.02537758,167.30000000,0.00587373,271.60000000,0.03595705,234.90000000,0E-8,425.00000000,0.63000000,train
2009-12-01,331.50000000,164.60000000,74.90000000,425.00000000,940.00000000,449.00000000,431.00000000,262.00000000,1.59000000,0.00446429,447.00000000,0.00854706,932.00000000,-0.02066664,440.00000000,-0.03541354,77.60000000,-0.04164790,171.60000000,0.19342368,273.20000000,0.07322756,243.50000000,0E-8,425.00000000,0.97000000,train
2010-01-01,383.00000000,167.30000000,77.10000000,389.40000000,921.00000000,436.00000000,423.00000000,266.50000000,1.33000000,-0.02938064,449.00000000,-0.02041984,940.00000000,-0.01873591,431.00000000,0.02894939,74.90000000,0.01627032,164.60000000,0.14440718,331.50000000,0.01702974,262.00000000,-0.08748208,425.00000000,1.38000000,train
2010-02-01,413.60000000,161.80000000,74.80000000,374.40000000,909.00000000,412.00000000,405.00000000,297.50000000,1.20000000,-0.05661889,436.00000000,-0.01311494,921.00000000,-0.04348511,423.00000000,-0.03028540,77.10000000,-0.03342760,167.30000000,0.07686433,383.00000000,0.11003998,266.50000000,-0.03928235,389.40000000,1.59000000,train
2010-03-01,424.50000000,159.00000000,79.30000000,340.00000000,911.00000000,409.00000000,371.00000000,278.70000000,0.93000000,-0.00730819,412.00000000,0.00219780,909.00000000,-0.08768500,405.00000000,0.05842024,74.80000000,-0.01745680,161.80000000,0.02601268,413.60000000,-0.06527829,297.50000000,-0.09637913,374.40000000,1.33000000,train
2010-04-01,417.50000000,157.10000000,84.20000000,340.00000000,903.00000000,403.00000000,377.00000000,253.80000000,0.59000000,-0.01477859,409.00000000,-0.00882034,911.00000000,0.01604312,371.00000000,0.05995679,79.30000000,-0.01202166,159.00000000,-0.01662746,424.50000000,-0.09358938,278.70000000,0E-8,340.00000000,1.20000000,train
2010-05-01,410.00000000,163.40000000,75.60000000,334.50000000,859.00000000,403.00000000,371.00000000,234.00000000,0E-8,0E-8,403.00000000,-0.04995363,903.00000000,-0.01604312,377.00000000,-0.10773864,84.20000000,0.03931864,157.10000000,-0.01812738,417.50000000,-0.08122544,253.80000000,-0.01630874,340.00000000,0.93000000,train
2010-06-01,392.50000000,152.70000000,74.70000000,312.50000000,860.00000000,401.00000000,351.00000000,226.30000000,-0.38000000,-0.00497513,403.00000000,0.00116347,859.00000000,-0.05541584,371.00000000,-0.01197619,75.60000000,-0.06772597,163.40000000,-0.04362062,410.00000000,-0.03345956,234.00000000,-0.06803241,334.50000000,0.59000000,train
2010-07-01,418.10000000,163.80000000,74.60000000,312.50000000,911.00000000,428.00000000,369.00000000,259.40000000,-0.80000000,0.06516177,401.00000000,0.05761051,860.00000000,0.05001042,351.00000000,-0.00133958,74.70000000,0.07017096,152.70000000,0.06318410,392.50000000,0.13650972,226.30000000,0E-8,312.50000000,0E-8,train
2010-08-01,459.90000000,175.60000000,75.80000000,312.50000000,998.00000000,450.00000000,399.00000000,263.50000000,-1.08000000,0.05012439,428.00000000,0.09121038,911.00000000,0.07816477,369.00000000,0.01595779,74.60000000,0.06956251,163.80000000,0.09528844,418.10000000,0.01568210,259.40000000,0E-8,312.50000000,-0.38000000,train
2010-09-01,506.00000000,205.90000000,76.10000000,312.50000000,1035.00000000,468.00000000,410.00000000,308.80000000,-1.34000000,0.03922071,450.00000000,0.03640343,998.00000000,0.02719574,399.00000000,0.00394997,75.80000000,0.15918193,175.60000000,0.09552759,459.90000000,0.15864045,263.50000000,0E-8,312.50000000,-0.80000000,train
2010-10-01,557.30000000,235.80000000,81.70000000,312.50000000,1147.00000000,496.00000000,418.00000000,332.50000000,-1.49000000,0.05810763,468.00000000,0.10274841,1035.00000000,0.01932427,410.00000000,0.07100574,76.10000000,0.13559337,205.90000000,0.09656703,506.00000000,0.07394604,308.80000000,0E-8,312.50000000,-1.08000000,train
2010-11-01,554.10000000,238.20000000,84.50000000,322.50000000,1232.00000000,514.00000000,437.00000000,365.40000000,-1.39000000,0.03564734,496.00000000,0.07148903,1147.00000000,0.04445176,418.00000000,0.03369753,81.70000000,0.01012667,235.80000000,-0.00575852,557.30000000,0.09435278,332.50000000,0.03149867,312.50000000,-1.34000000,train
2010-12-01,540.60000000,250.40000000,90.00000000,322.50000000,1325.00000000,546.00000000,449.00000000,380.60000000,-1.43000000,0.06039571,514.00000000,0.07277359,1232.00000000,0.02708969,437.00000000,0.06305814,84.50000000,0.04994898,238.20000000,-0.02466554,554.10000000,0.04075631,365.40000000,0E-8,322.50000000,-1.49000000,train
2011-01-01,547.40000000,264.90000000,92.70000000,322.50000000,1366.00000000,568.00000000,462.00000000,378.50000000,-1.40000000,0.03950244,546.00000000,0.03047430,1325.00000000,0.02854200,449.00000000,0.02955880,90.00000000,0.05629276,250.40000000,0.01250016,540.60000000,-0.00553288,380.60000000,0E-8,322.50000000,-1.39000000,train
2011-02-01,413.60000000,292.90000000,97.90000000,374.40000000,1360.00000000,566.00000000,469.00000000,297.50000000,-1.07000000,-0.00352734,568.00000000,-0.00440206,1366.00000000,0.01503788,462.00000000,0.05457808,92.70000000,0.10047886,264.90000000,-0.28028047,547.40000000,-0.24080185,378.50000000,0.14922161,322.50000000,-1.43000000,train
2011-03-01,424.50000000,290.50000000,108.60000000,340.00000000,1307.00000000,553.00000000,438.00000000,278.70000000,-0.79000000,-0.02323608,566.00000000,-0.03975027,1360.00000000,-0.06838386,469.00000000,0.10372486,97.90000000,-0.00822768,292.90000000,0.02601268,413.60000000,-0.06527829,297.50000000,-0.09637913,374.40000000,-1.40000000,train
2011-04-01,417.50000000,319.30000000,116.20000000,340.00000000,1310.00000000,557.00000000,412.00000000,253.80000000,-0.65000000,0.00720724,553.00000000,0.00229270,1307.00000000,-0.06119556,438.00000000,0.06764144,108.60000000,0.09452752,290.50000000,-0.01662746,424.50000000,-0.09358938,278.70000000,0E-8,340.00000000,-1.07000000,train
2011-05-01,410.00000000,307.90000000,108.10000000,334.50000000,1296.00000000,557.00000000,404.00000000,234.00000000,-0.46000000,0E-8,557.00000000,-0.01074454,1310.00000000,-0.01960847,412.00000000,-0.07225612,116.20000000,-0.03635604,319.30000000,-0.01812738,417.50000000,-0.08122544,253.80000000,-0.01630874,340.00000000,-0.79000000,train
2011-06-01,575.90000000,310.60000000,105.80000000,355.00000000,1319.00000000,556.00000000,402.00000000,478.80000000,-0.21000000,-0.00179695,557.00000000,0.01759128,1296.00000000,-0.00496279,404.00000000,-0.02150621,108.10000000,0.00873086,307.90000000,0.33977687,410.00000000,0.71596186,234.00000000,0.05948091,334.50000000,-0.65000000,train
2011-07-01,597.60000000,300.80000000,107.90000000,442.50000000,1337.00000000,557.00000000,410.00000000,483.80000000,-0.18000000,0.00179695,556.00000000,0.01355442,1319.00000000,0.01970507,402.00000000,0.01965435,105.80000000,-0.03206032,310.60000000,0.03698760,575.90000000,0.01038862,478.80000000,0.22032267,355.00000000,-0.46000000,train
2011-08-01,597.40000000,310.20000000,100.50000000,442.50000000,1328.00000000,553.00000000,409.00000000,475.50000000,-0.56000000,-0.00720724,557.00000000,-0.00675425,1337.00000000,-0.00244200,410.00000000,-0.07104714,107.90000000,0.03077166,300.80000000,-0.00033473,597.60000000,-0.01730472,483.80000000,0E-8,442.50000000,-0.21000000,train
2011-09-01,587.90000000,295.30000000,100.80000000,442.50000000,1308.00000000,532.00000000,404.00000000,508.80000000,-0.69000000,-0.03871451,553.00000000,-0.01517480,1328.00000000,-0.01230028,409.00000000,0.00298063,100.50000000,-0.04922546,310.20000000,-0.01603004,597.40000000,0.06768813,475.50000000,0E-8,442.50000000,-0.18000000,train
2011-10-01,571.40000000,274.80000000,99.80000000,435.00000000,1223.00000000,491.00000000,381.00000000,493.50000000,-0.90000000,-0.08019936,532.00000000,-0.06719240,1308.00000000,-0.05861550,404.00000000,-0.00997017,100.80000000,-0.07194823,295.30000000,-0.02846738,587.90000000,-0.03053215,508.80000000,-0.01709443,442.50000000,-0.56000000,train
2011-11-01,563.50000000,274.40000000,105.40000000,435.00000000,1214.00000000,478.00000000,360.00000000,481.30000000,-0.92000000,-0.02683340,491.00000000,-0.00738616,1223.00000000,-0.05669534,381.00000000,0.05459445,99.80000000,-0.00145666,274.80000000,-0.01392216,571.40000000,-0.02503208,493.50000000,0E-8,435.00000000,-0.69000000,train
2011-12-01,488.80000000,258.60000000,104.20000000,450.00000000,1203.00000000,483.00000000,352.00000000,423.10000000,-0.99000000,0.01040592,478.00000000,-0.00910226,1214.00000000,-0.02247286,360.00000000,-0.01145051,105.40000000,-0.05930443,274.40000000,-0.14221393,563.50000000,-0.12888222,481.30000000,0.03390155,435.00000000,-0.90000000,train
2012-01-01,451.40000000,272.80000000,107.10000000,495.00000000,1216.00000000,503.00000000,386.00000000,368.00000000,-0.91000000,0.04057352,483.00000000,0.01074835,1203.00000000,0.09220619,352.00000000,0.02745085,104.20000000,0.05345646,258.60000000,-0.07959954,488.80000000,-0.13952562,423.10000000,0.09531018,450.00000000,-0.92000000,train
2012-02-01,435.50000000,279.50000000,112.70000000,495.00000000,1249.00000000,523.00000000,406.00000000,375.00000000,-0.64000000,0.03899129,503.00000000,0.02677645,1216.00000000,0.05051579,386.00000000,0.05096644,107.10000000,0.02426337,272.80000000,-0.03585907,451.40000000,0.01884309,368.00000000,0E-8,495.00000000,-0.99000000,train
2012-03-01,442.90000000,280.70000000,117.80000000,495.00000000,1285.00000000,547.00000000,441.00000000,393.10000000,-0.53000000,0.04486734,523.00000000,0.02841549,1249.00000000,0.08269172,406.00000000,0.04425885,112.70000000,0.00428419,279.50000000,0.01684921,435.50000000,0.04713801,375.00000000,0E-8,495.00000000,-0.91000000,train
2012-04-01,478.00000000,274.00000000,113.70000000,477.50000000,1309.00000000,584.00000000,482.00000000,494.40000000,-0.29000000,0.06545218,547.00000000,0.01850477,1285.00000000,0.08889924,441.00000000,-0.03542487,117.80000000,-0.02415838,280.70000000,0.07626672,442.90000000,0.22928087,393.10000000,-0.03599360,495.00000000,-0.64000000,train
2012-05-01,490.50000000,269.30000000,104.10000000,477.50000000,1221.00000000,577.00000000,503.00000000,513.10000000,-0.21000000,-0.01205872,584.00000000,-0.06959329,1309.00000000,0.04264606,482.00000000,-0.08821143,113.70000000,-0.01730211,274.00000000,0.02581455,478.00000000,0.03712585,494.40000000,0E-8,477.50000000,-0.53000000,train
2012-06-01,501.60000000,267.30000000,90.70000000,477.50000000,1182.00000000,578.00000000,515.00000000,456.90000000,0.05000000,0.00173160,577.00000000,-0.03246228,1221.00000000,0.02357673,503.00000000,-0.13779462,104.10000000,-0.00745438,269.30000000,0.02237771,490.50000000,-0.11600621,513.10000000,0E-8,477.50000000,-0.29000000,train
2012-07-01,436.90000000,333.10000000,96.80000000,279.50000000,1239.00000000,670.00000000,609.00000000,307.50000000,0.23000000,0.14770384,578.00000000,0.04709668,1182.00000000,0.16765137,515.00000000,0.06508964,90.70000000,0.22007112,267.30000000,-0.13809865,501.60000000,-0.39598946,456.90000000,-0.53556187,477.50000000,-0.21000000,train
2012-08-01,504.50000000,332.00000000,105.30000000,477.50000000,1250.00000000,684.00000000,651.00000000,382.50000000,0.45000000,0.02068021,670.00000000,0.00883895,1239.00000000,0.06669137,609.00000000,0.08416642,96.80000000,-0.00330778,333.10000000,0.14386350,436.90000000,0.21825357,307.50000000,0.53556187,279.50000000,0.05000000,train
2012-09-01,527.40000000,320.80000000,106.30000000,477.50000000,1281.00000000,677.00000000,647.00000000,384.40000000,0.29000000,-0.01028664,684.00000000,0.02449747,1250.00000000,-0.00616335,651.00000000,0.00945187,105.30000000,-0.03431709,332.00000000,0.04439143,504.50000000,0.00495502,382.50000000,0E-8,477.50000000,0.23000000,train
2012-10-01,533.50000000,321.20000000,103.40000000,477.50000000,1178.00000000,626.00000000,595.00000000,349.00000000,0.26000000,-0.07832090,677.00000000,-0.08382294,1281.00000000,-0.08378489,647.00000000,-0.02766032,106.30000000,0.00124611,320.80000000,0.01149980,527.40000000,-0.09661175,384.40000000,0E-8,477.50000000,0.45000000,train
2012-11-01,487.90000000,321.60000000,101.20000000,477.50000000,1138.00000000,585.00000000,568.00000000,383.50000000,0.33000000,-0.06773852,626.00000000,-0.03454575,1178.00000000,-0.04643999,595.00000000,-0.02150621,103.40000000,0.00124456,321.20000000,-0.08934860,533.50000000,0.09426770,349.00000000,0E-8,477.50000000,0.29000000,train
2012-12-01,472.80000000,308.60000000,101.20000000,477.50000000,1159.00000000,591.00000000,577.00000000,375.80000000,-0.01000000,0.01020417,585.00000000,0.01828523,1138.00000000,0.01572085,568.00000000,0E-8,101.20000000,-0.04126260,321.60000000,-0.03143800,487.90000000,-0.02028253,383.50000000,0E-8,477.50000000,0.26000000,train
2013-01-01,462.30000000,303.10000000,105.10000000,395.00000000,1192.00000000,595.00000000,526.00000000,380.00000000,-0.30000000,0.00674539,591.00000000,0.02807500,1159.00000000,-0.09254105,577.00000000,0.03781352,101.20000000,-0.01798316,308.60000000,-0.02245844,472.80000000,0.01111417,375.80000000,-0.18967840,477.50000000,0.33000000,train
2013-02-01,464.50000000,302.70000000,107.60000000,395.00000000,1173.00000000,611.00000000,519.00000000,415.60000000,-0.37000000,0.02653555,595.00000000,-0.01606800,1192.00000000,-0.01339733,526.00000000,0.02350837,105.10000000,-0.00132057,303.10000000,0.00474753,462.30000000,0.08955201,380.00000000,0E-8,395.00000000,-0.01000000,train
2013-03-01,467.60000000,309.00000000,102.50000000,395.00000000,1117.00000000,585.00000000,514.00000000,395.60000000,-0.23000000,-0.04348511,611.00000000,-0.04891805,1173.00000000,-0.00968062,519.00000000,-0.04855785,107.60000000,0.02059906,302.70000000,0.00665167,464.50000000,-0.04931966,415.60000000,0E-8,395.00000000,-0.30000000,train
2013-04-01,461.10000000,279.90000000,98.90000000,395.00000000,1095.00000000,564.00000000,496.00000000,365.60000000,-0.09000000,-0.03655760,585.00000000,-0.01989216,1117.00000000,-0.03564734,514.00000000,-0.03575356,102.50000000,-0.09890888,309.00000000,-0.01399829,467.60000000,-0.07886376,395.60000000,0E-8,395.00000000,-0.37000000,train
2013-05-01,421.30000000,295.50000000,99.40000000,395.00000000,1073.00000000,498.00000000,515.00000000,358.10000000,-0.25000000,-0.12445417,564.00000000,-0.02029590,1095.00000000,0.03759097,496.00000000,0.00504288,98.90000000,0.05423644,279.90000000,-0.09026977,461.10000000,-0.02072756,365.60000000,0E-8,395.00000000,-0.23000000,train
2013-06-01,424.10000000,298.40000000,99.70000000,395.00000000,1038.00000000,525.00000000,545.00000000,329.40000000,-0.28000000,0.05279819,498.00000000,-0.03316268,1073.00000000,0.05661889,515.00000000,0.00301356,99.40000000,0.00976603,295.50000000,0.00662411,421.30000000,-0.08353946,358.10000000,0E-8,395.00000000,-0.09000000,train
2013-07-01,409.60000000,279.50000000,105.30000000,395.00000000,990.00000000,511.00000000,569.00000000,312.50000000,-0.23000000,-0.02702867,525.00000000,-0.04734612,1038.00000000,0.04309464,545.00000000,0.05464774,99.70000000,-0.06543258,298.40000000,-0.03478820,424.10000000,-0.05266835,329.40000000,0E-8,395.00000000,-0.25000000,train
2013-08-01,400.40000000,238.70000000,108.20000000,395.00000000,995.00000000,512.00000000,539.00000000,310.60000000,-0.34000000,0.00195503,511.00000000,0.00503779,990.00000000,-0.05416486,569.00000000,0.02716795,105.30000000,-0.15779476,279.50000000,-0.02271703,409.60000000,-0.00609856,312.50000000,0E-8,395.00000000,-0.28000000,train
2013-09-01,374.80000000,207.40000000,108.80000000,395.00000000,1020.00000000,560.00000000,577.00000000,301.00000000,-0.10000000,0.08961216,512.00000000,0.02481517,995.00000000,0.06812670,539.00000000,0.00552997,108.20000000,-0.14055824,238.70000000,-0.06607150,400.40000000,-0.03139565,310.60000000,0E-8,395.00000000,-0.23000000,train
2013-10-01,370.00000000,201.70000000,105.40000000,395.00000000,991.00000000,541.00000000,585.00000000,296.90000000,-0.15000000,-0.03451750,560.00000000,-0.02884337,1020.00000000,0.01376958,577.00000000,-0.03174870,108.80000000,-0.02786785,207.40000000,-0.01288954,374.80000000,-0.01371488,301.00000000,0E-8,395.00000000,-0.34000000,train
2013-11-01,334.40000000,199.10000000,102.60000000,395.00000000,990.00000000,551.00000000,567.00000000,305.00000000,0.12000000,0.01831553,541.00000000,-0.00100959,991.00000000,-0.03125254,585.00000000,-0.02692470,105.40000000,-0.01297423,201.70000000,-0.10116512,370.00000000,0.02691639,296.90000000,0E-8,395.00000000,-0.10000000,train
2013-12-01,341.60000000,197.40000000,105.50000000,395.00000000,991.00000000,564.00000000,569.00000000,305.00000000,-0.16000000,0.02331944,551.00000000,0.00100959,990.00000000,0.00352113,567.00000000,0.02787302,102.60000000,-0.00857508,199.10000000,0.02130258,334.40000000,0E-8,305.00000000,0E-8,395.00000000,-0.15000000,train
2014-01-01,403.40000000,198.10000000,102.10000000,395.00000000,942.00000000,566.00000000,540.00000000,330.00000000,-0.25000000,0.00353983,564.00000000,-0.05070926,991.00000000,-0.05231129,569.00000000,-0.03275823,105.50000000,0.00353983,197.40000000,0.16628816,341.60000000,0.07878088,305.00000000,0E-8,395.00000000,0.12000000,train
2014-02-01,450.10000000,209.30000000,104.80000000,307.60000000,971.00000000,491.00000000,571.00000000,353.10000000,-0.23000000,-0.14214995,566.00000000,0.03032119,942.00000000,0.05582007,540.00000000,0.02610105,102.10000000,0.05499668,198.10000000,0.10954115,403.40000000,0.06765865,330.00000000,-0.25008553,395.00000000,-0.16000000,train
2014-03-01,486.50000000,222.30000000,104.00000000,278.50000000,997.00000000,531.00000000,602.00000000,327.50000000,0.12000000,0.07831789,491.00000000,0.02642430,971.00000000,0.05286824,571.00000000,-0.00766287,104.80000000,0.06025919,209.30000000,0.07776712,450.10000000,-0.07526325,353.10000000,-0.09938218,307.60000000,-0.25000000,train
2014-04-01,409.00000000,222.40000000,104.90000000,299.00000000,1002.00000000,516.00000000,584.00000000,260.00000000,0.44000000,-0.02865526,531.00000000,0.00500251,997.00000000,-0.03035646,602.00000000,0.00861662,104.00000000,0.00044974,222.30000000,-0.17352175,486.50000000,-0.23080642,327.50000000,0.07102551,278.50000000,-0.23000000,train
2014-05-01,413.60000000,217.30000000,105.70000000,300.90000000,962.00000000,519.00000000,568.00000000,265.00000000,0.53000000,0.00579712,516.00000000,-0.04073883,1002.00000000,-0.02777956,584.00000000,0.00759738,104.90000000,-0.02319868,222.40000000,0.01118417,409.00000000,0.01904819,260.00000000,0.00633441,299.00000000,0.12000000,train
2014-06-01,421.40000000,202.40000000,108.40000000,301.50000000,926.00000000,511.00000000,544.00000000,288.80000000,0.41000000,-0.01553429,519.00000000,-0.03814022,962.00000000,-0.04317217,568.00000000,0.02522320,105.70000000,-0.07103295,217.30000000,0.01868318,413.60000000,0.08600458,265.00000000,0.00199203,300.90000000,0.44000000,train
2014-07-01,440.60000000,182.70000000,105.20000000,279.50000000,897.00000000,472.00000000,503.00000000,305.00000000,0.13000000,-0.07939060,511.00000000,-0.03181837,926.00000000,-0.07835908,544.00000000,-0.02996479,108.40000000,-0.10240047,202.40000000,0.04455493,421.40000000,0.05457737,288.80000000,-0.07576772,301.50000000,0.53000000,train
2014-08-01,446.50000000,176.40000000,100.10000000,279.50000000,862.00000000,459.00000000,502.00000000,311.30000000,0.15000000,-0.02792878,472.00000000,-0.03980059,897.00000000,-0.00199005,503.00000000,-0.04969361,105.20000000,-0.03509132,182.70000000,0.01330197,440.60000000,0.02044530,305.00000000,0E-8,279.50000000,0.41000000,train
2014-09-01,438.10000000,163.10000000,95.90000000,279.50000000,840.00000000,430.00000000,460.00000000,317.50000000,0.31000000,-0.06526500,459.00000000,-0.02585338,862.00000000,-0.08737363,502.00000000,-0.04286370,100.10000000,-0.07839063,176.40000000,-0.01899221,446.50000000,0.01972074,311.30000000,0E-8,279.50000000,0.13000000,train
2014-10-01,418.80000000,163.10000000,86.10000000,279.50000000,833.00000000,426.00000000,453.00000000,317.50000000,0.45000000,-0.00934586,430.00000000,-0.00836825,840.00000000,-0.01533436,460.00000000,-0.10779657,95.90000000,0E-8,163.10000000,-0.04505372,438.10000000,0E-8,317.50000000,0E-8,279.50000000,0.15000000,train
2014-11-01,408.80000000,178.70000000,77.00000000,279.50000000,826.00000000,450.00000000,474.00000000,317.50000000,0.84000000,0.05480824,426.00000000,-0.00843887,833.00000000,0.04531520,453.00000000,-0.11170399,86.10000000,0.09134491,163.10000000,-0.02416744,418.80000000,0E-8,317.50000000,0E-8,279.50000000,0.31000000,train
2014-12-01,418.40000000,178.70000000,60.70000000,279.50000000,815.00000000,448.00000000,470.00000000,308.10000000,0.78000000,-0.00445435,450.00000000,-0.01340666,826.00000000,-0.00847463,474.00000000,-0.23786172,77.00000000,0E-8,178.70000000,0.02321187,408.80000000,-0.03005341,317.50000000,0E-8,279.50000000,0.45000000,train
2015-01-01,440.30000000,174.70000000,47.10000000,279.50000000,797.00000000,433.00000000,443.00000000,305.00000000,0.63000000,-0.03405550,448.00000000,-0.02233343,815.00000000,-0.05916292,470.00000000,-0.25367070,60.70000000,-0.02263821,178.70000000,0.05101840,418.40000000,-0.01011263,308.10000000,0E-8,279.50000000,0.84000000,train
2015-02-01,444.10000000,173.70000000,54.80000000,279.50000000,763.00000000,424.00000000,418.00000000,305.00000000,0.67000000,-0.02100427,433.00000000,-0.04359665,797.00000000,-0.05808834,443.00000000,0.15141719,47.10000000,-0.00574054,174.70000000,0.00859345,440.30000000,0E-8,305.00000000,0E-8,279.50000000,0.78000000,train
2015-03-01,428.80000000,174.20000000,52.80000000,283.40000000,750.00000000,410.00000000,412.00000000,295.50000000,0.74000000,-0.03357630,424.00000000,-0.01718482,763.00000000,-0.01445808,418.00000000,-0.03717900,54.80000000,0.00287439,173.70000000,-0.03505915,444.10000000,-0.03164294,305.00000000,0.01385703,279.50000000,0.63000000,train
2015-04-01,409.00000000,172.10000000,57.50000000,299.00000000,748.00000000,395.00000000,398.00000000,260.00000000,1.07000000,-0.03727139,410.00000000,-0.00267023,750.00000000,-0.03457134,412.00000000,0.08527376,52.80000000,-0.01212836,174.20000000,-0.04727545,428.80000000,-0.12798721,295.50000000,0.05358425,283.40000000,0.67000000,train
2015-05-01,413.60000000,166.30000000,62.50000000,300.90000000,785.00000000,388.00000000,386.00000000,265.00000000,1.10000000,-0.01788043,395.00000000,0.04828074,748.00000000,-0.03061464,398.00000000,0.08338161,57.50000000,-0.03428232,172.10000000,0.01118417,409.00000000,0.01904819,260.00000000,0.00633441,299.00000000,0.74000000,train
2015-06-01,421.40000000,166.70000000,61.30000000,301.50000000,788.00000000,391.00000000,387.00000000,288.80000000,1.23000000,0.00770222,388.00000000,0.00381437,785.00000000,0.00258732,386.00000000,-0.01938671,62.50000000,0.00240240,166.30000000,0.01868318,413.60000000,0.08600458,265.00000000,0.00199203,300.90000000,1.07000000,train
2015-07-01,431.50000000,179.60000000,54.30000000,301.50000000,752.00000000,406.00000000,407.00000000,283.80000000,1.35000000,0.03764560,391.00000000,-0.04676177,788.00000000,0.05038849,387.00000000,-0.12125562,61.30000000,0.07453637,166.70000000,0.02368501,421.40000000,-0.01746464,288.80000000,0E-8,301.50000000,1.10000000,train
2015-08-01,434.60000000,162.60000000,45.70000000,301.50000000,728.00000000,379.00000000,386.00000000,274.60000000,1.49000000,-0.06881695,406.00000000,-0.03243528,752.00000000,-0.05297582,407.00000000,-0.17242593,54.30000000,-0.09943896,179.60000000,0.00715856,431.50000000,-0.03295427,283.80000000,0E-8,301.50000000,1.23000000,train
2015-09-01,428.00000000,165.60000000,46.30000000,301.50000000,720.00000000,367.00000000,374.00000000,279.40000000,1.67000000,-0.03217436,379.00000000,-0.01104984,728.00000000,-0.03158157,386.00000000,0.01304366,45.70000000,0.01828204,162.60000000,-0.01530287,434.60000000,0.01732895,274.60000000,0E-8,301.50000000,1.35000000,train
2015-10-01,423.80000000,171.40000000,47.00000000,301.50000000,743.00000000,376.00000000,373.00000000,250.60000000,1.91000000,0.02422730,367.00000000,0.03144483,720.00000000,-0.00267738,374.00000000,0.01500564,46.30000000,0.03442476,165.60000000,-0.00986155,428.00000000,-0.10878640,279.40000000,0E-8,301.50000000,1.49000000,train
2015-11-01,383.90000000,166.20000000,43.10000000,301.50000000,727.00000000,368.00000000,351.00000000,263.60000000,2.21000000,-0.02150621,376.00000000,-0.02176957,743.00000000,-0.06079220,373.00000000,-0.08662460,47.00000000,-0.03080812,171.40000000,-0.09887954,423.80000000,0.05057476,250.60000000,0E-8,301.50000000,1.67000000,train
2015-12-01,340.60000000,163.90000000,36.60000000,301.50000000,766.00000000,368.00000000,338.00000000,264.00000000,2.13000000,0E-8,368.00000000,0.05225569,727.00000000,-0.03774033,351.00000000,-0.16347476,43.10000000,-0.01393540,166.20000000,-0.11967333,383.90000000,0.00151630,263.60000000,0E-8,301.50000000,1.91000000,train
2016-01-01,327.10000000,161.00000000,29.80000000,301.50000000,736.00000000,373.00000000,336.00000000,233.90000000,2.13000000,0.01349548,368.00000000,-0.03995205,766.00000000,-0.00593474,338.00000000,-0.20553985,36.60000000,-0.01785212,163.90000000,-0.04044283,340.60000000,-0.12105543,264.00000000,0E-8,301.50000000,2.21000000,train
2016-02-01,326.00000000,159.70000000,31.00000000,301.50000000,767.00000000,374.00000000,323.00000000,191.90000000,1.87000000,0.00267738,373.00000000,0.04125668,736.00000000,-0.03945884,336.00000000,0.03947881,29.80000000,-0.00810731,161.00000000,-0.00336855,327.10000000,-0.19791927,233.90000000,0E-8,301.50000000,2.13000000,train
2016-03-01,338.10000000,159.10000000,37.30000000,301.50000000,766.00000000,381.00000000,319.00000000,201.80000000,1.50000000,0.01854358,374.00000000,-0.00130463,767.00000000,-0.01246122,323.00000000,0.18500612,31.00000000,-0.00376412,159.70000000,0.03644433,326.00000000,0.05030270,191.90000000,0E-8,301.50000000,2.13000000,train
2016-04-01,330.50000000,164.40000000,40.80000000,301.50000000,794.00000000,395.00000000,346.00000000,196.30000000,1.08000000,0.03608639,381.00000000,0.03590129,766.00000000,0.08124767,319.00000000,0.08968875,37.30000000,0.03276955,159.10000000,-0.02273505,338.10000000,-0.02763301,201.80000000,0E-8,301.50000000,1.87000000,train
2016-05-01,313.50000000,169.00000000,45.90000000,301.50000000,796.00000000,423.00000000,422.00000000,198.40000000,0.63000000,0.06848641,395.00000000,0.00251572,794.00000000,0.19856654,346.00000000,0.11778304,40.80000000,0.02759623,164.40000000,-0.05280730,330.50000000,0.01064109,196.30000000,0E-8,301.50000000,1.50000000,train
2016-06-01,306.60000000,179.90000000,47.70000000,301.50000000,800.00000000,457.00000000,468.00000000,142.60000000,0.37000000,0.07731121,423.00000000,0.00501254,796.00000000,0.10346298,422.00000000,0.03846628,45.90000000,0.06250243,169.00000000,-0.02225539,313.50000000,-0.33024169,198.40000000,0E-8,301.50000000,1.08000000,train
2016-07-01,305.20000000,161.80000000,44.10000000,282.50000000,797.00000000,431.00000000,440.00000000,181.00000000,0.01000000,-0.05857530,457.00000000,-0.00375705,800.00000000,-0.06169357,468.00000000,-0.07847162,47.70000000,-0.10604014,179.90000000,-0.00457667,306.60000000,0.23845352,142.60000000,-0.06509147,301.50000000,0.63000000,train
2016-08-01,318.10000000,150.20000000,44.90000000,206.50000000,824.00000000,412.00000000,399.00000000,186.30000000,-0.10000000,-0.04508474,431.00000000,0.03331585,797.00000000,-0.09781331,440.00000000,0.01797801,44.10000000,-0.07439327,161.80000000,0.04139850,305.20000000,0.02886125,181.00000000,-0.31337814,282.50000000,0.37000000,train
2016-09-01,320.00000000,148.40000000,45.00000000,206.50000000,837.00000000,404.00000000,368.00000000,187.30000000,-0.21000000,-0.01960847,412.00000000,0.01565354,824.00000000,-0.08087848,399.00000000,0.00222470,44.90000000,-0.01205641,150.20000000,0.00595520,318.10000000,0.00535333,186.30000000,0E-8,206.50000000,0.01000000,train
2016-10-01,310.00000000,152.30000000,49.30000000,206.50000000,861.00000000,402.00000000,362.00000000,187.50000000,-0.39000000,-0.00496279,404.00000000,0.02827043,837.00000000,-0.01643873,368.00000000,0.09126159,45.00000000,0.02594093,148.40000000,-0.03174870,320.00000000,0.00106724,187.30000000,0E-8,206.50000000,-0.10000000,train
2016-11-01,298.00000000,151.80000000,45.30000000,206.50000000,885.00000000,398.00000000,357.00000000,205.00000000,-0.37000000,-0.01000008,402.00000000,0.02749314,861.00000000,-0.01390843,362.00000000,-0.08461705,49.30000000,-0.00328839,152.30000000,-0.03947881,310.00000000,0.08923113,187.50000000,0E-8,206.50000000,-0.21000000,train
2016-12-01,296.60000000,152.40000000,52.60000000,206.50000000,917.00000000,416.00000000,356.00000000,217.80000000,-0.17000000,0.04423325,398.00000000,0.03551983,885.00000000,-0.00280505,357.00000000,0.14940909,45.30000000,0.00394478,151.80000000,-0.00470906,298.00000000,0.06056723,205.00000000,0E-8,206.50000000,-0.39000000,train
2017-01-01,308.00000000,160.00000000,53.60000000,206.50000000,877.00000000,412.00000000,371.00000000,233.80000000,-0.23000000,-0.00966191,416.00000000,-0.04460048,917.00000000,0.04127133,356.00000000,0.01883295,52.60000000,0.04866517,152.40000000,0.03771535,296.60000000,0.07088884,217.80000000,0E-8,206.50000000,-0.37000000,train
2017-02-01,326.00000000,162.90000000,54.40000000,301.50000000,840.00000000,395.00000000,374.00000000,191.90000000,0.22000000,-0.04213758,412.00000000,-0.04310510,877.00000000,0.00805373,371.00000000,0.01481509,53.60000000,0.01796270,160.00000000,0.05679760,308.00000000,-0.19749165,233.80000000,0.37846960,206.50000000,-0.17000000,train
2017-03-01,325.60000000,159.00000000,50.90000000,206.50000000,815.00000000,384.00000000,361.00000000,223.50000000,0.18000000,-0.02824321,395.00000000,-0.03021378,840.00000000,-0.03537784,374.00000000,-0.06650123,54.40000000,-0.02423231,162.90000000,-0.00122775,326.00000000,0.15243701,191.90000000,-0.37846960,301.50000000,-0.23000000,train
2017-04-01,313.10000000,156.40000000,52.20000000,206.50000000,794.00000000,387.00000000,346.00000000,207.90000000,0.35000000,0.00778214,384.00000000,-0.02610465,815.00000000,-0.04243918,361.00000000,0.02521957,50.90000000,-0.01648737,159.00000000,-0.03914701,325.60000000,-0.07235422,223.50000000,0E-8,206.50000000,0.22000000,train
2017-05-01,309.30000000,158.60000000,49.90000000,206.50000000,825.00000000,390.00000000,344.00000000,178.80000000,0.40000000,0.00772205,387.00000000,0.03829993,794.00000000,-0.00579712,346.00000000,-0.04506149,52.20000000,0.01396848,156.40000000,-0.01221095,313.10000000,-0.15078933,207.90000000,0E-8,206.50000000,0.18000000,train
2017-06-01,310.30000000,157.90000000,46.20000000,206.50000000,833.00000000,379.00000000,330.00000000,191.00000000,0.45000000,-0.02861053,390.00000000,0.00965026,825.00000000,-0.04154900,344.00000000,-0.07704120,49.90000000,-0.00442339,158.60000000,0.00322789,309.30000000,0.06600557,178.80000000,0E-8,206.50000000,0.35000000,train
2017-07-01,313.80000000,157.50000000,47.70000000,207.30000000,836.00000000,410.00000000,341.00000000,181.00000000,0.38000000,0.07862095,379.00000000,0.00359497,833.00000000,0.03278982,330.00000000,0.03195160,46.20000000,-0.00253646,157.90000000,0.01121627,310.30000000,-0.05377640,191.00000000,0.00386661,206.50000000,0.40000000,train
2017-08-01,320.80000000,148.50000000,49.90000000,215.50000000,862.00000000,393.00000000,330.00000000,192.60000000,0.05000000,-0.04234755,410.00000000,0.03062666,836.00000000,-0.03278982,341.00000000,0.04508960,47.70000000,-0.05884050,157.50000000,0.02206204,313.80000000,0.06211847,181.00000000,0.03879389,207.30000000,0.45000000,train
2017-09-01,325.90000000,147.30000000,53.00000000,215.50000000,889.00000000,394.00000000,342.00000000,219.00000000,-0.20000000,0.00254130,393.00000000,0.03084196,862.00000000,0.03571808,330.00000000,0.06027091,49.90000000,-0.00811363,148.50000000,0.01577271,320.80000000,0.12845623,192.60000000,0E-8,215.50000000,0.38000000,train
2017-10-01,322.40000000,148.60000000,54.90000000,215.50000000,881.00000000,397.00000000,353.00000000,252.50000000,-0.12000000,0.00758537,394.00000000,-0.00903961,889.00000000,0.03165732,342.00000000,0.03522143,53.00000000,0.00878681,147.30000000,-0.01079758,325.90000000,0.14233952,219.00000000,0E-8,215.50000000,0.05000000,train
2017-11-01,344.00000000,148.70000000,59.90000000,215.50000000,887.00000000,394.00000000,351.00000000,280.00000000,-0.44000000,-0.00758537,397.00000000,0.00678736,881.00000000,-0.00568183,353.00000000,0.08716316,54.90000000,0.00067272,148.60000000,0.06484865,322.40000000,0.10337835,252.50000000,0E-8,215.50000000,-0.20000000,train
2017-12-01,357.30000000,149.00000000,61.20000000,215.50000000,867.00000000,387.00000000,360.00000000,214.60000000,-0.65000000,-0.01792622,394.00000000,-0.02280601,887.00000000,0.02531781,351.00000000,0.02147068,59.90000000,0.00201545,148.70000000,0.03793411,344.00000000,-0.26601377,280.00000000,0E-8,215.50000000,-0.12000000,train
2018-01-01,360.40000000,155.80000000,66.20000000,215.50000000,871.00000000,390.00000000,376.00000000,219.60000000,-0.64000000,0.00772205,387.00000000,0.00460300,867.00000000,0.04348511,360.00000000,0.07853327,61.20000000,0.04462683,149.00000000,0.00863876,357.30000000,0.02303188,214.60000000,0E-8,215.50000000,-0.44000000,train
2018-02-01,370.00000000,163.40000000,63.50000000,215.50000000,844.00000000,416.00000000,421.00000000,232.50000000,-0.48000000,0.06453852,390.00000000,-0.03148948,871.00000000,0.11304369,376.00000000,-0.04164056,66.20000000,0.04762805,155.80000000,0.02628848,360.40000000,0.05708252,219.60000000,0E-8,215.50000000,-0.65000000,train
2018-03-01,378.00000000,172.00000000,64.20000000,215.50000000,837.00000000,430.00000000,445.00000000,232.50000000,-0.49000000,0.03309995,416.00000000,-0.00832842,844.00000000,0.05544145,421.00000000,0.01096330,63.50000000,0.05129329,163.40000000,0.02139119,370.00000000,0E-8,232.50000000,0E-8,215.50000000,-0.64000000,train
2018-04-01,384.80000000,175.60000000,68.80000000,215.50000000,832.00000000,439.00000000,462.00000000,230.60000000,-0.11000000,0.02071420,430.00000000,-0.00599163,837.00000000,0.03749061,445.00000000,0.06920053,64.20000000,0.02071420,172.00000000,0.01782952,378.00000000,-0.00820562,232.50000000,0E-8,215.50000000,-0.48000000,train
2018-05-01,384.40000000,179.10000000,73.40000000,215.50000000,793.00000000,430.00000000,459.00000000,221.90000000,0.18000000,-0.02071420,439.00000000,-0.04800922,832.00000000,-0.00651468,462.00000000,0.06472019,68.80000000,0.01973563,175.60000000,-0.00104004,384.80000000,-0.03845778,230.60000000,0E-8,215.50000000,-0.49000000,train
2018-06-01,391.60000000,165.10000000,72.00000000,215.50000000,789.00000000,394.00000000,421.00000000,224.00000000,0.31000000,-0.08743430,430.00000000,-0.00505690,793.00000000,-0.08641738,459.00000000,-0.01925782,73.40000000,-0.08139296,179.10000000,0.01855723,384.40000000,0.00941922,221.90000000,0E-8,215.50000000,-0.11000000,train
2018-07-01,400.80000000,156.50000000,72.70000000,215.50000000,780.00000000,377.00000000,407.00000000,252.50000000,0.39000000,-0.04410572,394.00000000,-0.01147240,789.00000000,-0.03381965,421.00000000,0.00967527,72.00000000,-0.05349534,165.10000000,0.02322164,391.60000000,0.11976520,224.00000000,0E-8,215.50000000,0.18000000,train
2018-08-01,409.00000000,162.40000000,71.10000000,215.50000000,762.00000000,377.00000000,388.00000000,260.00000000,0.35000000,0E-8,377.00000000,-0.02334736,780.00000000,-0.04780785,407.00000000,-0.02225405,72.70000000,0.03700642,156.50000000,0.02025261,400.80000000,0.02927038,252.50000000,0E-8,215.50000000,0.31000000,train
2018-09-01,421.60000000,154.80000000,75.40000000,215.50000000,754.00000000,357.00000000,377.00000000,267.50000000,0.50000000,-0.05450941,377.00000000,-0.01055419,762.00000000,-0.02876015,388.00000000,0.05871994,71.10000000,-0.04792847,162.40000000,0.03034184,409.00000000,0.02843794,260.00000000,0E-8,215.50000000,0.39000000,train
2018-10-01,420.80000000,160.30000000,76.70000000,215.50000000,752.00000000,368.00000000,379.00000000,270.00000000,1.01000000,0.03034716,357.00000000,-0.00265604,754.00000000,0.00529102,377.00000000,0.01709443,75.40000000,0.03491310,154.80000000,-0.00189934,421.60000000,0.00930239,267.50000000,0E-8,215.50000000,0.35000000,train
2018-11-01,410.20000000,160.70000000,62.30000000,215.50000000,729.00000000,374.00000000,366.00000000,305.60000000,1.15000000,0.01617286,368.00000000,-0.03106259,752.00000000,-0.03490287,379.00000000,-0.20794028,76.70000000,0.00249221,160.30000000,-0.02551282,420.80000000,0.12385510,270.00000000,0E-8,215.50000000,0.50000000,train
2018-12-01,389.70000000,167.40000000,54.00000000,215.50000000,728.00000000,381.00000000,361.00000000,276.70000000,1.10000000,0.01854358,374.00000000,-0.00137268,729.00000000,-0.01375538,366.00000000,-0.14297738,62.30000000,0.04084689,160.70000000,-0.05126763,410.20000000,-0.09934317,305.60000000,0E-8,215.50000000,1.01000000,train
2019-01-01,382.10000000,166.70000000,56.60000000,215.50000000,748.00000000,382.00000000,362.00000000,260.00000000,0.88000000,0.00262123,381.00000000,0.02710193,728.00000000,0.00276625,361.00000000,0.04702494,54.00000000,-0.00419037,167.40000000,-0.01969486,389.70000000,-0.06225226,276.70000000,0E-8,215.50000000,1.15000000,validation
2019-02-01,357.40000000,169.50000000,61.10000000,215.50000000,773.00000000,380.00000000,353.00000000,250.60000000,0.87000000,-0.00524936,382.00000000,0.03287607,748.00000000,-0.02517615,362.00000000,0.07650288,56.60000000,0.01665714,166.70000000,-0.06682675,382.10000000,-0.03682359,260.00000000,0E-8,215.50000000,1.10000000,validation
2019-03-01,335.00000000,166.20000000,63.80000000,245.50000000,750.00000000,370.00000000,345.00000000,247.50000000,0.92000000,-0.02666825,380.00000000,-0.03020584,773.00000000,-0.02292364,353.00000000,0.04324132,61.10000000,-0.01966104,169.50000000,-0.06472507,357.40000000,-0.01244746,250.60000000,0.13033604,215.50000000,0.88000000,validation
2019-04-01,323.80000000,161.50000000,68.60000000,265.50000000,734.00000000,360.00000000,342.00000000,247.50000000,0.82000000,-0.02739897,370.00000000,-0.02156418,750.00000000,-0.00873368,345.00000000,0.07253934,63.80000000,-0.02868674,166.20000000,-0.03400449,335.00000000,0E-8,247.50000000,0.07831789,245.50000000,0.87000000,validation
2019-05-01,313.40000000,171.10000000,66.80000000,265.50000000,743.00000000,340.00000000,339.00000000,247.50000000,0.83000000,-0.05715841,360.00000000,0.01218702,734.00000000,-0.00881063,342.00000000,-0.02658945,68.60000000,0.05774304,161.50000000,-0.03264571,323.80000000,0E-8,247.50000000,0E-8,265.50000000,0.92000000,validation
2019-06-01,314.90000000,195.10000000,59.80000000,265.50000000,743.00000000,359.00000000,363.00000000,247.50000000,0.80000000,0.05437677,340.00000000,0E-8,743.00000000,0.06840273,339.00000000,-0.11069742,66.80000000,0.13126407,171.10000000,0.00477480,313.40000000,0E-8,247.50000000,0E-8,265.50000000,0.82000000,validation
2019-07-01,307.50000000,189.40000000,61.50000000,265.50000000,748.00000000,370.00000000,349.00000000,263.50000000,0.65000000,0.03018062,359.00000000,0.00670693,743.00000000,-0.03933091,363.00000000,0.02803151,59.80000000,-0.02965107,195.10000000,-0.02378004,314.90000000,0.06264279,247.50000000,0E-8,265.50000000,0.83000000,validation
2019-08-01,292.90000000,163.60000000,57.70000000,265.50000000,793.00000000,361.00000000,337.00000000,262.50000000,0.35000000,-0.02462505,370.00000000,0.05842024,748.00000000,-0.03498899,349.00000000,-0.06378000,61.50000000,-0.14643676,189.40000000,-0.04864383,307.50000000,-0.00380229,263.50000000,0E-8,265.50000000,0.80000000,validation
2019-09-01,285.80000000,157.30000000,60.00000000,265.50000000,779.00000000,366.00000000,333.00000000,237.80000000,0.18000000,0.01375538,361.00000000,-0.01781218,793.00000000,-0.01194044,337.00000000,0.03908739,57.70000000,-0.03926961,163.60000000,-0.02453899,292.90000000,-0.09882110,262.50000000,0E-8,265.50000000,0.65000000,validation
2019-10-01,277.40000000,167.10000000,57.30000000,265.50000000,771.00000000,382.00000000,342.00000000,237.00000000,0.78000000,0.04278728,366.00000000,-0.01032267,779.00000000,0.02666825,333.00000000,-0.04604394,60.00000000,0.06043763,157.30000000,-0.02983176,285.80000000,-0.00336984,237.80000000,0E-8,265.50000000,0.35000000,validation
2019-11-01,248.00000000,166.30000000,60.40000000,265.50000000,770.00000000,376.00000000,347.00000000,224.50000000,0.82000000,-0.01583147,382.00000000,-0.00129786,771.00000000,0.01451404,342.00000000,0.05268848,57.30000000,-0.00479905,167.10000000,-0.11203176,277.40000000,-0.05418443,237.00000000,0E-8,265.50000000,0.18000000,validation
2019-12-01,238.20000000,167.00000000,63.40000000,265.50000000,834.00000000,383.00000000,353.00000000,217.50000000,0.73000000,0.01844585,376.00000000,0.07984289,770.00000000,0.01714328,347.00000000,0.04847476,60.40000000,0.00420043,166.30000000,-0.04031809,248.00000000,-0.03167686,224.50000000,0E-8,265.50000000,0.78000000,validation
2020-01-01,264.90000000,171.80000000,61.60000000,268.70000000,876.00000000,387.00000000,356.00000000,215.40000000,0.84000000,0.01038970,383.00000000,0.04913269,834.00000000,0.00846267,353.00000000,-0.02880199,63.40000000,0.02833720,167.00000000,0.10624174,238.20000000,-0.00970209,217.50000000,0.01198067,265.50000000,0.82000000,validation
2020-02-01,279.40000000,168.70000000,53.30000000,243.40000000,800.00000000,376.00000000,354.00000000,214.40000000,0.67000000,-0.02883555,387.00000000,-0.09075436,876.00000000,-0.00563382,356.00000000,-0.14472554,61.60000000,-0.01820902,171.80000000,0.05329205,264.90000000,-0.00465334,215.40000000,-0.09888934,268.70000000,0.73000000,validation
2020-03-01,276.20000000,162.40000000,32.20000000,235.00000000,748.00000000,373.00000000,377.00000000,231.10000000,0.65000000,-0.00801072,376.00000000,-0.06720875,800.00000000,0.06294827,354.00000000,-0.50396988,53.30000000,-0.03805956,168.70000000,-0.01151921,279.40000000,0.07500709,214.40000000,-0.03512067,243.40000000,0.84000000,validation
2020-04-01,282.00000000,146.90000000,21.00000000,220.40000000,680.00000000,361.00000000,364.00000000,235.00000000,0.66000000,-0.03270046,373.00000000,-0.09531018,748.00000000,-0.03509132,377.00000000,-0.42744401,32.20000000,-0.10031034,162.40000000,0.02078183,276.20000000,0.01673500,231.10000000,-0.06414144,235.00000000,0.67000000,validation
2020-05-01,263.00000000,143.90000000,30.40000000,222.20000000,685.00000000,359.00000000,339.00000000,201.90000000,0.05000000,-0.00555557,361.00000000,0.00732604,680.00000000,-0.07115376,364.00000000,0.36992017,21.00000000,-0.02063347,146.90000000,-0.06975304,282.00000000,-0.15181299,235.00000000,0.00813380,220.40000000,0.65000000,validation
2020-06-01,273.00000000,148.00000000,39.50000000,226.30000000,756.00000000,370.00000000,345.00000000,202.00000000,-0.05000000,0.03018062,359.00000000,0.09862254,685.00000000,0.01754431,339.00000000,0.26185806,30.40000000,0.02809366,143.90000000,0.03731776,263.00000000,0.00049517,201.90000000,0.01828368,222.20000000,0.66000000,validation
2020-07-01,305.10000000,152.60000000,42.10000000,237.50000000,821.00000000,381.00000000,355.00000000,214.40000000,0.08000000,0.02929637,370.00000000,0.08248173,756.00000000,0.02857337,345.00000000,0.06374707,39.50000000,0.03060785,148.00000000,0.11116780,273.00000000,0.05957573,202.00000000,0.04830607,226.30000000,0.05000000,validation
2020-08-01,341.90000000,149.30000000,43.40000000,240.40000000,867.00000000,385.00000000,375.00000000,249.50000000,-0.29000000,0.01044396,381.00000000,0.05451587,821.00000000,0.05480824,355.00000000,0.03041170,42.10000000,-0.02186241,152.60000000,0.11387870,305.10000000,0.15161549,214.40000000,0.01213658,237.50000000,-0.05000000,validation
2020-09-01,358.40000000,166.10000000,40.60000000,247.80000000,906.00000000,423.00000000,408.00000000,250.50000000,-0.66000000,0.09412884,385.00000000,0.04400033,867.00000000,0.08434115,375.00000000,-0.06669137,43.40000000,0.10663231,149.30000000,0.04713138,341.90000000,0.00400001,249.50000000,0.03031777,240.40000000,0.08000000,validation
2020-10-01,357.10000000,186.70000000,39.90000000,255.00000000,915.00000000,454.00000000,466.00000000,245.00000000,-0.90000000,0.07072502,423.00000000,0.00988476,906.00000000,0.13291846,408.00000000,-0.01739174,40.60000000,0.11691303,166.10000000,-0.00363383,358.40000000,-0.02220071,250.50000000,0.02864158,247.80000000,-0.29000000,validation
2020-11-01,359.60000000,190.40000000,42.30000000,250.00000000,974.00000000,500.00000000,496.00000000,245.00000000,-0.89000000,0.09651090,454.00000000,0.06248724,915.00000000,0.06239029,466.00000000,0.05841076,39.90000000,0.01962407,186.70000000,0.00697645,357.10000000,0E-8,245.00000000,-0.01980263,255.00000000,-0.66000000,validation
2020-12-01,388.50000000,198.80000000,48.70000000,246.30000000,1026.00000000,511.00000000,495.00000000,245.00000000,-1.02000000,0.02176149,500.00000000,0.05201172,974.00000000,-0.00201816,496.00000000,0.14089194,42.30000000,0.04317217,190.40000000,0.07730087,359.60000000,0E-8,245.00000000,-0.01491061,250.00000000,-0.90000000,validation
2021-01-01,421.30000000,234.50000000,53.60000000,255.50000000,1099.00000000,576.00000000,562.00000000,265.00000000,-1.12000000,0.11973807,511.00000000,0.06873293,1026.00000000,0.12694409,495.00000000,0.09587004,48.70000000,0.16515629,198.80000000,0.08105200,388.50000000,0.07847162,245.00000000,0.03667210,246.30000000,-0.89000000,validation
2021-02-01,528.90000000,245.20000000,60.50000000,290.60000000,1124.00000000,578.00000000,548.00000000,335.00000000,-1.00000000,0.00346621,576.00000000,0.02249308,1099.00000000,-0.02522656,562.00000000,0.12109430,53.60000000,0.04461862,234.50000000,0.22745421,421.30000000,0.23440071,265.00000000,0.12872534,255.50000000,-1.02000000,validation
2021-03-01,534.10000000,245.20000000,63.80000000,320.90000000,1285.00000000,586.00000000,484.00000000,352.90000000,-0.64000000,0.01374592,578.00000000,0.13386497,1124.00000000,-0.12419038,548.00000000,0.05310983,60.50000000,0E-8,245.20000000,0.00978371,528.90000000,0.05205420,335.00000000,0.09918180,290.60000000,-1.12000000,validation
2021-04-01,543.40000000,268.20000000,63.00000000,345.50000000,1386.00000000,597.00000000,464.00000000,328.10000000,-0.47000000,0.01859732,586.00000000,0.07566318,1285.00000000,-0.04220035,484.00000000,-0.01261846,63.80000000,0.08965877,245.20000000,0.01726261,534.10000000,-0.07286629,352.90000000,0.07386310,320.90000000,-1.00000000,validation
2021-05-01,574.60000000,305.30000000,66.40000000,378.10000000,1575.00000000,647.00000000,482.00000000,331.60000000,-0.25000000,0.08042918,597.00000000,0.12783337,1386.00000000,0.03805956,464.00000000,0.05256233,63.00000000,0.12956193,268.20000000,0.05582845,543.40000000,0.01061098,328.10000000,0.09016607,345.50000000,-0.64000000,validation
2021-06-01,604.80000000,292.60000000,71.80000000,462.50000000,1518.00000000,615.00000000,467.00000000,393.30000000,-0.03000000,-0.05072403,647.00000000,-0.03686159,1575.00000000,-0.03161486,482.00000000,0.07818742,66.40000000,-0.04248841,305.30000000,0.05122368,574.60000000,0.17064326,331.60000000,0.20148785,378.10000000,-0.47000000,validation
2021-07-01,613.00000000,278.40000000,73.30000000,633.00000000,1468.00000000,600.00000000,470.00000000,441.50000000,-0.18000000,-0.02469261,615.00000000,-0.03349275,1518.00000000,0.00640344,467.00000000,0.02067613,71.80000000,-0.04974756,292.60000000,0.01346711,604.80000000,0.11560534,393.30000000,0.31382387,462.50000000,-0.25000000,validation
2021-08-01,603.10000000,256.60000000,68.90000000,695.00000000,1434.00000000,586.00000000,470.00000000,446.90000000,-0.36000000,-0.02360987,600.00000000,-0.02343319,1468.00000000,0E-8,470.00000000,-0.06190443,73.30000000,-0.08154048,278.40000000,-0.01628192,613.00000000,0.01215684,441.50000000,0.09344142,633.00000000,-0.03000000,validation
2021-09-01,643.80000000,235.60000000,72.80000000,736.30000000,1399.00000000,558.00000000,468.00000000,418.80000000,-0.49000000,-0.04896083,586.00000000,-0.02471005,1434.00000000,-0.00426440,470.00000000,0.05505978,68.90000000,-0.08538300,256.60000000,0.06530510,603.10000000,-0.06494138,446.90000000,0.05772580,695.00000000,-0.18000000,validation
2021-10-01,672.90000000,239.60000000,82.10000000,782.00000000,1484.00000000,552.00000000,451.00000000,695.00000000,-0.74000000,-0.01081092,558.00000000,0.05898345,1399.00000000,-0.03700096,468.00000000,0.12022206,72.80000000,0.01683541,235.60000000,0.04420861,643.80000000,0.50651837,418.80000000,0.06021710,736.30000000,-0.36000000,validation
2021-11-01,726.70000000,248.70000000,79.90000000,806.90000000,1443.00000000,551.00000000,443.00000000,900.50000000,-0.69000000,-0.00181324,552.00000000,-0.02801686,1484.00000000,-0.01789757,451.00000000,-0.02716216,82.10000000,0.03727648,239.60000000,0.07691701,672.90000000,0.25903832,695.00000000,0.03134500,782.00000000,-0.49000000,validation
2021-12-01,745.00000000,264.50000000,72.90000000,807.50000000,1411.00000000,554.00000000,462.00000000,890.00000000,-0.89000000,0.00542988,551.00000000,-0.02242561,1443.00000000,0.04199512,443.00000000,-0.09168721,79.90000000,0.06159390,248.70000000,0.02487048,726.70000000,-0.01172870,900.50000000,0.00074331,806.90000000,-0.74000000,validation
2022-01-01,699.40000000,276.60000000,83.90000000,785.60000000,1470.00000000,606.00000000,526.00000000,846.40000000,-0.56000000,0.08971530,554.00000000,0.04096373,1411.00000000,0.12973632,462.00000000,0.14053697,72.90000000,0.04473117,264.50000000,-0.06316139,745.00000000,-0.05022940,890.00000000,-0.02749530,807.50000000,-0.69000000,test
2022-02-01,747.10000000,292.60000000,93.50000000,791.90000000,1596.00000000,662.00000000,569.00000000,744.20000000,-0.55000000,0.08838557,606.00000000,0.08223810,1470.00000000,0.07857922,526.00000000,0.10833582,83.90000000,0.05623407,276.60000000,0.06597622,699.40000000,-0.12868225,846.40000000,0.00798736,785.60000000,-0.89000000,test
2022-03-01,938.10000000,335.50000000,112.40000000,977.50000000,1957.00000000,721.00000000,601.00000000,872.50000000,-0.67000000,0.08537358,662.00000000,0.20391219,1596.00000000,0.05471450,569.00000000,0.18410250,93.50000000,0.13681547,292.60000000,0.22765751,747.10000000,0.15905284,744.20000000,0.21056317,791.90000000,-0.56000000,test
2022-04-01,954.00000000,348.20000000,103.40000000,1202.00000000,1948.00000000,721.00000000,579.00000000,925.00000000,-0.74000000,0E-8,721.00000000,-0.00460948,1957.00000000,-0.03729246,601.00000000,-0.08345898,112.40000000,0.03715507,335.50000000,0.01680712,938.10000000,0.05843108,872.50000000,0.20674382,977.50000000,-0.55000000,test
2022-05-01,842.50000000,344.80000000,110.10000000,1170.00000000,1963.00000000,724.00000000,530.00000000,707.50000000,-0.78000000,0.00415226,721.00000000,0.00767071,1948.00000000,-0.08842547,579.00000000,0.06278408,103.40000000,-0.00981249,348.20000000,-0.12429001,954.00000000,-0.26805611,925.00000000,-0.02698309,1202.00000000,-0.67000000,test
2022-06-01,783.80000000,335.70000000,116.80000000,1101.90000000,1752.00000000,737.00000000,528.00000000,690.00000000,-0.52000000,0.01779650,724.00000000,-0.11371592,1963.00000000,-0.00378072,530.00000000,0.05907403,110.10000000,-0.02674663,344.80000000,-0.07221978,842.50000000,-0.02504603,707.50000000,-0.05996779,1170.00000000,-0.74000000,test
2022-07-01,784.00000000,323.00000000,105.10000000,1013.00000000,1533.00000000,678.00000000,536.00000000,601.00000000,-0.50000000,-0.08344060,737.00000000,-0.13353139,1752.00000000,0.01503788,528.00000000,-0.10555079,116.80000000,-0.03856558,335.70000000,0.00025513,783.80000000,-0.13809666,690.00000000,-0.08411974,1101.90000000,-0.78000000,test
2022-08-01,749.40000000,289.80000000,96.00000000,888.80000000,1599.00000000,671.00000000,535.00000000,591.30000000,-0.80000000,-0.01037815,678.00000000,0.04215183,1533.00000000,-0.00186741,536.00000000,-0.09056409,105.10000000,-0.10846129,323.00000000,-0.04513613,784.00000000,-0.01627143,601.00000000,-0.13079927,1013.00000000,-0.52000000,test
2022-09-01,752.00000000,312.70000000,88.20000000,731.00000000,1548.00000000,664.00000000,537.00000000,678.00000000,-0.93000000,-0.01048699,671.00000000,-0.03241466,1599.00000000,0.00373135,535.00000000,-0.08474123,96.00000000,0.07605323,289.80000000,0.00346344,749.40000000,0.13682379,591.30000000,-0.19545878,888.80000000,-0.50000000,test
2022-10-01,725.00000000,343.60000000,90.30000000,622.50000000,1576.00000000,626.00000000,542.00000000,636.30000000,-0.83000000,-0.05893178,664.00000000,0.01792622,1548.00000000,0.00926791,537.00000000,0.02353050,88.20000000,0.09423393,312.70000000,-0.03656467,752.00000000,-0.06347714,678.00000000,-0.16066983,731.00000000,-0.80000000,test
2022-11-01,665.60000000,320.90000000,87.40000000,563.10000000,1652.00000000,649.00000000,519.00000000,588.80000000,-0.74000000,0.03608235,626.00000000,0.04709668,1576.00000000,-0.04336212,542.00000000,-0.03264218,90.30000000,-0.06834864,343.60000000,-0.08548277,725.00000000,-0.07758358,636.30000000,-0.10028640,622.50000000,-0.93000000,test
2022-12-01,625.00000000,302.20000000,78.10000000,513.80000000,1409.00000000,646.00000000,571.00000000,519.40000000,-0.63000000,-0.00463321,649.00000000,-0.15910644,1652.00000000,0.09548533,519.00000000,-0.11250523,87.40000000,-0.06004050,320.90000000,-0.06293724,665.60000000,-0.12541227,588.80000000,-0.09162315,563.10000000,-0.83000000,test
2023-01-01,631.00000000,302.80000000,80.40000000,508.80000000,1352.00000000,627.00000000,605.00000000,443.80000000,-0.57000000,-0.02985296,646.00000000,-0.04129526,1409.00000000,0.05783925,571.00000000,0.02902412,78.10000000,0.00198347,302.20000000,0.00955421,625.00000000,-0.15730029,519.40000000,-0.00977907,513.80000000,-0.74000000,test
2023-02-01,612.50000000,298.20000000,80.30000000,496.90000000,1243.00000000,651.00000000,605.00000000,357.50000000,-0.47000000,0.03756310,627.00000000,-0.08405717,1352.00000000,0E-8,605.00000000,-0.00124456,80.40000000,-0.01530812,302.80000000,-0.02975692,631.00000000,-0.21623865,443.80000000,-0.02366621,508.80000000,-0.63000000,test
2023-03-01,606.00000000,282.50000000,76.50000000,453.00000000,1113.00000000,628.00000000,581.00000000,313.50000000,-0.08000000,-0.03596948,651.00000000,-0.11046874,1243.00000000,-0.04047770,605.00000000,-0.04847888,80.30000000,-0.05408585,298.20000000,-0.01066896,612.50000000,-0.13133600,357.50000000,-0.09249667,496.90000000,-0.57000000,test
2023-04-01,637.00000000,291.10000000,82.50000000,407.50000000,1030.00000000,615.00000000,547.00000000,313.40000000,0.25000000,-0.02091790,628.00000000,-0.07750027,1113.00000000,-0.06030195,581.00000000,0.07550755,76.50000000,0.02998830,282.50000000,0.04988967,606.00000000,-0.00031903,313.50000000,-0.10585119,453.00000000,-0.47000000,test
2023-05-01,510.00000000,268.10000000,74.10000000,372.50000000,988.00000000,595.00000000,519.00000000,329.30000000,0.49000000,-0.03306086,615.00000000,-0.04163138,1030.00000000,-0.05254492,547.00000000,-0.10738276,82.50000000,-0.08230681,291.10000000,-0.22235893,637.00000000,0.04948886,313.40000000,-0.08980389,407.50000000,-0.08000000,test
2023-06-01,454.60000000,266.90000000,73.30000000,328.00000000,1007.00000000,592.00000000,492.00000000,287.50000000,0.86000000,-0.00505477,595.00000000,0.01904819,988.00000000,-0.05342517,519.00000000,-0.01085492,74.10000000,-0.00448599,268.10000000,-0.11499281,510.00000000,-0.13574633,329.30000000,-0.12722343,372.50000000,0.25000000,test
2023-07-01,458.80000000,242.40000000,79.00000000,341.30000000,1136.00000000,634.00000000,517.00000000,334.60000000,0.97000000,0.06854232,592.00000000,0.12053771,1007.00000000,0.04956416,492.00000000,0.07488724,73.30000000,-0.09628480,266.90000000,0.00919647,454.60000000,0.15171293,287.50000000,0.03974825,328.00000000,0.49000000,test
2023-08-01,528.80000000,207.60000000,84.70000000,353.10000000,1127.00000000,584.00000000,515.00000000,385.60000000,1.20000000,-0.08214797,634.00000000,-0.00795409,1136.00000000,-0.00387597,517.00000000,0.06966775,79.00000000,-0.15497610,242.40000000,0.14199590,458.80000000,0.14186477,334.60000000,0.03398945,341.30000000,0.86000000,test
2023-09-01,527.90000000,223.80000000,92.20000000,352.00000000,1112.00000000,619.00000000,509.00000000,380.00000000,1.41000000,0.05820429,584.00000000,-0.01339904,1127.00000000,-0.01171888,515.00000000,0.08484453,84.70000000,0.07513964,207.60000000,-0.00170342,528.80000000,-0.01462931,385.60000000,-0.00312013,353.10000000,0.97000000,test
2023-10-01,534.80000000,230.70000000,89.10000000,341.90000000,1134.00000000,530.00000000,512.00000000,411.40000000,1.51000000,-0.15522827,619.00000000,0.01959101,1112.00000000,0.00587661,509.00000000,-0.03420080,92.20000000,0.03036537,223.80000000,0.01298597,527.90000000,0.07939472,380.00000000,-0.02911288,352.00000000,1.20000000,test
2023-11-01,535.60000000,211.30000000,81.40000000,331.90000000,1118.00000000,553.00000000,572.00000000,385.50000000,1.86000000,0.04248099,530.00000000,-0.01420983,1134.00000000,0.11081437,512.00000000,-0.09038406,89.10000000,-0.08783924,230.70000000,0.00149477,534.80000000,-0.06502478,411.40000000,-0.02968458,341.90000000,1.41000000,test
2023-12-01,563.80000000,206.50000000,75.70000000,311.90000000,1062.00000000,547.00000000,524.00000000,354.00000000,1.76000000,-0.01090920,553.00000000,-0.05138745,1118.00000000,-0.08764731,572.00000000,-0.07259711,81.40000000,-0.02297851,211.30000000,0.05131196,535.60000000,-0.08524428,385.50000000,-0.06215110,331.90000000,1.51000000,test
2024-01-01,596.30000000,198.60000000,77.70000000,296.30000000,971.00000000,547.00000000,494.00000000,335.40000000,1.64000000,0E-8,547.00000000,-0.08958273,1062.00000000,-0.05895617,524.00000000,0.02607710,75.70000000,-0.03900766,206.50000000,0.05604432,563.80000000,-0.05397306,354.00000000,-0.05131017,311.90000000,1.86000000,test
2024-02-01,583.80000000,189.10000000,80.50000000,289.40000000,912.00000000,520.00000000,457.00000000,351.30000000,1.39000000,-0.05061999,547.00000000,-0.06268648,971.00000000,-0.07785213,494.00000000,0.03540193,77.70000000,-0.04901678,198.60000000,-0.02118544,596.30000000,0.04631671,335.40000000,-0.02356264,296.30000000,1.76000000,test
2024-03-01,617.50000000,190.60000000,83.50000000,300.50000000,965.00000000,487.00000000,441.00000000,330.00000000,1.04000000,-0.06556469,520.00000000,0.05648811,912.00000000,-0.03563852,457.00000000,0.03658945,80.50000000,0.00790102,189.10000000,0.05612061,583.80000000,-0.06254790,351.30000000,0.03763794,289.40000000,1.64000000,test
2024-04-01,545.00000000,191.70000000,88.00000000,305.00000000,959.00000000,477.00000000,429.00000000,320.00000000,0.98000000,-0.02074763,487.00000000,-0.00623703,965.00000000,-0.02758796,441.00000000,0.05249018,83.50000000,0.00575466,190.60000000,-0.12489327,617.50000000,-0.03077166,330.00000000,0.01486402,300.50000000,1.39000000,test
2024-05-01,522.00000000,197.80000000,81.40000000,307.00000000,988.00000000,490.00000000,479.00000000,284.80000000,0.50000000,0.02688890,477.00000000,0.02979162,959.00000000,0.11024368,429.00000000,-0.07796154,88.00000000,0.03132477,191.70000000,-0.04311821,545.00000000,-0.11653382,320.00000000,0.00653597,305.00000000,1.04000000,test
2024-06-01,543.00000000,192.50000000,81.20000000,310.00000000,1011.00000000,480.00000000,481.00000000,336.30000000,0.37000000,-0.02061929,490.00000000,0.02301252,988.00000000,0.00416667,479.00000000,-0.00246003,81.40000000,-0.02716027,197.80000000,0.03944173,522.00000000,0.16621644,284.80000000,0.00972455,307.00000000,0.98000000,test
2024-07-01,539.40000000,177.40000000,83.30000000,300.60000000,1079.00000000,470.00000000,472.00000000,342.50000000,0.40000000,-0.02105341,480.00000000,0.06509475,1011.00000000,-0.01888828,481.00000000,0.02553330,81.20000000,-0.08168908,192.50000000,-0.00665191,543.00000000,0.01826804,336.30000000,-0.03079182,310.00000000,0.50000000,test
2024-08-01,546.00000000,170.30000000,78.10000000,294.00000000,1031.00000000,400.00000000,436.00000000,342.50000000,0.19000000,-0.16126815,470.00000000,-0.04550548,1079.00000000,-0.07933674,472.00000000,-0.06445849,83.30000000,-0.04084548,177.40000000,0.01216157,539.40000000,0E-8,342.50000000,-0.02220071,300.60000000,0.37000000,test
2024-09-01,554.80000000,185.00000000,72.40000000,286.90000000,1044.00000000,391.00000000,436.00000000,337.50000000,-0.10000000,-0.02275699,400.00000000,0.01253028,1031.00000000,0E-8,436.00000000,-0.07578376,78.10000000,0.08279424,170.30000000,0.01598871,546.00000000,-0.01470615,342.50000000,-0.02444604,294.00000000,0.40000000,test
2024-10-01,573.40000000,190.30000000,74.00000000,278.10000000,1095.00000000,442.00000000,422.00000000,374.80000000,-0.01000000,0.12260232,391.00000000,0.04769487,1044.00000000,-0.03263693,436.00000000,0.02185879,72.40000000,0.02824595,185.00000000,0.03297587,554.80000000,0.10482704,337.50000000,-0.03115296,286.90000000,0.19000000,test
2024-11-01,574.50000000,201.30000000,72.30000000,281.00000000,1145.00000000,436.00000000,385.00000000,352.30000000,-0.03000000,-0.01366764,442.00000000,0.04465027,1095.00000000,-0.09176198,422.00000000,-0.02324096,74.00000000,0.05619456,190.30000000,0.00191654,573.40000000,-0.06190947,374.80000000,0.01037391,278.10000000,-0.10000000,test
2024-12-01,568.30000000,202.60000000,72.30000000,292.50000000,1064.00000000,409.00000000,376.00000000,352.00000000,-0.52000000,-0.06392709,436.00000000,-0.07336925,1145.00000000,-0.02365419,385.00000000,0E-8,72.30000000,0.00643726,201.30000000,-0.01085065,574.50000000,-0.00085191,352.30000000,0.04011000,281.00000000,-0.01000000,test
2025-01-01,582.70000000,214.40000000,78.20000000,302.00000000,1048.00000000,411.00000000,368.00000000,380.50000000,-0.64000000,0.00487806,409.00000000,-0.01515181,1064.00000000,-0.02150621,376.00000000,0.07844552,72.30000000,0.05660984,202.60000000,0.02502303,568.30000000,0.07785500,352.00000000,0.03196235,292.50000000,-0.03000000,test
2025-02-01,603.80000000,220.90000000,73.80000000,318.80000000,1069.00000000,412.00000000,358.00000000,436.50000000,-0.42000000,0.00243013,411.00000000,0.01984005,1048.00000000,-0.02754995,368.00000000,-0.05791092,78.20000000,0.02986668,214.40000000,0.03557054,582.70000000,0.13730220,380.50000000,0.05413693,302.00000000,-0.52000000,test
2025-03-01,615.10000000,207.40000000,70.70000000,336.30000000,1011.00000000,401.00000000,369.00000000,394.50000000,0.04000000,-0.02706192,412.00000000,-0.05578369,1069.00000000,0.03026366,358.00000000,-0.04291316,73.80000000,-0.06306081,220.90000000,0.01854184,603.80000000,-0.10116923,436.50000000,0.05343967,318.80000000,-0.64000000,test
2025-04-01,635.00000000,215.00000000,65.90000000,351.90000000,1120.00000000,408.00000000,369.00000000,386.90000000,-0.05000000,0.01730575,401.00000000,0.10238875,1011.00000000,0E-8,369.00000000,-0.07030713,70.70000000,0.03598873,207.40000000,0.03184014,615.10000000,-0.01945288,394.50000000,0.04534343,336.30000000,-0.42000000,test
2025-05-01,669.20000000,203.90000000,62.70000000,362.50000000,1163.00000000,414.00000000,358.00000000,392.00000000,0.07000000,0.01459880,408.00000000,0.03767419,1120.00000000,-0.03026366,369.00000000,-0.04977699,65.90000000,-0.05300835,215.00000000,0.05245797,635.00000000,0.01309558,386.90000000,0.02967743,351.90000000,0.04000000,test
2025-06-01,715.40000000,196.10000000,69.10000000,363.10000000,1178.00000000,416.00000000,353.00000000,420.50000000,0.15000000,0.00481929,414.00000000,0.01281521,1163.00000000,-0.01406493,358.00000000,0.09719328,62.70000000,-0.03900494,203.90000000,0.06675886,669.20000000,0.07018264,392.00000000,0.00165380,362.50000000,-0.05000000,test
2025-07-01,736.00000000,192.00000000,69.20000000,362.50000000,1307.00000000,410.00000000,335.00000000,496.00000000,0.14000000,-0.01452810,416.00000000,0.10391635,1178.00000000,-0.05233753,353.00000000,0.00144613,69.10000000,-0.02112936,196.10000000,0.02838829,715.40000000,0.16513145,420.50000000,-0.00165380,363.10000000,0.07000000,test
2025-08-01,795.10000000,185.50000000,66.70000000,356.50000000,1245.00000000,407.00000000,354.00000000,507.70000000,-0.15000000,-0.00734397,410.00000000,-0.04859890,1307.00000000,0.05516638,335.00000000,-0.03679591,69.20000000,-0.03444049,192.00000000,0.07723777,736.00000000,0.02331480,496.00000000,-0.01669023,362.50000000,0.15000000,test
2025-09-01,780.60000000,197.40000000,66.50000000,352.50000000,1159.00000000,404.00000000,358.00000000,461.10000000,-0.32000000,-0.00739831,407.00000000,-0.07157797,1245.00000000,0.01123607,354.00000000,-0.00300301,66.70000000,0.06217724,185.50000000,-0.01840504,795.10000000,-0.09627578,507.70000000,-0.01128362,356.50000000,0.14000000,test
2025-10-01,754.00000000,198.10000000,63.00000000,352.00000000,1132.00000000,404.00000000,356.00000000,394.40000000,-0.42000000,0E-8,404.00000000,-0.02357158,1159.00000000,-0.00560226,358.00000000,-0.05406722,66.50000000,0.00353983,197.40000000,-0.03467049,780.60000000,-0.15624932,461.10000000,-0.00141945,352.50000000,-0.15000000,test
2025-11-01,708.30000000,202.00000000,62.30000000,353.80000000,1128.00000000,446.00000000,411.00000000,409.30000000,-0.54000000,0.09890407,404.00000000,-0.00353983,1132.00000000,0.14366248,356.00000000,-0.01117330,63.00000000,0.01949574,198.10000000,-0.06252464,754.00000000,0.03708276,394.40000000,0.00510061,352.00000000,-0.32000000,test
2025-12-01,627.50000000,205.70000000,60.90000000,358.30000000,1116.00000000,440.00000000,399.00000000,392.50000000,-0.39000000,-0.01354423,446.00000000,-0.01069529,1128.00000000,-0.02963180,411.00000000,-0.02272825,62.30000000,0.01815110,202.00000000,-0.12112406,708.30000000,-0.04191185,409.30000000,0.01263884,353.80000000,-0.42000000,test
