ID_PRODUCTOR,NOMBRE_COMPLETO,TIPO_PRODUCTOR,MUNICIPIO,DEPARTAMENTO,AREA_TOTAL_HA,CULTIVO_PRINCIPAL,N_RECEPCIONES,VOLUMEN_TOTAL_TN,TICKET_MEDIO_TN,MERMA_TOTAL_TN,HUMEDAD_MEDIA,IMPUREZAS_MEDIA,PROTEINA_MEDIA,ACEITE_MEDIA,PCT_DESCUENTO,N_SILOS
1,VICTOR CHAMBI PEDRAZA,INDIVIDUAL,SANTA ROSA,SANTA CRUZ,167.64,SOYA,771,21954.460000000003,28.586536458333338,64.618534,11.397496688741724,0.8080804150453955,36.5730442804428,18.577945454545457,0.156939,85
2,VANESSA SORIA NAVIA,INDIVIDUAL,EL TORNO,SANTA CRUZ,13.16,SOYA,759,20983.730000000003,28.015660881174902,63.369555999999996,11.334285714285713,0.7550065876152832,36.48887640449438,18.485547445255477,0.137022,85
3,ASOC. PROD. WARNES NO.0003,COOPERATIVA,WARNES,SANTA CRUZ,55.25,SOYA,499,13745.990000000002,27.882332657200816,43.593317,11.619796747967479,0.8335871743486973,36.40988603988604,18.45097345132743,0.132265,85
4,AGROP. COLQUE HNOS. S.R.L.,EMPRESA AGROPECUARIA,MONTERO,SANTA CRUZ,193.47,GIRASOL,504,13747.519999999999,27.999022403258653,50.314055999999994,11.388522267206476,0.8313095238095238,36.41514705882353,18.60366477272727,0.126984,85
5,VANESSA VARGAS RIVERO,INDIVIDUAL,OKINAWA,SANTA CRUZ,145.4,MAIZ,509,14025.939999999999,27.884572564612323,50.115243,11.437673956262424,0.8392927308447937,36.626783783783786,18.358760330578516,0.129666,85
6,ASOC. PROD. OKINAWA NO.0006,ASOCIACION,OKINAWA,SANTA CRUZ,207.92,SOYA,233,6525.32,28.126379310344827,19.431796999999996,11.387434782608699,0.8298283261802575,36.619371069182385,18.34272727272727,0.193133,81
7,ASOC. PROD. SAN JULIAN NO.0007,ASOCIACION,SAN JULIAN,SANTA CRUZ,287.83,SOYA,1041,29056.17,28.046496138996137,99.60557700000001,11.541998041136143,0.7692795389048991,36.45143059490085,18.476372413793104,0.153698,85
8,HUGO VASQUEZ YUJRA,INDIVIDUAL,CHARAGUA,SANTA CRUZ,42.91,GIRASOL,967,26667.520000000004,27.80763295099062,86.78409299999998,11.2601261829653,0.8320062047569804,36.44818862275449,18.48117910447761,0.158221,85
9,RODRIGO CATACORA MACHACA,INDIVIDUAL,PORTACHUELO,SANTA CRUZ,56.12,SOYA,783,21819.69,28.045874035989716,64.007986,11.361716906946265,0.7726181353767562,36.516865671641796,18.46743636363636,0.144317,85
10,ASOC. PROD. WARNES NO.0010,ASOCIACION,WARNES,SANTA CRUZ,90.61,MAIZ,1329,36985.48,28.254759358288773,94.642093,11.38392414860681,0.7893378480060196,36.479033659066225,18.451677559912852,0.146727,85
11,ASOC. PROD. PUERTO QUIJARRO NO.0011,ASOCIACION,PUERTO QUIJARRO,SANTA CRUZ,211.08,SOYA,513,14273.189999999999,28.319821428571426,48.811391,11.334541832669323,0.8742105263157895,36.47819718309859,18.50978494623656,0.153996,85
12,ALFREDO GUTIERREZ PEREZ,INDIVIDUAL,PORTACHUELO,SANTA CRUZ,81.23,SOYA,515,14377.570000000002,28.136144814090024,44.922862,11.400960000000003,0.8666019417475727,36.39638655462184,18.56398843930636,0.157282,85
13,ASOC. PROD. OKINAWA NO.0013,COOPERATIVA,OKINAWA,SANTA CRUZ,196.36,GIRASOL,1054,29369.059999999998,28.077495219885275,79.53321500000001,11.345803310613437,0.7798007590132828,36.54241046831955,18.44644385026738,0.131879,85
14,ASOC. PROD. BUEN RETIRO NO.0014,COOPERATIVA,BUEN RETIRO,SANTA CRUZ,32.71,SOYA,794,21652.99,27.867425997426,60.836988000000005,11.368596938775509,0.7990680100755668,36.576953405017925,18.45780918727915,0.130982,85
15,JOSE PINTO PEDRAZA,INDIVIDUAL,CHARAGUA,SANTA CRUZ,44.82,SOYA,1032,28617.070000000003,27.946357421875003,74.630495,11.372766798418972,0.7836143410852713,36.514603399433426,18.49856551724138,0.148256,85
16,AGROP. VASQUEZ HNOS. S.R.L.,EMPRESA AGROPECUARIA,EL TORNO,SANTA CRUZ,33.18,SOYA,1729,47963.840000000004,28.081873536299767,137.65850500000002,11.404896633195511,0.7874262579525738,36.47003410059676,18.510575657894734,0.154425,85
17,BEATRIZ APAZA GUTIERREZ,INDIVIDUAL,LA GUARDIA,SANTA CRUZ,144.27,SOYA,572,15826.800000000001,28.061702127659576,40.218634,11.399370503597124,0.7829370629370628,36.52238461538462,18.517208737864078,0.166084,85
18,AGROP. GARCIA HNOS. S.R.L.,EMPRESA AGROPECUARIA,EL TORNO,SANTA CRUZ,26.82,SOYA,509,14142.3,27.949209486166005,46.764579000000005,11.413907815631262,0.7693123772102161,36.25065155807365,18.602150537634408,0.182711,85
19,DAVID VILLCA PEDRAZA,INDIVIDUAL,EL TORNO,SANTA CRUZ,29.15,SOYA,241,6813.919999999999,28.39133333333333,17.031112999999998,11.460970464135022,0.7304149377593361,36.40838150289018,18.466134969325154,0.087137,83
20,BEATRIZ CRUZ PUMA,INDIVIDUAL,BUEN RETIRO,SANTA CRUZ,84.25,GIRASOL,1055,29739.729999999996,28.242858499525163,81.942748,11.418249516441005,0.797090047393365,36.36217218543046,18.410726495726497,0.144076,85
21,CAMILA ROMERO PUMA,INDIVIDUAL,SANTA ROSA,SANTA CRUZ,268.87,SOYA,1486,41126.25,27.958021753908906,110.45734,11.341209621993126,0.8088761776581427,36.39601735776277,18.53474785918173,0.153432,85
22,LAURA VARGAS MORALES,INDIVIDUAL,PUERTO SUAREZ,SANTA CRUZ,184.79,GIRASOL,233,6420.76,27.91634782608696,16.246031000000002,11.41543859649123,0.7859656652360516,36.71188235294118,18.348830409356726,0.163090,79
23,ASOC. PROD. CUATRO CANADAS NO.0023,ASOCIACION,CUATRO CANADAS,SANTA CRUZ,36.17,SOYA,541,15069.25,28.379001883239173,40.27368200000001,11.390863039399624,0.7994824399260629,36.33023376623377,18.399202127659574,0.160813,85
24,ASOC. PROD. SAN JULIAN NO.0024,COOPERATIVA,SAN JULIAN,SANTA CRUZ,67.49,MAIZ,1067,29808.72,28.254710900473935,86.82902200000001,11.409359464627151,0.8045079662605437,36.408632138114214,18.44995890410959,0.138707,85
25,JUAN MEDINA CUELLAR,INDIVIDUAL,PUERTO SUAREZ,SANTA CRUZ,123.46,MAIZ,1073,29687.74,27.980904806786054,99.570731,11.322454804947666,0.8314818266542404,36.535359042553196,18.476163849154748,0.133271,85
26,ASOC. PROD. CHARAGUA NO.0026,ASOCIACION,CHARAGUA,SANTA CRUZ,155.3,SOYA,511,14233.4,28.184950495049506,44.861907,11.335338645418327,0.8052446183953034,36.617528735632185,18.694850136239783,0.135029,84
27,AGROP. TORREZ HNOS. S.R.L.,EMPRESA AGROPECUARIA,YAPACANI,SANTA CRUZ,30.36,SOYA,1583,44002.729999999996,28.080874282067644,135.286145,11.344130154639176,0.8319140871762475,36.47529626253419,18.52424931756142,0.148452,85
28,DANIEL MACHACA MORALES,INDIVIDUAL,MONTERO,SANTA CRUZ,187.16,SOYA,2624,73494.01000000001,28.212671785028796,217.853967,11.344006211180124,0.8082317073170733,36.509646547036425,18.46191271551724,0.150915,85
29,PATRICIA SALVATIERRA LIMA,INDIVIDUAL,EL TORNO,SANTA CRUZ,120.33,SOYA,1038,28989.309999999998,28.144961165048542,89.074805,11.356323092170465,0.8166570327552987,36.52796348314606,18.491649214659688,0.136802,85
30,ROBERTO NAVIA FLORES,COMUNIDAD,YAPACANI,SANTA CRUZ,40.14,SOYA,534,14601.940000000002,27.866297709923668,54.52031800000001,11.47824427480916,0.8421161048689139,36.3902688172043,18.570723860589816,0.191011,85
32,RODRIGO MEDINA VACA,INDIVIDUAL,ROBORE,SANTA CRUZ,137.53,MAIZ,237,6595.560000000001,28.066212765957452,28.350746999999995,11.551982758620692,0.8277215189873418,36.10572222222222,18.623229813664597,0.164557,79
33,LUIS CHAMBI APAZA,COMUNIDAD,MONTERO,SANTA CRUZ,43.77,SOYA/MAIZ,1817,50651.57,28.202433184855234,172.39252900000002,11.423269555430501,0.8076499724821133,36.460226209048365,18.53669278996865,0.170061,85
34,ASOC. PROD. EL TORNO NO.0034,COOPERATIVA,EL TORNO,SANTA CRUZ,101.66,SOYA,1280,35726.64,28.28712589073634,99.009809,11.307246608140462,0.7985078124999999,36.471292134831465,18.617766666666668,0.139063,85
35,ANDREA MEDINA TORREZ,INDIVIDUAL,PUERTO SUAREZ,SANTA CRUZ,234.08,SOYA,763,21244.2,28.063672391017175,53.68643000000001,11.398442953020135,0.7873918741808651,36.49845149253731,18.558256704980845,0.146789,85
36,ASOC. PROD. LA GUARDIA NO.0036,ASOCIACION,LA GUARDIA,SANTA CRUZ,142.46,SOYA,516,14383.789999999999,28.258919449901768,44.258337,11.32674650698603,0.9026937984496124,36.413909348441926,18.55505586592179,0.147287,85
37,CARMEN MONTAÑO MORALES,INDIVIDUAL,PORTACHUELO,SANTA CRUZ,43.28,MAIZ,221,6197.849999999999,28.17204545454545,18.674441,11.631336405529954,0.84158371040724,36.40851612903226,18.56513698630137,0.171946,79
38,EDWIN HUANCA YUJRA,INDIVIDUAL,YAPACANI,SANTA CRUZ,48.87,SOYA,259,7269.18,28.17511627906977,20.892686999999995,11.24890625,0.8102702702702702,36.55119565217392,18.362849162011173,0.131274,77
39,RENE AGUILAR LOPEZ,INDIVIDUAL,MONTERO,SANTA CRUZ,331.62,MAIZ,494,13611.050000000001,27.834458077709613,36.308258,11.33858921161826,0.7594736842105263,36.398799999999994,18.503870967741932,0.145749,85
40,SANDRA FLORES RODRIGUEZ,INDIVIDUAL,CUATRO CANADAS,SANTA CRUZ,28.85,SOYA,241,6696.99,28.257341772151896,16.418937999999997,11.317564102564102,0.7621576763485477,36.48241830065359,18.460674846625764,0.161826,80
41,ASOC. PROD. SAN PEDRO NO.0041,COOPERATIVA,SAN PEDRO,SANTA CRUZ,327.09,MAIZ,2106,58274.35,27.909171455938697,211.485531,11.432305084745762,0.7969278252611586,36.49741808650065,18.465986394557824,0.152896,85
43,ASOC. PROD. SAN PEDRO NO.0043,COOPERATIVA,SAN PEDRO,SANTA CRUZ,83.23,SOYA,1014,28325.340000000004,28.072685827552036,82.20788800000001,11.32438950554995,0.8073964497041419,36.58203216374269,18.48387811634349,0.150888,85
44,ALEJANDRA CHAMBI PEREZ,INDIVIDUAL,CUATRO CANADAS,SANTA CRUZ,58.47,SOYA,995,27407.399999999998,27.909775967413438,64.735833,11.399907786885247,0.7525025125628141,36.54956958393113,18.50818705035971,0.139698,85
45,ASOC. PROD. PUERTO SUAREZ NO.0045,COOPERATIVA,PUERTO SUAREZ,SANTA CRUZ,78.78,SOYA,747,20860.690000000002,28.076298788694483,73.13814900000001,11.326292749658004,0.8054618473895582,36.58776091081594,18.507855750487323,0.136546,85
46,ASOC. PROD. GENERAL SAAVEDRA NO.0046,COOPERATIVA,GENERAL SAAVEDRA,SANTA CRUZ,249.34,SOYA,800,22481.670000000002,28.421833122629586,80.46987899999999,11.310685279187817,0.8706499999999999,36.377825311942956,18.437477148080436,0.160000,85
47,RAUL NAVIA YUJRA,INDIVIDUAL,CHARAGUA,SANTA CRUZ,163.66,SOYA,507,13922.729999999998,27.679383697813115,47.085181999999996,11.396184738955824,0.8344181459566077,36.384380403458216,18.516772334293947,0.130178,85
49,OSCAR NAVIA RODRIGUEZ,INDIVIDUAL,MINEROS,SANTA CRUZ,97.17,SOYA/MAIZ,751,20846.81,27.944785522788205,61.83993099999999,11.260709413369714,0.8415845539280958,36.49780346820809,18.506737864077667,0.157124,85
50,AGROP. LOPEZ HNOS. S.R.L.,EMPRESA AGROPECUARIA,BUEN RETIRO,SANTA CRUZ,20.41,MAIZ,528,14789.95,28.171333333333333,38.513991000000004,11.30477756286267,0.8286931818181817,36.48965147453083,18.58958005249344,0.121212,85
51,VICTOR CASTRO CHAMBI,INDIVIDUAL,COTOCA,SANTA CRUZ,348.1,SOYA,1061,29456.82,28.00077946768061,109.99433200000001,11.449837476099427,0.8345428840716304,36.5225,18.55597014925373,0.153629,85
52,SERGIO VARGAS MEDINA,INDIVIDUAL,CHARAGUA,SANTA CRUZ,46.1,SOYA,1286,36014.81,28.246909803921568,106.208128,11.298992063492063,0.808429237947123,36.54554098360656,18.475650224215244,0.153966,85
53,ALBERTO SALVATIERRA CALLISAYA,INDIVIDUAL,CUATRO CANADAS,SANTA CRUZ,306.58,SOYA,1022,28509.21,28.005117878192532,85.223753,11.328180019782392,0.8096086105675148,36.558361581920906,18.469791666666666,0.154599,85
54,ASOC. PROD. WARNES NO.0054,ASOCIACION,WARNES,SANTA CRUZ,146.2,SOYA/MAIZ,2037,56643.60999999999,28.041391089108906,167.904473,11.3153003003003,0.7809523809523808,36.545060070671376,18.59681502086231,0.152185,85
55,ASOC. PROD. PUERTO SUAREZ NO.0055,ASOCIACION,PUERTO SUAREZ,SANTA CRUZ,58.09,MAIZ,259,7095.1799999999985,27.93377952755905,16.841231000000004,11.234094488188976,0.7621235521235522,36.52921465968586,18.734521276595743,0.150579,78
56,ASOC. PROD. BUEN RETIRO NO.0056,ASOCIACION,BUEN RETIRO,SANTA CRUZ,172.38,SOYA/MAIZ,1484,41308.280000000006,28.043638832315008,122.639365,11.383768913342504,0.7958221024258761,36.49801175318316,18.5389224952741,0.153639,85
59,ASOC. PROD. SANTA ROSA NO.0059,ASOCIACION,SANTA ROSA,SANTA CRUZ,84.94,GIRASOL,1006,27943.449999999997,28.140433031218528,89.32749400000002,11.359677093844603,0.8070974155069583,36.56,18.530142045454543,0.160040,85
60,LORENA MAMANI SORIA,INDIVIDUAL,OKINAWA,SANTA CRUZ,113.42,SOYA,565,15745.719999999998,28.268797127468577,47.588275,11.450036231884058,0.7799469026548673,36.46989583333333,18.470879396984923,0.178761,85
61,ASOC. PROD. SAN JULIAN NO.0061,COOPERATIVA,SAN JULIAN,SANTA CRUZ,19.72,SOYA/MAIZ,1333,36674.56,27.783757575757573,104.60887400000001,11.345995405819297,0.8068417104276067,36.42994535519126,18.441796791443853,0.149287,85
62,AGROP. MACHACA HNOS. S.R.L.,EMPRESA AGROPECUARIA,MONTERO,SANTA CRUZ,204.89,SOYA,1065,29640.7,28.12210626185958,89.040482,11.304885057471264,0.8421596244131454,36.39861702127659,18.517049608355094,0.153052,85
63,ROBERTO VACA COLQUE,INDIVIDUAL,PORTACHUELO,SANTA CRUZ,113.9,SOYA,1540,42762.850000000006,28.041213114754104,118.34627299999998,11.340722332670644,0.7955324675324676,36.52331788693235,18.44888475836431,0.150000,85
64,ASOC. PROD. PAILON NO.0064,ASOCIACION,PAILON,SANTA CRUZ,40.53,SOYA,730,20298.179999999997,28.113822714681437,58.080075,11.39288111888112,0.8319041095890412,36.48100603621731,18.59128514056225,0.126027,85
65,MONICA MACHACA GUTIERREZ,INDIVIDUAL,PUERTO SUAREZ,SANTA CRUZ,76.29,SOYA,761,21243.420000000002,28.28684420772304,68.95679100000001,11.420120160213616,0.8207227332457292,36.44043071161049,18.50316081330869,0.159001,85
66,ASOC. PROD. MINEROS NO.0066,ASOCIACION,MINEROS,SANTA CRUZ,54.24,SOYA,786,21868.3,27.893239795918365,65.380748,11.3324191461837,0.8015776081424936,36.41395430579964,18.449021739130437,0.167939,85
67,LORENA MACHACA MEDINA,INDIVIDUAL,PORTACHUELO,SANTA CRUZ,37.49,SOYA,1327,37038.270000000004,28.187420091324203,117.057088,11.418932926829267,0.7983873398643557,36.48461620469083,18.490782800441014,0.157498,85
68,ASOC. PROD. COTOCA NO.0068,ASOCIACION,COTOCA,SANTA CRUZ,28.23,SOYA/MAIZ,516,14346.69,28.130764705882353,61.738635000000016,11.517913385826771,0.8003488372093024,36.402251308900524,18.450863509749304,0.139535,85
69,JOSE LIMA CRUZ,INDIVIDUAL,PUERTO SUAREZ,SANTA CRUZ,559.11,SOYA,494,13830.550000000001,28.34129098360656,40.362448,11.419876288659795,0.8288663967611336,36.559534883720936,18.53678466076696,0.165992,85
70,DIEGO SUAREZ PEREZ,COMUNIDAD,MONTERO,SANTA CRUZ,71.62,SOYA,1865,51920.01,27.974143318965517,167.22231600000003,11.3578866263071,0.8256032171581771,36.55768525592056,18.462681047765795,0.156568,85
71,ASOC. PROD. MINEROS NO.0071,ASOCIACION,MINEROS,SANTA CRUZ,69.86,SOYA,1578,43814.72,28.014526854219948,136.62224,11.424389928986443,0.7905069708491762,36.50719111111111,18.517766726943943,0.148289,85
72,CLAUDIA SUAREZ MONTAÑO,INDIVIDUAL,YAPACANI,SANTA CRUZ,273.67,SOYA,515,14181.98,27.972347140039446,44.719291,11.27253937007874,0.8422330097087378,36.47928961748634,18.503788300835655,0.166990,85
73,ASOC. PROD. COTOCA NO.0073,ASOCIACION,COTOCA,SANTA CRUZ,82.67,SOYA,570,15863.93,28.12753546099291,42.65075600000001,11.34915770609319,0.8025087719298246,36.41719072164948,18.56375939849624,0.150877,85
74,ASOC. PROD. ROBORE NO.0074,COOPERATIVA,ROBORE,SANTA CRUZ,16.45,SOYA,275,7717.0599999999995,28.37154411764706,32.916688,11.610413533834587,0.8294181818181818,36.54759162303665,18.464,0.160000,81
75,ASOC. PROD. PUERTO SUAREZ NO.0075,ASOCIACION,PUERTO SUAREZ,SANTA CRUZ,76.17,SOYA,564,15613.71,27.981559139784945,45.496317999999995,11.335497287522603,0.8245212765957446,36.490150753768845,18.531533018867925,0.168440,85
76,VICTOR NAVIA SANCHEZ,INDIVIDUAL,BUEN RETIRO,SANTA CRUZ,250.55,SOYA,1346,37464.09,28.18968397291196,102.12213200000001,11.333698940998486,0.8076968796433879,36.539786096256684,18.499799999999997,0.148588,85
77,AGROP. MORALES HNOS. S.R.L.,EMPRESA AGROPECUARIA,CHARAGUA,SANTA CRUZ,48.67,MAIZ,768,21516.39,28.199724770642202,59.711378,11.273426294820716,0.8088411458333334,36.52038532110092,18.42311444652908,0.144531,85
78,ANA TORREZ GARCIA,INDIVIDUAL,CUATRO CANADAS,SANTA CRUZ,363.43,SOYA,2013,55868.380000000005,28.06046207935711,193.04776,11.474015151515154,0.8142771982116244,36.53264516129032,18.48431331953071,0.143567,85
79,VIVIANA HUANCA MEDINA,INDIVIDUAL,WARNES,SANTA CRUZ,44.51,SOYA,502,13922.12,28.0123138832998,42.620778,11.4617907444668,0.8006374501992031,36.44691666666667,18.468735632183908,0.155378,85
80,PEDRO SUAREZ CALLISAYA,INDIVIDUAL,MINEROS,SANTA CRUZ,198.26,SOYA,988,27450.7,28.096929375639714,100.94176800000001,11.453254620123202,0.8568319838056679,36.572378854625555,18.4819225251076,0.143725,85
81,ASOC. PROD. SAN PEDRO NO.0081,COOPERATIVA,SAN PEDRO,SANTA CRUZ,33.64,SOYA,1043,28866.2,28.025436893203885,93.474425,11.364123408423117,0.8390604026845638,36.55362258953168,18.490513888888888,0.154362,85
82,ASOC. PROD. GENERAL SAAVEDRA NO.0082,COOPERATIVA,GENERAL SAAVEDRA,SANTA CRUZ,154.85,SOYA,246,6667.960000000001,27.78316666666667,20.290334,11.430495867768597,0.8213414634146342,36.529940119760475,18.634228571428572,0.150407,79
83,ROBERTO ROMERO MORALES,INDIVIDUAL,COTOCA,SANTA CRUZ,284.87,SOYA,276,7727.9800000000005,28.101745454545455,24.455657,11.509154411764705,0.8325362318840581,36.6440306122449,18.545309278350516,0.159420,79
84,CINTHIA CALLISAYA COLQUE,INDIVIDUAL,SANTA ROSA,SANTA CRUZ,61.12,SOYA/MAIZ,773,21612.449999999997,28.251568627450975,59.660720000000005,11.430289093298292,0.7272703751617076,36.46379999999999,18.479259927797834,0.120310,85
86,AGROP. VACA HNOS. S.R.L.,EMPRESA AGROPECUARIA,LA GUARDIA,SANTA CRUZ,16.87,SOYA,724,20148.99,27.94589459084605,70.16085100000001,11.507766853932585,0.8420441988950276,36.51582,18.487817460317462,0.139503,85
87,MARCELO LOPEZ RIVERO,INDIVIDUAL,CUATRO CANADAS,SANTA CRUZ,151.65,SOYA,1303,36626.670000000006,28.19605080831409,105.186753,11.374839215686274,0.8039447429009977,36.468536036036035,18.565128205128207,0.146585,85
88,RICARDO CHAMBI YUJRA,INDIVIDUAL,LA GUARDIA,SANTA CRUZ,110.77,GIRASOL,1023,28414.350000000002,28.022041420118345,105.806865,11.438273809523809,0.8011436950146629,36.58550764951321,18.53913229018492,0.123167,85
89,RAUL PEREZ CRUZ,INDIVIDUAL,WARNES,SANTA CRUZ,53.67,SOYA,1012,28438.460000000003,28.240774577954323,76.873446,11.347304964539006,0.8293873517786562,36.517122708039494,18.43627808988764,0.142292,85
90,RENE CHAMBI SANDOVAL,INDIVIDUAL,PUERTO SUAREZ,SANTA CRUZ,122.21,SOYA,750,20636.390000000003,27.84937921727396,70.45001300000001,11.419455040871936,0.83988,36.68232245681382,18.38679435483871,0.164000,85
91,SUSANA PUMA GARCIA,INDIVIDUAL,EL TORNO,SANTA CRUZ,76.16,SOYA,797,22305.23,28.378155216284988,82.29249699999998,11.398361075544173,0.8520326223337517,36.50959706959707,18.46648409893993,0.168130,85
92,ALFREDO CUELLAR ROMERO,INDIVIDUAL,GENERAL SAAVEDRA,SANTA CRUZ,64.11,SOYA,1060,29438.28,28.00978116079924,88.782334,11.243032629558542,0.8103301886792452,36.43613297150611,18.576226158038146,0.157547,85
93,ASOC. PROD. CHARAGUA NO.0093,COOPERATIVA,CHARAGUA,SANTA CRUZ,54.34,GIRASOL,1063,29554.300000000003,28.146952380952385,84.541254,11.420869980879543,0.8023330197554092,36.55358108108109,18.4588785046729,0.147695,85
94,ASOC. PROD. CUATRO CANADAS NO.0094,COOPERATIVA,CUATRO CANADAS,SANTA CRUZ,64.41,SOYA/MAIZ,1033,28456.35,28.008218503937005,79.79371,11.3638067061144,0.8248693126815103,36.49140277777778,18.5543342776204,0.166505,85
95,ASOC. PROD. PUERTO QUIJARRO NO.0095,ASOCIACION,PUERTO QUIJARRO,SANTA CRUZ,35.19,SOYA/MAIZ,795,22093.47,27.931061946902656,76.36331899999999,11.468618925831201,0.826930817610063,36.43055970149254,18.417951807228917,0.142138,85
96,JOSE MERCADO NAVIA,INDIVIDUAL,PUERTO QUIJARRO,SANTA CRUZ,19.92,SOYA/MAIZ,245,6849.74,28.66,16.605000999999998,11.374208333333334,0.7713061224489796,36.38950549450549,18.57091463414634,0.167347,81
97,ALBERTO SALVATIERRA TICONA,INDIVIDUAL,EL TORNO,SANTA CRUZ,86.2,SOYA,772,21520.5,28.13137254901961,62.11813600000001,11.384529801324502,0.7971243523316061,36.6051619047619,18.458092691622106,0.141192,85
98,RENE CHAMBI MORALES,INDIVIDUAL,SAN JULIAN,SANTA CRUZ,286.39,SOYA,556,15358.730000000001,27.8742831215971,46.402807,11.400406654343808,0.8407733812949639,36.45416020671835,18.46061696658098,0.165468,85
100,ASOC. PROD. PORTACHUELO NO.0100,ASOCIACION,PORTACHUELO,SANTA CRUZ,140.92,SOYA,761,21238.62,28.093412698412696,59.508572,11.337057256990677,0.802089356110381,36.49955140186916,18.573962264150946,0.153745,85
101,MARIO YUJRA COLQUE,COMUNIDAD,CHARAGUA,SANTA CRUZ,238.77,SOYA,787,22185.22,28.442589743589746,63.130244000000005,11.311272727272728,0.7838754764930116,36.45083484573503,18.46381037567084,0.162643,85
102,ASOC. PROD. PAILON NO.0102,COOPERATIVA,PAILON,SANTA CRUZ,130.36,MAIZ,772,21149.27,27.75494750656168,56.693812,11.355691699604744,0.8106347150259067,36.52501824817518,18.501146953405016,0.121762,85
103,WILBER NAVIA MONTAÑO,INDIVIDUAL,PAILON,SANTA CRUZ,122.89,SOYA,516,14355.69,28.148411764705884,45.97852699999999,11.442270058708415,0.8186046511627907,36.5658774373259,18.571959654178674,0.139535,85
104,AGROP. QUISPE HNOS. S.R.L.,EMPRESA AGROPECUARIA,COTOCA,SANTA CRUZ,291.98,SOYA,795,22034.54,28.21323943661972,71.99727899999999,11.234487179487179,0.8323144654088049,36.4926148409894,18.462956204379562,0.153459,85
105,ASOC. PROD. LA GUARDIA NO.0105,ASOCIACION,LA GUARDIA,SANTA CRUZ,60.68,SOYA,1039,29246.530000000002,28.28484526112186,104.508433,11.475912195121953,0.8318190567853705,36.52903485254692,18.45919098143236,0.178056,85
106,AGROP. YUJRA HNOS. S.R.L.,EMPRESA AGROPECUARIA,SAN JULIAN,SANTA CRUZ,44.29,MAIZ,734,20453.88,27.980683994528047,49.001971,11.399444444444445,0.7629427792915532,36.38022813688213,18.540766208251473,0.151226,85
107,NATALIA RODRIGUEZ MEDINA,INDIVIDUAL,OKINAWA,SANTA CRUZ,58.3,SOYA,252,6870.9800000000005,27.705564516129034,16.330025000000003,11.349142857142857,0.761984126984127,36.54184782608696,18.315083798882682,0.142857,80
109,RICHARD MONTAÑO RIVERO,COMUNIDAD,OKINAWA,SANTA CRUZ,56.33,SOYA,1526,42621.619999999995,28.226238410596025,105.730393,11.344564343163542,0.7792005242463957,36.54721507352942,18.43278293135436,0.147444,85
110,ASOC. PROD. SAN PEDRO NO.0110,ASOCIACION,SAN PEDRO,SANTA CRUZ,90.94,MAIZ,1017,27972.07,27.86062749003984,88.53971600000001,11.407152847152847,0.8509242871189774,36.48017759562841,18.490318379160637,0.156342,85
111,ASOC. PROD. SAN JULIAN NO.0111,ASOCIACION,SAN JULIAN,SANTA CRUZ,231.53,SOYA,512,14194.109999999999,28.331556886227542,39.681827999999996,11.336924603174602,0.82814453125,36.38616666666666,18.50679411764706,0.138672,85
112,AGROP. VACA HNOS. S.R.L.,EMPRESA AGROPECUARIA,CUATRO CANADAS,SANTA CRUZ,42.89,MAIZ,812,22620.29,28.099739130434784,93.13028199999998,11.354694132334581,0.8556650246305418,36.419526226734355,18.432210708117445,0.134236,85
113,FERNANDO MONTAÑO QUISPE,INDIVIDUAL,LA GUARDIA,SANTA CRUZ,61.58,MAIZ,1363,38270.29,28.390422848664688,113.45541800000001,11.372322097378277,0.7796184886280263,36.5086474973376,18.54884210526316,0.173147,85
114,ASOC. PROD. SANTA ROSA NO.0114,ASOCIACION,SANTA ROSA,SANTA CRUZ,32.49,SOYA/MAIZ,1030,28841.960000000003,28.30418056918548,95.220518,11.330638085742772,0.8182524271844662,36.524932614555254,18.493471074380167,0.164078,85
115,ASOC. PROD. SANTA ROSA NO.0115,COOPERATIVA,SANTA ROSA,SANTA CRUZ,94.7,SOYA,530,14623.68,27.961147227533463,45.04986100000001,11.265544747081714,0.8170754716981132,36.56473544973545,18.542332439678287,0.158491,85
116,ASOC. PROD. SAN PEDRO NO.0116,COOPERATIVA,SAN PEDRO,SANTA CRUZ,237.0,SOYA,789,22018.82,28.12109833971903,62.291845,11.368730569948186,0.8025855513307985,36.43863720073665,18.424094202898548,0.179975,85
117,CHRISTIAN SALVATIERRA MEDINA,INDIVIDUAL,YAPACANI,SANTA CRUZ,426.62,SOYA,521,14347.980000000001,27.9143579766537,45.828533,11.265360623781675,0.850556621880998,36.39222222222222,18.525499999999997,0.143954,85
118,ASOC. PROD. BUEN RETIRO NO.0118,ASOCIACION,BUEN RETIRO,SANTA CRUZ,82.43,SOYA,241,6604.98,27.52075,18.638075999999998,11.317708333333336,0.7921576763485477,36.380175438596495,18.32066265060241,0.132780,82
119,BEATRIZ LOPEZ CATACORA,COMUNIDAD,MONTERO,SANTA CRUZ,56.38,SOYA,547,15523.25,28.535386029411764,55.80561900000001,11.351298701298703,0.8024680073126141,36.485732647814906,18.566194029850745,0.182815,85
120,SANDRA MARTINEZ PEREZ,INDIVIDUAL,SAN PEDRO,SANTA CRUZ,48.23,SOYA,1013,27997.03,27.830049701789264,82.41255500000001,11.396036217303825,0.8005330700888451,36.503742774566476,18.532304409672832,0.144126,85
121,SANDRA CHAMBI MAMANI,INDIVIDUAL,YAPACANI,SANTA CRUZ,125.82,SOYA,520,14617.799999999997,28.11115384615384,53.041799000000005,11.499194499017682,0.8392307692307693,36.47123324396784,18.452222222222222,0.163462,85
122,ASOC. PROD. OKINAWA NO.0122,COOPERATIVA,OKINAWA,SANTA CRUZ,47.33,MAIZ,775,21621.530000000002,28.116423927178158,86.541472,11.654993394980185,0.7947225806451612,36.454542056074764,18.440054844606948,0.156129,85
123,ASOC. PROD. SANTA ROSA NO.0123,ASOCIACION,SANTA ROSA,SANTA CRUZ,45.97,SOYA,781,21878.64,28.157837837837835,62.52458299999999,11.366034031413612,0.8040460947503202,36.44471326164874,18.457536764705882,0.172855,85
124,ASOC. PROD. ROBORE NO.0124,ASOCIACION,ROBORE,SANTA CRUZ,21.54,SOYA,263,7336.87,28.110613026819923,20.036337000000003,11.242068965517243,0.7436882129277566,36.45684210526315,18.503829787234043,0.121673,81
125,JORGE MONTAÑO SUAREZ,INDIVIDUAL,MONTERO,SANTA CRUZ,24.76,SOYA/MAIZ,266,7512.139999999999,28.672290076335877,25.294562,11.420722433460076,0.8233082706766918,36.559513513513515,18.469948717948718,0.135338,82
126,MONICA MACHACA MONTAÑO,COMUNIDAD,EL TORNO,SANTA CRUZ,110.75,GIRASOL,534,15097.16,28.59310606060606,48.190017999999995,11.32281663516068,0.8750749063670411,36.52427027027027,18.522895442359253,0.146067,85
127,ASOC. PROD. OKINAWA NO.0127,ASOCIACION,OKINAWA,SANTA CRUZ,124.52,SOYA,768,21458.280000000002,28.271778656126486,58.93436499999999,11.35032,0.8051692708333333,36.599226519337016,18.60520754716981,0.136719,85
128,AGROP. MEDINA HNOS. S.R.L.,EMPRESA AGROPECUARIA,CHARAGUA,SANTA CRUZ,199.59,SOYA,537,14896.94,28.054500941619587,54.58006200000001,11.372575757575758,0.8302793296089387,36.50505291005292,18.310188172043013,0.137803,85
129,ASOC. PROD. SAN JULIAN NO.0129,ASOCIACION,SAN JULIAN,SANTA CRUZ,67.09,SOYA,245,6851.369999999999,27.964775510204078,16.912045999999997,11.36426778242678,0.7422857142857143,36.63765060240964,18.541910112359552,0.138776,80
130,ASOC. PROD. WARNES NO.0130,ASOCIACION,WARNES,SANTA CRUZ,441.0,SOYA,1304,36499.369999999995,28.382091757387244,100.378714,11.30374705420267,0.80920245398773,36.43167391304347,18.519019823788547,0.146472,85
131,ALEJANDRA MONTAÑO VASQUEZ,INDIVIDUAL,MINEROS,SANTA CRUZ,99.51,MAIZ,735,20341.65,27.827154582763338,49.430764,11.28775766016713,0.7950340136054422,36.50907480314961,18.455953757225434,0.142857,85
132,AGROP. LIMA HNOS. S.R.L.,EMPRESA AGROPECUARIA,EL TORNO,SANTA CRUZ,65.37,SOYA,1828,50734.01,28.091921373200446,138.27023100000002,11.281071626873958,0.7939770240700219,36.61575522850503,18.553348801237433,0.156455,85
133,ASOC. PROD. CUATRO CANADAS NO.0133,COOPERATIVA,CUATRO CANADAS,SANTA CRUZ,71.51,SOYA,1264,35131.59,28.172886928628706,112.745452,11.492614641995173,0.8416060126582278,36.56956278026905,18.464064587973276,0.140823,85
134,CESAR CONDORI FLORES,INDIVIDUAL,GENERAL SAAVEDRA,SANTA CRUZ,186.62,SOYA/MAIZ,1532,42679.060000000005,28.17099669966997,155.732517,11.3655962691539,0.8397976501305484,36.53191176470588,18.433240740740743,0.146214,85
135,JORGE CONDORI COPA,INDIVIDUAL,LA GUARDIA,SANTA CRUZ,60.87,SOYA,488,13599.43,28.040061855670103,52.586275,11.440983263598326,0.8446311475409837,36.37988023952096,18.593126843657817,0.174180,85
136,EDWIN CRUZ CALLISAYA,INDIVIDUAL,CHARAGUA,SANTA CRUZ,132.24,SOYA,507,14178.919999999998,28.18870775347912,47.906731,11.42102822580645,0.8108284023668638,36.31554959785523,18.470111731843573,0.161736,85
137,VALERIA PUMA PEDRAZA,INDIVIDUAL,PORTACHUELO,SANTA CRUZ,90.02,SOYA,791,21663.74,27.953212903225808,54.399517,11.242858974358972,0.798621997471555,36.44653239929948,18.581164874551973,0.163085,85
138,ASOC. PROD. GENERAL SAAVEDRA NO.0138,ASOCIACION,GENERAL SAAVEDRA,SANTA CRUZ,141.1,SOYA,1558,43684.9,28.34841012329656,130.147124,11.308274278215222,0.8157894736842105,36.52242896425298,18.5156549232159,0.139281,85
140,ASOC. PROD. MONTERO NO.0140,ASOCIACION,MONTERO,SANTA CRUZ,68.72,MAIZ,1325,36566.74999999999,27.934873949579828,121.08881499999998,11.394559505409582,0.8082113207547169,36.61033441208198,18.49370249728556,0.175094,85
141,ALEJANDRA MAMANI TORREZ,COMUNIDAD,PUERTO QUIJARRO,SANTA CRUZ,124.29,SOYA,469,13174.680000000002,28.21130620985011,44.734565,11.346919739696313,0.8060127931769724,36.465538922155694,18.592562500000003,0.132196,85
142,JHONNY PINTO ALVARADO,INDIVIDUAL,CUATRO CANADAS,SANTA CRUZ,202.01,SOYA,777,21657.06,28.05318652849741,65.69115199999999,11.361009174311928,0.7779021879021878,36.50553672316384,18.528667883211682,0.164736,85
143,ASOC. PROD. WARNES NO.0143,ASOCIACION,WARNES,SANTA CRUZ,183.17,SOYA,1310,36349.49,28.069104247104246,120.037264,11.419586583463337,0.8150687022900763,36.54662971175166,18.4650974025974,0.148855,85
144,ASOC. PROD. SAN JULIAN NO.0144,ASOCIACION,SAN JULIAN,SANTA CRUZ,139.04,SOYA,1008,28115.17,28.171513026052104,80.42363600000002,11.380953346855982,0.8387003968253968,36.55549525101764,18.46351585014409,0.149802,85
145,LUIS MARTINEZ YUJRA,INDIVIDUAL,WARNES,SANTA CRUZ,69.07,SOYA,1062,29498.789999999997,27.908032166508985,88.23857100000001,11.433195380173244,0.7872316384180791,36.47653005464481,18.498113730929266,0.147834,85
146,RENE ROMERO SANCHEZ,INDIVIDUAL,SAN JULIAN,SANTA CRUZ,52.94,SOYA,1032,28637.750000000004,27.966552734375004,115.12148900000001,11.37903066271019,0.8379748062015504,36.59649930264993,18.42908579465541,0.152132,85
147,ASOC. PROD. PAILON NO.0147,COOPERATIVA,PAILON,SANTA CRUZ,34.15,SOYA,971,27005.179999999997,28.07191268191268,72.042284,11.419278242677825,0.8157878475798145,36.50626470588236,18.607458396369136,0.174047,85
148,ROBERTO NAVIA SORIA,INDIVIDUAL,MONTERO,SANTA CRUZ,32.55,SOYA,515,14225.65,28.11393280632411,44.145521,11.418136272545087,0.803378640776699,36.583820224719105,18.515628571428568,0.120388,85
149,ENRIQUE GUTIERREZ TICONA,INDIVIDUAL,BUEN RETIRO,SANTA CRUZ,63.3,GIRASOL,999,27722.69,28.00271717171717,83.466983,11.317302083333335,0.8661861861861863,36.56168115942029,18.480903522205207,0.155155,85
150,CAMILA COLQUE MARCA,INDIVIDUAL,YAPACANI,SANTA CRUZ,90.48,MAIZ,779,21676.94,28.006382428940565,67.356008,11.406526867627786,0.8373684210526315,36.573876106194696,18.500691588785045,0.125802,85
151,LUIS CUELLAR SANDOVAL,INDIVIDUAL,CUATRO CANADAS,SANTA CRUZ,60.77,SOYA,855,23564.0,27.85342789598109,73.77250699999999,11.394384707287932,0.7966666666666666,36.43287356321839,18.525111464968152,0.150877,85
152,ASOC. PROD. SAN PEDRO NO.0152,ASOCIACION,SAN PEDRO,SANTA CRUZ,114.85,SOYA,1034,28440.87,27.910569185475957,78.53735,11.438150346191888,0.7976885880077371,36.42553888130969,18.40181189488243,0.145068,85
153,ANA RODRIGUEZ ALVARADO,INDIVIDUAL,OKINAWA,SANTA CRUZ,99.49,SOYA,1036,28832.889999999996,28.29527968596663,83.89200400000001,11.481191658391262,0.8018436293436294,36.541094391244876,18.48533422459893,0.138996,85
154,DAVID VASQUEZ YUJRA,COMUNIDAD,PAILON,SANTA CRUZ,60.33,MAIZ,244,6679.0,27.94560669456067,19.350594,11.246416666666667,0.8484016393442623,36.579774011299435,18.4255625,0.172131,79
155,ASOC. PROD. PORTACHUELO NO.0155,COOPERATIVA,PORTACHUELO,SANTA CRUZ,74.87,SOYA,2055,57266.49,28.140781326781326,183.64015999999998,11.363829365079365,0.817785888077859,36.452342778161714,18.50757221458047,0.176642,85
156,LAURA FLORES VILLCA,INDIVIDUAL,LA GUARDIA,SANTA CRUZ,88.34,SOYA,1311,36197.85,28.103920807453417,117.615625,11.435155763239877,0.7925400457665904,36.428204845814975,18.45421753607103,0.130435,85
157,ASOC. PROD. BUEN RETIRO NO.0157,ASOCIACION,BUEN RETIRO,SANTA CRUZ,55.59,GIRASOL,768,21452.01,28.152244094488186,70.610325,11.359095744680852,0.83296875,36.55881679389313,18.543726235741445,0.152344,85
158,ASOC. PROD. CUATRO CANADAS NO.0158,ASOCIACION,CUATRO CANADAS,SANTA CRUZ,511.19,GIRASOL,1291,35729.97,28.001543887147335,95.42742599999998,11.313708399366087,0.7876374903175833,36.40445810055866,18.463604777415853,0.143300,85
159,ENRIQUE CASTRO AGUILAR,INDIVIDUAL,LA GUARDIA,SANTA CRUZ,59.95,GIRASOL,506,14076.78,27.930119047619048,36.198101,11.251643002028398,0.8178458498023716,36.4582,18.540823863636362,0.158103,85
160,SANDRA NAVIA CONDORI,INDIVIDUAL,MINEROS,SANTA CRUZ,43.3,GIRASOL,824,23091.530000000002,28.367972972972975,64.09507300000001,11.399626400996265,0.7970752427184465,36.480978647686825,18.53711571675302,0.162621,85
161,AGROP. VACA HNOS. S.R.L.,EMPRESA AGROPECUARIA,ROBORE,SANTA CRUZ,95.8,SOYA,513,14089.880000000001,27.845612648221344,38.231742,11.205375494071147,0.7980311890838206,36.56769230769231,18.500307262569834,0.153996,84
162,AGROP. VILLCA HNOS. S.R.L.,EMPRESA AGROPECUARIA,SANTA ROSA,SANTA CRUZ,44.11,SOYA,531,14744.130000000001,27.87170132325142,33.535768,11.334258188824663,0.7729378531073446,36.47112328767123,18.444135135135134,0.163842,84
163,GUSTAVO TICONA VASQUEZ,INDIVIDUAL,SANTA ROSA,SANTA CRUZ,80.51,SOYA,537,14881.85,28.132041587901703,43.212582,11.384981060606062,0.8272998137802607,36.51904069767442,18.554235924932975,0.175047,85
164,ALBERTO GARCIA MARCA,INDIVIDUAL,MINEROS,SANTA CRUZ,76.1,SOYA,541,15068.990000000002,28.061433891992554,39.684796,11.292336448598132,0.7786321626617375,36.537868421052636,18.442328042328043,0.155268,85
165,ASOC. PROD. PUERTO QUIJARRO NO.0165,COOPERATIVA,PUERTO QUIJARRO,SANTA CRUZ,143.72,SOYA,1085,30169.43,28.06458604651163,101.20633,11.401911487758944,0.8067834101382487,36.609390728476825,18.443834886817577,0.153917,85
166,ASOC. PROD. BUEN RETIRO NO.0166,ASOCIACION,BUEN RETIRO,SANTA CRUZ,76.06,MAIZ,811,22485.079999999998,28.001344956413448,62.042419,11.345871212121212,0.8129963008631318,36.43233788395904,18.392650176678444,0.163995,85
167,ROBERTO MARCA FLORES,INDIVIDUAL,LA GUARDIA,SANTA CRUZ,171.67,SOYA/MAIZ,818,22958.489999999998,28.413972772277226,61.556448,11.426248447204967,0.8085452322738386,36.58046712802768,18.509122807017544,0.156479,85
168,LAURA COLQUE CHAMBI,INDIVIDUAL,CHARAGUA,SANTA CRUZ,323.35,SOYA/MAIZ,265,7593.06,28.653056603773585,20.745497999999994,11.303667953667954,0.8077735849056605,36.65370370370371,18.67375,0.162264,81
169,ANA TICONA APAZA,INDIVIDUAL,ROBORE,SANTA CRUZ,138.57,SOYA,284,7807.81,27.785800711743775,18.941177,11.368571428571428,0.7496126760563381,36.54328042328042,18.358163265306125,0.154930,79
170,ASOC. PROD. SAN JULIAN NO.0170,ASOCIACION,SAN JULIAN,SANTA CRUZ,325.91,SOYA,506,13943.919999999998,27.83217564870259,51.329436,11.48169696969697,0.8339525691699605,36.60591304347826,18.47487323943662,0.146245,85
171,MARIO MARTINEZ TORREZ,INDIVIDUAL,BUEN RETIRO,SANTA CRUZ,50.94,SOYA,780,21993.4,28.415245478036177,77.42752,11.329725130890052,0.8568589743589745,36.603804347826085,18.52475763016158,0.146154,85
172,ASOC. PROD. OKINAWA NO.0172,COOPERATIVA,OKINAWA,SANTA CRUZ,772.94,MAIZ,1273,35242.7,27.992613185067512,114.87070900000002,11.440329052969503,0.7899450117831892,36.58724944320713,18.60882687927107,0.145326,85
174,ASOC. PROD. SANTA ROSA NO.0174,COOPERATIVA,SANTA ROSA,SANTA CRUZ,143.9,SOYA,1556,43157.03,27.987697795071334,135.353221,11.466618705035971,0.7778213367609255,36.52026070763501,18.482400000000002,0.148458,85
175,MARIO PEDRAZA CHUQUIMIA,INDIVIDUAL,SAN PEDRO,SANTA CRUZ,111.03,SOYA/MAIZ,287,7907.48,27.843239436619715,21.155715,11.249964664310955,0.829233449477352,36.41126829268293,18.558061224489798,0.146341,83
176,CHRISTIAN MACHACA ALVARADO,INDIVIDUAL,GENERAL SAAVEDRA,SANTA CRUZ,143.34,SOYA,269,7724.920000000001,28.82432835820896,22.701788999999998,11.359584905660377,0.8143866171003717,36.733582887700535,18.44369565217391,0.141264,83
177,RONALD CASTRO MERCADO,INDIVIDUAL,YAPACANI,SANTA CRUZ,153.18,SOYA,747,20810.260000000002,28.236445047489827,57.606649000000004,11.257285318559557,0.8060642570281125,36.4603725490196,18.648562874251496,0.149933,85
178,ASOC. PROD. CUATRO CANADAS NO.0178,ASOCIACION,CUATRO CANADAS,SANTA CRUZ,140.95,MAIZ,246,6820.709999999999,28.06876543209876,21.199978,11.292738589211616,0.8201626016260162,36.61114942528735,18.459137931034483,0.166667,77
179,IVAN HUANCA FLORES,INDIVIDUAL,SAN JULIAN,SANTA CRUZ,159.68,SOYA,775,21502.64,27.853160621761656,60.081197,11.393337730870712,0.7834322580645161,36.321586715867156,18.500460405156538,0.158710,85
180,AGROP. AGUILAR HNOS. S.R.L.,EMPRESA AGROPECUARIA,PORTACHUELO,SANTA CRUZ,82.34,SOYA,1015,28212.809999999998,28.12842472582253,90.315353,11.41683098591549,0.852,36.549241379310345,18.609540889526542,0.140887,85
181,ROSA MONTAÑO COLQUE,INDIVIDUAL,LA GUARDIA,SANTA CRUZ,379.07,GIRASOL,1019,28524.049999999996,28.241633663366333,72.592852,11.334368159203981,0.7782924435721295,36.55471167369902,18.53417378917379,0.158979,85
182,AGROP. CHOQUE HNOS. S.R.L.,EMPRESA AGROPECUARIA,CHARAGUA,SANTA CRUZ,73.64,SOYA,287,8001.640000000001,28.174788732394372,18.137449,11.320140350877194,0.7307317073170732,36.759902439024394,18.51887804878049,0.156794,84
183,AGROP. YUJRA HNOS. S.R.L.,EMPRESA AGROPECUARIA,SAN PEDRO,SANTA CRUZ,56.18,MAIZ,484,13843.96,28.841583333333332,43.867588,11.30489406779661,0.8829752066115703,36.549759759759766,18.50537356321839,0.154959,85
184,ASOC. PROD. PAILON NO.0184,COOPERATIVA,PAILON,SANTA CRUZ,170.98,MAIZ,787,21804.489999999998,28.026336760925446,53.945087,11.300129533678758,0.7752986022871663,36.40275797373358,18.47853432282004,0.165184,85
185,ASOC. PROD. CUATRO CANADAS NO.0185,COOPERATIVA,CUATRO CANADAS,SANTA CRUZ,114.56,GIRASOL,1001,27744.47,28.05305358948433,76.330748,11.426554878048782,0.7887212787212787,36.578527696793,18.453880389429763,0.161838,85
186,NATALIA HUANCA CASTRO,INDIVIDUAL,MONTERO,SANTA CRUZ,174.24,GIRASOL,798,22267.899999999998,28.151580278128947,65.36698200000001,11.418786717752237,0.7860526315789474,36.56231329690347,18.543383458646616,0.139098,85
187,FERNANDO CHOQUE GUTIERREZ,INDIVIDUAL,CHARAGUA,SANTA CRUZ,72.19,MAIZ,511,13933.61,27.59130693069307,43.464099000000004,11.34188376753507,0.8356751467710373,36.36041782729805,18.650496083550916,0.146771,85
188,LUIS APAZA LOPEZ,INDIVIDUAL,LA GUARDIA,SANTA CRUZ,157.34,GIRASOL,1315,36973.92,28.441476923076923,111.82862,11.347659409020217,0.829338403041825,36.36603053435114,18.50146961325967,0.145247,85
189,ASOC. PROD. SAN PEDRO NO.0189,ASOCIACION,SAN PEDRO,SANTA CRUZ,84.94,GIRASOL,543,15284.16,28.304,37.515201,11.239831460674157,0.7669797421731123,36.50731266149871,18.492989417989417,0.158379,85
190,ASOC. PROD. SANTA ROSA NO.0190,COOPERATIVA,SANTA ROSA,SANTA CRUZ,89.52,MAIZ,776,21700.170000000002,28.10902849740933,63.693501999999995,11.363530183727033,0.8056701030927835,36.54209259259259,18.54268518518519,0.159794,85
191,FELIX CUELLAR PUMA,INDIVIDUAL,OKINAWA,SANTA CRUZ,95.29,GIRASOL,791,22012.85,28.185467349551853,59.362115,11.242818532818532,0.7899115044247786,36.5405424954792,18.618916967509026,0.168142,85
192,JULIO COPA CRUZ,INDIVIDUAL,PUERTO QUIJARRO,SANTA CRUZ,53.09,SOYA/MAIZ,1271,35209.549999999996,28.122643769968047,95.577196,11.379340836012863,0.7894964594807239,36.581102362204724,18.50555921052631,0.144768,85
193,ASOC. PROD. PUERTO SUAREZ NO.0193,COOPERATIVA,PUERTO SUAREZ,SANTA CRUZ,12.4,SOYA,999,27344.889999999996,27.81779247202441,80.21356,11.284006116207953,0.7915915915915915,36.474391304347826,18.30531204644412,0.166166,85
194,JUAN MORALES LIMA,INDIVIDUAL,ROBORE,SANTA CRUZ,28.54,SOYA,513,14297.929999999998,28.14553149606299,56.264520000000005,11.531013916500994,0.777738791423002,36.32834710743802,18.50215297450425,0.161793,85
195,SILVIA CHUQUIMIA SORIA,INDIVIDUAL,SAN JULIAN,SANTA CRUZ,42.44,SOYA,988,27617.02,28.151906218144752,85.09609600000002,11.32976386036961,0.809008097165992,36.47818696883853,18.570746054519365,0.134615,85
196,YENNY MARCA QUISPE,INDIVIDUAL,PUERTO QUIJARRO,SANTA CRUZ,166.38,SOYA/MAIZ,254,7175.74,28.362608695652174,17.436742000000002,11.492661290322582,0.7283464566929134,36.38608695652174,18.42393063583815,0.114173,84
197,ASOC. PROD. SAN PEDRO NO.0197,ASOCIACION,SAN PEDRO,SANTA CRUZ,21.96,SOYA,515,14436.949999999999,28.307745098039213,34.024702,11.359601593625497,0.7379029126213593,36.600819672131145,18.500362116991642,0.186408,85
198,ASOC. PROD. OKINAWA NO.0198,ASOCIACION,OKINAWA,SANTA CRUZ,158.62,SOYA,789,21697.43,28.069120310478656,53.947812,11.295315315315314,0.7776045627376426,36.45810909090909,18.546080586080585,0.158428,85
199,PEDRO ROMERO TORREZ,INDIVIDUAL,SAN JULIAN,SANTA CRUZ,294.05,SOYA,1568,43627.68000000001,28.056385852090038,129.194942,11.372946544980442,0.8033035714285713,36.47186629526462,18.553048225659694,0.156888,85
200,ASOC. PROD. PUERTO QUIJARRO NO.0200,ASOCIACION,PUERTO QUIJARRO,SANTA CRUZ,66.23,MAIZ,254,7123.319999999999,28.493279999999995,25.247829,11.333991935483871,0.8512992125984251,36.597988826815644,18.605238095238096,0.165354,80
201,ASOC. PROD. CUATRO CANADAS NO.0201,COOPERATIVA,CUATRO CANADAS,SANTA CRUZ,328.14,SOYA,989,27101.670000000002,27.71131901840491,78.280679,11.338002049180329,0.7991304347826087,36.48759365994236,18.56922857142857,0.161780,85
202,ALBERTO GUTIERREZ VACA,INDIVIDUAL,ROBORE,SANTA CRUZ,50.59,SOYA,754,20924.45,28.011311914323965,72.83523200000002,11.491065573770491,0.7940583554376658,36.46509689922481,18.491716981132072,0.168435,85
203,YENNY PEDRAZA VACA,INDIVIDUAL,GENERAL SAAVEDRA,SANTA CRUZ,106.49,SOYA,517,14530.89,28.3253216374269,45.395511,11.475059760956176,0.7368085106382979,36.54762430939226,18.5074677002584,0.127660,85
204,ROSA ANTELO LIMA,COMUNIDAD,SANTA ROSA,SANTA CRUZ,133.63,SOYA,2322,64678.689999999995,28.157897257292117,199.809908,11.374292639929482,0.7808742463393626,36.394473846153836,18.46145042839657,0.147287,85
205,VANESSA MERCADO PEDRAZA,INDIVIDUAL,MINEROS,SANTA CRUZ,74.11,SOYA,487,13627.439999999999,28.331476091476087,34.78043400000001,11.286133056133059,0.763305954825462,36.550238805970146,18.539530791788856,0.149897,85
206,AGROP. CUELLAR HNOS. S.R.L.,EMPRESA AGROPECUARIA,PUERTO QUIJARRO,SANTA CRUZ,19.29,GIRASOL,252,6869.090000000001,27.586706827309243,29.437001000000006,11.45964,0.8560714285714286,36.52136612021858,18.49109756097561,0.146825,82
207,GABRIELA CHOQUE VILLCA,COMUNIDAD,PUERTO SUAREZ,SANTA CRUZ,61.78,SOYA,501,14051.1,28.158517034068137,38.201823,11.379776422764227,0.7869860279441118,36.441507246376815,18.503676470588236,0.157685,85
208,ASOC. PROD. MONTERO NO.0208,COOPERATIVA,MONTERO,SANTA CRUZ,243.86,SOYA,1327,36936.840000000004,28.067507598784196,120.848706,11.331981637337414,0.8067746797287115,36.532272727272726,18.45800436205016,0.148455,85
209,SILVIA SANDOVAL CHUQUIMIA,INDIVIDUAL,EL TORNO,SANTA CRUZ,61.49,GIRASOL,471,13143.11,28.023688699360342,32.918069,11.450779220779221,0.756072186836518,36.68021472392638,18.478227848101266,0.159236,85
210,ASOC. PROD. SAN JULIAN NO.0210,COOPERATIVA,SAN JULIAN,SANTA CRUZ,165.31,SOYA,784,21865.530000000002,28.10479434447301,61.78497200000001,11.315989583333334,0.8039158163265306,36.62685873605948,18.54963963963964,0.132653,85
211,ASOC. PROD. YAPACANI NO.0211,COOPERATIVA,YAPACANI,SANTA CRUZ,125.02,SOYA,241,6885.66,28.810292887029288,27.810329,11.471054852320675,0.8597510373443984,36.368117647058824,18.52208333333333,0.103734,80
212,NATALIA CONDORI PEREZ,INDIVIDUAL,ROBORE,SANTA CRUZ,176.86,SOYA,1313,36766.54,28.195199386503067,98.540526,11.407007812500002,0.8065575019040365,36.49209302325582,18.471175824175823,0.155369,85
213,AGROP. MONTAÑO HNOS. S.R.L.,EMPRESA AGROPECUARIA,CHARAGUA,SANTA CRUZ,164.44,SOYA,289,8060.299999999999,27.987152777777776,22.871396,11.440494699646642,0.8286159169550174,36.37339901477833,18.383744075829384,0.162630,85
214,ASOC. PROD. SAN JULIAN NO.0214,ASOCIACION,SAN JULIAN,SANTA CRUZ,59.83,SOYA,829,22985.390000000003,27.996820950060904,70.620168,11.362414215686274,0.8028468033775633,36.52318890814558,18.438234265734266,0.129071,85
215,MARCO YUJRA SANCHEZ,INDIVIDUAL,PUERTO SUAREZ,SANTA CRUZ,92.1,SOYA/MAIZ,251,7059.230000000001,28.236920000000005,24.623987,11.257791164658634,0.9290836653386455,36.539943820224714,18.363055555555555,0.183267,83
216,OSCAR APAZA SALVATIERRA,INDIVIDUAL,MONTERO,SANTA CRUZ,18.8,SOYA,753,21016.35,28.134337349397587,66.168589,11.465945205479454,0.8079282868525897,36.449561904761914,18.50037807183365,0.163347,85
217,AGROP. LIMA HNOS. S.R.L.,EMPRESA AGROPECUARIA,PUERTO QUIJARRO,SANTA CRUZ,93.83,GIRASOL,742,20855.25,28.18277027027027,62.993719000000006,11.33474622770919,0.80455525606469,36.631078998073214,18.501100386100386,0.169811,85
218,ASOC. PROD. ROBORE NO.0218,ASOCIACION,ROBORE,SANTA CRUZ,112.22,GIRASOL,774,21469.260000000002,28.06439215686275,73.157677,11.522105960264899,0.826640826873385,36.59910614525139,18.527073170731704,0.134367,85
219,ASOC. PROD. YAPACANI NO.0219,COOPERATIVA,YAPACANI,SANTA CRUZ,89.1,MAIZ,1293,36080.990000000005,28.188273437500005,119.09847099999999,11.39400947119179,0.8180742459396751,36.55806243272336,18.439445073612685,0.134571,85
220,ASOC. PROD. PORTACHUELO NO.0220,COOPERATIVA,PORTACHUELO,SANTA CRUZ,47.2,SOYA,265,7453.18,28.666076923076925,16.985124,11.322499999999998,0.7481509433962262,36.4444623655914,18.421371428571426,0.132075,83
221,ASOC. PROD. EL TORNO NO.0221,ASOCIACION,EL TORNO,SANTA CRUZ,47.23,SOYA,1313,36309.57,27.93043846153846,102.060106,11.336105919003117,0.7676694592536176,36.52122672508215,18.519558189655175,0.162224,85
222,CARLOS CATACORA MAMANI,INDIVIDUAL,MONTERO,SANTA CRUZ,109.2,SOYA,771,21448.39,28.147493438320208,63.433777,11.374173333333331,0.8163683527885863,36.69344202898551,18.47828244274809,0.149157,85
223,ASOC. PROD. PORTACHUELO NO.0223,ASOCIACION,PORTACHUELO,SANTA CRUZ,36.01,SOYA,800,21935.24,27.76612658227848,64.452148,11.27993638676845,0.7820999999999999,36.521221640488655,18.52780769230769,0.132500,85
224,ASOC. PROD. YAPACANI NO.0224,COOPERATIVA,YAPACANI,SANTA CRUZ,53.35,GIRASOL,263,7392.060000000001,28.431000000000004,20.915972999999997,11.434630350194551,0.7803041825095056,36.403829787234045,18.359894179894184,0.201521,81
225,JHONNY PEDRAZA MACHACA,INDIVIDUAL,PUERTO QUIJARRO,SANTA CRUZ,58.81,SOYA/MAIZ,252,6994.7699999999995,27.97908,32.414947000000005,11.683427419354839,0.839920634920635,36.472457142857145,18.523224043715846,0.158730,82
226,ASOC. PROD. MONTERO NO.0226,ASOCIACION,MONTERO,SANTA CRUZ,507.93,SOYA,763,21176.18,28.159813829787236,54.60987900000001,11.383716577540108,0.783813892529489,36.62432075471699,18.515039682539687,0.142857,85
227,ASOC. PROD. EL TORNO NO.0227,COOPERATIVA,EL TORNO,SANTA CRUZ,61.93,SOYA,761,21076.469999999998,28.06454061251664,68.892768,11.405395973154363,0.7936136662286465,36.474835766423354,18.547156133829,0.139290,85
228,ASOC. PROD. PAILON NO.0228,ASOCIACION,PAILON,SANTA CRUZ,16.11,SOYA,1029,28790.199999999997,28.198041136141036,89.788408,11.46915422885572,0.8186491739552963,36.592898751733706,18.543510928961748,0.145773,85
229,CARLOS FLORES RODRIGUEZ,INDIVIDUAL,SAN PEDRO,SANTA CRUZ,125.92,SOYA,1037,28917.510000000002,28.075252427184466,85.676485,11.244306640625002,0.8630858244937321,36.55861833105335,18.49210027100271,0.138862,85
230,GABRIELA CHOQUE HUANCA,INDIVIDUAL,ROBORE,SANTA CRUZ,73.51,SOYA,546,15041.7,27.906679035250466,62.84054800000001,11.506238361266293,0.7869963369963371,36.481592689295034,18.49342175066313,0.146520,85
231,LUIS ROMERO VILLCA,INDIVIDUAL,OKINAWA,SANTA CRUZ,116.28,SOYA,759,21233.780000000002,28.31170666666667,61.18312,11.358875502008033,0.8132674571805006,36.48478095238095,18.439980353634578,0.175231,85
232,ASOC. PROD. PAILON NO.0232,COOPERATIVA,PAILON,SANTA CRUZ,64.58,GIRASOL,1055,29138.68,27.991047070124882,106.85344,11.382665369649805,0.8651469194312796,36.44120665742025,18.43289290681502,0.147867,85
233,ASOC. PROD. SAN PEDRO NO.0233,ASOCIACION,SAN PEDRO,SANTA CRUZ,76.5,SOYA,1333,37037.83,27.99533635676493,116.90836099999999,11.37812213740458,0.8158439609902476,36.450613756613755,18.624393617021276,0.160540,85
234,ASOC. PROD. YAPACANI NO.0234,COOPERATIVA,YAPACANI,SANTA CRUZ,245.63,SOYA,523,14405.68,27.75660886319846,46.81327300000001,11.324039215686275,0.7791586998087954,36.458260869565216,18.512428940568473,0.160612,85
235,ASOC. PROD. PORTACHUELO NO.0235,COOPERATIVA,PORTACHUELO,SANTA CRUZ,118.33,SOYA,1854,51546.55,28.044912948857455,139.067003,11.402126373626373,0.8026699029126213,36.48258262874712,18.526434049079757,0.161812,85
236,JHONNY SORIA CHAMBI,INDIVIDUAL,YAPACANI,SANTA CRUZ,82.45,SOYA,512,14294.3,28.028039215686274,42.15405799999999,11.202504970178925,0.7908593749999999,36.474736842105266,18.5190756302521,0.150391,85
237,SERGIO RODRIGUEZ GARCIA,INDIVIDUAL,SAN JULIAN,SANTA CRUZ,33.21,SOYA,1337,37544.71,28.48612291350531,126.25847300000001,11.402424012158054,0.8096035901271503,36.490869098712444,18.537952840300107,0.151832,85
238,DANIELA PEDRAZA MAMANI,INDIVIDUAL,YAPACANI,SANTA CRUZ,81.57,SOYA,1587,43578.299999999996,27.93480769230769,128.07682300000002,11.329257362355953,0.782035286704474,36.47887285843102,18.457252650176677,0.136106,85
239,JESSICA CATACORA VACA,INDIVIDUAL,EL TORNO,SANTA CRUZ,59.72,SOYA,734,20507.74,28.13133058984911,60.621112,11.473305555555557,0.8244277929155314,36.47940952380953,18.611459999999997,0.159401,85
240,AGROP. MORALES HNOS. S.R.L.,EMPRESA AGROPECUARIA,GENERAL SAAVEDRA,SANTA CRUZ,215.23,SOYA,772,21494.939999999995,28.32007905138339,68.370176,11.43938157894737,0.7915673575129534,36.354540441176475,18.503782287822876,0.138601,85
241,ASOC. PROD. MONTERO NO.0241,COOPERATIVA,MONTERO,SANTA CRUZ,70.77,SOYA,1360,37762.7,27.993106004447736,107.48695900000001,11.355840179238237,0.8239044117647059,36.53077253218884,18.45083509513742,0.136765,85
242,ASOC. PROD. SANTA ROSA NO.0242,ASOCIACION,SANTA ROSA,SANTA CRUZ,539.66,SOYA,1305,36302.68,28.054621329211745,108.45630899999999,11.276859827721223,0.8002452107279695,36.48069506726458,18.490569550930996,0.146360,85
243,MIGUEL GUTIERREZ NAVIA,INDIVIDUAL,BUEN RETIRO,SANTA CRUZ,61.88,SOYA,771,21209.54,27.944057971014495,65.462051,11.35181697612732,0.7894941634241246,36.44714555765596,18.531981481481484,0.169909,85
244,RODRIGO ANTELO MORALES,INDIVIDUAL,CUATRO CANADAS,SANTA CRUZ,323.59,SOYA,744,20700.89,28.049986449864498,50.041724,11.3739231824417,0.7496639784946236,36.429850467289725,18.498277227722774,0.116935,85
245,ASOC. PROD. WARNES NO.0245,ASOCIACION,WARNES,SANTA CRUZ,95.2,SOYA,532,14561.8,27.842829827915867,44.337805,11.225038167938932,0.8559022556390977,36.368571428571435,18.436524064171124,0.139098,84
246,ASOC. PROD. PUERTO QUIJARRO NO.0246,ASOCIACION,PUERTO QUIJARRO,SANTA CRUZ,1197.11,SOYA,782,21739.67,28.196718547341113,69.96274600000001,11.33497375328084,0.7905626598465474,36.59907578558225,18.32191011235955,0.166240,85
247,AGROP. MONTAÑO HNOS. S.R.L.,EMPRESA AGROPECUARIA,LA GUARDIA,SANTA CRUZ,73.64,SOYA,1554,43309.92,28.141598440545806,133.841394,11.437988126649078,0.7745431145431146,36.366660465116276,18.585882352941177,0.167310,85
248,ASOC. PROD. SAN PEDRO NO.0248,ASOCIACION,SAN PEDRO,SANTA CRUZ,54.08,SOYA,1054,29313.27,28.050976076555024,86.63674400000001,11.303714839961204,0.8354648956356736,36.616256756756755,18.46923741007194,0.157495,85
249,VICTOR QUISPE QUISPE,INDIVIDUAL,COTOCA,SANTA CRUZ,66.53,SOYA,1853,51922.57000000001,28.188148751357225,141.784939,11.352762795817283,0.8012574203993523,36.506001529051986,18.509584905660375,0.158122,85
250,SILVIA GUTIERREZ ALVARADO,INDIVIDUAL,PUERTO SUAREZ,SANTA CRUZ,100.26,SOYA/MAIZ,1021,28431.11,28.14961386138614,94.097221,11.40589232303091,0.8026738491674829,36.539188811188815,18.451456582633053,0.146915,85
251,ASOC. PROD. OKINAWA NO.0251,ASOCIACION,OKINAWA,SANTA CRUZ,251.53,SOYA,1249,34864.880000000005,28.09418211120065,109.81551300000002,11.361380991064175,0.8054523618895116,36.500126002290955,18.562349468713105,0.160128,85
252,ASOC. PROD. EL TORNO NO.0252,COOPERATIVA,EL TORNO,SANTA CRUZ,36.41,SOYA,250,6909.37,27.74847389558233,21.599466,11.261129032258063,0.89732,36.64609195402299,18.540159574468085,0.132000,78
253,ASOC. PROD. SAN PEDRO NO.0253,COOPERATIVA,SAN PEDRO,SANTA CRUZ,160.93,SOYA,780,21896.33,28.253329032258065,76.070354,11.449660574412533,0.8460128205128205,36.48162790697674,18.45965137614679,0.155128,85
254,HUGO MERCADO SORIA,INDIVIDUAL,OKINAWA,SANTA CRUZ,77.65,SOYA,815,22547.070000000003,27.9047896039604,82.386732,11.429256926952139,0.8367852760736196,36.568608058608056,18.5493091537133,0.130061,85
255,ASOC. PROD. PUERTO QUIJARRO NO.0255,ASOCIACION,PUERTO QUIJARRO,SANTA CRUZ,360.17,SOYA,769,21442.79,28.103263433813893,70.090484,11.432345191040843,0.8257087126137842,36.53201086956522,18.58699047619048,0.158648,85
256,ASOC. PROD. YAPACANI NO.0256,ASOCIACION,YAPACANI,SANTA CRUZ,57.54,SOYA,721,20060.68,28.374370579915134,71.25791900000002,11.52132667617689,0.8384466019417476,36.52819277108434,18.59514619883041,0.145631,85
257,GUSTAVO CATACORA CHUQUIMIA,INDIVIDUAL,OKINAWA,SANTA CRUZ,226.32,GIRASOL,771,21738.2,28.453141361256545,72.539529,11.471799999999998,0.8265369649805447,36.328153846153846,18.51395437262357,0.151751,85
258,ASOC. PROD. MONTERO NO.0258,ASOCIACION,MONTERO,SANTA CRUZ,94.5,MAIZ,1605,44327.66,28.05548101265823,123.36556999999999,11.332565411614548,0.7829781931464175,36.460587711487086,18.507861635220127,0.148910,85
259,AGROP. CASTRO HNOS. S.R.L.,EMPRESA AGROPECUARIA,CHARAGUA,SANTA CRUZ,425.46,SOYA/MAIZ,1349,37558.25,28.218069120961683,115.806666,11.311177811550152,0.7999555226093401,36.45408271474019,18.499320083682008,0.144552,85
261,DANIEL NAVIA PUMA,INDIVIDUAL,PORTACHUELO,SANTA CRUZ,83.76,SOYA,500,14100.149999999998,28.48515151515151,39.789880999999994,11.384845360824741,0.7925800000000001,36.409745042492915,18.41660056657224,0.132000,85
262,GUSTAVO RIVERO RODRIGUEZ,INDIVIDUAL,WARNES,SANTA CRUZ,142.14,SOYA,1534,42446.65,27.980652603823337,116.287709,11.29815860215054,0.8253129074315515,36.49593345656193,18.401960966542752,0.148631,85
264,ASOC. PROD. ROBORE NO.0264,ASOCIACION,ROBORE,SANTA CRUZ,152.62,GIRASOL,778,21792.68,28.30218181818182,70.693446,11.437764705882353,0.8017352185089974,36.56573476702509,18.491340579710148,0.146530,85
265,GABRIELA MONTAÑO YUJRA,INDIVIDUAL,SANTA ROSA,SANTA CRUZ,68.72,SOYA/MAIZ,1056,29311.04,28.075708812260537,76.98294800000001,11.37178916827853,0.7920359848484848,36.558224043715846,18.508145161290326,0.160038,85
266,VICTOR FLORES LOPEZ,INDIVIDUAL,BUEN RETIRO,SANTA CRUZ,139.94,SOYA,741,20372.510000000002,27.8693707250342,62.569833,11.389876203576343,0.8601349527665317,36.39204724409448,18.54798839458414,0.153846,85
267,LUIS CASTRO YUJRA,INDIVIDUAL,PAILON,SANTA CRUZ,199.11,SOYA,804,22170.989999999998,27.923161209068006,50.108452,11.268173803526446,0.7466666666666667,36.51357531760435,18.56206429780034,0.150498,85
268,ASOC. PROD. PUERTO QUIJARRO NO.0268,COOPERATIVA,PUERTO QUIJARRO,SANTA CRUZ,85.46,SOYA,271,7804.499999999998,28.798892988929882,24.138394,11.484848484848484,0.7926937269372696,36.54707602339182,18.494120879120878,0.158672,83
269,ANA ROMERO CUELLAR,INDIVIDUAL,EL TORNO,SANTA CRUZ,56.26,SOYA,766,21371.96,28.23244385733157,64.11405500000001,11.326437086092714,0.7749608355091384,36.47160075329567,18.452453874538744,0.150131,85
270,ASOC. PROD. PORTACHUELO NO.0270,ASOCIACION,PORTACHUELO,SANTA CRUZ,115.88,MAIZ,782,21693.82,28.173792207792207,56.315561,11.281099476439788,0.7730562659846547,36.49841328413284,18.458413284132842,0.141944,85
271,CHRISTIAN CRUZ CUELLAR,INDIVIDUAL,SAN JULIAN,SANTA CRUZ,121.33,SOYA,497,14090.210000000001,28.638638211382116,54.679359,11.406268041237114,0.8569617706237425,36.336197604790414,18.43615160349854,0.130785,85
272,DAVID NAVIA FLORES,INDIVIDUAL,EL TORNO,SANTA CRUZ,92.83,SOYA,260,7375.97,28.589031007751938,17.236554,11.259137254901962,0.799076923076923,36.33694444444444,18.488555555555553,0.161538,80
273,ASOC. PROD. SAN PEDRO NO.0273,ASOCIACION,SAN PEDRO,SANTA CRUZ,72.15,SOYA/MAIZ,786,21683.93,28.087992227979274,65.673554,11.398200514138816,0.8239312977099236,36.50812962962963,18.50289667896679,0.134860,85
274,VALERIA CALLISAYA VILLCA,INDIVIDUAL,WARNES,SANTA CRUZ,66.26,SOYA,1064,29565.44,28.130770694576594,85.73500499999999,11.307583254043768,0.8045676691729323,36.51017808219178,18.48980281690141,0.144737,85
275,VIVIANA CALLISAYA TICONA,INDIVIDUAL,LA GUARDIA,SANTA CRUZ,77.8,MAIZ,802,22258.529999999995,28.13973451327433,49.405564,11.341002538071066,0.7649127182044887,36.528809106830124,18.469856373429085,0.152120,85
276,AGROP. CASTRO HNOS. S.R.L.,EMPRESA AGROPECUARIA,WARNES,SANTA CRUZ,73.38,GIRASOL,240,6604.45,27.984957627118643,18.202808,11.359102564102564,0.8419583333333331,36.291444444444444,18.321317365269458,0.129167,79
277,ASOC. PROD. PUERTO QUIJARRO NO.0277,ASOCIACION,PUERTO QUIJARRO,SANTA CRUZ,57.36,SOYA,789,21722.61,27.885250320924264,79.84366399999999,11.45639175257732,0.8245373891001266,36.49706099815157,18.46387568555759,0.157161,85
278,NELSON MARCA GARCIA,INDIVIDUAL,EL TORNO,SANTA CRUZ,143.77,SOYA,527,14727.5,28.21360153256705,45.881229999999995,11.380999999999998,0.8286527514231499,36.383835227272726,18.440511508951406,0.125237,85
279,ASOC. PROD. CUATRO CANADAS NO.0279,COOPERATIVA,CUATRO CANADAS,SANTA CRUZ,132.27,MAIZ,1665,46319.66,28.17497566909976,131.372155,11.371565749235472,0.8093153153153153,36.59536065573771,18.534812880765884,0.135736,85
280,CESAR CHUQUIMIA TORREZ,INDIVIDUAL,PUERTO SUAREZ,SANTA CRUZ,27.7,SOYA,1826,50827.41,28.112505530973454,139.48045499999998,11.295583333333333,0.7942825848849946,36.45698262243286,18.54752170481452,0.160460,85
281,SANDRA VACA COPA,INDIVIDUAL,SANTA ROSA,SANTA CRUZ,171.73,SOYA,979,27421.9,28.416476683937827,78.972424,11.352949790794979,0.8145965270684372,36.417856093979445,18.47269172932331,0.124617,85
282,ASOC. PROD. COTOCA NO.0282,COOPERATIVA,COTOCA,SANTA CRUZ,374.36,SOYA,707,19838.41,28.17955965909091,63.8908,11.362257597684515,0.8084016973125884,36.59055102040817,18.570543933054395,0.148515,85
283,ASOC. PROD. LA GUARDIA NO.0283,COOPERATIVA,LA GUARDIA,SANTA CRUZ,59.36,GIRASOL,1548,42953.259999999995,28.166072131147537,113.570709,11.336112211221119,0.7835400516795865,36.40212406015038,18.5383504193849,0.142119,85
284,ASOC. PROD. PUERTO QUIJARRO NO.0284,COOPERATIVA,PUERTO QUIJARRO,SANTA CRUZ,45.19,SOYA/MAIZ,1337,37521.05,28.296417797888388,102.851195,11.327837014470678,0.8223111443530292,36.52806962025316,18.442478260869564,0.157068,85
285,AGROP. LIMA HNOS. S.R.L.,EMPRESA AGROPECUARIA,WARNES,SANTA CRUZ,97.09,SOYA,291,8093.11,28.101076388888888,23.947878000000003,11.396306620209058,0.8201374570446736,36.494416243654825,18.52343137254902,0.175258,83
286,AGROP. VASQUEZ HNOS. S.R.L.,EMPRESA AGROPECUARIA,CUATRO CANADAS,SANTA CRUZ,69.42,MAIZ,792,22057.710000000003,28.206790281329926,58.826161,11.352535575679171,0.8015656565656566,36.414898710865565,18.44745733788396,0.174242,85
287,FERNANDO MARTINEZ MORALES,INDIVIDUAL,LA GUARDIA,SANTA CRUZ,37.87,SOYA,2552,71394.52,28.130228526398742,218.549379,11.31611886717192,0.8171865203761756,36.46421892189219,18.52586644591611,0.165361,85
288,SUSANA CASTRO CASTRO,INDIVIDUAL,PUERTO SUAREZ,SANTA CRUZ,133.35,MAIZ,505,13993.66,27.93145708582834,35.625099,11.490040322580645,0.7507524752475248,36.56011594202899,18.52661931818182,0.158416,85
289,ASOC. PROD. BUEN RETIRO NO.0289,ASOCIACION,BUEN RETIRO,SANTA CRUZ,56.17,SOYA,1268,35203.64,28.050709163346614,106.82340300000001,11.261151368760064,0.7773501577287065,36.56243243243243,18.496133786848073,0.147476,85
290,SANDRA GUTIERREZ CASTRO,INDIVIDUAL,PAILON,SANTA CRUZ,75.53,GIRASOL,783,22163.8,28.45160462130937,65.886433,11.404220779220779,0.8274584929757345,36.44177304964539,18.52446460980036,0.155811,85
291,ASOC. PROD. MONTERO NO.0291,COOPERATIVA,MONTERO,SANTA CRUZ,84.84,MAIZ,1042,28837.589999999997,27.91635043562439,113.19668300000001,11.436550048590863,0.800383877159309,36.572695530726264,18.529638386648124,0.142035,85
292,ASOC. PROD. EL TORNO NO.0292,ASOCIACION,EL TORNO,SANTA CRUZ,59.02,SOYA,257,7060.210000000001,27.68709803921569,16.757804000000004,11.236102362204726,0.7818677042801556,36.51290322580645,18.479666666666667,0.167315,81
293,VANESSA CASTRO GARCIA,INDIVIDUAL,PAILON,SANTA CRUZ,45.81,SOYA,497,14067.21,28.476133603238864,45.710547,11.44832298136646,0.772394366197183,36.4248115942029,18.45725075528701,0.150905,85
294,JESSICA VACA ROMERO,INDIVIDUAL,PUERTO QUIJARRO,SANTA CRUZ,33.51,SOYA,278,7830.610000000001,28.683553113553117,25.128905000000003,11.451703703703705,0.7598201438848922,36.52165048543689,18.368298969072164,0.143885,83
295,ASOC. PROD. COTOCA NO.0295,COOPERATIVA,COTOCA,SANTA CRUZ,535.81,SOYA,262,7330.229999999999,28.411744186046505,27.285943,11.553803921568626,0.8898854961832062,36.55554945054945,18.545444444444442,0.171756,80
296,CARMEN AGUILAR AGUILAR,INDIVIDUAL,WARNES,SANTA CRUZ,179.92,MAIZ,271,7513.740000000002,27.93211895910781,21.375158,11.502007434944238,0.7743542435424353,36.30555555555556,18.422587064676616,0.151292,82
297,ALEJANDRA COLQUE MAMANI,INDIVIDUAL,COTOCA,SANTA CRUZ,94.92,MAIZ,1818,50449.69,28.058781979977756,152.97402499999998,11.392401129943503,0.801028602860286,36.48223330775135,18.543049363057325,0.162266,85
298,MIRIAM VACA PUMA,INDIVIDUAL,SAN JULIAN,SANTA CRUZ,172.9,SOYA,774,21502.269999999997,28.14433246073298,72.11793200000001,11.4092175066313,0.8275839793281653,36.462032374100716,18.479796672828094,0.161499,85
299,SERGIO MAMANI CASTRO,INDIVIDUAL,SANTA ROSA,SANTA CRUZ,57.52,SOYA,539,15046.720000000001,28.230243902439028,46.647025000000006,11.489506641366225,0.7940630797773655,36.520134048257376,18.583105413105415,0.129870,85
300,AGROP. APAZA HNOS. S.R.L.,EMPRESA AGROPECUARIA,OKINAWA,SANTA CRUZ,122.11,SOYA,1047,28996.420000000002,27.908007699711263,79.96335199999999,11.388964181994194,0.7556638013371538,36.406341127922964,18.502344173441735,0.142311,85
301,ASOC. PROD. MONTERO NO.0301,COOPERATIVA,MONTERO,SANTA CRUZ,189.69,MAIZ,295,8130.220000000001,27.843219178082197,21.374022,11.343835616438357,0.7879661016949153,36.32705000000001,18.588663366336636,0.155932,84
302,WILBER ROMERO PEREZ,INDIVIDUAL,EL TORNO,SANTA CRUZ,108.79,MAIZ,1044,29193.899999999998,28.261277831558566,89.19079799999999,11.352576204523107,0.7754980842911876,36.5134478021978,18.589642857142856,0.154215,85
303,ASOC. PROD. BUEN RETIRO NO.0303,ASOCIACION,BUEN RETIRO,SANTA CRUZ,109.92,SOYA,1351,37550.9,28.233759398496243,125.715029,11.396822289156628,0.8452923760177644,36.45442996742671,18.57311300639659,0.153220,85
306,ASOC. PROD. CHARAGUA NO.0306,ASOCIACION,CHARAGUA,SANTA CRUZ,139.77,SOYA,260,7368.34,28.559457364341085,24.985601000000003,11.312980392156863,0.8414230769230768,36.36010362694301,18.447538461538464,0.134615,80
307,AGROP. CONDORI HNOS. S.R.L.,EMPRESA AGROPECUARIA,CHARAGUA,SANTA CRUZ,147.72,SOYA,1014,28623.18,28.396011904761906,73.92628400000001,11.298910191725529,0.8136785009861933,36.51494475138122,18.45675105485232,0.169625,85
308,ASOC. PROD. SANTA ROSA NO.0308,ASOCIACION,SANTA ROSA,SANTA CRUZ,174.03,GIRASOL,512,14398.32,28.39905325443787,52.503862,11.459841584158417,0.74640625,36.44262295081967,18.55245664739884,0.166016,85
309,ASOC. PROD. EL TORNO NO.0309,ASOCIACION,EL TORNO,SANTA CRUZ,28.72,SOYA,796,22135.5,28.162213740458014,75.911247,11.320128700128702,0.8514447236180904,36.592540250447236,18.485975820379963,0.136935,85
310,ASOC. PROD. MINEROS NO.0310,COOPERATIVA,MINEROS,SANTA CRUZ,202.87,SOYA,261,7250.139999999999,28.21066147859922,22.362014000000002,11.504782608695653,0.8309961685823756,36.2560773480663,18.524728260869562,0.149425,81
311,SUSANA MORALES CHUQUIMIA,INDIVIDUAL,PUERTO SUAREZ,SANTA CRUZ,26.4,SOYA,497,13875.689999999999,28.088441295546556,55.382874,11.394297352342159,0.7604426559356136,36.46022857142858,18.43221590909091,0.136821,85
312,MARCO MACHACA YUJRA,INDIVIDUAL,PORTACHUELO,SANTA CRUZ,71.3,MAIZ,235,6571.299999999999,28.20300429184549,21.803700000000003,11.645021645021645,0.6705531914893617,36.29377358490566,18.58525316455696,0.140426,81
313,RICARDO MEDINA SANCHEZ,INDIVIDUAL,BUEN RETIRO,SANTA CRUZ,117.74,GIRASOL,1030,28372.15,27.89788593903638,102.70862000000001,11.636815034619188,0.7977087378640778,36.42791610284168,18.527675070028014,0.157282,85
314,ASOC. PROD. SAN PEDRO NO.0314,ASOCIACION,SAN PEDRO,SANTA CRUZ,148.72,MAIZ,1004,27758.140000000003,28.06687563195147,88.46707599999998,11.428432760364002,0.8290836653386454,36.56867897727273,18.439984984984985,0.177291,85
315,ASOC. PROD. SANTA ROSA NO.0315,ASOCIACION,SANTA ROSA,SANTA CRUZ,351.54,SOYA/MAIZ,554,15291.52,27.955246800731263,44.82697000000001,11.345341959334567,0.7582671480144405,36.53554376657825,18.384146981627296,0.151625,85
317,MARIO ROMERO ANTELO,INDIVIDUAL,YAPACANI,SANTA CRUZ,109.26,MAIZ,1836,51523.35,28.278457738748628,167.59032799999997,11.33357063403782,0.8038235294117648,36.52685185185185,18.499448757763975,0.144336,85
318,ASOC. PROD. BUEN RETIRO NO.0318,ASOCIACION,BUEN RETIRO,SANTA CRUZ,48.13,SOYA,741,20437.870000000003,27.80662585034014,61.899247,11.293845089903183,0.8076518218623482,36.37977642276423,18.5299609375,0.153846,85
319,AGROP. CALLISAYA HNOS. S.R.L.,EMPRESA AGROPECUARIA,SANTA ROSA,SANTA CRUZ,64.38,GIRASOL,517,14527.74,28.209203883495146,46.046552000000005,11.355245579567779,0.8634816247582205,36.44908839779006,18.477055393586006,0.127660,85
320,SANDRA COLQUE MAMANI,INDIVIDUAL,PAILON,SANTA CRUZ,31.29,SOYA,1040,28994.160000000003,28.177026239067057,81.02615699999998,11.29742125984252,0.8060288461538462,36.433154269972455,18.429370725034197,0.150000,85
321,ASOC. PROD. SAN PEDRO NO.0321,ASOCIACION,SAN PEDRO,SANTA CRUZ,161.99,SOYA,489,13669.710000000001,28.18496907216495,45.076949,11.428494845360824,0.7774233128834355,36.54511627906977,18.534970930232554,0.128834,85
322,ASOC. PROD. YAPACANI NO.0322,COOPERATIVA,YAPACANI,SANTA CRUZ,76.26,SOYA/MAIZ,1611,44691.87,28.16122873345936,136.353453,11.413772986683577,0.8083364369956549,36.50627296587926,18.5006743566992,0.139665,85
323,ASOC. PROD. SAN JULIAN NO.0323,ASOCIACION,SAN JULIAN,SANTA CRUZ,28.46,SOYA,251,6931.15,27.61414342629482,17.183775,11.343694779116465,0.7661354581673306,36.4968,18.714756097560976,0.131474,82
324,VALERIA MONTAÑO RIVERO,INDIVIDUAL,BUEN RETIRO,SANTA CRUZ,146.8,SOYA,822,22852.870000000003,28.07477886977887,80.770183,11.420172413793104,0.8299878345498783,36.480104529616725,18.499333333333333,0.126521,85
325,AGROP. COPA HNOS. S.R.L.,EMPRESA AGROPECUARIA,MONTERO,SANTA CRUZ,64.47,SOYA,754,21002.769999999997,28.078569518716574,51.203339,11.348080536912752,0.7720954907161803,36.56330134357005,18.540092081031307,0.155172,85
326,VALERIA SUAREZ VASQUEZ,INDIVIDUAL,LA GUARDIA,SANTA CRUZ,31.86,GIRASOL,494,13879.25,28.44108606557377,42.12985499999999,11.362208588957053,0.8368825910931175,36.66426086956521,18.364955489614243,0.168016,85
327,ASOC. PROD. PORTACHUELO NO.0327,ASOCIACION,PORTACHUELO,SANTA CRUZ,49.76,SOYA,998,27908.629999999997,28.507282941777323,78.10500600000002,11.402400813835198,0.799308617234469,36.42500695410292,18.460906555090656,0.145291,85
328,AGROP. QUISPE HNOS. S.R.L.,EMPRESA AGROPECUARIA,SANTA ROSA,SANTA CRUZ,33.01,SOYA,762,21337.96,28.262198675496688,77.124306,11.48685135135135,0.8001968503937008,36.498079096045196,18.607387218045115,0.161417,85
329,ASOC. PROD. CUATRO CANADAS NO.0329,ASOCIACION,CUATRO CANADAS,SANTA CRUZ,142.05,MAIZ,812,22544.839999999997,28.110773067331667,64.762612,11.374911616161617,0.8099137931034484,36.44482578397213,18.42586994727592,0.145320,85
330,FELIX CHUQUIMIA SORIA,INDIVIDUAL,ROBORE,SANTA CRUZ,118.38,SOYA,803,22300.260000000002,28.08596977329975,61.97076500000001,11.40960659898477,0.7917808219178082,36.59732394366197,18.536596858638745,0.156912,85
331,FELIX LOPEZ LIMA,INDIVIDUAL,LA GUARDIA,SANTA CRUZ,128.1,SOYA,1039,28786.29,28.029493670886076,81.43063699999999,11.357075564278706,0.7828777670837345,36.460719225449516,18.569144460028053,0.147257,85
332,ASOC. PROD. PUERTO SUAREZ NO.0332,COOPERATIVA,PUERTO SUAREZ,SANTA CRUZ,56.21,SOYA,559,15652.3,28.45872727272727,61.946704,11.407297794117648,0.7876386404293381,36.441213720316625,18.530448548812668,0.152057,85
334,ASOC. PROD. MINEROS NO.0334,COOPERATIVA,MINEROS,SANTA CRUZ,91.14,GIRASOL,792,22217.62,28.2307750952986,82.55739099999998,11.380807692307693,0.8776262626262625,36.51512411347518,18.590162454873646,0.159091,85
335,AGROP. CALLISAYA HNOS. S.R.L.,EMPRESA AGROPECUARIA,WARNES,SANTA CRUZ,113.1,MAIZ,998,27918.24,28.314645030425964,88.44713200000001,11.472502553626152,0.7998897795591183,36.63099999999999,18.51259776536313,0.152305,85
336,ASOC. PROD. PORTACHUELO NO.0336,ASOCIACION,PORTACHUELO,SANTA CRUZ,34.46,SOYA,1003,28055.259999999995,28.33864646464646,84.428914,11.328933333333334,0.8104486540378864,36.39381615598885,18.462217573221753,0.144566,85
338,ASOC. PROD. OKINAWA NO.0338,COOPERATIVA,OKINAWA,SANTA CRUZ,79.42,SOYA,997,27161.390000000003,27.715704081632655,71.766603,11.380423116615066,0.7846238716148445,36.574,18.46725903614458,0.166499,85
339,ALFREDO CHOQUE TICONA,INDIVIDUAL,PAILON,SANTA CRUZ,138.47,MAIZ,1296,36260.33,28.306268540202968,105.707762,11.369968774395003,0.8029475308641975,36.454834070796466,18.502910848549945,0.161265,85
340,ASOC. PROD. WARNES NO.0340,COOPERATIVA,WARNES,SANTA CRUZ,237.26,SOYA,1273,35373.54,28.186087649402392,95.56734800000001,11.311849757673667,0.8071013354281226,36.59426303854875,18.494733861834654,0.142969,85
341,VALERIA PEDRAZA MORALES,INDIVIDUAL,LA GUARDIA,SANTA CRUZ,43.49,SOYA,813,22377.66,27.902319201995013,55.069307,11.252154420921544,0.7617958179581796,36.33640211640211,18.482525423728813,0.158672,85
342,ASOC. PROD. PORTACHUELO NO.0342,ASOCIACION,PORTACHUELO,SANTA CRUZ,32.88,SOYA,1320,36875.73,28.19245412844037,120.197439,11.427114351496547,0.831719696969697,36.5783407079646,18.51040494938133,0.148485,85
343,ASOC. PROD. PUERTO QUIJARRO NO.0343,ASOCIACION,PUERTO QUIJARRO,SANTA CRUZ,258.56,MAIZ,498,13673.279999999999,27.847820773930753,55.199934000000006,11.471893004115227,0.8045180722891566,36.51158823529411,18.610139275766016,0.164659,85
344,ASOC. PROD. PORTACHUELO NO.0344,ASOCIACION,PORTACHUELO,SANTA CRUZ,75.96,SOYA,513,14351.55,28.14029411764706,45.347536,11.244829659318636,0.7526120857699806,36.59065395095367,18.404575342465755,0.146199,85
345,ASOC. PROD. SANTA ROSA NO.0345,ASOCIACION,SANTA ROSA,SANTA CRUZ,142.9,GIRASOL,1082,30211.160000000003,28.155787511649585,80.267693,11.362457466918716,0.8046580406654343,36.47898282694848,18.4325125,0.158965,85
346,AGROP. MARCA HNOS. S.R.L.,EMPRESA AGROPECUARIA,YAPACANI,SANTA CRUZ,25.92,MAIZ,238,6464.25,27.625,14.493287000000002,11.143333333333333,0.7843277310924369,36.42271676300578,18.404848484848486,0.142857,80
347,IVAN TORREZ VASQUEZ,INDIVIDUAL,OKINAWA,SANTA CRUZ,138.1,SOYA,1058,29285.02,28.050785440613026,91.508551,11.2598849472675,0.8496124763705105,36.61043068640646,18.56388594164456,0.149338,85
348,ROBERTO MACHACA CHAMBI,INDIVIDUAL,OKINAWA,SANTA CRUZ,187.02,SOYA,775,21467.0,28.098167539267017,86.354218,11.424276315789475,0.8233032258064515,36.42419117647059,18.521712204007287,0.148387,85
349,ASOC. PROD. PAILON NO.0349,ASOCIACION,PAILON,SANTA CRUZ,183.65,MAIZ,1270,35454.57,28.138547619047618,123.815909,11.351125401929261,0.8355826771653542,36.493001107419715,18.469291428571427,0.136220,85
350,ASOC. PROD. PAILON NO.0350,ASOCIACION,PAILON,SANTA CRUZ,35.37,SOYA,536,14930.14,28.117024482109226,36.662485000000004,11.458742857142857,0.7832089552238806,36.44867208672087,18.496307277628034,0.166045,85
351,ASOC. PROD. MINEROS NO.0351,ASOCIACION,MINEROS,SANTA CRUZ,943.95,MAIZ,258,7230.499999999999,28.244140624999996,22.256037000000003,11.292845849802372,0.8174418604651164,36.50715053763441,18.58577540106952,0.155039,77
352,ASOC. PROD. LA GUARDIA NO.0352,COOPERATIVA,LA GUARDIA,SANTA CRUZ,67.94,SOYA,1293,35857.3,28.101332288401256,107.261533,11.287563091482651,0.8009667440061873,36.43312087912088,18.471175824175823,0.156226,85
353,ASOC. PROD. PUERTO QUIJARRO NO.0353,ASOCIACION,PUERTO QUIJARRO,SANTA CRUZ,67.53,GIRASOL,267,7316.29,27.924770992366412,22.977764,11.186908396946565,0.8298876404494383,36.49378531073447,18.75625668449198,0.149813,81
354,JESSICA CHAMBI SORIA,COMUNIDAD,PORTACHUELO,SANTA CRUZ,156.26,SOYA,1017,27963.64,27.76925521350546,81.150592,11.382815631262524,0.7838053097345133,36.41406162464986,18.523929577464788,0.148476,85
355,ASOC. PROD. PORTACHUELO NO.0355,ASOCIACION,PORTACHUELO,SANTA CRUZ,173.92,SOYA,1076,29771.120000000003,27.84950420954163,82.36754400000001,11.41787072243346,0.7899721189591079,36.4522148541114,18.462767857142858,0.151487,85
356,ASOC. PROD. PORTACHUELO NO.0356,COOPERATIVA,PORTACHUELO,SANTA CRUZ,91.09,GIRASOL,1335,36904.54,27.91568835098336,96.346875,11.293860711582136,0.785932584269663,36.366633663366336,18.466677524429965,0.152809,85
357,ASOC. PROD. ROBORE NO.0357,ASOCIACION,ROBORE,SANTA CRUZ,324.35,SOYA,735,20305.089999999997,27.968443526170795,64.22210899999999,11.422880886426592,0.7806802721088435,36.56740518962076,18.576457925636007,0.168707,85
358,SANDRA ALVARADO SANDOVAL,INDIVIDUAL,WARNES,SANTA CRUZ,436.99,SOYA,778,21543.39,28.12453002610966,68.954494,11.436684210526314,0.8037275064267353,36.40992882562278,18.515117967332124,0.174807,85
359,MIGUEL GUTIERREZ ANTELO,INDIVIDUAL,WARNES,SANTA CRUZ,626.83,MAIZ,249,6799.21,27.751877551020407,18.466901999999997,11.34538775510204,0.8319678714859438,36.4074705882353,18.39816091954023,0.168675,84
360,ASOC. PROD. PORTACHUELO NO.0360,ASOCIACION,PORTACHUELO,SANTA CRUZ,142.69,SOYA,1045,29082.070000000003,28.017408477842007,94.692716,11.301022615535889,0.8646124401913876,36.602289156626505,18.481230769230766,0.141627,85
361,CARLOS CATACORA MARTINEZ,INDIVIDUAL,EL TORNO,SANTA CRUZ,63.17,MAIZ,1000,27641.039999999997,27.89206861755802,66.763585,11.343701825557808,0.79674,36.43922746781116,18.4885878962536,0.147000,85
362,LORENA ANTELO MERCADO,INDIVIDUAL,PAILON,SANTA CRUZ,279.91,MAIZ,497,13762.83,27.85997975708502,38.551505999999996,11.34606490872211,0.8336217303822938,36.41284057971015,18.557732558139538,0.154930,85
363,SANDRA CUELLAR CALLISAYA,INDIVIDUAL,SAN PEDRO,SANTA CRUZ,193.53,GIRASOL,1046,29325.210000000003,28.30618725868726,92.48633199999999,11.387458617332035,0.8231261950286807,36.416307053941914,18.54089531680441,0.170172,85
364,ASOC. PROD. ROBORE NO.0364,ASOCIACION,ROBORE,SANTA CRUZ,167.92,MAIZ,263,7238.749999999998,27.841346153846146,15.156439000000002,11.39220930232558,0.7703802281368822,36.63229166666667,18.46727748691099,0.148289,83
365,AGROP. RODRIGUEZ HNOS. S.R.L.,EMPRESA AGROPECUARIA,SAN PEDRO,SANTA CRUZ,125.22,SOYA,237,6589.01,28.158162393162392,32.94662400000001,11.512770562770564,0.8666666666666667,36.3123163841808,18.468045977011496,0.160338,82
366,VIVIANA COLQUE SORIA,INDIVIDUAL,EL TORNO,SANTA CRUZ,257.59,MAIZ,513,14392.969999999998,28.221509803921563,40.236951,11.447629482071715,0.802943469785575,36.43342028985507,18.38422279792746,0.142300,85
367,ASOC. PROD. SANTA ROSA NO.0367,ASOCIACION,SANTA ROSA,SANTA CRUZ,146.84,SOYA,749,20698.69,27.9712027027027,77.97455000000001,11.49227709190672,0.7745126835781042,36.48057803468208,18.43782771535581,0.150868,85
368,CAMILA CHAMBI TORREZ,INDIVIDUAL,SAN JULIAN,SANTA CRUZ,22.45,SOYA,520,14579.010000000002,28.3087572815534,40.840000999999994,11.243668639053256,0.8001923076923076,36.62070422535211,18.475606469002695,0.146154,84
369,ASOC. PROD. ROBORE NO.0369,ASOCIACION,ROBORE,SANTA CRUZ,129.47,SOYA,1533,43038.159999999996,28.351884057971013,139.112058,11.33344827586207,0.8185909980430529,36.554677716390415,18.533964049195838,0.142857,85
370,ASOC. PROD. PUERTO SUAREZ NO.0370,COOPERATIVA,PUERTO SUAREZ,SANTA CRUZ,48.86,SOYA/MAIZ,1010,27946.79,28.030882647943834,83.757341,11.415005035246727,0.7902178217821783,36.404271844660194,18.44326180257511,0.165347,85
371,ASOC. PROD. BUEN RETIRO NO.0371,ASOCIACION,BUEN RETIRO,SANTA CRUZ,164.22,SOYA,1348,37586.649999999994,28.112677636499622,117.286444,11.418265460030169,0.8103857566765579,36.37653887113951,18.57340836012862,0.143175,85
372,GABRIELA VACA MONTAÑO,INDIVIDUAL,SAN JULIAN,SANTA CRUZ,52.45,SOYA/MAIZ,502,14044.32,28.20144578313253,33.851623,11.391721311475411,0.7654780876494026,36.60512605042017,18.45406504065041,0.135458,85
373,ROSA ANTELO QUISPE,INDIVIDUAL,LA GUARDIA,SANTA CRUZ,128.44,MAIZ,529,14668.810000000001,28.15510556621881,48.271781000000004,11.426475095785442,0.8465406427221173,36.569307479224385,18.428897849462363,0.141777,85
374,ASOC. PROD. COTOCA NO.0374,COOPERATIVA,COTOCA,SANTA CRUZ,91.68,SOYA/MAIZ,1031,28430.5,28.010344827586206,110.520185,11.457083333333333,0.8084966052376334,36.59567750677507,18.42528511821975,0.137730,85
375,ASOC. PROD. GENERAL SAAVEDRA NO.0375,ASOCIACION,GENERAL SAAVEDRA,SANTA CRUZ,107.52,GIRASOL,1309,36665.9,28.247996918335904,104.47940500000001,11.415844357976654,0.7821466768525591,36.4698233995585,18.496280814576632,0.147441,85
376,RONALD VILLCA NAVIA,INDIVIDUAL,EL TORNO,SANTA CRUZ,1204.61,SOYA,265,7285.530000000001,27.701634980988597,28.072678999999997,11.501034482758621,0.8660754716981132,36.42601123595506,18.510494505494506,0.150943,81
377,ASOC. PROD. EL TORNO NO.0377,ASOCIACION,EL TORNO,SANTA CRUZ,87.71,SOYA,1037,28878.72,28.064839650145775,100.469376,11.328397246804327,0.8415525554484088,36.572021419009374,18.59150354609929,0.155256,85
378,ASOC. PROD. EL TORNO NO.0378,ASOCIACION,EL TORNO,SANTA CRUZ,127.98,MAIZ,1552,43021.74,28.0089453125,140.98313100000001,11.341686351706036,0.8330090206185566,36.46773897058823,18.461512915129152,0.160438,85
379,ALEJANDRA CALLISAYA CONDORI,INDIVIDUAL,GENERAL SAAVEDRA,SANTA CRUZ,55.15,SOYA,812,22541.8,28.037064676616914,71.883792,11.428950695322378,0.8001231527093596,36.3327397260274,18.500891608391612,0.161330,85
380,ASOC. PROD. SAN PEDRO NO.0380,COOPERATIVA,SAN PEDRO,SANTA CRUZ,41.52,SOYA,1321,36835.86,28.14045836516425,99.809011,11.339651162790698,0.7904996214988647,36.499364035087716,18.524282560706396,0.136260,85
381,PAOLA TORREZ VARGAS,INDIVIDUAL,CUATRO CANADAS,SANTA CRUZ,32.22,GIRASOL,775,21393.39,27.892294654498045,72.38390500000001,11.434947229551453,0.8322322580645162,36.397890772128065,18.547781818181818,0.165161,85
382,ALBERTO MEDINA SANCHEZ,INDIVIDUAL,PORTACHUELO,SANTA CRUZ,92.4,MAIZ,467,12978.88,28.21495652173913,48.181428000000004,11.381659482758621,0.8181798715203425,36.47848942598186,18.495481927710845,0.132762,85
383,ASOC. PROD. EL TORNO NO.0383,ASOCIACION,EL TORNO,SANTA CRUZ,47.64,SOYA,269,7367.7699999999995,27.802905660377355,28.502991999999995,11.31408396946565,0.8147583643122676,36.56743961352657,18.5647311827957,0.144981,83
384,ALBERTO APAZA CALLISAYA,COMUNIDAD,PUERTO SUAREZ,SANTA CRUZ,42.07,SOYA,1029,28489.05,27.985314341846756,93.76160000000002,11.371988130563798,0.7899319727891155,36.446113475177306,18.63945652173913,0.162293,85
385,ALBERTO MORALES CALLISAYA,INDIVIDUAL,BUEN RETIRO,SANTA CRUZ,469.35,SOYA/MAIZ,254,7123.719999999999,28.268730158730158,19.348998,10.984556451612901,0.8184251968503937,36.46912568306011,18.360162162162162,0.141732,82
386,RICHARD LIMA SUAREZ,INDIVIDUAL,GENERAL SAAVEDRA,SANTA CRUZ,54.31,SOYA,532,14613.91,27.573415094339623,52.275752999999995,11.327257142857144,0.8079323308270676,36.587138964577655,18.43922459893048,0.156015,85
387,AGROP. VILLCA HNOS. S.R.L.,EMPRESA AGROPECUARIA,COTOCA,SANTA CRUZ,36.75,SOYA,748,20614.759999999995,27.895480378890387,56.475682,11.356533700137552,0.8036229946524064,36.257643678160925,18.26501945525292,0.161765,85
388,GUSTAVO ALVARADO SORIA,INDIVIDUAL,MONTERO,SANTA CRUZ,175.5,MAIZ,1356,37516.06,27.851566443949515,113.80151500000001,11.443176029962546,0.7878613569321533,36.429238900634246,18.45067092651757,0.156342,85
389,ASOC. PROD. WARNES NO.0389,COOPERATIVA,WARNES,SANTA CRUZ,121.31,SOYA,2875,80884.85,28.330945709281963,263.97455199999996,11.462022711142653,0.8027443478260871,36.52750371471025,18.468938271604937,0.147130,85
390,MIGUEL VARGAS NAVIA,INDIVIDUAL,CUATRO CANADAS,SANTA CRUZ,58.32,MAIZ,272,7794.7699999999995,28.976840148698884,30.501668,11.414962121212122,0.8211029411764705,36.58021276595745,18.399032258064516,0.198529,79
391,ASOC. PROD. MINEROS NO.0391,ASOCIACION,MINEROS,SANTA CRUZ,119.85,SOYA,504,14035.02,28.070040000000002,38.728971,11.41897177419355,0.780138888888889,36.510180180180186,18.574957264957263,0.154762,85
392,ANA SORIA MAMANI,INDIVIDUAL,LA GUARDIA,SANTA CRUZ,19.06,SOYA,535,14833.470000000001,27.987679245283022,37.843744,11.312092130518234,0.7805794392523365,36.42533512064343,18.481912568306015,0.170093,85
393,MARIO PUMA FLORES,INDIVIDUAL,EL TORNO,SANTA CRUZ,40.47,SOYA,536,15065.619999999999,28.479432892249527,43.751763,11.275946462715105,0.8215485074626866,36.638372703412074,18.536614583333336,0.152985,85
394,PEDRO CHUQUIMIA ROMERO,INDIVIDUAL,CHARAGUA,SANTA CRUZ,39.5,SOYA,1246,35025.65,28.223730862207898,113.13282800000002,11.46251857968621,0.839470304975923,36.45853794642858,18.47645905420992,0.157303,85
395,LUIS GARCIA PEREZ,INDIVIDUAL,MONTERO,SANTA CRUZ,89.48,GIRASOL,1842,51202.29,28.086829402084476,162.000171,11.396824958586418,0.786628664495114,36.48418867924528,18.46970588235294,0.145494,85
396,CAMILA CRUZ CATACORA,COMUNIDAD,CHARAGUA,SANTA CRUZ,15.65,SOYA,1300,36382.66,28.203612403100777,97.50910099999999,11.373197172034565,0.8053846153846154,36.417869757174394,18.475178173719378,0.170769,85
397,ASOC. PROD. MONTERO NO.0397,ASOCIACION,MONTERO,SANTA CRUZ,50.29,SOYA,775,21373.550000000003,28.01251638269987,68.43970300000001,11.439960317460315,0.7804387096774194,36.484296160877506,18.58746765249538,0.136774,85
398,ASOC. PROD. OKINAWA NO.0398,ASOCIACION,OKINAWA,SANTA CRUZ,65.68,SOYA/MAIZ,1284,35975.119999999995,28.21578039215686,117.243749,11.359590228526399,0.8465342679127726,36.52408988764045,18.530306345733038,0.150312,85
399,ASOC. PROD. YAPACANI NO.0399,ASOCIACION,YAPACANI,SANTA CRUZ,14.49,SOYA,507,14058.21,27.89327380952381,37.60834200000001,11.294598393574297,0.829940828402367,36.59629943502824,18.514216524216522,0.134122,85
400,MIRIAM COLQUE CALLISAYA,INDIVIDUAL,BUEN RETIRO,SANTA CRUZ,287.34,SOYA,507,14314.52,28.458290258449306,48.801808,11.555263157894737,0.8275542406311637,36.39936464088398,18.56296918767507,0.155819,85
401,AGROP. ANTELO HNOS. S.R.L.,EMPRESA AGROPECUARIA,GENERAL SAAVEDRA,SANTA CRUZ,22.78,SOYA,1302,36367.18,28.25732711732712,98.452947,11.403798751950077,0.7881029185867895,36.5699672489083,18.472220994475137,0.138249,85
402,CARMEN HUANCA APAZA,INDIVIDUAL,SAN PEDRO,SANTA CRUZ,274.91,SOYA,1242,34343.479999999996,27.989796251018742,101.107451,11.323508196721312,0.8302576489533012,36.38773220747889,18.47587006960557,0.157810,85
403,ASOC. PROD. GENERAL SAAVEDRA NO.0403,ASOCIACION,GENERAL SAAVEDRA,SANTA CRUZ,72.55,SOYA,267,7414.0199999999995,28.08340909090909,38.984193999999995,11.607878787878787,0.8447191011235954,36.542901554404146,18.590285714285717,0.138577,80
404,OSCAR TICONA VILLCA,INDIVIDUAL,WARNES,SANTA CRUZ,159.41,SOYA,542,14984.769999999999,27.95666044776119,61.906684,11.37125475285171,0.8302214022140222,36.44548148148148,18.48233421750663,0.143911,85
405,ELIZABETH PINTO MEDINA,INDIVIDUAL,LA GUARDIA,SANTA CRUZ,245.66,SOYA,1523,42234.240000000005,28.006790450928385,120.09488400000001,11.255413028878444,0.8382797110965201,36.4541192917055,18.498780260707633,0.147735,85
407,FELIX LOPEZ SANDOVAL,INDIVIDUAL,PUERTO SUAREZ,SANTA CRUZ,93.59,GIRASOL,1512,41925.96,28.157125587642714,124.35628499999999,11.35108181203516,0.8073743386243386,36.485390625,18.493383886255923,0.162698,85
408,AGROP. SANDOVAL HNOS. S.R.L.,EMPRESA AGROPECUARIA,YAPACANI,SANTA CRUZ,105.85,SOYA,503,14054.03,28.2209437751004,46.498493999999994,11.405263157894739,0.8294433399602387,36.4059375,18.51633423180593,0.125249,85
409,ENRIQUE VACA MARTINEZ,INDIVIDUAL,PAILON,SANTA CRUZ,21.5,SOYA,1614,44961.73,28.17151002506266,120.600403,11.395198237885461,0.7785749690210656,36.494389587073606,18.48157431838171,0.137546,85
410,ASOC. PROD. OKINAWA NO.0410,ASOCIACION,OKINAWA,SANTA CRUZ,78.06,SOYA/MAIZ,1042,29112.18,28.182168441432722,96.74295,11.363211822660098,0.8321017274472169,36.3650894085282,18.57080281690141,0.141075,85
411,RENE MAMANI COLQUE,INDIVIDUAL,WARNES,SANTA CRUZ,131.21,SOYA,260,7240.59,28.064302325581394,19.228769999999997,11.313671875,0.8122692307692307,36.53568965517241,18.624444444444446,0.130769,82
412,JORGE MAMANI PINTO,INDIVIDUAL,OKINAWA,SANTA CRUZ,73.49,SOYA,795,22421.850000000002,28.526526717557253,54.051621000000004,11.42777922077922,0.7614716981132076,36.56889692585895,18.447185840707967,0.150943,85
413,ASOC. PROD. LA GUARDIA NO.0413,COOPERATIVA,LA GUARDIA,SANTA CRUZ,90.4,GIRASOL,1550,42914.700000000004,28.048823529411766,121.17275799999999,11.393193166885679,0.8124,36.46169077757685,18.585929602888086,0.140645,85
414,VANESSA SANCHEZ APAZA,INDIVIDUAL,WARNES,SANTA CRUZ,34.04,SOYA,247,6824.7300000000005,27.630485829959515,31.241996000000004,11.406049382716049,0.9165587044534413,36.40893854748603,18.54517441860465,0.174089,82
415,AGROP. QUISPE HNOS. S.R.L.,EMPRESA AGROPECUARIA,EL TORNO,SANTA CRUZ,349.35,SOYA/MAIZ,1269,35151.91,28.121528,107.29424,11.298551890587289,0.8144996059889676,36.52139890710383,18.56456,0.148936,85
416,ASOC. PROD. GENERAL SAAVEDRA NO.0416,ASOCIACION,GENERAL SAAVEDRA,SANTA CRUZ,48.53,SOYA,811,22663.42,28.223437110834368,83.94236900000001,11.456163522012579,0.8306041923551173,36.564336283185845,18.634267399267397,0.156597,85
417,ASOC. PROD. CUATRO CANADAS NO.0417,COOPERATIVA,CUATRO CANADAS,SANTA CRUZ,58.54,MAIZ,1320,37330.53,28.51835752482811,113.493824,11.362675947409125,0.8029015151515151,36.58940659340659,18.527266035751843,0.150000,85
418,CHRISTIAN COPA SANDOVAL,COMUNIDAD,OKINAWA,SANTA CRUZ,78.0,SOYA,492,13691.14,28.229154639175256,39.90775000000001,11.390144628099176,0.7890040650406503,36.60244318181818,18.518965517241384,0.130081,83
419,ASOC. PROD. SAN JULIAN NO.0419,ASOCIACION,SAN JULIAN,SANTA CRUZ,50.77,SOYA,745,20565.6,27.79135135135135,54.964805999999996,11.339544827586208,0.8139060402684563,36.41395480225989,18.616724806201553,0.143624,85
420,ASOC. PROD. YAPACANI NO.0420,COOPERATIVA,YAPACANI,SANTA CRUZ,58.79,SOYA,504,13995.300000000001,27.934730538922157,44.193081,11.358530612244898,0.7608730158730159,36.68140762463343,18.582670454545454,0.152778,85
421,CHRISTIAN CHAMBI SANCHEZ,INDIVIDUAL,MINEROS,SANTA CRUZ,80.81,MAIZ,239,6609.7300000000005,27.88915611814346,18.971102000000002,11.554956896551726,0.81418410041841,36.714000000000006,18.446724137931035,0.167364,80
422,ASOC. PROD. SANTA ROSA NO.0422,COOPERATIVA,SANTA ROSA,SANTA CRUZ,78.92,SOYA,1564,43358.88999999999,28.064006472491904,115.46975299999998,11.372705345501956,0.7988682864450128,36.42477666362807,18.467052919708028,0.144501,85
423,CARMEN NAVIA HUANCA,INDIVIDUAL,MONTERO,SANTA CRUZ,86.17,MAIZ,264,7123.5,27.717898832684824,16.029128,11.360269230769232,0.7671590909090908,36.45197860962566,18.47126373626374,0.128788,80
424,RICARDO FLORES CRUZ,INDIVIDUAL,BUEN RETIRO,SANTA CRUZ,66.79,SOYA,263,7237.61,27.836961538461537,24.183819,11.363410852713178,0.8703041825095057,36.37536842105263,18.358648648648646,0.125475,83
425,LUIS NAVIA VARGAS,COMUNIDAD,PAILON,SANTA CRUZ,129.3,GIRASOL,251,6891.96,27.79016129032258,25.825984,11.36295081967213,0.758605577689243,36.80106145251396,18.507566137566137,0.143426,82
426,RICARDO CUELLAR MEDINA,INDIVIDUAL,YAPACANI,SANTA CRUZ,61.17,SOYA,1270,35253.53,28.06809713375796,97.235648,11.320879032258064,0.784511811023622,36.53474557522124,18.45587837837838,0.138583,85
427,AGROP. TORREZ HNOS. S.R.L.,EMPRESA AGROPECUARIA,LA GUARDIA,SANTA CRUZ,447.78,SOYA,1038,28805.249999999996,28.04795520934761,85.98609499999999,11.342827788649707,0.8303757225433526,36.609973297730306,18.575745554035567,0.149326,85
429,SILVIA FLORES TORREZ,INDIVIDUAL,ROBORE,SANTA CRUZ,43.06,SOYA,516,14272.18,27.92990215264188,49.567536000000004,11.376000000000001,0.8437984496124031,36.321813031161476,18.611285714285714,0.145349,85
430,CINTHIA COLQUE SANCHEZ,INDIVIDUAL,PORTACHUELO,SANTA CRUZ,38.68,SOYA,796,22276.03,28.304993646759847,67.778914,11.319404145077721,0.8344597989949749,36.53095155709343,18.568301559792026,0.136935,85
431,PATRICIA ANTELO CONDORI,INDIVIDUAL,PORTACHUELO,SANTA CRUZ,42.02,SOYA,252,7057.09,28.11589641434263,25.840876,11.269673469387754,0.903531746031746,36.45068571428572,18.50722543352601,0.198413,80
432,ALBERTO SALVATIERRA MAMANI,INDIVIDUAL,MINEROS,SANTA CRUZ,99.16,SOYA,778,21660.67,28.02156532988357,53.653412,11.37266225165563,0.7724678663239073,36.49779922779923,18.574473684210524,0.152956,85
433,SANDRA VACA LIMA,COMUNIDAD,CHARAGUA,SANTA CRUZ,188.47,SOYA,504,14040.659999999998,28.307782258064513,34.129383000000004,11.351313131313132,0.7629761904761905,36.49118155619597,18.568238636363635,0.150794,84
434,DIEGO APAZA GUTIERREZ,INDIVIDUAL,COTOCA,SANTA CRUZ,166.2,SOYA,1038,29058.69,28.29473222979552,83.702428,11.422212301587301,0.8205298651252407,36.59679296346414,18.50966078697422,0.163776,85
435,RENE ALVARADO LOPEZ,INDIVIDUAL,GENERAL SAAVEDRA,SANTA CRUZ,68.7,SOYA,1072,29772.16,28.034048964218456,82.99008699999999,11.302988614800757,0.8277238805970148,36.443314917127076,18.467673202614378,0.149254,85
436,AGROP. PEREZ HNOS. S.R.L.,EMPRESA AGROPECUARIA,BUEN RETIRO,SANTA CRUZ,227.54,SOYA,523,14415.150000000001,28.045038910505838,43.941705999999996,11.479165048543688,0.7508221797323136,36.45727762803235,18.55165354330709,0.147228,85
437,ANDREA MAMANI SALVATIERRA,INDIVIDUAL,GENERAL SAAVEDRA,SANTA CRUZ,27.58,SOYA,1302,36159.52,28.095975135975134,118.00080299999999,11.351376075058639,0.7919508448540705,36.52723756906077,18.523810043668124,0.152842,85
438,ANDREA TICONA GUTIERREZ,INDIVIDUAL,ROBORE,SANTA CRUZ,160.26,SOYA,539,15059.28,28.14818691588785,44.937760000000004,11.294923076923077,0.850760667903525,36.56002538071066,18.52867924528302,0.159555,85
439,ASOC. PROD. SAN JULIAN NO.0439,COOPERATIVA,SAN JULIAN,SANTA CRUZ,117.06,MAIZ,805,22418.75,28.12892095357591,56.61735500000001,11.393493064312736,0.7761366459627329,36.5510606060606,18.425222602739726,0.136646,85
440,CAMILA RODRIGUEZ TICONA,INDIVIDUAL,PUERTO QUIJARRO,SANTA CRUZ,44.05,SOYA,808,22663.81,28.47212311557789,54.116113,11.367695214105792,0.7769925742574256,36.44319787985865,18.379762340036564,0.162129,85
441,JESSICA CASTRO COPA,INDIVIDUAL,ROBORE,SANTA CRUZ,700.33,SOYA,978,27133.36,28.175867082035307,80.10509099999999,11.467507788161992,0.7584662576687118,36.52106128550074,18.582976539589442,0.138037,85
442,PATRICIA CHAMBI VILLCA,INDIVIDUAL,MONTERO,SANTA CRUZ,40.59,SOYA,793,22003.180000000004,28.029528662420386,87.167122,11.528501920614596,0.8151954602774277,36.55748592870545,18.543858695652176,0.156368,85
443,FREDDY SANCHEZ ANTELO,INDIVIDUAL,YAPACANI,SANTA CRUZ,29.39,SOYA,1064,29583.87,28.175114285714283,89.364508,11.395918173168413,0.812640977443609,36.49070572569907,18.441973856209152,0.147556,85
446,ASOC. PROD. YAPACANI NO.0446,ASOCIACION,YAPACANI,SANTA CRUZ,165.46,SOYA,513,14128.079999999998,27.866035502958574,38.218241,11.334604743083004,0.8074853801169589,36.49444759206799,18.42278820375335,0.167641,85
447,RODRIGO MERCADO MARCA,INDIVIDUAL,PUERTO SUAREZ,SANTA CRUZ,50.59,SOYA,239,6594.97,27.826877637130803,25.24011,11.456695652173913,0.849205020920502,36.473371428571426,18.559649122807016,0.163180,81
448,ASOC. PROD. BUEN RETIRO NO.0448,ASOCIACION,BUEN RETIRO,SANTA CRUZ,21.29,SOYA,1060,29597.78,28.188361904761905,92.983788,11.340519730510104,0.8065188679245284,36.496563758389264,18.494266487213995,0.146226,85
449,ASOC. PROD. PUERTO SUAREZ NO.0449,ASOCIACION,PUERTO SUAREZ,SANTA CRUZ,164.52,SOYA,258,7317.66,28.47338521400778,21.754432,11.430438247011955,0.8850775193798449,36.54439306358382,18.463842105263158,0.162791,81
450,MARCO CHUQUIMIA CONDORI,INDIVIDUAL,COTOCA,SANTA CRUZ,219.4,SOYA,793,22162.149999999998,28.232038216560507,59.188562999999995,11.306409266409268,0.7965447667087011,36.500162162162155,18.535152057245078,0.151324,85
451,VANESSA VILLCA SANCHEZ,INDIVIDUAL,EL TORNO,SANTA CRUZ,94.07,SOYA,966,27025.12,28.477471022128555,80.010937,11.364269067796611,0.822639751552795,36.60403790087464,18.507445573294632,0.141822,85
452,ASOC. PROD. SAN PEDRO NO.0452,ASOCIACION,SAN PEDRO,SANTA CRUZ,191.16,SOYA,517,14533.37,28.275038910505838,66.68672099999999,11.546799204771373,0.8511605415860735,36.587633802816896,18.570532212885155,0.172147,85
453,CARLOS GUTIERREZ MARCA,INDIVIDUAL,CHARAGUA,SANTA CRUZ,84.28,SOYA,492,13698.220000000001,28.24375257731959,53.002926,11.503429752066117,0.7996747967479675,36.42953168044077,18.439339080459767,0.144309,84
454,RAUL GARCIA GUTIERREZ,INDIVIDUAL,EL TORNO,SANTA CRUZ,45.66,SOYA,262,7260.82,28.034054054054053,16.891367000000002,11.18420233463035,0.7865267175572519,36.44035532994924,18.546797752808985,0.167939,82
455,ASOC. PROD. ROBORE NO.0455,COOPERATIVA,ROBORE,SANTA CRUZ,49.51,GIRASOL,251,6967.280000000001,28.09387096774194,17.574927,11.502,0.7114741035856574,36.540119760479044,18.62385057471264,0.111554,80
456,ASOC. PROD. YAPACANI NO.0456,ASOCIACION,YAPACANI,SANTA CRUZ,62.07,SOYA,509,14112.54,28.056739562624255,44.076806,11.316127744510977,0.8165225933202358,36.498439306358385,18.518579234972677,0.143418,85
457,ASOC. PROD. CHARAGUA NO.0457,COOPERATIVA,CHARAGUA,SANTA CRUZ,82.91,SOYA,522,14733.5,28.55329457364341,49.662568,11.515239043824701,0.7729885057471264,36.40950819672131,18.513595505617978,0.164751,85
458,WILBER SALVATIERRA SANDOVAL,INDIVIDUAL,COTOCA,SANTA CRUZ,479.19,SOYA,2004,55949.170000000006,28.271435068216274,177.64783400000002,11.353683138054,0.7873652694610778,36.53322466335932,18.524275668073134,0.157685,85
459,AGROP. FLORES HNOS. S.R.L.,EMPRESA AGROPECUARIA,EL TORNO,SANTA CRUZ,124.33,SOYA/MAIZ,486,13542.289999999999,28.15444906444906,33.914355,11.43953488372093,0.7561728395061729,36.47561959654179,18.572456647398845,0.162551,85
460,ASOC. PROD. CHARAGUA NO.0460,COOPERATIVA,CHARAGUA,SANTA CRUZ,538.23,SOYA/MAIZ,1032,28474.61,27.971129666011787,83.41392099999999,11.413296812749005,0.8113081395348837,36.470804597701154,18.50959239130435,0.127907,85
461,ASOC. PROD. PUERTO SUAREZ NO.0461,COOPERATIVA,PUERTO SUAREZ,SANTA CRUZ,111.47,SOYA,271,7637.73,28.393048327137546,22.208651,11.198876404494383,0.8337269372693726,36.45572192513369,18.449833333333334,0.132841,83
462,ASOC. PROD. GENERAL SAAVEDRA NO.0462,ASOCIACION,GENERAL SAAVEDRA,SANTA CRUZ,43.3,SOYA,524,14643.529999999999,28.106583493282148,45.40507300000001,11.36729571984436,0.7793320610687022,36.53000000000001,18.378560411311053,0.129771,85
463,MIRIAM MARCA ANTELO,INDIVIDUAL,CHARAGUA,SANTA CRUZ,83.24,SOYA,267,7418.300000000001,27.783895131086148,19.80474,11.341192307692308,0.8089513108614234,36.44762376237624,18.485635359116024,0.123596,79
464,ASOC. PROD. BUEN RETIRO NO.0464,COOPERATIVA,BUEN RETIRO,SANTA CRUZ,49.79,SOYA,811,22555.190000000002,28.018869565217393,57.291852999999996,11.252132998745296,0.7941800246609125,36.55914855072464,18.400049751243778,0.166461,85
465,PATRICIA TORREZ FLORES,INDIVIDUAL,LA GUARDIA,SANTA CRUZ,207.38,GIRASOL,802,22261.64,27.896791979949874,61.334061000000005,11.33750952986023,0.8073316708229428,36.46443280977312,18.41948243992606,0.137157,85
466,RICHARD GUTIERREZ MARTINEZ,INDIVIDUAL,PORTACHUELO,SANTA CRUZ,93.94,SOYA,1287,35857.75000000001,28.190055031446548,123.324983,11.340940239043823,0.8076068376068377,36.51707126948775,18.610435729847495,0.178710,85
467,RENE NAVIA CHOQUE,INDIVIDUAL,COTOCA,SANTA CRUZ,158.45,MAIZ,260,7112.58,27.892470588235295,20.419583,11.484749034749031,0.8275384615384616,36.46707182320442,18.612011494252876,0.219231,81
468,ASOC. PROD. COTOCA NO.0468,ASOCIACION,COTOCA,SANTA CRUZ,206.47,SOYA,797,21951.520000000004,27.786734177215195,66.355704,11.364872773536895,0.7970514429109159,36.498221070811745,18.567218181818184,0.146801,85
469,YENNY CASTRO SANDOVAL,COMUNIDAD,COTOCA,SANTA CRUZ,307.91,SOYA/MAIZ,1851,51122.65,28.027768640350878,176.296289,11.438540983606556,0.8233279308481902,36.47214230471771,18.53377023901311,0.145867,85
470,AGROP. VASQUEZ HNOS. S.R.L.,EMPRESA AGROPECUARIA,PUERTO QUIJARRO,SANTA CRUZ,60.33,GIRASOL,1048,29098.340000000004,28.141528046421666,80.800972,11.373140333660452,0.8019561068702291,36.49785811732606,18.58325136612022,0.125954,85
471,AGROP. VASQUEZ HNOS. S.R.L.,EMPRESA AGROPECUARIA,ROBORE,SANTA CRUZ,62.7,SOYA/MAIZ,270,7479.48,28.118345864661652,23.625986000000005,11.34962121212121,0.8355185185185184,36.75546875,18.629787234042553,0.137037,84
472,DIEGO PINTO PEREZ,INDIVIDUAL,LA GUARDIA,SANTA CRUZ,631.39,SOYA,761,20971.719999999998,28.03705882352941,60.666774999999994,11.348368983957219,0.8460578186596583,36.491550094517955,18.490919117647056,0.173456,85
473,LAURA CHAMBI CRUZ,INDIVIDUAL,LA GUARDIA,SANTA CRUZ,328.31,SOYA,1243,34240.97,27.906251018744907,97.330983,11.466568627450979,0.7647948511665325,36.52753472222222,18.464225988700566,0.137570,85
474,PAOLA MARCA PEDRAZA,INDIVIDUAL,PORTACHUELO,SANTA CRUZ,44.18,SOYA,253,7029.589999999999,28.231285140562246,24.595661,11.335542168674698,0.9041501976284585,36.34915730337079,18.22812154696133,0.114625,81
475,ASOC. PROD. PUERTO SUAREZ NO.0475,ASOCIACION,PUERTO SUAREZ,SANTA CRUZ,56.33,MAIZ,780,21788.85,28.29720779220779,65.673781,11.340339425587466,0.8190384615384614,36.55490161001789,18.47565765765766,0.161538,85
476,ASOC. PROD. ROBORE NO.0476,COOPERATIVA,ROBORE,SANTA CRUZ,76.06,SOYA/MAIZ,538,15259.4,28.522242990654206,41.43827399999999,11.410509433962261,0.8190520446096654,36.45812664907651,18.488922651933702,0.157993,85
477,GABRIELA VILLCA ANTELO,COMUNIDAD,SAN JULIAN,SANTA CRUZ,134.32,SOYA,487,13608.52,28.001069958847737,37.81445,11.454978902953586,0.7195277207392198,36.50160349854227,18.52804804804805,0.151951,84
478,ASOC. PROD. MONTERO NO.0478,ASOCIACION,MONTERO,SANTA CRUZ,14.84,GIRASOL,1571,43535.520000000004,28.069323017408127,128.883167,11.365165262475697,0.8079694462126034,36.500602069614295,18.478803738317758,0.149586,85
479,ASOC. PROD. LA GUARDIA NO.0479,ASOCIACION,LA GUARDIA,SANTA CRUZ,167.3,SOYA,463,12996.86,28.192754880694146,39.824269,11.338377192982456,0.8399136069114471,36.370460122699384,18.65104100946372,0.168467,85
481,ASOC. PROD. ROBORE NO.0481,COOPERATIVA,ROBORE,SANTA CRUZ,125.19,SOYA/MAIZ,1013,27987.76,27.848517412935323,87.42025,11.43221327967807,0.7902961500493584,36.41324822695035,18.429726775956286,0.139191,85
482,DIEGO ROMERO HUANCA,INDIVIDUAL,WARNES,SANTA CRUZ,149.83,MAIZ,280,7844.210000000001,28.216582733812952,20.544773,11.335698529411765,0.7516071428571428,36.45969072164949,18.73772972972973,0.160714,82
483,RAUL MACHACA SORIA,INDIVIDUAL,LA GUARDIA,SANTA CRUZ,60.31,SOYA,739,20473.44,28.084279835390944,63.685907000000014,11.537306629834255,0.8189174560216508,36.57967619047619,18.412019230769232,0.143437,85
484,GABRIELA CHOQUE HUANCA,INDIVIDUAL,YAPACANI,SANTA CRUZ,83.93,SOYA,260,7248.340000000001,27.98586872586873,22.213043999999996,11.300790513833993,0.8451538461538463,36.630259067357514,18.360994764397905,0.161538,82
485,ASOC. PROD. ROBORE NO.0485,COOPERATIVA,ROBORE,SANTA CRUZ,95.23,SOYA,1859,51441.29,28.063987997817787,181.132616,11.44381109280615,0.8090693921463152,36.43365250965251,18.53494270435447,0.146853,85
486,AGROP. PUMA HNOS. S.R.L.,EMPRESA AGROPECUARIA,GENERAL SAAVEDRA,SANTA CRUZ,153.41,SOYA,263,7203.209999999999,27.81162162162162,17.016616,11.378339768339767,0.7807984790874525,36.58358695652174,18.495449438202243,0.197719,80
487,RONALD VILLCA ROMERO,INDIVIDUAL,WARNES,SANTA CRUZ,39.47,SOYA,761,21379.38,28.204986807387865,64.188588,11.356973333333336,0.8419053876478318,36.4764406779661,18.464569789674947,0.140604,85
488,ASOC. PROD. CUATRO CANADAS NO.0488,COOPERATIVA,CUATRO CANADAS,SANTA CRUZ,45.16,SOYA,992,27958.94,28.413556910569103,77.337959,11.386320657759509,0.8223185483870968,36.511449067431855,18.372681159420292,0.148185,85
489,PATRICIA SANDOVAL AGUILAR,INDIVIDUAL,PUERTO SUAREZ,SANTA CRUZ,40.12,SOYA,1191,33319.53,28.117746835443036,97.26863900000001,11.375841161400512,0.8088413098236776,36.524625603864735,18.41668618266979,0.144416,85
490,DANIELA MAMANI SALVATIERRA,INDIVIDUAL,SANTA ROSA,SANTA CRUZ,74.41,SOYA,1268,35406.549999999996,28.05590332805071,106.495848,11.394755804643715,0.7844794952681389,36.53444564047363,18.531543550165377,0.149842,85
491,HUGO YUJRA MARCA,INDIVIDUAL,PAILON,SANTA CRUZ,74.76,SOYA,525,14687.520000000002,28.245230769230773,40.484908,11.409129593810446,0.7515238095238096,36.28601671309192,18.49289972899729,0.165714,84
492,ASOC. PROD. SAN PEDRO NO.0492,COOPERATIVA,SAN PEDRO,SANTA CRUZ,281.07,MAIZ,764,21842.24,28.702023653088045,72.71955000000001,11.360720961281709,0.8182722513089005,36.415375000000004,18.493752345215757,0.145288,85
493,ASOC. PROD. ROBORE NO.0493,ASOCIACION,ROBORE,SANTA CRUZ,325.54,SOYA,506,14101.93,28.20386,51.80082999999999,11.37048484848485,0.8919762845849802,36.54681198910082,18.650489913544668,0.179842,85
494,ELIZABETH MACHACA MAMANI,INDIVIDUAL,ROBORE,SANTA CRUZ,30.99,SOYA,268,7376.459999999999,28.154427480916027,18.335699,11.384790874524716,0.7647014925373135,36.43704918032787,18.316021505376344,0.186567,81
495,JORGE CATACORA SALVATIERRA,INDIVIDUAL,PORTACHUELO,SANTA CRUZ,89.73,SOYA/MAIZ,542,15099.569999999998,28.11837988826815,42.803309,11.289734345351043,0.8040036900369003,36.58137931034483,18.3451724137931,0.121771,85
496,ASOC. PROD. SANTA ROSA NO.0496,ASOCIACION,SANTA ROSA,SANTA CRUZ,33.2,SOYA,1102,30600.580000000005,28.022509157509162,94.36922099999998,11.24987049028677,0.8386025408348459,36.50906649616368,18.40314591700134,0.156987,85
497,YENNY FLORES GARCIA,INDIVIDUAL,CUATRO CANADAS,SANTA CRUZ,59.93,SOYA/MAIZ,257,7125.84,27.8353125,20.399283999999998,11.33357723577236,0.8117120622568094,36.70059459459459,18.460056179775286,0.147860,78
498,ASOC. PROD. MINEROS NO.0498,ASOCIACION,MINEROS,SANTA CRUZ,8.73,SOYA,257,7160.880000000001,28.192440944881895,20.733492000000002,11.255760000000002,0.8545136186770429,36.534606741573036,18.53412429378531,0.124514,82
499,HUGO HUANCA MARCA,INDIVIDUAL,SAN PEDRO,SANTA CRUZ,707.82,SOYA,280,7928.02,28.518057553956837,23.241078,11.370253623188406,0.8327500000000001,36.56333333333333,18.580710659898475,0.189286,83
500,AGROP. CHUQUIMIA HNOS. S.R.L.,EMPRESA AGROPECUARIA,CUATRO CANADAS,SANTA CRUZ,68.64,SOYA,1320,36806.97,28.16141545524101,114.402533,11.39099690880989,0.7870909090909091,36.45036996735582,18.45638888888889,0.159848,85
501,CINTHIA VILLCA ROMERO,INDIVIDUAL,LA GUARDIA,SANTA CRUZ,112.56,MAIZ,773,21427.260000000002,27.972924281984337,70.53317799999999,11.419613333333334,0.8049547218628718,36.34787072243346,18.53317757009346,0.156533,85
502,ASOC. PROD. SANTA ROSA NO.0502,COOPERATIVA,SANTA ROSA,SANTA CRUZ,177.31,MAIZ,1569,43676.77,28.087954983922828,117.625841,11.258666232921277,0.8005098789037602,36.476814744801516,18.441764705882353,0.147228,85
503,RENE TICONA FLORES,INDIVIDUAL,CUATRO CANADAS,SANTA CRUZ,35.53,SOYA,260,7062.2300000000005,27.804055118110238,23.830816999999996,11.096442687747036,0.8485384615384614,36.68633333333333,18.518453038674032,0.146154,78
504,ASOC. PROD. MINEROS NO.0504,ASOCIACION,MINEROS,SANTA CRUZ,45.3,SOYA,512,14434.12,28.46966469428008,52.045874,11.250099800399202,0.8228515624999999,36.44325714285714,18.55447802197802,0.144531,85
506,AGROP. MACHACA HNOS. S.R.L.,EMPRESA AGROPECUARIA,SAN PEDRO,SANTA CRUZ,118.2,GIRASOL,1273,35903.7,28.44984152139461,112.165863,11.450679456434855,0.8199293008641005,36.47614301191766,18.4528,0.148468,85
507,ASOC. PROD. PUERTO SUAREZ NO.0507,ASOCIACION,PUERTO SUAREZ,SANTA CRUZ,199.33,MAIZ,807,22408.44,28.01055,54.74585999999999,11.345901015228426,0.7614250309789343,36.58579040852575,18.31232558139535,0.146221,85
509,NELSON SANCHEZ AGUILAR,INDIVIDUAL,WARNES,SANTA CRUZ,124.33,SOYA/MAIZ,255,6950.3099999999995,27.6904780876494,21.952285999999997,11.325359999999998,0.7914117647058824,36.587758620689655,18.444880952380952,0.188235,81
510,DANIEL GUTIERREZ CHOQUE,INDIVIDUAL,PORTACHUELO,SANTA CRUZ,55.05,SOYA,1518,42760.29000000001,28.26192333113021,110.703013,11.30554289544236,0.7700527009222662,36.49253616200579,18.526738519212746,0.137681,85
511,VANESSA RIVERO GARCIA,INDIVIDUAL,SAN JULIAN,SANTA CRUZ,183.0,SOYA,790,21839.920000000002,27.964046094750323,62.591120000000004,11.343474358974358,0.7916835443037975,36.448240574506286,18.50060885608856,0.155696,85
512,AGROP. COLQUE HNOS. S.R.L.,EMPRESA AGROPECUARIA,ROBORE,SANTA CRUZ,74.5,MAIZ,711,19739.38,28.078776671408253,53.185614,11.285092989985692,0.790464135021097,36.43870841487279,18.456832669322704,0.146273,85
513,FELIX MAMANI QUISPE,INDIVIDUAL,SAN JULIAN,SANTA CRUZ,51.59,SOYA,1345,37785.36,28.303640449438202,104.949653,11.358261199696278,0.7932936802973978,36.40533404029692,18.49463101604278,0.134572,85
514,ASOC. PROD. BUEN RETIRO NO.0514,ASOCIACION,BUEN RETIRO,SANTA CRUZ,147.19,SOYA,505,14153.32,28.306639999999998,39.534206000000005,11.259576612903226,0.7645940594059407,36.42112044817927,18.606198347107437,0.118812,85
515,CAMILA CATACORA LOPEZ,COMUNIDAD,CHARAGUA,SANTA CRUZ,23.63,SOYA,497,13927.5,28.307926829268293,40.505106,11.378930041152262,0.824225352112676,36.52285714285714,18.400315186246416,0.146881,84
516,ASOC. PROD. COTOCA NO.0516,ASOCIACION,COTOCA,SANTA CRUZ,43.17,SOYA,1332,37232.83,28.142728647014362,134.186679,11.367843438219493,0.8003378378378379,36.421750524109015,18.565437837837838,0.142643,85
517,SANDRA VASQUEZ LOPEZ,INDIVIDUAL,CUATRO CANADAS,SANTA CRUZ,15.54,MAIZ,279,7692.25,27.76985559566787,22.469604,11.377032967032967,0.8631541218637993,36.37028985507246,18.39980487804878,0.125448,83
519,ASOC. PROD. BUEN RETIRO NO.0519,COOPERATIVA,BUEN RETIRO,SANTA CRUZ,33.37,SOYA,1055,29584.62,28.31064114832536,77.258737,11.295556631171346,0.7813933649289101,36.4568776371308,18.402809587217043,0.135545,85
520,FELIX GUTIERREZ YUJRA,INDIVIDUAL,SAN JULIAN,SANTA CRUZ,218.95,SOYA,527,14582.97,28.152451737451734,41.20744,11.42880077369439,0.7830360531309297,36.59218421052631,18.60777158774373,0.146110,85
521,ASOC. PROD. ROBORE NO.0521,ASOCIACION,ROBORE,SANTA CRUZ,137.5,SOYA,794,21714.16,27.838666666666665,68.180482,11.351123882503193,0.7941435768261965,36.51126110124334,18.51958781362007,0.153652,85
522,FREDDY PUMA LOPEZ,INDIVIDUAL,PUERTO SUAREZ,SANTA CRUZ,141.96,SOYA,1263,34961.76,28.01423076923077,106.585373,11.350468876313663,0.8248456057007125,36.38535589264878,18.533948832035595,0.134600,85
523,JOSE QUISPE CHUQUIMIA,INDIVIDUAL,CUATRO CANADAS,SANTA CRUZ,14.37,SOYA,801,22416.869999999995,28.339911504424773,82.876805,11.404575411913815,0.8098252184769038,36.62028119507908,18.474525547445253,0.144819,85
524,AGROP. CALLISAYA HNOS. S.R.L.,EMPRESA AGROPECUARIA,MINEROS,SANTA CRUZ,84.35,GIRASOL,283,7944.579999999999,28.272526690391455,20.44377,11.263430656934306,0.7579505300353357,36.480051546391756,18.61127450980392,0.151943,82
525,ASOC. PROD. ROBORE NO.0525,ASOCIACION,ROBORE,SANTA CRUZ,301.3,SOYA,5523,4381835863.7699995,801066.8855155392,8019220442.618924,65.0432938344751,64.03932283179431,35.09386422976502,18.028773796192606,0.013942,85
526,PATRICIA AGUILAR SANCHEZ,INDIVIDUAL,WARNES,SANTA CRUZ,84.89,SOYA,513,14032.85,27.67820512820513,41.219507,11.298111332007952,0.7349512670565301,36.625742296918766,18.56475274725275,0.126706,85
527,ALBERTO SANCHEZ CATACORA,INDIVIDUAL,PUERTO QUIJARRO,SANTA CRUZ,196.34,GIRASOL,514,14374.33,28.129804305283756,40.442405,11.329644268774704,0.7759727626459144,36.49460490463215,18.58783197831978,0.132296,85
528,ASOC. PROD. MONTERO NO.0528,COOPERATIVA,MONTERO,SANTA CRUZ,72.72,SOYA,737,20580.33,28.000448979591837,74.961784,11.28724233983287,0.8609497964721845,36.5132251908397,18.527272727272727,0.137042,85
529,RENE CUELLAR GARCIA,INDIVIDUAL,OKINAWA,SANTA CRUZ,58.67,SOYA/MAIZ,994,27662.18,28.08343147208122,108.48334700000001,11.445930113052414,0.8110764587525151,36.41586455331412,18.405742857142858,0.147887,85
530,ASOC. PROD. ROBORE NO.0530,ASOCIACION,ROBORE,SANTA CRUZ,178.37,SOYA,505,14037.79,28.075580000000002,50.133576000000005,11.484616935483869,0.8072475247524752,36.63475138121547,18.509662921348315,0.150495,85
531,AGROP. SORIA HNOS. S.R.L.,EMPRESA AGROPECUARIA,YAPACANI,SANTA CRUZ,1079.82,SOYA,736,20891.65,28.61869863013699,70.77758299999999,11.332217573221756,0.8308559782608694,36.52852059925093,18.516262626262627,0.148098,84
532,ASOC. PROD. MONTERO NO.0532,ASOCIACION,MONTERO,SANTA CRUZ,148.78,SOYA,763,21233.02,28.123205298013247,59.473401,11.27492,0.7977719528178244,36.658121546961326,18.527724665391972,0.148100,85
533,MARIA COLQUE CHOQUE,INDIVIDUAL,COTOCA,SANTA CRUZ,20.02,SOYA,481,13519.989999999998,28.343794549266242,47.88632400000001,11.447179487179488,0.7353430353430354,36.52837535014005,18.506615384615383,0.135135,85
534,BORIS MARCA NAVIA,INDIVIDUAL,MONTERO,SANTA CRUZ,55.64,SOYA,1036,28739.569999999996,28.038604878048776,88.664265,11.35804326450344,0.8442760617760617,36.40888888888889,18.532638121546963,0.142857,85
535,MARIA SUAREZ MORALES,INDIVIDUAL,BUEN RETIRO,SANTA CRUZ,41.55,SOYA,1245,34812.909999999996,28.25723214285714,120.785134,11.40288429752066,0.8037831325301205,36.5031880733945,18.4214011299435,0.142169,85
536,ASOC. PROD. YAPACANI NO.0536,ASOCIACION,YAPACANI,SANTA CRUZ,158.36,SOYA,274,7652.190000000001,28.133051470588242,17.813034,11.402434456928837,0.7594525547445254,36.56286432160804,18.593541666666667,0.193431,82
537,WILBER QUISPE MARCA,INDIVIDUAL,WARNES,SANTA CRUZ,171.7,SOYA,1044,28999.749999999996,28.073330106485958,92.854118,11.401058823529413,0.7892145593869732,36.46304654442878,18.493193277310922,0.137931,85
538,MARCELO SORIA MEDINA,INDIVIDUAL,ROBORE,SANTA CRUZ,182.28,SOYA,791,22048.55,28.0515903307888,58.121756000000005,11.283608247422682,0.7907585335018965,36.63101449275363,18.725678119349006,0.137800,85
539,CESAR MEDINA RODRIGUEZ,INDIVIDUAL,PUERTO SUAREZ,SANTA CRUZ,227.65,SOYA,951,26449.540000000005,28.16777422790203,83.037518,11.437264957264956,0.8112092534174553,36.41721238938054,18.517040816326528,0.150368,85
540,DANIEL MARCA RIVERO,INDIVIDUAL,EL TORNO,SANTA CRUZ,212.78,SOYA,799,22249.03,28.16332911392405,62.959951,11.345204603580564,0.7937421777221527,36.56987588652483,18.50752151462995,0.166458,85
541,AGROP. APAZA HNOS. S.R.L.,EMPRESA AGROPECUARIA,CHARAGUA,SANTA CRUZ,24.24,SOYA,776,21885.46,28.38581063553826,62.757653999999995,11.386266490765173,0.7553479381443298,36.45828846153846,18.4630258302583,0.135309,85
542,MARIO MEDINA SORIA,INDIVIDUAL,OKINAWA,SANTA CRUZ,195.24,SOYA,784,21739.48,28.05094193548387,58.085376,11.437473544973544,0.8083801020408165,36.475120593692026,18.500253164556963,0.146684,85
543,ASOC. PROD. CHARAGUA NO.0543,COOPERATIVA,CHARAGUA,SANTA CRUZ,54.41,SOYA/MAIZ,517,14171.17,28.006264822134387,39.691230000000004,11.247524557956778,0.8014893617021277,36.62364672364672,18.561718309859156,0.139265,85
544,LORENA ANTELO TICONA,INDIVIDUAL,OKINAWA,SANTA CRUZ,60.26,MAIZ,1284,35570.899999999994,27.89874509803921,103.586316,11.265060048038432,0.7867601246105919,36.44796255506608,18.501283422459895,0.154206,85
545,NELSON CHOQUE CASTRO,COMUNIDAD,PORTACHUELO,SANTA CRUZ,183.66,SOYA,993,27850.99,28.30385162601626,87.13426000000001,11.472795477903391,0.7900402819738168,36.45966954022988,18.54944055944056,0.146022,85
546,ASOC. PROD. ROBORE NO.0546,ASOCIACION,ROBORE,SANTA CRUZ,87.66,SOYA,486,13481.29,27.969481327800832,36.020559,11.346361746361746,0.7986213991769547,36.54213296398892,18.55816265060241,0.154321,85
547,DANIELA QUISPE VACA,INDIVIDUAL,CHARAGUA,SANTA CRUZ,43.94,GIRASOL,1874,52058.95,28.18567948023822,168.242491,11.404368191721131,0.8282283884738527,36.47892032762472,18.549394856278365,0.149947,85
548,MARIO MONTAÑO GUTIERREZ,INDIVIDUAL,EL TORNO,SANTA CRUZ,48.82,SOYA,1274,35231.25,28.072709163346612,118.11857800000001,11.488693910256412,0.8072998430141287,36.518772727272726,18.441689497716897,0.155416,85
549,RICARDO MORALES ANTELO,INDIVIDUAL,PUERTO QUIJARRO,SANTA CRUZ,115.82,SOYA,757,21136.57,28.144567243675098,90.181222,11.499502688172042,0.8633025099075297,36.523166332665326,18.615115830115833,0.141347,85
550,ASOC. PROD. OKINAWA NO.0550,COOPERATIVA,OKINAWA,SANTA CRUZ,285.97,SOYA,476,13581.28,28.773898305084746,40.947319,11.317194860813705,0.7848949579831933,36.50374269005847,18.527557471264366,0.149160,85
551,MARCO QUISPE CHAMBI,INDIVIDUAL,CHARAGUA,SANTA CRUZ,35.19,MAIZ,484,13380.500000000002,27.93423799582464,45.663686000000006,11.366405919661734,0.8225413223140496,36.45489425981873,18.593936781609198,0.165289,84
552,SUSANA MARTINEZ RODRIGUEZ,INDIVIDUAL,WARNES,SANTA CRUZ,334.99,SOYA,1029,28738.09,28.20224730127576,101.69279800000001,11.386736318407959,0.8132167152575317,36.43568681318681,18.40527815468114,0.158406,85
553,ASOC. PROD. ROBORE NO.0553,ASOCIACION,ROBORE,SANTA CRUZ,34.86,SOYA/MAIZ,1075,29951.980000000003,28.09754221388368,92.40236999999999,11.336957345971564,0.8216744186046512,36.4595867768595,18.447862796833775,0.174884,85
554,FREDDY CHOQUE QUISPE,INDIVIDUAL,CHARAGUA,SANTA CRUZ,156.94,MAIZ,1293,35755.45,27.955785770132913,96.144879,11.314526813880127,0.7845707656612528,36.520997807017544,18.41171772428884,0.146945,85
555,SUSANA VASQUEZ NAVIA,COMUNIDAD,SAN PEDRO,SANTA CRUZ,25.88,SOYA,520,14275.27,27.772898832684827,49.248041,11.26041095890411,0.8262115384615385,36.53078873239437,18.521933701657456,0.148077,83
556,LORENA SUAREZ VACA,INDIVIDUAL,ROBORE,SANTA CRUZ,30.82,GIRASOL,1761,49248.13,28.238606651376145,164.64166600000001,11.388608695652174,0.8218171493469619,36.54116013071896,18.54872564935065,0.153890,85
557,ASOC. PROD. LA GUARDIA NO.0557,COOPERATIVA,LA GUARDIA,SANTA CRUZ,203.83,SOYA,778,21622.59,28.081285714285716,57.62230000000001,11.275723684210528,0.7755398457583549,36.505141843971636,18.623151183970855,0.170951,85
558,ASOC. PROD. BUEN RETIRO NO.0558,ASOCIACION,BUEN RETIRO,SANTA CRUZ,62.13,SOYA,767,21098.07,27.870634081902246,53.67643100000001,11.221946308724833,0.7789700130378097,36.574448598130836,18.469441340782126,0.140808,85
559,PEDRO CONDORI MORALES,INDIVIDUAL,WARNES,SANTA CRUZ,230.99,SOYA,512,14203.41,27.959468503937007,44.094164,11.361057884231538,0.8189062500000001,36.576858789625355,18.527950138504156,0.164063,84
560,DANIEL CUELLAR PEREZ,INDIVIDUAL,LA GUARDIA,SANTA CRUZ,163.86,SOYA,793,22480.359999999997,28.60096692111959,71.745858,11.424,0.8023329129886507,36.50304744525547,18.39649737302977,0.138714,85
561,LAURA MEDINA SANDOVAL,COMUNIDAD,LA GUARDIA,SANTA CRUZ,86.77,MAIZ,281,7687.3499999999985,27.953999999999994,19.450564,11.418851851851851,0.7378291814946618,36.14171875,18.40205405405405,0.149466,82
562,LAURA ANTELO PEREZ,INDIVIDUAL,YAPACANI,SANTA CRUZ,981.37,MAIZ,776,21221.97,27.74113725490196,53.774677999999994,11.35367105263158,0.7708505154639175,36.41434862385321,18.59419469026549,0.154639,85
563,ASOC. PROD. SAN PEDRO NO.0563,ASOCIACION,SAN PEDRO,SANTA CRUZ,35.15,MAIZ,743,20486.15,27.94836289222374,64.756303,11.43391724137931,0.8347106325706594,36.450508806262235,18.510376647834274,0.158816,85
564,ASOC. PROD. ROBORE NO.0564,COOPERATIVA,ROBORE,SANTA CRUZ,15.06,SOYA,272,7482.82,27.714148148148148,29.741349999999997,11.436315789473683,0.8125735294117648,36.6337037037037,18.61941798941799,0.165441,80
565,RICHARD CASTRO PINTO,INDIVIDUAL,GENERAL SAAVEDRA,SANTA CRUZ,91.25,MAIZ,247,6978.78,28.60155737704918,17.088482,11.338729508196721,0.7985425101214574,36.335398773006126,18.615380116959063,0.149798,81
566,AGROP. PINTO HNOS. S.R.L.,EMPRESA AGROPECUARIA,PAILON,SANTA CRUZ,142.52,SOYA,735,20259.22,27.982348066298343,61.670274000000006,11.34765034965035,0.8012244897959183,36.52912280701754,18.41205078125,0.127891,85
567,AGROP. CHAMBI HNOS. S.R.L.,EMPRESA AGROPECUARIA,PORTACHUELO,SANTA CRUZ,218.6,MAIZ,509,14267.01,28.195671936758895,39.239858,11.27671370967742,0.8127111984282908,36.502155172413794,18.381598837209303,0.127701,85
568,GABRIELA QUISPE TICONA,INDIVIDUAL,SAN PEDRO,SANTA CRUZ,18.9,SOYA,1054,29421.690000000006,28.208715244487063,95.49503800000001,11.491090733590733,0.8500189753320682,36.527205882352945,18.530775623268696,0.143264,85
569,ASOC. PROD. ROBORE NO.0569,ASOCIACION,ROBORE,SANTA CRUZ,39.68,GIRASOL,234,6506.67,28.045991379310344,16.638704,11.314155844155843,0.7661965811965812,36.56407185628743,18.691927710843373,0.145299,77
570,ASOC. PROD. ROBORE NO.0570,COOPERATIVA,ROBORE,SANTA CRUZ,263.89,SOYA,812,22558.93,27.954064436183394,76.499559,11.411919191919191,0.8285098522167487,36.477155172413795,18.525103092783503,0.153941,85
572,RAUL ANTELO CALLISAYA,INDIVIDUAL,YAPACANI,SANTA CRUZ,26.98,SOYA,489,13573.340000000002,28.102153209109733,37.40426,11.367238493723852,0.8191615541922291,36.431095100864546,18.553137254901966,0.134969,85
573,NELSON RIVERO APAZA,INDIVIDUAL,LA GUARDIA,SANTA CRUZ,156.38,MAIZ,273,7553.870000000001,27.87405904059041,33.849076000000004,11.357528089887639,0.8317948717948719,36.333560209424085,18.484870466321244,0.157509,83
574,BEATRIZ VARGAS CATACORA,COMUNIDAD,SAN JULIAN,SANTA CRUZ,145.76,SOYA/MAIZ,1037,28554.719999999998,27.885468749999998,70.676392,11.258188976377951,0.763085824493732,36.446779891304345,18.55456824512535,0.149470,85
575,HUGO SANDOVAL CRUZ,INDIVIDUAL,COTOCA,SANTA CRUZ,66.53,SOYA,531,14701.19,28.05570610687023,48.259639,11.40623552123552,0.8306026365348399,36.31368421052632,18.621876675603218,0.154426,85
576,VALERIA MACHACA CONDORI,INDIVIDUAL,BUEN RETIRO,SANTA CRUZ,12.1,SOYA,2447,68034.88,28.06719471947195,226.686831,11.415211562630917,0.8144666939109112,36.479385705847605,18.526324041811847,0.147528,85
577,CINTHIA COLQUE HUANCA,INDIVIDUAL,PUERTO SUAREZ,SANTA CRUZ,85.14,SOYA,535,15183.94,28.48769230769231,50.415037000000005,11.490714285714285,0.7980373831775702,36.536249999999995,18.505631578947366,0.175701,85
578,JORGE VARGAS SUAREZ,INDIVIDUAL,SANTA ROSA,SANTA CRUZ,161.4,SOYA,547,15171.220000000003,27.837100917431197,52.250629,11.354934579439252,0.7843510054844606,36.557926509186345,18.545250659630607,0.117002,85
580,VALERIA MEDINA HUANCA,INDIVIDUAL,GENERAL SAAVEDRA,SANTA CRUZ,49.46,SOYA,1261,35271.49,28.172116613418527,91.172631,11.39950766747377,0.7842268041237113,36.501577181208056,18.48497096399535,0.130849,85
581,ASOC. PROD. LA GUARDIA NO.0581,COOPERATIVA,LA GUARDIA,SANTA CRUZ,99.33,SOYA/MAIZ,513,14334.240000000002,28.161571709233794,45.037641,11.46305389221557,0.8083430799220271,36.51572602739726,18.435710227272725,0.138402,85
582,VICTOR CATACORA CHUQUIMIA,INDIVIDUAL,CHARAGUA,SANTA CRUZ,85.98,SOYA,817,22726.220000000005,28.196302729528544,56.835809000000005,11.403586550435865,0.772423500611995,36.487465517241375,18.529505119453923,0.140759,85
583,ASOC. PROD. MINEROS NO.0583,ASOCIACION,MINEROS,SANTA CRUZ,136.43,GIRASOL,275,7537.06,27.709779411764707,20.949019,11.271865671641791,0.8055999999999999,36.474788732394366,18.538543689320388,0.138182,82
584,ALEJANDRA AGUILAR CHUQUIMIA,INDIVIDUAL,PUERTO SUAREZ,SANTA CRUZ,64.7,SOYA,1041,28983.590000000004,28.139407766990296,91.973313,11.321840311587145,0.8321229586935639,36.65023415977962,18.48401988636364,0.156580,85
585,SANDRA PEREZ SUAREZ,INDIVIDUAL,SAN PEDRO,SANTA CRUZ,86.94,MAIZ,525,14548.089999999998,28.08511583011583,41.302308999999994,11.337134502923977,0.8318476190476191,36.712827225130894,18.432780748663102,0.139048,85
586,ASOC. PROD. MONTERO NO.0586,ASOCIACION,MONTERO,SANTA CRUZ,182.18,SOYA,505,14098.18,28.366559356136822,44.860963,11.41325910931174,0.8292673267326732,36.459197707736394,18.642055555555554,0.152475,84
587,ASOC. PROD. MONTERO NO.0587,COOPERATIVA,MONTERO,SANTA CRUZ,67.03,SOYA,2328,64861.840000000004,28.139626898047723,221.68341,11.37347216133275,0.8355884879725087,36.45031572556162,18.461942224953905,0.153780,85
588,RAUL LIMA PINTO,COMUNIDAD,EL TORNO,SANTA CRUZ,74.0,MAIZ,988,27734.789999999997,28.27195718654434,93.575437,11.33614906832298,0.8180465587044534,36.476231671554245,18.542126099706746,0.153846,85
589,FERNANDO ANTELO MARCA,INDIVIDUAL,CHARAGUA,SANTA CRUZ,54.07,SOYA,1045,29057.190000000002,28.020433944069435,82.83389,11.348349609375001,0.8246602870813395,36.511757493188014,18.526136662286465,0.143541,85
590,ASOC. PROD. GENERAL SAAVEDRA NO.0590,ASOCIACION,GENERAL SAAVEDRA,SANTA CRUZ,300.98,SOYA,503,13985.769999999999,28.140382293762574,33.37467900000001,11.304558232931726,0.7467594433399602,36.466472303207,18.53299711815562,0.166998,85
591,ASOC. PROD. SANTA ROSA NO.0591,COOPERATIVA,SANTA ROSA,SANTA CRUZ,546.44,SOYA,1030,28797.340000000004,28.149892473118282,89.300159,11.254945598417411,0.8071844660194174,36.523925619834706,18.3832918395574,0.154369,85
592,ASOC. PROD. OKINAWA NO.0592,ASOCIACION,OKINAWA,SANTA CRUZ,203.38,SOYA/MAIZ,1010,28047.62,28.10382765531062,89.95186799999998,11.310010152284264,0.8059900990099012,36.50144271570015,18.439004329004327,0.125743,85
593,ASOC. PROD. MONTERO NO.0593,ASOCIACION,MONTERO,SANTA CRUZ,386.42,SOYA,562,15500.140000000001,27.82789946140036,47.782971,11.449744990892533,0.7848042704626336,36.666994818652846,18.393427835051547,0.120996,85
594,ROSA CASTRO SANCHEZ,INDIVIDUAL,CHARAGUA,SANTA CRUZ,94.13,SOYA,268,7374.98,27.830113207547168,29.395443,11.474882812499999,0.8011194029850746,36.52949748743718,18.533711340206185,0.134328,81
595,ASOC. PROD. SAN JULIAN NO.0595,COOPERATIVA,SAN JULIAN,SANTA CRUZ,202.3,SOYA,244,6777.57,28.006487603305786,18.69322,11.41028806584362,0.8252868852459015,36.313435582822095,18.640242424242427,0.102459,80
596,IVAN COPA CATACORA,INDIVIDUAL,GENERAL SAAVEDRA,SANTA CRUZ,88.01,SOYA,237,6598.0199999999995,27.95771186440678,14.74842,11.4891452991453,0.7621940928270045,36.52884848484848,18.493856209150326,0.156118,80
597,ASOC. PROD. CUATRO CANADAS NO.0597,ASOCIACION,CUATRO CANADAS,SANTA CRUZ,300.07,SOYA,761,21244.67,28.326226666666663,74.203209,11.41136546184739,0.8213009198423129,36.55973634651601,18.498021582733813,0.166886,85
598,ASOC. PROD. PUERTO SUAREZ NO.0598,ASOCIACION,PUERTO SUAREZ,SANTA CRUZ,289.36,SOYA,529,14971.27,28.408481973434537,47.317606,11.433396946564887,0.8297542533081284,36.429259259259254,18.387277628032347,0.156900,85
599,ASOC. PROD. EL TORNO NO.0599,ASOCIACION,EL TORNO,SANTA CRUZ,83.79,MAIZ,1035,28938.58,28.232760975609757,101.102231,11.261390532544379,0.8656038647342994,36.49319001386962,18.524457994579944,0.177778,85
600,ASOC. PROD. PUERTO SUAREZ NO.0600,COOPERATIVA,PUERTO SUAREZ,SANTA CRUZ,93.94,SOYA,957,26720.98,28.276169312169312,81.259069,11.37794402583423,0.8008672936259142,36.386122754491026,18.464121122599707,0.142111,85
601,AGROP. CALLISAYA HNOS. S.R.L.,EMPRESA AGROPECUARIA,PAILON,SANTA CRUZ,37.57,GIRASOL,1026,28509.71,27.978125613346418,81.20965100000001,11.356283716283716,0.821578947368421,36.48103734439834,18.480909090909094,0.135478,85
602,SILVIA HUANCA PUMA,INDIVIDUAL,EL TORNO,SANTA CRUZ,51.22,SOYA,1056,29459.460000000003,28.244928092042187,81.552739,11.371081081081082,0.7807765151515151,36.52660972404731,18.456458616010853,0.160038,85
603,OSCAR CATACORA CHAMBI,INDIVIDUAL,YAPACANI,SANTA CRUZ,32.51,SOYA,1305,36423.75,28.257370054305664,111.71214599999999,11.356032863849768,0.8036015325670497,36.473359030837,18.425197368421053,0.164751,85
605,NELSON RIVERO MARCA,COMUNIDAD,PUERTO SUAREZ,SANTA CRUZ,45.8,SOYA,518,14637.170000000002,28.36660852713179,45.172438,11.382745098039216,0.8177413127413128,36.51290410958904,18.496210826210827,0.146718,84
606,EDWIN VACA MERCADO,INDIVIDUAL,COTOCA,SANTA CRUZ,107.06,GIRASOL,751,20848.63,28.022352150537635,65.272377,11.421277472527471,0.7990412782956059,36.4973786407767,18.348910505836574,0.143808,85
607,CHRISTIAN MORALES CALLISAYA,INDIVIDUAL,BUEN RETIRO,SANTA CRUZ,91.61,SOYA,535,14685.449999999999,27.708396226415093,35.812853000000004,11.391240458015268,0.7630841121495328,36.53087628865979,18.548831168831168,0.142056,85
608,ASOC. PROD. EL TORNO NO.0608,ASOCIACION,EL TORNO,SANTA CRUZ,138.52,MAIZ,1287,35713.939999999995,28.076996855345907,95.924049,11.41701185770751,0.7636752136752137,36.472989921612545,18.52340354767184,0.158508,85
610,ASOC. PROD. SANTA ROSA NO.0610,COOPERATIVA,SANTA ROSA,SANTA CRUZ,272.27,SOYA,826,22622.78,27.894919852034523,60.503733000000004,11.280814814814816,0.7915496368038741,36.42219683655536,18.491996615905247,0.135593,85
611,PEDRO COLQUE LIMA,INDIVIDUAL,PUERTO QUIJARRO,SANTA CRUZ,205.84,SOYA/MAIZ,259,7178.339999999999,27.931284046692603,22.217449,11.495317460317459,0.82996138996139,36.60335135135134,18.665481927710847,0.173745,85
612,PATRICIA VILLCA CALLISAYA,INDIVIDUAL,MONTERO,SANTA CRUZ,76.02,SOYA,510,14257.419999999998,28.232514851485146,46.975688999999996,11.371332007952287,0.8708039215686275,36.466675531914895,18.497556179775284,0.168627,84
614,ASOC. PROD. CHARAGUA NO.0614,COOPERATIVA,CHARAGUA,SANTA CRUZ,217.79,SOYA,516,14345.08,28.238346456692913,36.249577,11.376110019646367,0.7576162790697674,36.463614775725596,18.553908355795144,0.145349,83
615,CINTHIA QUISPE GARCIA,INDIVIDUAL,EL TORNO,SANTA CRUZ,423.32,SOYA,1594,44828.83,28.40863751584284,162.28926300000003,11.52360791826309,0.7942095357590966,36.51176785714286,18.415819309123115,0.158720,85
616,FERNANDO VARGAS HUANCA,INDIVIDUAL,ROBORE,SANTA CRUZ,270.8,SOYA,1505,42496.369999999995,28.38768871075484,145.45298300000002,11.43047393364929,0.8122591362126246,36.418285163776495,18.472084980237153,0.150166,85
617,SERGIO VACA RODRIGUEZ,INDIVIDUAL,CUATRO CANADAS,SANTA CRUZ,25.65,GIRASOL,477,13126.02,28.04705128205128,34.241605,11.401673819742488,0.7672955974842769,36.54328488372092,18.47219135802469,0.148847,85
618,ASOC. PROD. PAILON NO.0618,ASOCIACION,PAILON,SANTA CRUZ,78.69,SOYA,1266,35291.46,28.098296178343947,102.120452,11.364739791833468,0.7871327014218009,36.59726763717805,18.47363941769317,0.147709,85
619,ASOC. PROD. PUERTO QUIJARRO NO.0619,ASOCIACION,PUERTO QUIJARRO,SANTA CRUZ,84.48,SOYA,1774,49383.43000000001,28.13870655270656,148.87188600000002,11.416481481481481,0.8212965050732808,36.63916734693878,18.502504078303424,0.151071,85
620,CARMEN CONDORI CONDORI,INDIVIDUAL,PUERTO SUAREZ,SANTA CRUZ,19.32,SOYA,529,14805.429999999998,28.25463740458015,48.73834699999999,11.336763005780345,0.8035727788279774,36.50575197889182,18.492140845070423,0.170132,85
621,SILVIA MARTINEZ FLORES,INDIVIDUAL,PORTACHUELO,SANTA CRUZ,61.93,SOYA,504,14097.41,28.308052208835342,48.99856200000001,11.388823529411765,0.8477579365079365,36.59754237288135,18.509914040114612,0.154762,85
623,HUGO APAZA ANTELO,INDIVIDUAL,OKINAWA,SANTA CRUZ,78.57,SOYA,1315,36501.34,28.09956889915319,103.924583,11.294585289514869,0.8165855513307985,36.50300111982083,18.518961864406783,0.180228,85
624,ASOC. PROD. SANTA ROSA NO.0624,ASOCIACION,SANTA ROSA,SANTA CRUZ,431.85,SOYA,1287,35733.07,27.93828772478499,118.472051,11.386011058451817,0.8045920745920746,36.4712680756396,18.552937915742795,0.141414,85
625,AGROP. FLORES HNOS. S.R.L.,EMPRESA AGROPECUARIA,PAILON,SANTA CRUZ,36.26,SOYA,1562,43818.04,28.251476466795616,143.07872200000003,11.443579359895494,0.7878489116517287,36.45324626865671,18.417757847533633,0.162612,85
626,AGROP. ANTELO HNOS. S.R.L.,EMPRESA AGROPECUARIA,ROBORE,SANTA CRUZ,63.55,SOYA,1303,36477.65,28.321156832298136,115.009622,11.358891509433963,0.8027858787413661,36.411779206859585,18.44497273718648,0.138910,85
627,CARLOS ANTELO RIVERO,INDIVIDUAL,SAN JULIAN,SANTA CRUZ,273.18,SOYA,503,13889.269999999999,27.946217303822934,73.85548800000001,11.571448979591837,0.8801391650099404,36.604558404558404,18.336918767507,0.157058,84
628,ASOC. PROD. PAILON NO.0628,COOPERATIVA,PAILON,SANTA CRUZ,367.61,GIRASOL,489,13686.31,28.161131687242797,36.28906,11.23031185031185,0.7757873210633948,36.56332386363636,18.415787965616047,0.171779,85
629,AGROP. VARGAS HNOS. S.R.L.,EMPRESA AGROPECUARIA,OKINAWA,SANTA CRUZ,147.31,SOYA,994,27645.949999999997,28.152698574338082,91.62501800000001,11.355507692307693,0.8122937625754528,36.38972543352601,18.482837273991652,0.148893,85
630,AGROP. SANCHEZ HNOS. S.R.L.,EMPRESA AGROPECUARIA,CHARAGUA,SANTA CRUZ,59.53,SOYA,513,14182.53,27.86351669941061,40.411479,11.301431411530816,0.7959844054580897,36.56523035230352,18.41385507246377,0.173489,85
631,ASOC. PROD. SANTA ROSA NO.0631,ASOCIACION,SANTA ROSA,SANTA CRUZ,33.71,SOYA,749,20882.320000000003,28.10541049798116,63.524127,11.379712328767123,0.8028704939919895,36.58036190476191,18.529382022471907,0.150868,85
632,ANDREA MERCADO MARCA,INDIVIDUAL,GENERAL SAAVEDRA,SANTA CRUZ,79.8,SOYA,462,12752.97,27.84491266375546,44.96061099999999,11.459513274336281,0.8222943722943723,36.47135542168675,18.488794788273616,0.134199,85
633,VIVIANA CRUZ CALLISAYA,INDIVIDUAL,BUEN RETIRO,SANTA CRUZ,57.32,GIRASOL,254,7108.11,28.20678571428571,27.043752000000005,11.493306451612902,0.8409448818897639,36.55966480446927,18.56290697674419,0.122047,82
635,MIGUEL SANDOVAL QUISPE,COMUNIDAD,PUERTO SUAREZ,SANTA CRUZ,191.63,SOYA,512,14099.350000000002,27.754625984251973,42.711231000000005,11.371497005988026,0.8235351562500001,36.681916666666666,18.681346153846153,0.164063,85
636,ASOC. PROD. CHARAGUA NO.0636,ASOCIACION,CHARAGUA,SANTA CRUZ,127.65,SOYA,1609,44326.51,27.86078566939032,126.64281599999998,11.372555626191991,0.8021255438160347,36.54355432780847,18.51051121076233,0.153511,85
637,RAUL AGUILAR VILLCA,INDIVIDUAL,OKINAWA,SANTA CRUZ,345.3,SOYA/MAIZ,1531,42860.75,28.235013175230566,131.319705,11.420613742494997,0.803788373612018,36.41447565543071,18.449933586337764,0.145003,85
638,ASOC. PROD. BUEN RETIRO NO.0638,COOPERATIVA,BUEN RETIRO,SANTA CRUZ,75.89,SOYA/MAIZ,1525,42443.02,28.126587143803842,122.71663000000001,11.37053727333781,0.8048786885245902,36.39079116835327,18.527927063339728,0.147541,85
639,GABRIELA CONDORI GARCIA,INDIVIDUAL,MONTERO,SANTA CRUZ,247.5,SOYA,724,20005.100000000006,28.018347338935584,67.378066,11.458755304101839,0.8150828729281768,36.450873015873015,18.555498007968126,0.151934,85
640,JHONNY RIVERO PEDRAZA,INDIVIDUAL,LA GUARDIA,SANTA CRUZ,22.37,SOYA,521,14582.93,28.593980392156862,38.946591999999995,11.345332031249999,0.7795201535508637,36.40330532212886,18.496458923512748,0.126679,85
641,ASOC. PROD. CUATRO CANADAS NO.0641,ASOCIACION,CUATRO CANADAS,SANTA CRUZ,110.86,MAIZ,1028,28407.36,27.932507374631268,85.63794800000001,11.43122877122877,0.7657295719844358,36.45248256624826,18.445785123966942,0.152724,85
642,ASOC. PROD. GENERAL SAAVEDRA NO.0642,ASOCIACION,GENERAL SAAVEDRA,SANTA CRUZ,37.37,SOYA,792,21837.3,27.853698979591837,66.267914,11.367470967741937,0.7968434343434345,36.562216216216214,18.410833333333333,0.131313,85
643,GUSTAVO PEDRAZA ALVARADO,INDIVIDUAL,YAPACANI,SANTA CRUZ,192.46,SOYA,540,14812.710000000001,27.843439849624062,38.896411,11.332457142857145,0.7748703703703703,36.44629921259843,18.61667506297229,0.159259,85
644,ASOC. PROD. YAPACANI NO.0644,ASOCIACION,YAPACANI,SANTA CRUZ,60.92,MAIZ,1041,28959.510000000002,28.116029126213594,98.11676500000002,11.296879921259844,0.8391738712776177,36.54090540540541,18.506367346938777,0.139289,85
645,ROSA CHAMBI VACA,INDIVIDUAL,PAILON,SANTA CRUZ,261.94,SOYA/MAIZ,256,7179.299999999999,28.26496062992126,18.122193,11.279359999999999,0.8245312499999999,36.54127071823205,18.428489583333334,0.121094,83
646,DANIEL MARCA CHAMBI,INDIVIDUAL,PORTACHUELO,SANTA CRUZ,126.6,GIRASOL,1045,29194.43,28.2344584139265,104.54425600000002,11.45763388510224,0.7601818181818181,36.5582472826087,18.516500691562936,0.156938,85
647,ASOC. PROD. LA GUARDIA NO.0647,ASOCIACION,LA GUARDIA,SANTA CRUZ,127.87,SOYA,1064,30100.620000000003,28.504375000000003,91.136737,11.416567593480346,0.8045206766917293,36.438018867924534,18.45905317769131,0.157895,85
648,IVAN QUISPE SANDOVAL,INDIVIDUAL,LA GUARDIA,SANTA CRUZ,250.47,SOYA,804,22388.83,28.16205031446541,76.7352,11.410853199498119,0.8048756218905473,36.52277264325324,18.479128205128205,0.146766,85
649,ASOC. PROD. COTOCA NO.0649,ASOCIACION,COTOCA,SANTA CRUZ,93.26,SOYA,524,14625.04,27.96374760994264,43.662135000000006,11.44079457364341,0.8022900763358779,36.443588390501326,18.53,0.158397,85
650,ASOC. PROD. YAPACANI NO.0650,COOPERATIVA,YAPACANI,SANTA CRUZ,45.36,SOYA,1004,28277.979999999996,28.363069207622864,76.794566,11.27970588235294,0.7754282868525896,36.533544117647054,18.510246734397676,0.152390,85
651,LAURA MONTAÑO CHUQUIMIA,INDIVIDUAL,SAN PEDRO,SANTA CRUZ,42.71,MAIZ,1062,29604.28,28.034356060606058,85.229463,11.317714285714288,0.8257627118644069,36.47958389261745,18.54456839309429,0.131827,85
652,ASOC. PROD. PORTACHUELO NO.0652,COOPERATIVA,PORTACHUELO,SANTA CRUZ,189.34,GIRASOL,1028,28567.65,27.980068560235065,67.17670299999999,11.269428007889546,0.7395622568093386,36.43717032967033,18.369808481532147,0.153696,85
653,DAVID CHUQUIMIA ALVARADO,INDIVIDUAL,COTOCA,SANTA CRUZ,31.15,SOYA/MAIZ,1047,29354.809999999998,28.307434908389585,99.501338,11.3419592628516,0.858051575931232,36.48328190743338,18.495455764075068,0.158548,85
654,ASOC. PROD. BUEN RETIRO NO.0654,ASOCIACION,BUEN RETIRO,SANTA CRUZ,73.36,SOYA,570,15951.76,28.23320353982301,59.208882,11.445693950177938,0.7829473684210527,36.480411311053984,18.636365914786968,0.166667,85
655,ASOC. PROD. MONTERO NO.0655,COOPERATIVA,MONTERO,SANTA CRUZ,112.32,SOYA/MAIZ,276,7619.83,27.9114652014652,23.794096000000003,11.495827067669174,0.8454710144927536,36.499487179487176,18.488167539267014,0.144928,78
656,RAUL HUANCA CRUZ,INDIVIDUAL,GENERAL SAAVEDRA,SANTA CRUZ,111.97,GIRASOL,522,14311.95,28.007729941291586,38.696845,11.189425742574256,0.816455938697318,36.418499999999995,18.451168478260865,0.114943,85
657,LORENA VARGAS CUELLAR,INDIVIDUAL,WARNES,SANTA CRUZ,16.53,MAIZ,992,27955.249999999996,28.352180527383364,77.28207300000001,11.477210256410256,0.7835584677419356,36.479430656934305,18.554014084507042,0.140121,85
658,YENNY TORREZ MEDINA,INDIVIDUAL,GENERAL SAAVEDRA,SANTA CRUZ,431.6,SOYA,526,14680.76,28.01671755725191,49.887492,11.303140655105972,0.84393536121673,36.36268421052632,18.596629213483144,0.138783,83
659,ASOC. PROD. GENERAL SAAVEDRA NO.0659,COOPERATIVA,GENERAL SAAVEDRA,SANTA CRUZ,229.02,GIRASOL,255,7117.229999999999,28.242976190476185,16.649905999999998,11.449760956175298,0.786392156862745,36.440514285714286,18.50236994219653,0.156863,81
660,CLAUDIA MAMANI VASQUEZ,INDIVIDUAL,SAN PEDRO,SANTA CRUZ,77.35,SOYA,780,21659.35,28.092542153047987,60.155026,11.419036939313983,0.8221025641025641,36.541350844277666,18.51516304347826,0.102564,85
661,AGROP. CUELLAR HNOS. S.R.L.,EMPRESA AGROPECUARIA,LA GUARDIA,SANTA CRUZ,57.18,SOYA,959,26862.85,28.217279411764704,96.13492600000001,11.479699248120301,0.7940980187695516,36.50756797583082,18.563924242424243,0.140772,85
662,FERNANDO TICONA SALVATIERRA,INDIVIDUAL,SAN JULIAN,SANTA CRUZ,30.79,GIRASOL,1306,36266.560000000005,28.07009287925697,107.91275900000002,11.438987538940813,0.7850612557427259,36.56825678496868,18.4432683982684,0.150077,85
663,CESAR HUANCA ANTELO,INDIVIDUAL,PAILON,SANTA CRUZ,79.85,GIRASOL,249,6895.4400000000005,28.144653061224492,15.734965000000003,11.167405857740585,0.779598393574297,36.49666666666667,18.458639053254437,0.144578,82
664,ASOC. PROD. MONTERO NO.0664,ASOCIACION,MONTERO,SANTA CRUZ,96.87,SOYA/MAIZ,1053,29807.570000000003,28.578686481303933,96.45973599999999,11.331865234375,0.8222032288698954,36.49200819672131,18.483809523809523,0.143400,85
666,MIRIAM RIVERO ALVARADO,INDIVIDUAL,CUATRO CANADAS,SANTA CRUZ,18.18,SOYA,1280,35514.33,28.008146687697163,98.491517,11.355232371794871,0.7764765625,36.48447225244832,18.535630530973453,0.153906,85
667,RICHARD LOPEZ ANTELO,COMUNIDAD,ROBORE,SANTA CRUZ,55.73,SOYA,510,14108.65,28.04900596421471,54.498986,11.444146825396825,0.8536666666666668,36.49821138211382,18.534739726027397,0.152941,85
668,EDWIN ROMERO MARCA,INDIVIDUAL,BUEN RETIRO,SANTA CRUZ,285.73,MAIZ,1305,36351.21,28.135611455108357,103.87661200000001,11.320609375,0.804521072796935,36.59343105320304,18.432545045045043,0.151724,85
669,ASOC. PROD. ROBORE NO.0669,ASOCIACION,ROBORE,SANTA CRUZ,28.48,SOYA,1591,43999.93000000001,27.954212198221096,123.37947899999999,11.425468549422334,0.7770458830923948,36.45027947598253,18.55364038972542,0.159648,85
670,RICARDO RODRIGUEZ NAVIA,INDIVIDUAL,SAN JULIAN,SANTA CRUZ,402.32,MAIZ,809,22416.52,27.88124378109453,65.334317,11.283693467336683,0.8404449938195304,36.51064236111111,18.53044444444445,0.142151,85
671,SANDRA CONDORI SORIA,INDIVIDUAL,SAN PEDRO,SANTA CRUZ,115.88,MAIZ,1263,35473.810000000005,28.40176941553243,108.803784,11.381110217216413,0.7977830562153602,36.56344243792325,18.52657175398633,0.146477,85
672,ASOC. PROD. MINEROS NO.0672,ASOCIACION,MINEROS,SANTA CRUZ,131.51,SOYA,271,7512.17,28.24124060150376,17.923081,11.482813688212927,0.723690036900369,36.50016216216216,18.456231155778895,0.162362,84
673,FELIX ALVARADO SALVATIERRA,COMUNIDAD,PUERTO QUIJARRO,SANTA CRUZ,51.02,GIRASOL,779,22022.36,28.415948387096776,51.142075999999996,11.348625654450263,0.754801026957638,36.488581818181814,18.58169090909091,0.128370,85
674,AGROP. MORALES HNOS. S.R.L.,EMPRESA AGROPECUARIA,BUEN RETIRO,SANTA CRUZ,122.66,SOYA,1321,36460.159999999996,28.024719446579553,115.52878499999998,11.334775541795667,0.8256018168054503,36.559213362068974,18.513253012048196,0.130204,85
675,ASOC. PROD. LA GUARDIA NO.0675,COOPERATIVA,LA GUARDIA,SANTA CRUZ,109.82,SOYA,1029,28940.260000000002,28.48450787401575,83.91483699999999,11.399664031620553,0.785131195335277,36.551359890109886,18.510363636363635,0.150632,85
676,ASOC. PROD. COTOCA NO.0676,ASOCIACION,COTOCA,SANTA CRUZ,33.37,SOYA,1831,51328.45,28.264564977973567,190.217173,11.429777282850779,0.8298798470780994,36.564764940239044,18.470602032838155,0.131622,85
677,ALBERTO MARCA CALLISAYA,INDIVIDUAL,GENERAL SAAVEDRA,SANTA CRUZ,82.88,SOYA,835,23026.76,27.877433414043583,82.62456700000001,11.501573729863694,0.8294011976047905,36.49350515463918,18.511195840554592,0.159281,85
678,SUSANA LIMA VILLCA,INDIVIDUAL,COTOCA,SANTA CRUZ,58.8,SOYA,515,14155.77,27.64798828125,52.697215,11.51992141453831,0.8184660194174759,36.399664804469275,18.57016129032258,0.147573,85
679,ASOC. PROD. EL TORNO NO.0679,ASOCIACION,EL TORNO,SANTA CRUZ,101.12,GIRASOL,1064,29505.870000000003,27.96764928909953,81.26740300000002,11.285416267942582,0.8083082706766918,36.604322147651004,18.58190672153635,0.143797,85
680,ASOC. PROD. PUERTO QUIJARRO NO.0680,ASOCIACION,PUERTO QUIJARRO,SANTA CRUZ,31.4,SOYA,776,21680.85,28.193563068920675,56.147499999999994,11.255936675461744,0.7895876288659792,36.50715630885122,18.388026070763498,0.168814,85
681,VALERIA VACA ALVARADO,INDIVIDUAL,YAPACANI,SANTA CRUZ,330.7,GIRASOL,869,24259.17,28.241175785797438,78.768397,11.360566037735849,0.8026352128883775,36.58622641509434,18.511456628477905,0.161105,85
682,AGROP. RIVERO HNOS. S.R.L.,EMPRESA AGROPECUARIA,PUERTO QUIJARRO,SANTA CRUZ,55.92,SOYA,523,14536.339999999998,28.008362235067434,47.851290000000006,11.327417475728154,0.8049713193116634,36.47702412868633,18.564362606232294,0.145315,85
683,PATRICIA VASQUEZ CATACORA,INDIVIDUAL,CHARAGUA,SANTA CRUZ,46.28,SOYA,262,7213.119999999999,27.849884169884167,24.497053000000005,11.332286821705427,0.881526717557252,36.385449438202244,18.4254802259887,0.118321,79
684,MARCELO CHAMBI PEREZ,INDIVIDUAL,GENERAL SAAVEDRA,SANTA CRUZ,49.33,SOYA/MAIZ,795,22060.83,27.96049429657795,63.30253800000001,11.301838046272492,0.809622641509434,36.46337591240875,18.466610169491528,0.147170,85
685,FERNANDO HUANCA SUAREZ,INDIVIDUAL,GENERAL SAAVEDRA,SANTA CRUZ,28.19,MAIZ,732,20662.799999999996,28.344032921810694,54.910219,11.421456582633052,0.7744945355191256,36.56368525896415,18.425722772277226,0.140710,85
686,ASOC. PROD. EL TORNO NO.0686,COOPERATIVA,EL TORNO,SANTA CRUZ,133.6,SOYA,1322,37067.5,28.317417876241407,106.822866,11.352904468412943,0.7730030257186082,36.451719260065296,18.49597161572052,0.148260,85
687,FERNANDO APAZA SUAREZ,INDIVIDUAL,PORTACHUELO,SANTA CRUZ,213.55,SOYA,511,14167.7,28.16640159045726,43.004675999999996,11.24316733067729,0.8314285714285714,36.448382352941174,18.536637931034484,0.115460,85
688,RAUL HUANCA YUJRA,INDIVIDUAL,ROBORE,SANTA CRUZ,468.5,SOYA,511,13949.34,27.622455445544556,43.282942,11.300891089108912,0.7688845401174169,36.52977715877437,18.525568181818183,0.129159,85
689,FREDDY TICONA CHUQUIMIA,INDIVIDUAL,CHARAGUA,SANTA CRUZ,132.44,SOYA,1035,28849.250000000004,28.118177387914233,79.310281,11.374613095238095,0.799584541062802,36.520510067114095,18.502417437252312,0.160386,85
690,AGROP. PEDRAZA HNOS. S.R.L.,EMPRESA AGROPECUARIA,ROBORE,SANTA CRUZ,28.65,SOYA/MAIZ,759,21237.09,28.31612,69.550757,11.324123989218329,0.8580237154150198,36.256914062499995,18.536297029702965,0.155468,85
691,GUSTAVO ROMERO SORIA,COMUNIDAD,MONTERO,SANTA CRUZ,115.12,MAIZ,1809,50363.82000000001,28.18344711807499,137.83314099999998,11.328181303116148,0.7933775566611387,36.45722734254992,18.475015527950312,0.148701,85
692,JESSICA SUAREZ MERCADO,INDIVIDUAL,WARNES,SANTA CRUZ,46.0,SOYA,283,8051.88,28.451872791519435,24.038224000000003,11.148489208633093,0.8195759717314488,36.347389162561576,18.511959798994976,0.148410,82
694,ASOC. PROD. YAPACANI NO.0694,ASOCIACION,YAPACANI,SANTA CRUZ,74.6,SOYA,240,6655.789999999999,27.96550420168067,19.369417000000002,11.560338983050846,0.8000833333333333,36.4332,18.314464285714287,0.170833,79
695,ASOC. PROD. GENERAL SAAVEDRA NO.0695,COOPERATIVA,GENERAL SAAVEDRA,SANTA CRUZ,71.06,SOYA,729,20180.519999999997,28.22450349650349,63.50004000000001,11.45028368794326,0.7980384087791494,36.53627049180328,18.548033707865173,0.135802,85
696,ASOC. PROD. MONTERO NO.0696,COOPERATIVA,MONTERO,SANTA CRUZ,50.51,SOYA,239,6785.77,28.511638655462185,20.042714,11.270775862068968,0.8340585774058576,36.43628930817611,18.53409937888199,0.104603,83
697,ASOC. PROD. MONTERO NO.0697,ASOCIACION,MONTERO,SANTA CRUZ,122.14,SOYA/MAIZ,1268,35675.49,28.313880952380952,120.788891,11.29392943063352,0.8077523659305994,36.56151412429379,18.467659340659342,0.152997,85
698,ASOC. PROD. COTOCA NO.0698,COOPERATIVA,COTOCA,SANTA CRUZ,109.91,SOYA,1291,36091.549999999996,28.06496889580093,131.086623,11.461931908155186,0.8430131680867544,36.54235817575083,18.454261555806085,0.161890,85
699,ROSA MARTINEZ RODRIGUEZ,INDIVIDUAL,BUEN RETIRO,SANTA CRUZ,60.21,SOYA,282,7891.699999999999,28.38741007194244,28.446713000000003,11.432318840579713,0.8744326241134752,36.652270270270265,18.468221153846155,0.120567,83
700,NATALIA CASTRO ALVARADO,INDIVIDUAL,GENERAL SAAVEDRA,SANTA CRUZ,51.24,SOYA/MAIZ,940,26040.7,27.940665236051505,72.49712199999999,11.34417845484222,0.7936702127659574,36.47625386996904,18.56978294573643,0.145745,85
701,AGROP. PEREZ HNOS. S.R.L.,EMPRESA AGROPECUARIA,OKINAWA,SANTA CRUZ,43.99,SOYA,748,20783.329999999998,28.19990502035278,51.779161,11.402065663474692,0.7852540106951872,36.53381852551985,18.48748526522593,0.155080,85
702,AGROP. VASQUEZ HNOS. S.R.L.,EMPRESA AGROPECUARIA,SAN PEDRO,SANTA CRUZ,25.44,SOYA,828,22897.64,28.026487148102813,64.998007,11.391658415841583,0.8119323671497585,36.43572413793103,18.574735042735043,0.134058,85
703,BEATRIZ COPA TORREZ,INDIVIDUAL,EL TORNO,SANTA CRUZ,150.64,SOYA,495,13674.559999999998,27.793821138211378,41.217009999999995,11.321959183673467,0.779070707070707,36.30403614457831,18.582522255192877,0.141414,85
704,ASOC. PROD. PORTACHUELO NO.0704,ASOCIACION,PORTACHUELO,SANTA CRUZ,78.19,SOYA,771,21597.6,28.269109947643976,65.061835,11.353438735177866,0.7755252918287937,36.44081439393939,18.53167896678967,0.128405,85
705,ASOC. PROD. MINEROS NO.0705,COOPERATIVA,MINEROS,SANTA CRUZ,148.95,SOYA/MAIZ,488,13582.35,28.004845360824742,43.15897499999999,11.357175732217573,0.8411270491803279,36.43012307692308,18.53898507462687,0.165984,85
706,ASOC. PROD. COTOCA NO.0706,ASOCIACION,COTOCA,SANTA CRUZ,267.56,SOYA,484,13242.009999999998,27.819348739495794,38.621423,11.200462184873949,0.8399380165289255,36.49385507246377,18.55179104477612,0.128099,85
707,AGROP. CHUQUIMIA HNOS. S.R.L.,EMPRESA AGROPECUARIA,SAN JULIAN,SANTA CRUZ,45.15,SOYA,1043,28966.58,28.09561590688652,91.473553,11.331001945525292,0.7930009587727709,36.48781337047354,18.433489655172416,0.142857,85
709,SANDRA AGUILAR CUELLAR,INDIVIDUAL,GENERAL SAAVEDRA,SANTA CRUZ,60.99,SOYA,276,7696.200000000001,27.98618181818182,22.567209000000002,11.242629629629633,0.8194927536231884,36.553505154639176,18.301122448979594,0.101449,84
710,ASOC. PROD. PUERTO QUIJARRO NO.0710,COOPERATIVA,PUERTO QUIJARRO,SANTA CRUZ,103.51,SOYA,1020,28314.36,28.117537239324726,97.610866,11.418413173652695,0.8358039215686275,36.57949790794979,18.48129261363636,0.166667,85
711,RONALD CALLISAYA CONDORI,INDIVIDUAL,PUERTO SUAREZ,SANTA CRUZ,67.61,MAIZ,1031,28976.0,28.38001958863859,98.952169,11.377895256916995,0.8255674102812802,36.51504189944134,18.485582733812947,0.150339,85
712,AGROP. ROMERO HNOS. S.R.L.,EMPRESA AGROPECUARIA,YAPACANI,SANTA CRUZ,90.6,SOYA/MAIZ,1048,29100.94,28.171287512100676,103.38259300000001,11.422966926070037,0.8352958015267177,36.54859042553191,18.469526462395546,0.145038,85
713,PATRICIA MORALES PINTO,INDIVIDUAL,PORTACHUELO,SANTA CRUZ,107.01,SOYA,769,21638.36,28.322460732984293,61.594080000000005,11.21790513833992,0.8319765929778933,36.47427807486631,18.51307142857143,0.141743,85
714,DANIELA GUTIERREZ ANTELO,INDIVIDUAL,MONTERO,SANTA CRUZ,507.42,SOYA,766,21353.940000000002,27.9501832460733,56.622567000000004,11.405844504021449,0.7994647519582244,36.50818181818182,18.501130268199233,0.152742,85
715,AGROP. MAMANI HNOS. S.R.L.,EMPRESA AGROPECUARIA,GENERAL SAAVEDRA,SANTA CRUZ,151.2,SOYA,2026,56015.26,27.937785536159602,171.621366,11.352868646200301,0.8236969397828233,36.47271356783919,18.52910128388017,0.142152,85
716,ASOC. PROD. ROBORE NO.0716,ASOCIACION,ROBORE,SANTA CRUZ,108.82,SOYA,259,7275.979999999999,28.31120622568093,21.277313,11.396071428571428,0.814942084942085,36.7134554973822,18.655988372093024,0.127413,78
717,ASOC. PROD. YAPACANI NO.0717,ASOCIACION,YAPACANI,SANTA CRUZ,215.55,SOYA,772,21565.53,28.153433420365534,59.329193999999994,11.240264200792602,0.8091321243523317,36.480808823529415,18.59833644859813,0.128238,85
718,ASOC. PROD. LA GUARDIA NO.0718,COOPERATIVA,LA GUARDIA,SANTA CRUZ,43.8,SOYA,791,21811.929999999997,27.964012820512817,66.142594,11.373788659793814,0.7797597977243994,36.48529197080292,18.62622950819672,0.147914,85
719,ASOC. PROD. PUERTO QUIJARRO NO.0719,ASOCIACION,PUERTO QUIJARRO,SANTA CRUZ,42.35,SOYA/MAIZ,769,21495.7,28.098954248366013,52.22025,11.328872679045093,0.7757347204161249,36.48547945205479,18.48198501872659,0.169051,85
720,ASOC. PROD. SANTA ROSA NO.0720,ASOCIACION,SANTA ROSA,SANTA CRUZ,50.31,SOYA,770,21599.239999999998,28.23430065359477,57.339392,11.368300395256917,0.792935064935065,36.61194139194139,18.412737430167596,0.129870,85
721,CARLOS RIVERO MORALES,INDIVIDUAL,COTOCA,SANTA CRUZ,72.77,SOYA/MAIZ,538,14873.62,27.905478424015012,31.165575999999998,11.290358490566039,0.7468029739776954,36.475,18.633104395604395,0.161710,85
722,HUGO CALLISAYA NAVIA,INDIVIDUAL,EL TORNO,SANTA CRUZ,34.22,SOYA,1035,28810.390000000003,28.245480392156864,80.57014400000001,11.236177908113392,0.8018067632850241,36.60417808219178,18.50439834024896,0.154589,85
723,DANIEL MORALES MAMANI,INDIVIDUAL,MINEROS,SANTA CRUZ,233.57,SOYA,1028,28419.72,28.02733727810651,82.530912,11.388219584569734,0.8059727626459143,36.51733793103448,18.406284916201113,0.132296,85
724,AGROP. PINTO HNOS. S.R.L.,EMPRESA AGROPECUARIA,CHARAGUA,SANTA CRUZ,79.34,SOYA,1010,28170.36,28.19855855855856,101.50688000000001,11.375645161290322,0.8554059405940595,36.484872159090905,18.51799168975069,0.165347,85
725,MARIA SANDOVAL MERCADO,INDIVIDUAL,EL TORNO,SANTA CRUZ,72.87,SOYA,755,21125.27,28.432395693135938,72.91073,11.307325268817204,0.7933642384105959,36.43960151802657,18.512185792349726,0.152318,85
726,ASOC. PROD. YAPACANI NO.0726,COOPERATIVA,YAPACANI,SANTA CRUZ,207.48,MAIZ,498,13856.63,28.04985829959514,52.66935600000001,11.54024742268041,0.7981927710843374,36.51103244837758,18.372342857142858,0.154618,85
727,PAOLA SUAREZ MAMANI,INDIVIDUAL,GENERAL SAAVEDRA,SANTA CRUZ,160.85,SOYA,514,14483.31,28.232573099415205,39.796282,11.42816733067729,0.7943385214007782,36.59737127371274,18.533965014577262,0.132296,84
728,AGROP. MARCA HNOS. S.R.L.,EMPRESA AGROPECUARIA,CUATRO CANADAS,SANTA CRUZ,62.94,MAIZ,522,14741.09,28.40287090558767,37.93819400000001,11.320273437500001,0.7621455938697319,36.33234332425068,18.424153005464483,0.151341,85
729,ASOC. PROD. MONTERO NO.0729,ASOCIACION,MONTERO,SANTA CRUZ,53.69,GIRASOL,252,7056.879999999999,28.340883534136545,15.455061999999998,11.22181069958848,0.7357936507936509,36.50362068965517,18.54522988505747,0.158730,81
731,ASOC. PROD. PAILON NO.0731,ASOCIACION,PAILON,SANTA CRUZ,26.78,SOYA/MAIZ,508,14123.4,28.2468,40.601344,11.419252525252526,0.8055708661417322,36.52518918918919,18.537929155313353,0.171260,84
732,JESSICA VILLCA MEDINA,INDIVIDUAL,EL TORNO,SANTA CRUZ,125.72,SOYA,514,14352.429999999998,28.25281496062992,43.958521,11.36704,0.8141634241245137,36.510140449438204,18.460054200542007,0.149805,85
733,PATRICIA CUELLAR YUJRA,INDIVIDUAL,PAILON,SANTA CRUZ,75.12,SOYA,234,6516.9800000000005,28.212034632034634,17.634494999999998,11.438189655172415,0.8205555555555556,36.59724358974359,18.488703703703703,0.115385,77
734,ASOC. PROD. EL TORNO NO.0734,COOPERATIVA,EL TORNO,SANTA CRUZ,189.18,SOYA,1344,37286.630000000005,28.056155003762232,129.60215100000002,11.460258358662614,0.830111607142857,36.45693514644351,18.599004149377595,0.132440,85
735,SERGIO VARGAS VILLCA,INDIVIDUAL,CHARAGUA,SANTA CRUZ,285.61,SOYA/MAIZ,773,21804.79,28.391653645833333,86.47743100000002,11.554993412384716,0.8061836998706339,36.302776769509975,18.42379061371841,0.128072,85
736,FELIX MACHACA MERCADO,INDIVIDUAL,MONTERO,SANTA CRUZ,50.61,SOYA,1075,29848.029999999995,27.973786316776003,83.72800499999998,11.353893637226973,0.7976744186046512,36.463698453608245,18.475808625336928,0.155349,85
737,YENNY HUANCA MEDINA,INDIVIDUAL,SAN PEDRO,SANTA CRUZ,231.03,SOYA,1309,36234.19,28.00169242658424,110.08048400000001,11.343752931978107,0.7868983957219251,36.50442953020134,18.445442329227323,0.151261,85
738,ENRIQUE SANDOVAL CHAMBI,COMUNIDAD,SAN PEDRO,SANTA CRUZ,68.45,SOYA,1328,36808.39,27.96990121580547,116.00922699999998,11.372356979405033,0.8265587349397591,36.479135416666665,18.50640625,0.148343,85
739,AGROP. FLORES HNOS. S.R.L.,EMPRESA AGROPECUARIA,COTOCA,SANTA CRUZ,44.14,SOYA,251,6926.35,27.7054,13.975828,11.293196721311475,0.7354183266932273,36.381502890173415,18.500786516853932,0.107570,79
740,RICHARD COPA APAZA,INDIVIDUAL,SAN PEDRO,SANTA CRUZ,103.69,SOYA,747,20491.120000000003,27.993333333333336,54.704741000000006,11.306489795918365,0.8019678714859437,36.66956685499058,18.459732313575522,0.159304,85
741,CARMEN MARCA YUJRA,INDIVIDUAL,GENERAL SAAVEDRA,SANTA CRUZ,58.93,SOYA,2108,58880.06,28.280528338136406,163.035067,11.36275012083132,0.7956356736242883,36.51498992612492,18.587836021505375,0.155123,85
742,ANDREA MARTINEZ VARGAS,INDIVIDUAL,CUATRO CANADAS,SANTA CRUZ,91.48,MAIZ,1087,30447.5,28.349627560521416,91.097509,11.316344892221181,0.8513155473781049,36.50861842105264,18.473818181818178,0.155474,85
744,NATALIA CHAMBI FLORES,INDIVIDUAL,COTOCA,SANTA CRUZ,41.16,SOYA,552,15289.08,28.053357798165138,53.332764000000005,11.431289134438307,0.7806884057971014,36.610075949367086,18.445365853658533,0.135870,85
745,ASOC. PROD. YAPACANI NO.0745,ASOCIACION,YAPACANI,SANTA CRUZ,113.46,SOYA,1079,30281.6,28.513747645951035,91.35097,11.327438563327032,0.8044578313253014,36.61708724832214,18.54200510855683,0.137164,85
746,AGROP. APAZA HNOS. S.R.L.,EMPRESA AGROPECUARIA,SAN PEDRO,SANTA CRUZ,159.1,GIRASOL,503,13889.52,28.059636363636365,44.331340000000004,11.366767676767678,0.8301590457256461,36.41909859154929,18.632182890855457,0.125249,85
747,ASOC. PROD. PUERTO QUIJARRO NO.0747,ASOCIACION,PUERTO QUIJARRO,SANTA CRUZ,560.73,SOYA,793,22050.96,28.16214559386973,76.01412699999999,11.535632183908046,0.8064186633039093,36.53084656084656,18.43178181818182,0.116015,85
748,OSCAR CUELLAR PUMA,INDIVIDUAL,PAILON,SANTA CRUZ,64.23,GIRASOL,264,7365.33,28.21965517241379,28.062042000000005,11.512709923664122,0.7609848484848486,36.42549132947977,18.514010695187164,0.159091,81
749,CHRISTIAN CUELLAR PINTO,INDIVIDUAL,MINEROS,SANTA CRUZ,434.59,SOYA,769,21178.860000000004,28.014365079365085,60.400569,11.477420634920636,0.8024057217165147,36.49695255474453,18.58816326530612,0.157347,85
750,ASOC. PROD. SANTA ROSA NO.0750,ASOCIACION,SANTA ROSA,SANTA CRUZ,85.25,MAIZ,803,22478.920000000002,28.169072681704264,51.747368,11.372981132075472,0.7257907845579079,36.4337676056338,18.470285714285716,0.149440,85
751,DANIEL CATACORA ROMERO,INDIVIDUAL,PORTACHUELO,SANTA CRUZ,96.21,MAIZ,823,22908.93,28.006026894865528,63.390275,11.321668742216687,0.8279465370595382,36.51890034364261,18.43730834752981,0.187120,85
752,DAVID CASTRO APAZA,INDIVIDUAL,WARNES,SANTA CRUZ,87.36,MAIZ,1508,42129.79,28.142812291249165,129.262599,11.378989145183176,0.7966246684350133,36.44828516377649,18.505960637300845,0.151857,85
753,IVAN RIVERO COPA,INDIVIDUAL,WARNES,SANTA CRUZ,277.81,SOYA,743,20494.75,27.92200272479564,73.372771,11.346671289875175,0.8397981157469716,36.43864814814815,18.522617187500003,0.150740,85
754,DANIEL SALVATIERRA VARGAS,INDIVIDUAL,PUERTO QUIJARRO,SANTA CRUZ,83.05,MAIZ,1076,29886.42,28.009765698219304,87.767371,11.389659413434247,0.8333828996282528,36.46461436170213,18.473376792698826,0.151487,85
755,ASOC. PROD. EL TORNO NO.0755,COOPERATIVA,EL TORNO,SANTA CRUZ,49.89,GIRASOL,525,14793.82,28.17870476190476,36.955068,11.248571428571427,0.7634095238095239,36.49403225806452,18.341259640102827,0.146667,85
756,MONICA TORREZ SALVATIERRA,INDIVIDUAL,EL TORNO,SANTA CRUZ,54.61,SOYA,275,7569.08,28.03362962962963,19.324434,11.257444444444445,0.7957090909090909,36.54962765957447,18.4982,0.145455,80
757,WILBER GARCIA SUAREZ,INDIVIDUAL,BUEN RETIRO,SANTA CRUZ,55.7,SOYA,988,27497.92,28.059102040816324,83.656566,11.331170984455957,0.8164372469635628,36.3144245142003,18.54044910179641,0.142713,85
758,ASOC. PROD. BUEN RETIRO NO.0758,ASOCIACION,BUEN RETIRO,SANTA CRUZ,96.06,MAIZ,503,14017.480000000001,28.147550200803217,48.223248,11.349006085192698,0.8307554671968193,36.55976119402986,18.407679083094557,0.137177,84
761,YENNY QUISPE MERCADO,INDIVIDUAL,YAPACANI,SANTA CRUZ,161.05,SOYA,767,21427.85,28.231686429512514,58.527946,11.376453333333334,0.7894524119947849,36.54631768953069,18.463511029411762,0.131682,85
762,VANESSA VILLCA APAZA,INDIVIDUAL,PUERTO QUIJARRO,SANTA CRUZ,72.81,GIRASOL,772,21400.16,28.047391874180864,88.889652,11.398503311258278,0.8619041450777202,36.43979362101313,18.476355311355313,0.142487,85
763,ASOC. PROD. CUATRO CANADAS NO.0763,ASOCIACION,CUATRO CANADAS,SANTA CRUZ,104.54,SOYA,519,14355.190000000002,28.147431372549025,41.087893,11.290294695481334,0.8125818882466281,36.56485094850949,18.447318435754195,0.140655,85
764,CARLOS SALVATIERRA ALVARADO,INDIVIDUAL,PUERTO SUAREZ,SANTA CRUZ,90.39,GIRASOL,550,15231.01,28.10149446494465,51.37660100000001,11.432793296089384,0.7684545454545455,36.317657430730485,18.446852791878175,0.185455,85
765,ASOC. PROD. MONTERO NO.0765,COOPERATIVA,MONTERO,SANTA CRUZ,134.46,SOYA,781,21595.8,27.793822393822392,64.085159,11.485123859191656,0.7737259923175417,36.61326678765881,18.461989342806397,0.147247,85
766,RODRIGO TICONA CHOQUE,INDIVIDUAL,LA GUARDIA,SANTA CRUZ,309.0,SOYA,1058,29222.67,27.88422709923664,99.75441900000001,11.401173076923076,0.8159546313799623,36.4897855227882,18.514512683578104,0.174858,85
767,ASOC. PROD. PORTACHUELO NO.0767,COOPERATIVA,PORTACHUELO,SANTA CRUZ,68.41,SOYA,237,6661.13,28.34523404255319,19.851350999999998,11.311623931623933,0.8409704641350211,36.79810126582278,18.429548387096773,0.147679,79
768,ASOC. PROD. GENERAL SAAVEDRA NO.0768,ASOCIACION,GENERAL SAAVEDRA,SANTA CRUZ,1038.43,SOYA,1521,42432.07000000001,28.194066445182727,130.14734599999997,11.383008021390374,0.7975673898750821,36.49656133828996,18.39838619402985,0.135437,85
769,WILBER SORIA AGUILAR,COMUNIDAD,LA GUARDIA,SANTA CRUZ,33.32,GIRASOL,761,21075.82,28.026356382978722,71.15745,11.333030707610147,0.8338633377135349,36.51452157598499,18.573561643835617,0.141919,85
770,OSCAR MEDINA CHOQUE,INDIVIDUAL,OKINAWA,SANTA CRUZ,241.13,SOYA,1081,30270.5,28.31665107577175,86.062961,11.352674199623351,0.7711563367252543,36.54768292682927,18.71503259452412,0.167438,85
771,ASOC. PROD. YAPACANI NO.0771,ASOCIACION,YAPACANI,SANTA CRUZ,70.36,MAIZ,511,14277.499999999998,28.216403162055332,37.481434,11.309,0.7904892367906067,36.393809523809516,18.515210084033612,0.121331,85
772,ASOC. PROD. SANTA ROSA NO.0772,COOPERATIVA,SANTA ROSA,SANTA CRUZ,88.48,SOYA,1752,48878.14,28.090885057471265,164.40560399999998,11.542017543859648,0.7987728310502282,36.477810699588474,18.460686661404893,0.143836,85
773,ROSA SUAREZ GUTIERREZ,INDIVIDUAL,CHARAGUA,SANTA CRUZ,8.52,SOYA,526,14571.470000000001,27.968272552783112,36.894906000000006,11.39867446393762,0.7565209125475284,36.33522099447514,18.44395348837209,0.144487,85
774,ASOC. PROD. SAN JULIAN NO.0774,ASOCIACION,SAN JULIAN,SANTA CRUZ,32.62,SOYA,229,6357.84,28.008105726872248,13.248854,11.225848214285715,0.7457205240174675,36.43849673202614,18.459156626506022,0.126638,81
775,PEDRO FLORES LIMA,INDIVIDUAL,PORTACHUELO,SANTA CRUZ,59.51,MAIZ,280,7684.1900000000005,27.94250909090909,22.067657,11.356579925650557,0.82875,36.43941176470588,18.65994736842105,0.157143,80
776,ASOC. PROD. PUERTO QUIJARRO NO.0776,COOPERATIVA,PUERTO QUIJARRO,SANTA CRUZ,69.99,SOYA,1329,37148.31,28.163995451099314,103.99405999999999,11.301952526799386,0.8123024830699774,36.57604395604396,18.439305103148754,0.161776,85
777,RODRIGO MEDINA SANDOVAL,INDIVIDUAL,SAN JULIAN,SANTA CRUZ,45.63,MAIZ,792,21953.510000000002,28.145525641025642,74.563792,11.50175257731959,0.81239898989899,36.5155376344086,18.595846702317292,0.148990,85
778,SUSANA LIMA MARCA,INDIVIDUAL,GENERAL SAAVEDRA,SANTA CRUZ,98.18,MAIZ,993,27527.100000000002,28.11756894790603,83.68879600000001,11.388712667353245,0.8431722054380665,36.56357864357864,18.609353932584273,0.135952,85
779,ASOC. PROD. BUEN RETIRO NO.0779,COOPERATIVA,BUEN RETIRO,SANTA CRUZ,102.09,SOYA,548,15409.929999999998,28.379244935543277,40.187521,11.179553903345724,0.778978102189781,36.62341085271317,18.48952631578947,0.140511,84
780,DANIEL VACA CHOQUE,INDIVIDUAL,SANTA ROSA,SANTA CRUZ,62.42,SOYA/MAIZ,522,14609.090000000002,28.148535645472066,53.69115500000001,11.5546213592233,0.8054980842911877,36.36888888888889,18.52556164383562,0.143678,85
781,ALBERTO MORALES COLQUE,INDIVIDUAL,COTOCA,SANTA CRUZ,37.13,SOYA,256,7121.24,28.036377952755906,18.675331,11.19730923694779,0.8380078124999999,36.676607142857144,18.460879120879124,0.101563,81
782,ASOC. PROD. SAN PEDRO NO.0782,COOPERATIVA,SAN PEDRO,SANTA CRUZ,217.99,SOYA/MAIZ,1053,29051.940000000006,27.9345576923077,84.93843,11.386848249027238,0.8047388414055082,36.54320580474935,18.600215924426447,0.133903,85
783,ASOC. PROD. MONTERO NO.0783,ASOCIACION,MONTERO,SANTA CRUZ,94.14,SOYA,514,14298.380000000001,28.201932938856018,57.125224,11.51575396825397,0.7419844357976653,36.24920903954802,18.426037234042553,0.136187,85
784,ASOC. PROD. PORTACHUELO NO.0784,ASOCIACION,PORTACHUELO,SANTA CRUZ,406.89,SOYA/MAIZ,487,13451.699999999999,27.85031055900621,36.859009,11.278870292887028,0.8155852156057494,36.5447891566265,18.432537313432835,0.147844,85
785,ASOC. PROD. PUERTO QUIJARRO NO.0785,COOPERATIVA,PUERTO QUIJARRO,SANTA CRUZ,59.92,SOYA/MAIZ,498,13753.159999999996,28.067673469387746,45.06143,11.496069958847738,0.7821686746987953,36.57725714285714,18.51845505617978,0.162651,85
786,OSCAR SUAREZ MERCADO,INDIVIDUAL,LA GUARDIA,SANTA CRUZ,45.91,MAIZ,547,15271.08,27.96901098901099,36.926069999999996,11.30687969924812,0.7718829981718464,36.502219251336896,18.52700787401575,0.137112,85
787,FERNANDO LOPEZ PUMA,INDIVIDUAL,BUEN RETIRO,SANTA CRUZ,177.21,SOYA/MAIZ,998,27754.739999999998,27.978568548387095,85.917899,11.403856410256411,0.8179158316633267,36.44117142857143,18.49404797601199,0.143287,85
788,ASOC. PROD. LA GUARDIA NO.0788,ASOCIACION,LA GUARDIA,SANTA CRUZ,63.12,GIRASOL,539,15166.07,28.29490671641791,69.64357900000002,11.484291115311908,0.8609276437847866,36.377712082262214,18.421095890410957,0.144712,85
789,ASOC. PROD. LA GUARDIA NO.0789,COOPERATIVA,LA GUARDIA,SANTA CRUZ,102.8,SOYA,526,14615.789999999999,28.053339731285988,42.82056,11.320254403131115,0.8318631178707225,36.55377717391305,18.391652421652424,0.144487,84
790,ALBERTO CASTRO GARCIA,INDIVIDUAL,BUEN RETIRO,SANTA CRUZ,21.82,SOYA,990,27861.919999999995,28.430530612244894,86.819513,11.371958549222798,0.8156868686868687,36.57496328928047,18.494778761061948,0.152525,85
791,AGROP. MARCA HNOS. S.R.L.,EMPRESA AGROPECUARIA,SAN PEDRO,SANTA CRUZ,72.41,MAIZ,266,7394.679999999999,28.223969465648853,18.570832,11.466730769230768,0.7527443609022556,36.30405263157895,18.522487046632126,0.165414,81
792,ASOC. PROD. SANTA ROSA NO.0792,COOPERATIVA,SANTA ROSA,SANTA CRUZ,23.94,SOYA,1095,30353.5,28.131139944392956,103.936702,11.50917448405253,0.8421187214611873,36.52051413881748,18.630075566750627,0.164384,85
793,RENE ANTELO MACHACA,INDIVIDUAL,SAN JULIAN,SANTA CRUZ,66.67,SOYA,272,7468.58,27.764237918215613,23.274517999999997,11.517931034482759,0.828125,36.64283236994219,18.57350785340314,0.169118,81
794,ASOC. PROD. SANTA ROSA NO.0794,COOPERATIVA,SANTA ROSA,SANTA CRUZ,330.65,SOYA,778,21755.15,28.21679636835279,67.40292199999999,11.423986842105265,0.7866838046272493,36.449892857142856,18.403973384030422,0.142674,85
795,ELIZABETH SANCHEZ CUELLAR,INDIVIDUAL,PAILON,SANTA CRUZ,288.72,GIRASOL,802,22326.34,28.18982323232323,63.84738900000001,11.443070063694266,0.7914463840399003,36.48935779816514,18.46405263157895,0.164589,85
796,AGROP. MORALES HNOS. S.R.L.,EMPRESA AGROPECUARIA,CUATRO CANADAS,SANTA CRUZ,139.12,SOYA,497,13784.26,27.8469898989899,41.439185,11.389345603271982,0.8496579476861167,36.22962643678161,18.5051282051282,0.128773,85
797,DIEGO CHAMBI SANCHEZ,INDIVIDUAL,SAN JULIAN,SANTA CRUZ,173.04,SOYA,540,15164.280000000002,28.397528089887643,53.03590500000001,11.333785310734463,0.8303888888888888,36.5093654822335,18.50194520547945,0.164815,85
798,EDWIN CHUQUIMIA PINTO,INDIVIDUAL,SAN PEDRO,SANTA CRUZ,59.79,SOYA/MAIZ,504,14055.11,28.054111776447108,38.070802,11.373142857142858,0.8311904761904763,36.54907246376812,18.297361111111112,0.134921,85
799,ASOC. PROD. COTOCA NO.0799,ASOCIACION,COTOCA,SANTA CRUZ,22.78,SOYA,744,20487.260000000002,27.873823129251704,62.854439,11.41320987654321,0.83002688172043,36.58263653483993,18.42155268022181,0.149194,85
800,ASOC. PROD. PAILON NO.0800,ASOCIACION,PAILON,SANTA CRUZ,276.45,SOYA,255,7056.089999999999,27.8896837944664,31.182181000000003,11.5016,0.8035686274509805,36.50761111111111,18.561685393258426,0.117647,81
801,JORGE SANCHEZ RODRIGUEZ,INDIVIDUAL,SAN JULIAN,SANTA CRUZ,15.33,SOYA,263,7334.44,27.887604562737643,33.377465,11.3275,0.8950950570342207,36.53907692307692,18.709999999999997,0.155894,82
802,JORGE MORALES VACA,INDIVIDUAL,EL TORNO,SANTA CRUZ,265.76,MAIZ,1253,34852.22,28.106629032258066,101.257397,11.393521703521703,0.7894014365522746,36.52487005649717,18.495913734392737,0.156425,85
803,ASOC. PROD. ROBORE NO.0803,COOPERATIVA,ROBORE,SANTA CRUZ,33.09,SOYA,972,26961.539999999997,28.026548856548853,90.918471,11.368188481675393,0.801656378600823,36.476138328530254,18.401366197183094,0.143004,85
804,JULIO CHOQUE CONDORI,INDIVIDUAL,OKINAWA,SANTA CRUZ,99.43,SOYA/MAIZ,821,22995.82,28.215730061349692,54.148294,11.397812113720642,0.7370401948842875,36.44189982728843,18.47309982486865,0.159562,85
805,FELIX QUISPE CALLISAYA,INDIVIDUAL,COTOCA,SANTA CRUZ,64.8,SOYA,289,8136.129999999999,28.3488850174216,22.960587999999998,11.450035211267606,0.8573702422145328,36.379714285714286,18.325520833333332,0.197232,83
806,LAURA RODRIGUEZ RODRIGUEZ,INDIVIDUAL,PUERTO SUAREZ,SANTA CRUZ,56.11,SOYA,286,7939.710000000001,28.05551236749117,24.031577000000002,11.543829787234042,0.8165734265734267,36.44776595744681,18.56637755102041,0.111888,84
807,DANIEL CATACORA TICONA,INDIVIDUAL,OKINAWA,SANTA CRUZ,403.15,MAIZ,532,14823.199999999999,28.07424242424242,36.425619,11.247980769230768,0.7559022556390979,36.60270718232044,18.46036011080332,0.161654,84
808,JULIO SORIA QUISPE,INDIVIDUAL,OKINAWA,SANTA CRUZ,39.28,SOYA,772,21273.67,27.991671052631578,72.14994899999999,11.472741721854305,0.7966062176165803,36.46969754253308,18.57158286778398,0.139896,85
809,ASOC. PROD. ROBORE NO.0809,ASOCIACION,ROBORE,SANTA CRUZ,148.15,SOYA,1516,42366.649999999994,28.263275517011337,126.28521999999998,11.313230974632843,0.8118337730870713,36.40586367880486,18.480529300567106,0.156992,85
810,ASOC. PROD. ROBORE NO.0810,ASOCIACION,ROBORE,SANTA CRUZ,146.45,SOYA,269,7480.32,27.911641791044776,22.713031,11.231766917293232,0.8222304832713755,36.52687500000001,18.40712041884817,0.133829,83
811,SUSANA TORREZ CASTRO,INDIVIDUAL,YAPACANI,SANTA CRUZ,33.63,MAIZ,499,13757.210000000001,27.961808943089434,41.15408299999999,11.230325865580449,0.8385771543086173,36.4017816091954,18.474240687679085,0.142285,85
812,MARIA GARCIA LOPEZ,INDIVIDUAL,OKINAWA,SANTA CRUZ,212.67,SOYA/MAIZ,1052,29228.099999999995,28.02310642377756,82.494242,11.265292397660819,0.8134315589353611,36.56779591836735,18.511490250696383,0.159696,85
813,ASOC. PROD. SANTA ROSA NO.0813,COOPERATIVA,SANTA ROSA,SANTA CRUZ,28.2,SOYA,1291,36096.98,28.3113568627451,115.455008,11.388671383647798,0.8061967467079783,36.58929547844375,18.510652883569097,0.148722,85
815,ASOC. PROD. SAN JULIAN NO.0815,ASOCIACION,SAN JULIAN,SANTA CRUZ,120.43,SOYA,1545,43356.560000000005,28.28216568819309,131.541681,11.379238914626075,0.7818187702265371,36.57926711668274,18.51543956043956,0.147573,85
816,ASOC. PROD. PAILON NO.0816,ASOCIACION,PAILON,SANTA CRUZ,193.67,SOYA,970,27000.17,28.06670478170478,96.77696900000001,11.469905462184874,0.7636701030927835,36.591669150521604,18.535801186943623,0.150515,85
817,ASOC. PROD. PORTACHUELO NO.0817,COOPERATIVA,PORTACHUELO,SANTA CRUZ,65.5,SOYA,506,14103.68,28.434838709677418,36.374647,11.064408817635272,0.8108498023715416,36.455960451977404,18.590056022408962,0.136364,85
818,ASOC. PROD. GENERAL SAAVEDRA NO.0818,COOPERATIVA,GENERAL SAAVEDRA,SANTA CRUZ,233.24,SOYA,1342,36957.99,27.99847727272727,116.40528300000001,11.33650114591291,0.8231520119225038,36.54460970464135,18.53516411378556,0.165425,85
819,ASOC. PROD. SAN PEDRO NO.0819,ASOCIACION,SAN PEDRO,SANTA CRUZ,196.45,GIRASOL,279,7963.27,28.644856115107917,22.933469000000002,11.24088560885609,0.8203225806451611,36.306599999999996,18.4282,0.129032,82
820,DANIELA MAMANI SORIA,INDIVIDUAL,SAN JULIAN,SANTA CRUZ,55.31,SOYA,1308,36133.130000000005,27.988481797056547,124.472094,11.486162790697673,0.7944877675840979,36.43717294900222,18.476787280701753,0.146024,85
822,HUGO GARCIA VACA,INDIVIDUAL,PUERTO SUAREZ,SANTA CRUZ,95.83,SOYA,509,14247.150000000001,28.268154761904764,49.70992500000001,11.3461876247505,0.8603143418467583,36.46954022988506,18.513901098901098,0.180747,85
823,DANIEL TORREZ ANTELO,INDIVIDUAL,PUERTO QUIJARRO,SANTA CRUZ,604.56,SOYA,272,7470.63,27.875485074626866,18.626884000000004,11.214356060606061,0.7678676470588236,36.561329787234044,18.301015228426394,0.147059,81
824,ASOC. PROD. LA GUARDIA NO.0824,COOPERATIVA,LA GUARDIA,SANTA CRUZ,55.86,SOYA,1622,44817.66,28.063656856606137,145.14248700000002,11.397440100882724,0.8154500616522812,36.501420863309356,18.534866548042707,0.147349,85
825,ASOC. PROD. BUEN RETIRO NO.0825,ASOCIACION,BUEN RETIRO,SANTA CRUZ,129.73,MAIZ,991,27631.760000000006,28.109623601220758,97.24704500000003,11.461378958120532,0.8057618567103935,36.57207468879668,18.482914862914864,0.154390,85
826,AGROP. ANTELO HNOS. S.R.L.,EMPRESA AGROPECUARIA,MONTERO,SANTA CRUZ,27.96,SOYA,525,14613.77,27.99572796934866,47.064868000000004,11.35152641878669,0.7842857142857143,36.51273684210527,18.49603878116344,0.165714,85
827,MARIA SORIA APAZA,INDIVIDUAL,COTOCA,SANTA CRUZ,388.27,MAIZ,538,14887.820000000002,27.8798127340824,43.892397,11.383075471698112,0.8044795539033456,36.410523415977956,18.626809651474534,0.141264,85
828,VALERIA CHOQUE CASTRO,INDIVIDUAL,EL TORNO,SANTA CRUZ,94.0,MAIZ,496,13808.31,28.008742393509127,36.101155,11.428796680497927,0.7954032258064516,36.74841954022988,18.36008746355685,0.161290,85
829,CINTHIA YUJRA HUANCA,INDIVIDUAL,CUATRO CANADAS,SANTA CRUZ,150.87,SOYA,1098,30551.13,28.105915363385467,104.88719800000001,11.335214953271029,0.8496539162112933,36.45585657370518,18.502751592356688,0.155738,85
830,DAVID SORIA ANTELO,INDIVIDUAL,EL TORNO,SANTA CRUZ,57.84,SOYA,1011,28235.510000000002,28.179151696606787,73.937599,11.32956300813008,0.7812759643916916,36.486203438395414,18.560112044817927,0.162216,85
831,ASOC. PROD. COTOCA NO.0831,COOPERATIVA,COTOCA,SANTA CRUZ,37.42,SOYA,1075,30050.510000000002,28.216441314553993,114.43753800000002,11.496252354048965,0.7903348837209302,36.53923283983849,18.484698795180723,0.160000,85
832,DAVID MACHACA CHUQUIMIA,INDIVIDUAL,GENERAL SAAVEDRA,SANTA CRUZ,23.65,GIRASOL,233,6461.43,28.21585152838428,21.87875,11.158407079646018,0.8622317596566522,36.5116339869281,18.57519230769231,0.145923,79
833,SUSANA PEREZ HUANCA,INDIVIDUAL,EL TORNO,SANTA CRUZ,82.21,GIRASOL,775,21252.559999999998,27.853944954128437,62.725294,11.402401055408971,0.8188774193548387,36.54920863309352,18.453923357664234,0.157419,85
834,ASOC. PROD. OKINAWA NO.0834,ASOCIACION,OKINAWA,SANTA CRUZ,47.87,MAIZ,980,26982.210000000003,27.960839378238344,84.04973899999999,11.529190871369295,0.7478571428571429,36.51872126436781,18.547121879588843,0.134694,85
835,ASOC. PROD. BUEN RETIRO NO.0835,COOPERATIVA,BUEN RETIRO,SANTA CRUZ,30.76,SOYA,1576,43811.47,28.030371081254,145.587232,11.371424853610929,0.8081598984771574,36.50453053783044,18.46514932126697,0.149746,85
836,ASOC. PROD. LA GUARDIA NO.0836,COOPERATIVA,LA GUARDIA,SANTA CRUZ,96.78,SOYA,255,7301.97,28.747913385826774,20.877664000000003,11.26707509881423,0.8186666666666667,36.794821428571424,18.53905882352941,0.141176,81
837,WILBER SANDOVAL MEDINA,INDIVIDUAL,PUERTO QUIJARRO,SANTA CRUZ,95.63,GIRASOL,511,14156.14,28.087579365079364,35.999871,11.288132530120482,0.7758512720156555,36.500137741046835,18.520783783783784,0.148728,85
838,HUGO FLORES QUISPE,INDIVIDUAL,MINEROS,SANTA CRUZ,96.69,SOYA,1023,28721.95,28.325394477317555,96.592323,11.445566600397612,0.7612023460410557,36.451889985895626,18.46220338983051,0.148583,85
839,CARMEN CRUZ SUAREZ,INDIVIDUAL,PORTACHUELO,SANTA CRUZ,114.0,MAIZ,497,13682.419999999998,27.69720647773279,42.249100999999996,11.296495901639345,0.8544668008048288,36.51539106145251,18.43662686567164,0.158954,85
840,NATALIA MARTINEZ APAZA,INDIVIDUAL,YAPACANI,SANTA CRUZ,91.02,SOYA,739,20820.620000000003,28.482380300957598,59.767267999999994,11.403342465753425,0.7945872801082544,36.59473282442748,18.450111317254176,0.139378,85
841,JULIO YUJRA SALVATIERRA,INDIVIDUAL,PUERTO SUAREZ,SANTA CRUZ,58.67,SOYA,988,27564.930000000004,28.185000000000002,76.771063,11.342412008281572,0.7817813765182186,36.561617647058824,18.529245562130182,0.146761,85
842,ALFREDO CATACORA MONTAÑO,INDIVIDUAL,PUERTO SUAREZ,SANTA CRUZ,100.1,SOYA,1504,42105.26,28.33462987886945,122.45002000000001,11.328458390177353,0.7808976063829788,36.490899908172636,18.458471454880296,0.148271,85
843,CESAR ROMERO MARTINEZ,INDIVIDUAL,OKINAWA,SANTA CRUZ,32.53,SOYA,511,14294.39,28.305722772277228,37.111023,11.239880239520957,0.79,36.51417142857143,18.552316715542524,0.150685,85
844,VALERIA APAZA ANTELO,INDIVIDUAL,MINEROS,SANTA CRUZ,130.37,SOYA/MAIZ,472,13128.35,28.052029914529914,40.189654,11.336301075268816,0.8181567796610169,36.49887878787879,18.42804664723032,0.148305,85
845,ASOC. PROD. PUERTO QUIJARRO NO.0845,ASOCIACION,PUERTO QUIJARRO,SANTA CRUZ,110.44,SOYA,517,14239.869999999999,27.866673189823874,37.089574,11.175546875000002,0.7874468085106384,36.467453580901854,18.555614525139664,0.150870,85
846,VICTOR FLORES TICONA,COMUNIDAD,MINEROS,SANTA CRUZ,77.81,SOYA,1005,27770.049999999996,27.994002016129027,74.17600700000001,11.304247967479672,0.7820199004975122,36.4730242510699,18.603909985935303,0.153234,85
847,FELIX CHUQUIMIA RODRIGUEZ,INDIVIDUAL,YAPACANI,SANTA CRUZ,129.19,GIRASOL,1277,35657.8,28.099133175728923,98.94952,11.326639935846032,0.824886452623336,36.46714922048998,18.377657952069715,0.137823,85
848,ASOC. PROD. PAILON NO.0848,COOPERATIVA,PAILON,SANTA CRUZ,46.61,SOYA,523,14409.109999999999,27.81681467181467,39.647324999999995,11.413169291338582,0.7792734225621415,36.59284122562675,18.441408839779005,0.156788,85
849,ALFREDO PINTO MEDINA,INDIVIDUAL,CUATRO CANADAS,SANTA CRUZ,178.74,MAIZ,565,15780.18,28.12866310160428,40.745617,11.155350089766609,0.8160530973451326,36.52042328042328,18.499405684754525,0.161062,85
850,DANIELA CONDORI APAZA,INDIVIDUAL,PAILON,SANTA CRUZ,92.25,SOYA/MAIZ,770,21729.56,28.591526315789476,59.225808,11.324272486772486,0.8445194805194804,36.42314079422383,18.57421150278293,0.145455,85
851,ASOC. PROD. GENERAL SAAVEDRA NO.0851,COOPERATIVA,GENERAL SAAVEDRA,SANTA CRUZ,84.05,MAIZ,790,21742.770000000004,27.94700514138818,67.16867099999999,11.41025806451613,0.8219873417721519,36.548226950354604,18.401295238095233,0.129114,85
852,FERNANDO GUTIERREZ GUTIERREZ,INDIVIDUAL,COTOCA,SANTA CRUZ,186.29,GIRASOL,785,21848.94,28.1196138996139,70.579316,11.340764248704662,0.8152866242038217,36.28566071428572,18.499610894941632,0.147771,85
853,IVAN MERCADO VARGAS,INDIVIDUAL,LA GUARDIA,SANTA CRUZ,166.55,SOYA/MAIZ,1080,30014.909999999996,28.103848314606736,101.984323,11.397587181903866,0.8482037037037037,36.4378196500673,18.36817585301837,0.138889,85
854,ASOC. PROD. MINEROS NO.0854,ASOCIACION,MINEROS,SANTA CRUZ,98.4,SOYA,1010,28351.019999999997,28.493487437185927,85.494569,11.384689725330619,0.7594653465346534,36.57972862957937,18.629501347708896,0.139604,85
855,WILBER VARGAS NAVIA,INDIVIDUAL,LA GUARDIA,SANTA CRUZ,354.62,MAIZ,1860,51844.95999999999,28.13074335322843,155.97808200000003,11.367380033094319,0.7921989247311827,36.60914110429448,18.452881996974284,0.148925,85
856,CINTHIA NAVIA CHOQUE,INDIVIDUAL,OKINAWA,SANTA CRUZ,41.46,SOYA/MAIZ,752,20877.699999999997,28.213108108108106,80.18250900000001,11.454877384196188,0.7679122340425533,36.37119460500963,18.54488235294118,0.150266,85
857,ASOC. PROD. MINEROS NO.0857,COOPERATIVA,MINEROS,SANTA CRUZ,136.83,SOYA,770,21363.46,28.036036745406822,84.29840700000001,11.306675567423229,0.8326233766233766,36.532041198501865,18.513388888888887,0.146753,85
858,ASOC. PROD. CHARAGUA NO.0858,ASOCIACION,CHARAGUA,SANTA CRUZ,174.06,MAIZ,532,14941.97,28.299185606060604,26.335373,11.418954372623574,0.6776879699248121,36.62804289544236,18.480767045454545,0.152256,85
859,ASOC. PROD. OKINAWA NO.0859,COOPERATIVA,OKINAWA,SANTA CRUZ,164.55,MAIZ,1057,29232.25,27.893368320610687,105.775953,11.450376084860173,0.790491958372753,36.49276455026456,18.441398416886543,0.165563,85
860,RENE VILLCA SUAREZ,COMUNIDAD,CHARAGUA,SANTA CRUZ,270.4,MAIZ,565,15519.840000000002,27.913381294964033,58.394156,11.465750452079563,0.8506017699115044,36.59909999999999,18.628614609571787,0.180531,85
861,ROSA CONDORI MONTAÑO,INDIVIDUAL,COTOCA,SANTA CRUZ,324.39,SOYA/MAIZ,1570,43483.84,28.0360025789813,136.579283,11.378478543563073,0.8141847133757961,36.470949820788526,18.57849820143885,0.152229,85
862,RICHARD CUELLAR AGUILAR,INDIVIDUAL,BUEN RETIRO,SANTA CRUZ,235.23,SOYA,1851,51384.899999999994,28.063844893500818,142.16592599999998,11.261556655665567,0.7942517558076716,36.48810999225406,18.46481623277182,0.148568,85
863,AGROP. YUJRA HNOS. S.R.L.,EMPRESA AGROPECUARIA,LA GUARDIA,SANTA CRUZ,116.96,SOYA,1247,34709.04,28.03638126009693,91.27032,11.34577522559475,0.7902646351242983,36.47883506343714,18.42774193548387,0.147554,85
864,ROBERTO RODRIGUEZ MEDINA,INDIVIDUAL,WARNES,SANTA CRUZ,507.21,SOYA/MAIZ,811,22310.03,27.887537499999997,60.198848,11.387774968394439,0.8087792848335389,36.29717013888889,18.489811320754715,0.123305,85
865,ASOC. PROD. SAN PEDRO NO.0865,ASOCIACION,SAN PEDRO,SANTA CRUZ,42.73,MAIZ,1039,28877.789999999997,28.009495635305527,83.10651999999999,11.315309126594702,0.8039749759384024,36.536556016597515,18.494964639321076,0.157844,85
866,AGROP. LOPEZ HNOS. S.R.L.,EMPRESA AGROPECUARIA,OKINAWA,SANTA CRUZ,85.09,GIRASOL,1015,28212.37,28.04410536779324,95.884968,11.45257804632427,0.8370738916256159,36.46268465909091,18.52527977044476,0.146798,85
867,CESAR PEDRAZA SANCHEZ,INDIVIDUAL,BUEN RETIRO,SANTA CRUZ,86.91,SOYA,1498,41772.52999999999,28.16758597437626,118.440607,11.404948805460752,0.8149065420560748,36.42318355640535,18.44531434184676,0.144860,85
868,ASOC. PROD. PUERTO SUAREZ NO.0868,ASOCIACION,PUERTO SUAREZ,SANTA CRUZ,280.35,SOYA,507,14134.68,28.156733067729085,54.34730800000001,11.525181451612903,0.8253648915187376,36.39705234159779,18.595674157303375,0.165680,85
869,AGROP. GUTIERREZ HNOS. S.R.L.,EMPRESA AGROPECUARIA,YAPACANI,SANTA CRUZ,279.74,SOYA,1506,42360.38,28.31576203208556,117.572472,11.308180583842498,0.7742563081009296,36.47369627507163,18.483465437788016,0.151394,85
870,ROBERTO FLORES VILLCA,INDIVIDUAL,LA GUARDIA,SANTA CRUZ,260.78,SOYA/MAIZ,1059,29579.45,28.278632887189293,103.11778900000002,11.376032818532819,0.7910292728989614,36.64595833333333,18.560462962962966,0.159585,85
871,ASOC. PROD. MINEROS NO.0871,ASOCIACION,MINEROS,SANTA CRUZ,108.75,GIRASOL,1511,41914.259999999995,27.942839999999997,126.168372,11.35947261663286,0.7953275976174718,36.47114800759014,18.501309963099633,0.152879,85
872,ASOC. PROD. GENERAL SAAVEDRA NO.0872,COOPERATIVA,GENERAL SAAVEDRA,SANTA CRUZ,240.53,MAIZ,799,22170.249999999996,27.992739898989896,65.128531,11.36111251580278,0.7932916145181476,36.5508014571949,18.593835376532397,0.143930,85
873,RODRIGO COPA MACHACA,INDIVIDUAL,SAN PEDRO,SANTA CRUZ,237.49,SOYA/MAIZ,749,20678.62,27.906369770580294,58.887149,11.318616438356164,0.8040587449933244,36.51260952380952,18.536375711574955,0.180240,85
874,ASOC. PROD. ROBORE NO.0874,ASOCIACION,ROBORE,SANTA CRUZ,294.68,MAIZ,1593,44586.380000000005,28.25499366286439,135.995322,11.39245028864657,0.8174199623352166,36.45746389891697,18.517473958333333,0.142498,85
875,ASOC. PROD. YAPACANI NO.0875,ASOCIACION,YAPACANI,SANTA CRUZ,769.43,SOYA,991,27446.71,28.09284544524053,94.163412,11.438378099173555,0.8014127144298689,36.52863298662704,18.508476052249637,0.142281,85
876,ASOC. PROD. OKINAWA NO.0876,COOPERATIVA,OKINAWA,SANTA CRUZ,30.93,SOYA,1787,50137.939999999995,28.326519774011295,167.249974,11.393171705647461,0.8033407946278678,36.52631537861046,18.437842519685038,0.152210,85
877,MIGUEL CONDORI COLQUE,INDIVIDUAL,MINEROS,SANTA CRUZ,18.87,MAIZ,225,6384.94,28.377511111111108,21.901680000000002,11.518868778280543,0.7556888888888889,36.57167630057804,18.43385135135135,0.151111,79
878,ASOC. PROD. SANTA ROSA NO.0878,ASOCIACION,SANTA ROSA,SANTA CRUZ,65.61,SOYA,272,7531.160000000001,27.996877323420076,24.712995000000003,11.371984732824426,0.8541911764705884,36.552741116751264,18.546666666666667,0.132353,84
879,CARMEN MAMANI SORIA,INDIVIDUAL,GENERAL SAAVEDRA,SANTA CRUZ,143.81,SOYA/MAIZ,294,8036.58,27.617113402061854,22.772097,11.442431506849314,0.8247959183673469,36.51810945273632,18.4134,0.129252,81
880,ASOC. PROD. EL TORNO NO.0880,COOPERATIVA,EL TORNO,SANTA CRUZ,172.55,SOYA,1296,36095.46,28.111728971962616,88.39348799999999,11.322843676355069,0.7642206790123457,36.50389269406392,18.514188596491227,0.157407,85
881,ASOC. PROD. SAN JULIAN NO.0881,COOPERATIVA,SAN JULIAN,SANTA CRUZ,195.11,SOYA,758,20925.909999999996,28.050817694369968,56.23598199999999,11.352640750670242,0.7926253298153033,36.61055555555556,18.488518518518514,0.149077,85
882,ASOC. PROD. GENERAL SAAVEDRA NO.0882,ASOCIACION,GENERAL SAAVEDRA,SANTA CRUZ,74.52,SOYA,791,22129.289999999997,28.262183908045973,68.735235,11.287278562259306,0.7963211125158026,36.60253283302063,18.4560777385159,0.176991,85
883,AGROP. MORALES HNOS. S.R.L.,EMPRESA AGROPECUARIA,EL TORNO,SANTA CRUZ,98.03,SOYA,1277,36005.67,28.373262411347515,131.573932,11.506910246227164,0.8205716523101019,36.47890929965556,18.527408256880733,0.148786,85
884,RICHARD PEDRAZA SANCHEZ,INDIVIDUAL,GENERAL SAAVEDRA,SANTA CRUZ,36.08,SOYA/MAIZ,773,21514.949999999997,27.941493506493504,61.628541,11.276102362204723,0.8200776196636481,36.45556818181819,18.364412296564197,0.169470,85
885,VICTOR CHUQUIMIA SORIA,INDIVIDUAL,COTOCA,SANTA CRUZ,125.04,SOYA,277,7715.68,28.057018181818183,30.694431000000005,11.588518518518518,0.7995306859205775,36.586341463414634,18.584729064039408,0.169675,81
886,VIVIANA CONDORI MARTINEZ,INDIVIDUAL,WARNES,SANTA CRUZ,111.91,MAIZ,533,14715.67,28.02984761904762,44.470487,11.288236434108526,0.8622889305816136,36.639253333333336,18.372441558441558,0.131332,85
887,ASOC. PROD. COTOCA NO.0887,ASOCIACION,COTOCA,SANTA CRUZ,65.14,SOYA,542,15300.940000000002,28.387643784786647,43.181376,11.31074487895717,0.8494649446494464,36.61957671957671,18.504772117962467,0.156827,85
888,WILBER CHOQUE CASTRO,INDIVIDUAL,WARNES,SANTA CRUZ,160.71,SOYA,791,22376.020000000004,28.504484076433126,82.38770499999998,11.4061319534282,0.8235145385587863,36.477016274864376,18.477085610200366,0.150442,85
889,AGROP. SANDOVAL HNOS. S.R.L.,EMPRESA AGROPECUARIA,PORTACHUELO,SANTA CRUZ,118.28,SOYA/MAIZ,1079,30394.17,28.299972067039104,101.23697700000001,11.401935176358435,0.8066450417052826,36.49883940620783,18.566413333333337,0.138091,85
890,AGROP. RODRIGUEZ HNOS. S.R.L.,EMPRESA AGROPECUARIA,SAN PEDRO,SANTA CRUZ,53.44,SOYA,1025,28496.420000000002,28.102978303747538,78.611783,11.35097512437811,0.7801658536585366,36.52105797101449,18.487708628005656,0.160976,85
891,DIEGO FLORES CHAMBI,COMUNIDAD,MONTERO,SANTA CRUZ,22.83,SOYA/MAIZ,1593,44242.43000000001,28.07260786802031,132.77831200000003,11.354885057471265,0.8304519774011299,36.61385585585586,18.54844545454545,0.158192,85
892,DAVID CATACORA LIMA,INDIVIDUAL,PUERTO SUAREZ,SANTA CRUZ,63.3,SOYA,476,13156.61,27.933354564755838,41.056463,11.306581196581195,0.7956512605042018,36.52648809523809,18.437083333333334,0.157563,85
893,SUSANA CATACORA QUISPE,INDIVIDUAL,GENERAL SAAVEDRA,SANTA CRUZ,65.06,SOYA,512,14193.38,28.050158102766797,34.154726,11.179361277445107,0.7622265625,36.33972222222222,18.4880056980057,0.144531,84
894,MARCELO QUISPE LIMA,INDIVIDUAL,LA GUARDIA,SANTA CRUZ,470.87,SOYA,506,14152.56,28.08047619047619,38.082958,11.382951807228915,0.780316205533597,36.62501400560223,18.49039325842697,0.148221,85
896,JUAN COPA HUANCA,INDIVIDUAL,GENERAL SAAVEDRA,SANTA CRUZ,108.17,SOYA/MAIZ,1012,28263.57,28.150966135458166,78.426383,11.378132530120483,0.8061758893280633,36.4502743484225,18.49869014084507,0.165020,85
897,SANDRA VILLCA VARGAS,INDIVIDUAL,EL TORNO,SANTA CRUZ,54.39,SOYA,1557,43129.530000000006,28.060852309694212,130.594033,11.415384114583333,0.807874116891458,36.44071883530482,18.568787602552415,0.165703,85
898,ASOC. PROD. COTOCA NO.0898,ASOCIACION,COTOCA,SANTA CRUZ,34.3,SOYA,796,21924.379999999997,27.89361323155216,73.12867299999999,11.357912932138285,0.7935427135678391,36.54445804195804,18.48956672443674,0.143216,85
899,FELIX MONTAÑO MACHACA,INDIVIDUAL,WARNES,SANTA CRUZ,92.49,SOYA,1034,29197.730000000003,28.56920743639922,94.318982,11.445756676557863,0.814651837524178,36.416828571428574,18.546093535075652,0.148936,85
900,ASOC. PROD. CHARAGUA NO.0900,COOPERATIVA,CHARAGUA,SANTA CRUZ,72.58,SOYA,1052,29288.61,28.13507204610951,87.849535,11.390193986420948,0.8236311787072244,36.51528120713306,18.407397820163485,0.169202,85
901,AGROP. RODRIGUEZ HNOS. S.R.L.,EMPRESA AGROPECUARIA,SAN PEDRO,SANTA CRUZ,178.54,SOYA,743,20865.3,28.34959239130435,60.19366,11.464506849315066,0.799528936742934,36.56333333333333,18.527351247600766,0.148048,85
902,ASOC. PROD. EL TORNO NO.0902,ASOCIACION,EL TORNO,SANTA CRUZ,100.29,SOYA/MAIZ,1318,36654.57,28.130905602455872,108.329277,11.366494925839186,0.7651669195751137,36.419899553571426,18.5465144766147,0.149469,85
903,AGROP. ALVARADO HNOS. S.R.L.,EMPRESA AGROPECUARIA,MONTERO,SANTA CRUZ,68.31,MAIZ,524,14718.870000000003,28.251190019193864,37.596842,11.29958904109589,0.7960496183206107,36.27943977591037,18.556498673740055,0.158397,85
904,ASOC. PROD. PUERTO SUAREZ NO.0904,ASOCIACION,PUERTO SUAREZ,SANTA CRUZ,58.34,SOYA,727,20483.66,28.29234806629834,64.317386,11.37904761904762,0.7923796423658871,36.52522157996147,18.52992015968064,0.166437,85
905,CAMILA VILLCA MORALES,INDIVIDUAL,MONTERO,SANTA CRUZ,187.34,SOYA,1465,40525.66,27.948731034482762,126.55870900000002,11.454645340751043,0.7701160409556316,36.48951783992286,18.462193927522037,0.156314,85
906,AGROP. CONDORI HNOS. S.R.L.,EMPRESA AGROPECUARIA,PORTACHUELO,SANTA CRUZ,83.2,SOYA,990,27849.729999999996,28.389123343527007,75.402691,11.296835051546392,0.7879090909090909,36.613855072463764,18.513065693430658,0.140404,85
907,ASOC. PROD. SAN PEDRO NO.0907,ASOCIACION,SAN PEDRO,SANTA CRUZ,90.97,SOYA,1202,33771.66,28.30818105616094,104.43997700000001,11.346584953508032,0.8115723793677205,36.492371257485026,18.513636363636365,0.155574,85
908,ASOC. PROD. CHARAGUA NO.0908,ASOCIACION,CHARAGUA,SANTA CRUZ,60.92,GIRASOL,1275,35461.67,28.16653693407466,123.15529900000001,11.443389967637541,0.8054745098039215,36.449965870307174,18.447438370846733,0.149804,85
909,FREDDY CHUQUIMIA PEDRAZA,INDIVIDUAL,ROBORE,SANTA CRUZ,47.79,MAIZ,491,13578.51,27.824815573770493,51.10049600000001,11.346576763485478,0.8469042769857434,36.48158823529411,18.559703264094956,0.158859,84
910,ASOC. PROD. CUATRO CANADAS NO.0910,ASOCIACION,CUATRO CANADAS,SANTA CRUZ,60.25,MAIZ,1016,28391.04,28.39104,106.46496200000001,11.37379137412237,0.8087106299212599,36.531628895184134,18.55353107344633,0.163386,85
911,ASOC. PROD. PUERTO SUAREZ NO.0911,COOPERATIVA,PUERTO SUAREZ,SANTA CRUZ,39.0,SOYA,1333,37452.22,28.37289393939394,98.67422200000001,11.426027713625867,0.7558889722430607,36.57061956521739,18.530859872611465,0.139535,85
912,ASOC. PROD. LA GUARDIA NO.0912,ASOCIACION,LA GUARDIA,SANTA CRUZ,74.19,SOYA,1260,34812.17999999999,27.87204163330664,95.154673,11.351034761519806,0.774952380952381,36.529966740576505,18.555494880546075,0.144444,85
913,VICTOR CONDORI VARGAS,INDIVIDUAL,PUERTO SUAREZ,SANTA CRUZ,75.1,SOYA,766,21534.999999999996,28.29829172141918,59.44409499999999,11.314645247657298,0.8187597911227154,36.49506542056075,18.407674858223064,0.168407,85
914,AGROP. COPA HNOS. S.R.L.,EMPRESA AGROPECUARIA,MINEROS,SANTA CRUZ,93.66,SOYA,1537,42548.39,27.882300131061598,128.395081,11.383603723404255,0.7718867924528302,36.50406954887218,18.504821917808222,0.140534,85
915,ASOC. PROD. MINEROS NO.0915,COOPERATIVA,MINEROS,SANTA CRUZ,44.07,SOYA,546,15166.390000000001,27.98226937269373,38.224512,11.336852886405959,0.786978021978022,36.61692708333333,18.363091397849463,0.153846,85
916,LORENA HUANCA CRUZ,COMUNIDAD,GENERAL SAAVEDRA,SANTA CRUZ,16.13,SOYA,268,7520.410000000001,28.272218045112783,27.049257000000004,11.37098113207547,0.8677611940298506,36.34601063829788,18.508704663212434,0.182836,81
917,ASOC. PROD. PUERTO SUAREZ NO.0917,COOPERATIVA,PUERTO SUAREZ,SANTA CRUZ,126.28,SOYA,247,6692.24,27.884333333333334,14.644250999999999,11.153858921161826,0.7544939271255061,36.51964912280702,18.355058139534883,0.145749,79
918,ASOC. PROD. OKINAWA NO.0918,ASOCIACION,OKINAWA,SANTA CRUZ,119.44,SOYA,1779,49586.54,28.078448471121177,151.290678,11.405816618911176,0.8113378302417088,36.48852118305356,18.53635930047695,0.161889,85
920,ASOC. PROD. LA GUARDIA NO.0920,ASOCIACION,LA GUARDIA,SANTA CRUZ,159.09,SOYA,999,27364.76,28.008966223132035,97.71738400000001,11.448705402650358,0.7768668668668669,36.43797619047619,18.58789548022599,0.142142,85
921,DANIEL CALLISAYA NAVIA,INDIVIDUAL,CHARAGUA,SANTA CRUZ,52.22,SOYA,275,7654.51,28.03849816849817,28.877646000000002,11.445298507462686,0.8035636363636364,36.407313432835814,18.540212765957445,0.127273,83
922,RONALD RIVERO CHAMBI,INDIVIDUAL,PORTACHUELO,SANTA CRUZ,77.11,SOYA,784,21947.38,28.24630630630631,73.557012,11.445449804432855,0.7703954081632653,36.558861480075905,18.404903339191563,0.150510,85
923,CARLOS CUELLAR PINTO,INDIVIDUAL,SAN JULIAN,SANTA CRUZ,102.02,SOYA,512,14225.27,28.224742063492066,48.127931000000004,11.51274900398406,0.76263671875,36.42617728531856,18.51973607038123,0.171875,84
924,ALBERTO LIMA PEREZ,COMUNIDAD,MINEROS,SANTA CRUZ,84.47,MAIZ,775,21329.2,27.84490861618799,68.94435900000002,11.404079470198676,0.8066322580645161,36.46538022813689,18.469841549295772,0.147097,85
925,ASOC. PROD. EL TORNO NO.0925,ASOCIACION,EL TORNO,SANTA CRUZ,75.14,SOYA/MAIZ,1018,28170.469999999998,27.974647467725916,72.332083,11.359170829170829,0.7971218074656189,36.43975783475784,18.58891461649783,0.162083,85
926,AGROP. GARCIA HNOS. S.R.L.,EMPRESA AGROPECUARIA,PAILON,SANTA CRUZ,255.12,SOYA,268,7482.419999999999,28.129398496240597,14.895172,11.273065134099618,0.74705223880597,36.50583783783784,18.37900552486188,0.164179,80
927,ASOC. PROD. MINEROS NO.0927,COOPERATIVA,MINEROS,SANTA CRUZ,392.25,MAIZ,493,13783.989999999998,28.18811860940695,58.304585,11.354235537190084,0.8867139959432048,36.48191549295774,18.567214484679667,0.144016,85
928,IVAN HUANCA MARTINEZ,INDIVIDUAL,MINEROS,SANTA CRUZ,168.54,GIRASOL,1031,28941.64,28.2633203125,85.48731000000001,11.423870646766169,0.7917167798254121,36.46326502732241,18.38099150141643,0.162949,85
929,AGROP. YUJRA HNOS. S.R.L.,EMPRESA AGROPECUARIA,PAILON,SANTA CRUZ,50.19,SOYA,1321,36767.200000000004,28.066564885496188,130.383675,11.455660964230173,0.7995382286146859,36.49336980306346,18.362539325842697,0.148372,85
930,PATRICIA MONTAÑO RODRIGUEZ,INDIVIDUAL,MONTERO,SANTA CRUZ,104.7,SOYA,252,6877.759999999999,27.62152610441767,16.860051,11.368080000000003,0.7180555555555556,36.58194444444445,18.587853107344635,0.150794,79
931,ASOC. PROD. EL TORNO NO.0931,ASOCIACION,EL TORNO,SANTA CRUZ,23.43,SOYA,756,21095.88,28.240803212851407,58.399034000000015,11.289986504723347,0.8099338624338626,36.49474285714286,18.491109057301298,0.144180,85
932,MARCELO MERCADO CRUZ,INDIVIDUAL,MONTERO,SANTA CRUZ,275.16,SOYA,768,21721.020000000004,28.505275590551186,76.173761,11.439257294429707,0.8640104166666668,36.51709023941068,18.577196261682243,0.152344,85
933,ASOC. PROD. SANTA ROSA NO.0933,ASOCIACION,SANTA ROSA,SANTA CRUZ,155.71,SOYA,490,13575.31,27.990329896907216,37.53109299999999,11.396430062630479,0.8370816326530611,36.31215743440234,18.416656804733726,0.140816,85
934,ALEJANDRA HUANCA MEDINA,INDIVIDUAL,SAN PEDRO,SANTA CRUZ,101.77,SOYA,246,6875.94,28.065061224489796,28.621492,11.372845188284517,0.8627235772357723,36.80103658536585,18.275260115606937,0.138211,80
935,MARCELO CRUZ VILLCA,INDIVIDUAL,SAN PEDRO,SANTA CRUZ,160.65,MAIZ,991,27813.08,28.12242669362993,87.961657,11.430246659815005,0.8018264379414733,36.44969696969697,18.584885714285715,0.135217,85
936,ASOC. PROD. PORTACHUELO NO.0936,COOPERATIVA,PORTACHUELO,SANTA CRUZ,130.52,SOYA,538,14923.88,27.999774859287054,37.102844000000005,11.409168241965975,0.7558364312267658,36.51896907216495,18.539308357348702,0.159851,85
937,ASOC. PROD. PUERTO QUIJARRO NO.0937,COOPERATIVA,PUERTO QUIJARRO,SANTA CRUZ,50.84,SOYA,565,15561.030000000002,27.837262969588554,60.157858000000004,11.461046931407942,0.8371327433628319,36.556649746192896,18.599537712895376,0.180531,85
938,DANIEL APAZA SANCHEZ,INDIVIDUAL,PORTACHUELO,SANTA CRUZ,28.82,SOYA,259,7262.970000000001,28.260583657587553,19.532289,11.28674603174603,0.7958687258687259,36.3143956043956,18.425898876404492,0.166023,83
939,CLAUDIA CHAMBI PEREZ,INDIVIDUAL,MONTERO,SANTA CRUZ,122.49,SOYA,499,13798.11,27.818770161290324,38.80146500000001,11.418167006109979,0.723807615230461,36.69812324929972,18.53197771587744,0.124248,85
940,ASOC. PROD. PORTACHUELO NO.0940,COOPERATIVA,PORTACHUELO,SANTA CRUZ,14.07,GIRASOL,811,22423.24,27.92433374844334,65.63384599999999,11.369725685785538,0.7998397040690507,36.49723021582734,18.39111524163569,0.140567,85
941,ASOC. PROD. CUATRO CANADAS NO.0941,COOPERATIVA,CUATRO CANADAS,SANTA CRUZ,110.73,SOYA,559,15767.869999999999,28.410576576576574,51.743865,11.412057761732854,0.8321645796064401,36.53841836734694,18.481086419753087,0.139535,85
942,JESSICA COPA NAVIA,INDIVIDUAL,PORTACHUELO,SANTA CRUZ,92.9,MAIZ,496,13826.53,28.159938900203667,31.688159000000002,11.399337474120085,0.7441129032258066,36.45372434017596,18.487422969187673,0.145161,85
943,ASOC. PROD. SAN JULIAN NO.0943,ASOCIACION,SAN JULIAN,SANTA CRUZ,38.86,SOYA,481,13343.300000000001,27.97337526205451,34.848254999999995,11.281549893842886,0.7783991683991683,36.510625,18.516371681415926,0.164241,85
944,ASOC. PROD. MONTERO NO.0944,COOPERATIVA,MONTERO,SANTA CRUZ,182.93,GIRASOL,760,21157.739999999998,28.135292553191487,68.178202,11.38598657718121,0.8159078947368421,36.41128205128205,18.44431067961165,0.155263,85
945,CAMILA PEREZ MARCA,INDIVIDUAL,SAN JULIAN,SANTA CRUZ,147.31,SOYA/MAIZ,518,14345.349999999999,27.963645224171536,35.93029,11.378165680473373,0.805888030888031,36.50952513966481,18.456567567567564,0.158301,85
946,LAURA RIVERO APAZA,INDIVIDUAL,PUERTO SUAREZ,SANTA CRUZ,77.5,SOYA,1340,37103.869999999995,28.15164643399089,134.22572699999998,11.50821212121212,0.8163955223880597,36.49148148148148,18.59420560747663,0.162687,85
947,CARMEN SANCHEZ COPA,INDIVIDUAL,ROBORE,SANTA CRUZ,117.28,SOYA,791,21685.280000000002,27.766043533930862,75.620253,11.438670143415905,0.8083565107458912,36.48256363636364,18.527673611111112,0.151707,85
948,AGROP. CUELLAR HNOS. S.R.L.,EMPRESA AGROPECUARIA,EL TORNO,SANTA CRUZ,68.01,SOYA/MAIZ,265,7354.400000000001,28.07022900763359,22.011231,11.306412213740458,0.8187924528301886,36.47727272727273,18.72869565217391,0.128302,83
949,FREDDY SANCHEZ GUTIERREZ,INDIVIDUAL,PUERTO SUAREZ,SANTA CRUZ,110.7,SOYA,1045,29210.339999999997,28.086865384615383,95.772192,11.489389162561576,0.7878086124401914,36.56041193181819,18.457469879518072,0.134928,85
950,AGROP. LIMA HNOS. S.R.L.,EMPRESA AGROPECUARIA,CUATRO CANADAS,SANTA CRUZ,53.63,SOYA,808,22518.09,28.112471910112358,66.44218,11.374002525252527,0.8410643564356436,36.40455357142858,18.464043321299638,0.146040,85
951,AGROP. VARGAS HNOS. S.R.L.,EMPRESA AGROPECUARIA,WARNES,SANTA CRUZ,58.35,GIRASOL,1038,28818.81,27.95228903976722,113.08248900000001,11.453326810176124,0.7978034682080924,36.5274,18.4661059602649,0.156069,85
952,FELIX PUMA CRUZ,INDIVIDUAL,PAILON,SANTA CRUZ,103.1,MAIZ,260,7274.17,28.194457364341087,21.555129,11.32609561752988,0.8676923076923077,36.605326086956524,18.50108695652174,0.161538,83
953,RAUL ROMERO CUELLAR,INDIVIDUAL,SAN JULIAN,SANTA CRUZ,35.95,SOYA,1076,29885.0,28.061032863849764,92.735729,11.496954459203035,0.828317843866171,36.43739014647137,18.439805950840878,0.133829,85
954,ASOC. PROD. OKINAWA NO.0954,ASOCIACION,OKINAWA,SANTA CRUZ,133.54,GIRASOL,518,14400.29,27.907538759689924,37.148134,11.404570312499999,0.7762162162162162,36.63525568181818,18.46950146627566,0.160232,84
955,ENRIQUE PEDRAZA APAZA,INDIVIDUAL,CUATRO CANADAS,SANTA CRUZ,103.72,SOYA,498,14042.14,28.19706827309237,37.745582,11.146680327868852,0.8104216867469879,36.48748554913294,18.607322404371583,0.152610,84
956,ALFREDO MARCA SUAREZ,INDIVIDUAL,PORTACHUELO,SANTA CRUZ,55.92,SOYA/MAIZ,786,21788.399999999998,27.969704749679074,93.16004100000002,11.54680412371134,0.8151781170483461,36.408426763110306,18.452342342342344,0.157761,85
957,ASOC. PROD. LA GUARDIA NO.0957,ASOCIACION,LA GUARDIA,SANTA CRUZ,55.69,SOYA/MAIZ,1567,43419.030000000006,27.994216634429403,151.90944900000002,11.436761658031088,0.810472239948947,36.579972014925374,18.534728464419477,0.135929,85
958,ASOC. PROD. ROBORE NO.0958,ASOCIACION,ROBORE,SANTA CRUZ,863.04,SOYA,231,6263.58,27.71495575221239,24.701507000000003,11.222456140350877,0.7876623376623377,36.606,18.46145569620253,0.181818,80
959,MONICA VARGAS CONDORI,INDIVIDUAL,WARNES,SANTA CRUZ,136.46,SOYA/MAIZ,510,14355.68,28.483492063492065,34.46617500000001,11.312743538767396,0.7965294117647058,36.542994186046506,18.550244565217394,0.145098,85
960,AGROP. MACHACA HNOS. S.R.L.,EMPRESA AGROPECUARIA,COTOCA,SANTA CRUZ,86.25,MAIZ,1510,42351.740000000005,28.272189586114823,126.381592,11.395496286293046,0.793503311258278,36.528042870456666,18.545300092336106,0.149007,85
961,VANESSA MORALES MORALES,INDIVIDUAL,ROBORE,SANTA CRUZ,70.77,SOYA,1830,51201.119999999995,28.225534729878717,160.364511,11.389972113775796,0.8230601092896175,36.50783216783216,18.477657450076805,0.145902,85
963,ASOC. PROD. GENERAL SAAVEDRA NO.0963,COOPERATIVA,GENERAL SAAVEDRA,SANTA CRUZ,66.13,SOYA,250,6798.91,27.864385245901637,22.160243000000005,11.27797520661157,0.8486399999999998,36.787573964497035,18.59527272727273,0.136000,78
964,ASOC. PROD. GENERAL SAAVEDRA NO.0964,COOPERATIVA,GENERAL SAAVEDRA,SANTA CRUZ,30.03,SOYA,498,13804.510000000002,27.944352226720653,38.211556,11.26694045174538,0.8049799196787149,36.3642061281337,18.534134897360705,0.136546,85
965,GUSTAVO CUELLAR CRUZ,INDIVIDUAL,GENERAL SAAVEDRA,SANTA CRUZ,55.02,SOYA,1300,36263.18,28.176519036519036,117.39464,11.340055074744296,0.8346076923076923,36.53248606465998,18.456300639658846,0.153846,85
966,ASOC. PROD. GENERAL SAAVEDRA NO.0966,COOPERATIVA,GENERAL SAAVEDRA,SANTA CRUZ,93.07,SOYA/MAIZ,230,6185.57,27.49142222222222,20.970726,11.33982142857143,0.9034347826086956,36.565031055900626,18.4829746835443,0.165217,79
967,ASOC. PROD. YAPACANI NO.0967,ASOCIACION,YAPACANI,SANTA CRUZ,243.2,GIRASOL,1909,53140.23,28.25105263157895,173.5863,11.434679829242263,0.7825615505500264,36.468559822747416,18.480184757505775,0.150340,85
968,DANIELA TORREZ QUISPE,INDIVIDUAL,MINEROS,SANTA CRUZ,369.09,SOYA,1339,37500.219999999994,28.34483749055177,99.08272699999999,11.35894858019954,0.7691187453323377,36.531958762886596,18.45422126745435,0.147125,85
969,ASOC. PROD. SAN JULIAN NO.0969,ASOCIACION,SAN JULIAN,SANTA CRUZ,120.6,SOYA,1113,30917.410000000003,28.132311191992724,87.16912400000001,11.179271402550091,0.7983468104222821,36.44515375153752,18.481869398207426,0.158131,85
970,JESSICA ALVARADO ALVARADO,INDIVIDUAL,SAN JULIAN,SANTA CRUZ,47.63,SOYA/MAIZ,521,14641.89,28.375755813953486,42.483148,11.560528375733856,0.7689827255278311,36.339891598916,18.529162011173185,0.143954,85
971,ASOC. PROD. PUERTO SUAREZ NO.0971,COOPERATIVA,PUERTO SUAREZ,SANTA CRUZ,126.03,MAIZ,797,22258.449999999997,28.354713375796173,72.280304,11.390141752577321,0.8312045169385195,36.457643884892086,18.53001788908766,0.151819,85
972,CINTHIA AGUILAR MACHACA,INDIVIDUAL,PORTACHUELO,SANTA CRUZ,231.78,SOYA/MAIZ,739,20274.93,27.811975308641976,58.023145000000014,11.339453015427772,0.8037347767253045,36.450526315789475,18.45203592814371,0.163735,85
974,ASOC. PROD. CHARAGUA NO.0974,ASOCIACION,CHARAGUA,SANTA CRUZ,78.53,SOYA,804,22375.489999999998,28.14527044025157,69.488281,11.338836915297092,0.8517910447761194,36.44211243611584,18.576258865248224,0.144279,85
975,BORIS YUJRA SORIA,INDIVIDUAL,MONTERO,SANTA CRUZ,275.74,SOYA,541,15126.18,28.220485074626865,37.526174000000005,11.316266416510317,0.7887430683918669,36.46472000000001,18.512533692722375,0.149723,85
976,ASOC. PROD. WARNES NO.0976,ASOCIACION,WARNES,SANTA CRUZ,176.95,SOYA/MAIZ,264,7713.31,29.328174904942966,19.029262,11.389616858237547,0.7965909090909091,36.51305263157896,18.739375,0.147727,81
977,ASOC. PROD. WARNES NO.0977,ASOCIACION,WARNES,SANTA CRUZ,80.74,SOYA,817,22471.879999999997,27.811732673267322,70.09011699999999,11.340671641791044,0.831970624235006,36.534785714285704,18.546039783001806,0.144431,85
978,ELIZABETH SANCHEZ HUANCA,INDIVIDUAL,SANTA ROSA,SANTA CRUZ,211.12,MAIZ,234,6613.9800000000005,28.38618025751073,30.258902000000006,11.20517391304348,0.8671367521367522,36.689518072289154,18.46305389221557,0.149573,81
979,ROBERTO ROMERO AGUILAR,INDIVIDUAL,WARNES,SANTA CRUZ,90.17,SOYA,753,20988.46,28.21029569892473,71.413729,11.405060893098783,0.8416733067729083,36.490661764705884,18.46522330097087,0.177955,85
981,ASOC. PROD. ROBORE NO.0981,COOPERATIVA,ROBORE,SANTA CRUZ,34.31,MAIZ,776,21423.230000000003,28.004222222222225,79.126726,11.46262467191601,0.8589175257731958,36.46427221172022,18.58592391304348,0.140464,85
982,JULIO SANDOVAL FLORES,INDIVIDUAL,CUATRO CANADAS,SANTA CRUZ,115.77,SOYA,253,7041.340000000001,28.05314741035857,22.261074,11.424268292682926,0.812608695652174,36.569786096256685,18.518048780487803,0.166008,78
983,JULIO GARCIA PUMA,INDIVIDUAL,EL TORNO,SANTA CRUZ,44.61,SOYA,262,7339.450000000001,28.22865384615385,18.061931,11.253984375000002,0.8008778625954199,36.390559006211184,18.54858695652174,0.148855,84
984,AGROP. CHOQUE HNOS. S.R.L.,EMPRESA AGROPECUARIA,YAPACANI,SANTA CRUZ,78.38,SOYA,1053,29288.600000000002,28.054214559386974,86.39021,11.32966990291262,0.7664197530864199,36.49160054719562,18.59553450608931,0.162393,85
985,ASOC. PROD. LA GUARDIA NO.0985,ASOCIACION,LA GUARDIA,SANTA CRUZ,54.64,SOYA,792,22328.68,28.335888324873096,65.451536,11.223883870967743,0.8247727272727273,36.38206831119545,18.41602131438721,0.152778,85
986,AGROP. MORALES HNOS. S.R.L.,EMPRESA AGROPECUARIA,CUATRO CANADAS,SANTA CRUZ,44.29,SOYA,993,27850.529999999995,28.1887955465587,74.060522,11.33173868312757,0.7936052366565962,36.55978753541077,18.509369501466274,0.154079,85
987,FREDDY LOPEZ CALLISAYA,INDIVIDUAL,PUERTO QUIJARRO,SANTA CRUZ,290.31,SOYA,482,13192.01,27.831244725738397,53.699949000000004,11.521606765327697,0.8146265560165974,36.49429824561403,18.40304093567251,0.157676,85
988,ASOC. PROD. PAILON NO.0988,COOPERATIVA,PAILON,SANTA CRUZ,68.81,SOYA/MAIZ,1043,29048.81,28.23013605442177,81.146947,11.341499513145083,0.7897027804410354,36.489781718963165,18.465544827586207,0.180249,85
989,ASOC. PROD. CUATRO CANADAS NO.0989,COOPERATIVA,CUATRO CANADAS,SANTA CRUZ,607.54,SOYA,985,27410.85,28.25860824742268,80.837627,11.341658031088082,0.7984162436548224,36.60500729927007,18.543598265895955,0.156345,85
990,IVAN PEREZ CHOQUE,COMUNIDAD,MINEROS,SANTA CRUZ,78.39,MAIZ,2106,58669.3,28.071435406698566,191.636788,11.386358774914923,0.8266144349477682,36.49401525658807,18.510761245674743,0.150047,85
991,ASOC. PROD. GENERAL SAAVEDRA NO.0991,ASOCIACION,GENERAL SAAVEDRA,SANTA CRUZ,117.28,MAIZ,775,21801.52,28.424406779661016,61.326452,11.326301188903567,0.8216645161290322,36.499401088929226,18.54919540229885,0.136774,85
992,CARLOS MONTAÑO AGUILAR,INDIVIDUAL,OKINAWA,SANTA CRUZ,41.96,SOYA,1016,28210.969999999998,27.904025717111768,95.953648,11.44584,0.8036712598425196,36.58657631954351,18.488634361233483,0.139764,85
993,FERNANDO SORIA QUISPE,INDIVIDUAL,GENERAL SAAVEDRA,SANTA CRUZ,45.08,SOYA,1028,28100.479999999996,27.849831516352822,97.68073700000001,11.42708043694141,0.7811089494163423,36.37043715846994,18.449874125874125,0.146887,85
995,PEDRO CONDORI ANTELO,INDIVIDUAL,BUEN RETIRO,SANTA CRUZ,54.58,SOYA,1296,35619.0,27.936470588235295,101.79061200000001,11.347640984908658,0.7870524691358024,36.467135076252724,18.453201803833146,0.165895,85
996,ASOC. PROD. SAN PEDRO NO.0996,ASOCIACION,SAN PEDRO,SANTA CRUZ,80.31,SOYA,275,7642.710000000001,27.99527472527473,26.039307,11.31345724907063,0.8889090909090909,36.75372340425532,18.506142131979697,0.152727,80
997,DANIELA CATACORA TORREZ,COMUNIDAD,SAN PEDRO,SANTA CRUZ,409.73,GIRASOL,1246,34357.96000000001,27.933300813008135,95.997969,11.345929565929564,0.8030176565008025,36.60491486946652,18.544086651053863,0.162119,85
998,ASOC. PROD. SANTA ROSA NO.0998,ASOCIACION,SANTA ROSA,SANTA CRUZ,50.7,SOYA,521,14515.579999999998,28.022355212355208,44.289117000000005,11.433599221789883,0.7653358925143955,36.5708527131783,18.51174157303371,0.138196,85
999,ASOC. PROD. ROBORE NO.0999,ASOCIACION,ROBORE,SANTA CRUZ,40.47,SOYA,507,14382.34,28.593121272365806,45.331199999999995,11.354990059642146,0.8585798816568048,36.53339832869081,18.54792243767313,0.153846,85
1000,ANDREA CHUQUIMIA HUANCA,COMUNIDAD,ROBORE,SANTA CRUZ,80.02,SOYA,242,6715.7,27.982083333333332,21.468813000000004,11.400333333333332,0.8473966942148761,36.589999999999996,18.625889570552143,0.177686,80
1002,ASOC. PROD. PUERTO SUAREZ NO.1002,ASOCIACION,PUERTO SUAREZ,SANTA CRUZ,264.4,SOYA,518,14386.61,28.09884765625,38.17029599999999,11.287485148514849,0.7845559845559845,36.51699481865285,18.411493333333336,0.113900,84
1003,ASOC. PROD. WARNES NO.1003,COOPERATIVA,WARNES,SANTA CRUZ,155.8,SOYA/MAIZ,500,14105.619999999999,28.43875,32.665459000000006,11.356878850102667,0.7384200000000001,36.574281609195396,18.532238372093023,0.152000,84
1004,DANIEL GARCIA HUANCA,INDIVIDUAL,CUATRO CANADAS,SANTA CRUZ,177.04,SOYA,1260,34886.270000000004,27.88670663469225,89.01915899999999,11.340056726094003,0.7835555555555557,36.41699882766705,18.46472063854048,0.162698,85
1006,ASOC. PROD. PUERTO QUIJARRO NO.1006,COOPERATIVA,PUERTO QUIJARRO,SANTA CRUZ,99.14,GIRASOL,1025,28642.949999999997,28.136493123772098,93.82060600000001,11.419165009940357,0.7943317073170731,36.477631578947374,18.554458874458874,0.149268,85
1007,FERNANDO CUELLAR MAMANI,INDIVIDUAL,PAILON,SANTA CRUZ,78.07,SOYA,253,7090.02,28.247091633466137,17.464594,11.309112903225806,0.7801976284584979,36.45153846153846,18.590882352941176,0.134387,77
1008,ASOC. PROD. SAN PEDRO NO.1008,COOPERATIVA,SAN PEDRO,SANTA CRUZ,67.32,SOYA,1050,29282.44,28.156192307692308,91.730755,11.341242718446603,0.787295238095238,36.457436974789914,18.500946123521683,0.151429,85
1009,ASOC. PROD. GENERAL SAAVEDRA NO.1009,ASOCIACION,GENERAL SAAVEDRA,SANTA CRUZ,37.01,SOYA,757,21142.949999999997,28.190599999999996,79.589125,11.398247978436657,0.8069881109643329,36.406832061068705,18.429032258064517,0.138705,85
1010,ASOC. PROD. PAILON NO.1010,ASOCIACION,PAILON,SANTA CRUZ,38.78,SOYA,1568,43626.2,28.182299741602066,108.45175700000001,11.322832898172324,0.7623469387755103,36.423062898814955,18.415834092980855,0.142219,85
1011,CHRISTIAN CHOQUE SANDOVAL,INDIVIDUAL,BUEN RETIRO,SANTA CRUZ,186.61,MAIZ,763,21033.930000000004,27.712687747035577,68.23006000000001,11.482016348773842,0.7576933158584537,36.4840837696335,18.39451438848921,0.169069,85
1012,JULIO MERCADO VASQUEZ,INDIVIDUAL,CUATRO CANADAS,SANTA CRUZ,108.61,SOYA/MAIZ,469,13017.050000000001,28.23655097613883,31.518096999999997,11.274737991266377,0.773368869936034,36.37770149253731,18.457325227963526,0.132196,85
1013,ASOC. PROD. COTOCA NO.1013,COOPERATIVA,COTOCA,SANTA CRUZ,50.05,SOYA,523,14445.529999999999,28.049572815533978,45.2428,11.276842105263158,0.742887189292543,36.39608695652174,18.473108108108107,0.152964,84
1014,IVAN NAVIA RIVERO,INDIVIDUAL,COTOCA,SANTA CRUZ,78.07,SOYA,1543,42775.93,28.086625082074853,122.293134,11.280794701986755,0.8087751134154245,36.585296846011126,18.525004633920297,0.145172,85
1015,AGROP. VILLCA HNOS. S.R.L.,EMPRESA AGROPECUARIA,ROBORE,SANTA CRUZ,76.44,MAIZ,1003,27871.139999999996,28.181132457027296,72.270615,11.369250253292806,0.7732901296111665,36.366,18.490865800865798,0.133599,85
1016,RICARDO FLORES VACA,INDIVIDUAL,ROBORE,SANTA CRUZ,36.21,SOYA,1070,29705.489999999998,27.944957666980244,94.503279,11.388922495274102,0.8015327102803739,36.49306957708049,18.45574074074074,0.139252,85
1017,RAUL PUMA FLORES,INDIVIDUAL,WARNES,SANTA CRUZ,59.74,SOYA,495,13851.610000000002,28.326400817995914,43.983513,11.31694045174538,0.8315151515151515,36.338439306358374,18.70923728813559,0.161616,84
1018,AGROP. VARGAS HNOS. S.R.L.,EMPRESA AGROPECUARIA,CUATRO CANADAS,SANTA CRUZ,82.86,MAIZ,1552,43401.969999999994,28.31178734507501,138.372857,11.285692810457517,0.8158054123711341,36.39704007285975,18.4372550831793,0.153351,85
1019,MIRIAM GARCIA CRUZ,INDIVIDUAL,SANTA ROSA,SANTA CRUZ,102.09,SOYA,533,14899.800000000003,28.326615969581756,36.88028899999999,11.271194605009635,0.7683302063789869,36.53249336870026,18.46759259259259,0.163227,85
1020,CLAUDIA AGUILAR PUMA,INDIVIDUAL,SANTA ROSA,SANTA CRUZ,102.17,MAIZ,1237,34576.71,28.248946078431374,98.057772,11.342158154859966,0.8241309620048504,36.466682577565635,18.41782412626832,0.145513,85
1021,RAUL SANCHEZ CALLISAYA,INDIVIDUAL,OKINAWA,SANTA CRUZ,122.14,MAIZ,265,7545.64,28.6906463878327,22.151984,11.321340996168582,0.8310943396226416,36.42112994350283,18.369337016574587,0.158491,78
1022,ANDREA MONTAÑO APAZA,INDIVIDUAL,PORTACHUELO,SANTA CRUZ,50.51,SOYA,740,20551.249999999996,28.0754781420765,72.847376,11.42153103448276,0.8239594594594594,36.58172413793103,18.531494252873564,0.155405,85
1023,ASOC. PROD. SAN PEDRO NO.1023,COOPERATIVA,SAN PEDRO,SANTA CRUZ,573.1,SOYA,537,14788.88,27.956294896030244,49.595108,11.28842504743833,0.8492551210428305,36.51642487046632,18.49240837696335,0.152700,85
1024,HUGO SORIA APAZA,INDIVIDUAL,SANTA ROSA,SANTA CRUZ,370.6,SOYA,256,7080.150000000001,28.095833333333335,32.692338,11.602439999999998,0.8783984375,36.53284153005463,18.672696629213483,0.167969,79
1026,ASOC. PROD. YAPACANI NO.1026,ASOCIACION,YAPACANI,SANTA CRUZ,100.71,MAIZ,1302,36083.04,27.86335135135135,113.211715,11.44840714840715,0.8081490015360984,36.536930585683294,18.536406593406596,0.151306,85
1027,ROBERTO RIVERO TORREZ,INDIVIDUAL,SAN JULIAN,SANTA CRUZ,75.53,SOYA,1023,28570.4,28.231620553359686,100.20656700000002,11.345901803607214,0.8105767350928641,36.55789844851905,18.548198324022344,0.157380,85
1028,SUSANA ALVARADO HUANCA,INDIVIDUAL,OKINAWA,SANTA CRUZ,71.6,SOYA,741,20614.22,28.008451086956523,58.416832,11.264181568088034,0.8218353576248312,36.52003937007874,18.4398,0.145749,85
1029,JORGE TORREZ RODRIGUEZ,INDIVIDUAL,GENERAL SAAVEDRA,SANTA CRUZ,216.63,GIRASOL,975,27094.059999999998,28.018676318510856,73.063312,11.355115062761506,0.810923076923077,36.46352765321375,18.50286723163842,0.133333,85
1030,CAMILA PEDRAZA VACA,INDIVIDUAL,MONTERO,SANTA CRUZ,119.53,SOYA,1549,43148.95,28.146738421395955,142.43274,11.379075297225892,0.8390187217559717,36.41792870905587,18.457233644859816,0.150420,85
1031,FREDDY MERCADO SUAREZ,INDIVIDUAL,LA GUARDIA,SANTA CRUZ,39.28,SOYA,272,7569.26,28.24350746268657,22.126081999999997,11.352878228782288,0.7682720588235294,36.35502702702703,18.53772972972973,0.158088,78
1032,ASOC. PROD. CHARAGUA NO.1032,ASOCIACION,CHARAGUA,SANTA CRUZ,105.24,SOYA,512,14130.05,28.03581349206349,44.631653,11.425069306930693,0.83177734375,36.535905292479114,18.467972222222222,0.125000,85
1033,CARMEN RIVERO CRUZ,INDIVIDUAL,ROBORE,SANTA CRUZ,102.58,MAIZ,1855,51599.21000000001,28.104144880174296,148.175885,11.381820187534473,0.7926361185983828,36.47296744890235,18.501919879062736,0.161725,85
1034,MARCELO CALLISAYA MARCA,INDIVIDUAL,PORTACHUELO,SANTA CRUZ,65.13,SOYA/MAIZ,220,6094.749999999999,27.957568807339445,23.94791,11.4,0.7476818181818182,36.600548780487806,18.4110843373494,0.113636,81
1035,CESAR QUISPE CHUQUIMIA,INDIVIDUAL,OKINAWA,SANTA CRUZ,28.34,SOYA,1029,28678.379999999997,28.061037181996085,113.85326799999999,11.447161354581674,0.867852283770651,36.61005633802817,18.52946452476573,0.137026,85
1036,ASOC. PROD. YAPACANI NO.1036,ASOCIACION,YAPACANI,SANTA CRUZ,121.97,SOYA,1076,30073.999999999993,28.212007504690426,87.727907,11.400359848484849,0.8089776951672861,36.53236559139785,18.52582655826558,0.140335,85
1037,ASOC. PROD. PUERTO SUAREZ NO.1037,ASOCIACION,PUERTO SUAREZ,SANTA CRUZ,53.15,SOYA,1804,50115.38,28.0758431372549,160.89374099999998,11.369926387315969,0.8219512195121951,36.4927137254902,18.449429241595,0.155765,85
1038,ASOC. PROD. SANTA ROSA NO.1038,ASOCIACION,SANTA ROSA,SANTA CRUZ,150.06,SOYA,508,14099.779999999999,28.031371769383696,49.74716299999999,11.37488,0.8120866141732282,36.59991689750692,18.499161849710983,0.167323,84
1039,CAMILA ANTELO MERCADO,COMUNIDAD,WARNES,SANTA CRUZ,28.76,SOYA,244,6792.900000000001,27.954320987654324,17.356524,11.173472803347282,0.8118852459016392,36.29539772727273,18.447055555555558,0.147541,79
1040,ASOC. PROD. ROBORE NO.1040,ASOCIACION,ROBORE,SANTA CRUZ,52.75,SOYA,505,14089.089999999998,28.121936127744508,42.606882,11.312935222672065,0.8521782178217823,36.61127717391304,18.512618384401115,0.134653,85
1041,ASOC. PROD. CHARAGUA NO.1041,ASOCIACION,CHARAGUA,SANTA CRUZ,65.94,SOYA/MAIZ,516,14207.24,27.96700787401575,41.028459,11.299527559055118,0.8184302325581395,36.57,18.456702127659575,0.139535,85
1042,ASOC. PROD. EL TORNO NO.1042,ASOCIACION,EL TORNO,SANTA CRUZ,103.96,MAIZ,998,28058.97,28.313794147325936,68.828099,11.338843398157627,0.7654008016032066,36.518615819209046,18.502000000000002,0.163327,85
1043,ASOC. PROD. YAPACANI NO.1043,ASOCIACION,YAPACANI,SANTA CRUZ,108.72,SOYA,829,22815.019999999997,27.755498783454986,74.198595,11.369467162329615,0.827285886610374,36.56609154929578,18.561199324324324,0.170084,85
1044,ALEJANDRA GUTIERREZ VARGAS,INDIVIDUAL,WARNES,SANTA CRUZ,30.76,SOYA,810,22731.13,28.20239454094293,72.45418699999999,11.186502525252527,0.8444814814814815,36.409169675090254,18.418154657293503,0.149383,85
1045,AGROP. RODRIGUEZ HNOS. S.R.L.,EMPRESA AGROPECUARIA,SAN JULIAN,SANTA CRUZ,93.44,SOYA,1496,41490.939999999995,27.940026936026932,124.65922099999999,11.353609226594301,0.8004144385026738,36.44635936030103,18.51605461393597,0.151738,85
1046,CARLOS CONDORI VASQUEZ,COMUNIDAD,CUATRO CANADAS,SANTA CRUZ,107.63,SOYA,1255,35199.92999999999,28.38704032258064,79.902198,11.252152721364745,0.7541832669322709,36.34241379310345,18.444004550625706,0.150598,85
1047,ASOC. PROD. YAPACANI NO.1047,ASOCIACION,YAPACANI,SANTA CRUZ,62.21,GIRASOL,1030,28884.86,28.263072407045012,74.739882,11.391171797418073,0.7765728155339805,36.68693732193732,18.46566248256625,0.130097,85
1048,ASOC. PROD. MINEROS NO.1048,ASOCIACION,MINEROS,SANTA CRUZ,78.67,MAIZ,1047,28894.78,27.998817829457362,80.82270799999999,11.389785783836414,0.7518147086914995,36.438344640434195,18.497579529737205,0.139446,85
1049,VALERIA CRUZ CHAMBI,INDIVIDUAL,SAN JULIAN,SANTA CRUZ,50.23,SOYA,1285,35535.51,27.827337509788567,113.99496599999999,11.336883425852498,0.7970505836575876,36.43848115299334,18.522754555198286,0.156420,85
1050,OSCAR SALVATIERRA MACHACA,INDIVIDUAL,GENERAL SAAVEDRA,SANTA CRUZ,99.34,SOYA,492,13837.43,28.23965306122449,43.094398,11.306150627615063,0.8701626016260162,36.69609756097561,18.492765363128495,0.152439,85
1051,RAUL AGUILAR COPA,INDIVIDUAL,WARNES,SANTA CRUZ,134.73,MAIZ,518,14247.009999999998,27.880645792563598,40.077079000000005,11.270119047619048,0.7979150579150579,36.4181638418079,18.48975675675676,0.083012,85
1052,ASOC. PROD. SAN JULIAN NO.1052,ASOCIACION,SAN JULIAN,SANTA CRUZ,31.77,MAIZ,483,13423.33,27.96527083333333,45.938881,11.409578947368422,0.8174120082815733,36.436126126126126,18.503264094955487,0.149068,85
1053,MIRIAM VARGAS VILLCA,INDIVIDUAL,SAN PEDRO,SANTA CRUZ,50.28,SOYA,527,14660.97,28.140057581573895,33.277729,11.3747591522158,0.7803225806451611,36.47218232044199,18.538928571428574,0.146110,84
1054,ENRIQUE CALLISAYA PUMA,INDIVIDUAL,MINEROS,SANTA CRUZ,58.12,SOYA,1019,28725.1,28.384486166007903,94.35219700000002,11.414419999999998,0.7881354268891071,36.448652777777774,18.46195890410959,0.143278,85
1055,AGROP. NAVIA HNOS. S.R.L.,EMPRESA AGROPECUARIA,PUERTO QUIJARRO,SANTA CRUZ,240.81,SOYA/MAIZ,260,7297.539999999999,28.395097276264586,20.198375000000002,11.275905511811024,0.794846153846154,36.39115789473684,18.39193717277487,0.173077,82
1056,OSCAR PINTO CRUZ,INDIVIDUAL,COTOCA,SANTA CRUZ,89.41,SOYA,519,14628.630000000001,28.46036964980545,42.927084,11.476043737574553,0.7727167630057804,36.483495702005726,18.64127659574468,0.171484,85
1057,CESAR CHAMBI ANTELO,INDIVIDUAL,LA GUARDIA,SANTA CRUZ,73.43,SOYA,766,21275.149999999994,28.104557463672382,51.82183500000001,11.229973226238288,0.7892036553524805,36.578295019157096,18.49128342245989,0.133159,85
1058,MONICA AGUILAR SORIA,INDIVIDUAL,CUATRO CANADAS,SANTA CRUZ,61.09,SOYA,1320,36752.530000000006,28.184455521472398,110.97922799999999,11.294435857805254,0.7990681818181818,36.57701366982124,18.563658536585365,0.124242,85
1059,MARCELO APAZA MORALES,INDIVIDUAL,BUEN RETIRO,SANTA CRUZ,20.09,SOYA,1111,30823.139999999996,28.02103636363636,92.69655900000002,11.366020220588236,0.8038343834383438,36.59173100871731,18.50043202033037,0.138614,85
1060,ASOC. PROD. CHARAGUA NO.1060,COOPERATIVA,CHARAGUA,SANTA CRUZ,95.53,SOYA,257,7267.449999999999,28.499803921568624,23.526683000000002,11.295254901960783,0.8349805447470817,36.638258426966296,18.547857142857143,0.175097,84
1061,CESAR PEREZ MORALES,INDIVIDUAL,GENERAL SAAVEDRA,SANTA CRUZ,30.02,SOYA/MAIZ,793,22181.51,28.184891994917407,69.01277999999999,11.353073929961088,0.8345018915510719,36.387587412587415,18.479221658206427,0.132409,85
1062,ASOC. PROD. OKINAWA NO.1062,ASOCIACION,OKINAWA,SANTA CRUZ,263.14,SOYA,1797,50015.71000000001,28.051435782389234,180.661566,11.434229024943312,0.7961157484696716,36.476338363780776,18.562456556082147,0.145799,85
1063,LUIS PUMA ROMERO,INDIVIDUAL,PUERTO QUIJARRO,SANTA CRUZ,398.72,SOYA,533,14814.189999999999,27.95130188679245,62.078924,11.38139846743295,0.832251407129456,36.50804749340369,18.41021333333334,0.151970,84
1064,EDWIN SALVATIERRA VACA,INDIVIDUAL,SANTA ROSA,SANTA CRUZ,103.69,SOYA,1380,38264.5,28.032600732600734,117.092011,11.377439293598233,0.793768115942029,36.60331632653061,18.483358050847457,0.134058,85
1065,ELIZABETH CRUZ MARTINEZ,INDIVIDUAL,PUERTO SUAREZ,SANTA CRUZ,80.65,SOYA,1602,44388.97,27.970365469439194,154.76981299999997,11.392439335887612,0.8088576779026218,36.47865502183406,18.48817689530686,0.134831,85
1066,ASOC. PROD. MINEROS NO.1066,COOPERATIVA,MINEROS,SANTA CRUZ,150.7,SOYA,264,7503.96,28.42409090909091,22.461676000000004,11.305275590551181,0.8021590909090909,36.5844262295082,18.513837837837837,0.117424,80
1067,AGROP. MAMANI HNOS. S.R.L.,EMPRESA AGROPECUARIA,CUATRO CANADAS,SANTA CRUZ,208.02,SOYA,791,22174.690000000002,28.284043367346943,55.381505,11.315128865979382,0.7898356510745893,36.43422562141491,18.50485347985348,0.156764,85
1068,JHONNY CATACORA ALVARADO,INDIVIDUAL,WARNES,SANTA CRUZ,76.16,MAIZ,1595,44444.12000000001,28.12918987341773,136.851812,11.364297573435502,0.8223573667711598,36.49629223744292,18.52210053859964,0.148589,85
1069,EDWIN PINTO MARTINEZ,INDIVIDUAL,YAPACANI,SANTA CRUZ,51.01,MAIZ,492,13803.869999999999,28.22877300613497,54.986605000000004,11.539666666666667,0.8082520325203252,36.46151162790698,18.599537572254334,0.140244,84
1070,ANDREA MERCADO PEREZ,INDIVIDUAL,PAILON,SANTA CRUZ,81.84,SOYA,741,20917.980000000003,28.5374897680764,63.527651,11.406363636363634,0.866774628879892,36.50454368932039,18.460508474576272,0.148448,85
1071,ASOC. PROD. OKINAWA NO.1071,ASOCIACION,OKINAWA,SANTA CRUZ,152.64,MAIZ,245,6742.910000000001,27.978879668049796,16.830970000000004,11.076401673640168,0.8063673469387755,36.563273809523814,18.398914285714284,0.126531,84
1072,ASOC. PROD. MINEROS NO.1072,COOPERATIVA,MINEROS,SANTA CRUZ,144.45,SOYA,286,7946.490000000001,28.179042553191493,37.528051999999995,11.555724637681157,0.8723076923076922,36.36978947368421,18.68490476190476,0.178322,83
1074,CAMILA CALLISAYA MACHACA,INDIVIDUAL,MINEROS,SANTA CRUZ,201.71,GIRASOL,1857,51718.60999999999,28.18452861035422,148.92193400000002,11.314270776004404,0.8102638664512656,36.43826952526799,18.48755212355212,0.150781,85
1075,AGROP. ANTELO HNOS. S.R.L.,EMPRESA AGROPECUARIA,LA GUARDIA,SANTA CRUZ,42.58,GIRASOL,776,21724.969999999998,28.21424675324675,60.603002,11.246662269129287,0.8130798969072166,36.410357815442566,18.44294776119403,0.118557,85
1076,AGROP. MARCA HNOS. S.R.L.,EMPRESA AGROPECUARIA,SAN PEDRO,SANTA CRUZ,92.87,SOYA,1023,28399.69,28.118504950495048,91.465288,11.521135678391959,0.7818181818181817,36.54956164383562,18.534098143236076,0.138807,85
1077,AGROP. CALLISAYA HNOS. S.R.L.,EMPRESA AGROPECUARIA,SAN JULIAN,SANTA CRUZ,242.44,SOYA,1527,42720.16,28.216750330250992,124.59759300000002,11.325355704697989,0.8076358873608381,36.650450623202296,18.473628884826326,0.151277,85
1078,ROSA ALVARADO CATACORA,INDIVIDUAL,CHARAGUA,SANTA CRUZ,94.82,SOYA,536,14900.38,27.955684803001876,46.769238,11.363778195488724,0.8264179104477613,36.63230971128609,18.497158176943696,0.145522,85
1079,NELSON FLORES VARGAS,INDIVIDUAL,BUEN RETIRO,SANTA CRUZ,75.03,SOYA,1022,28527.6,28.189328063241106,87.843734,11.43736,0.785215264187867,36.59171428571429,18.548020231213872,0.142857,85
1080,JOSE LOPEZ SUAREZ,INDIVIDUAL,COTOCA,SANTA CRUZ,149.43,SOYA,486,13795.05,28.67993762993763,36.413376,11.271178947368423,0.7777366255144034,36.33743902439024,18.4541124260355,0.135802,85
1081,RODRIGO CALLISAYA MAMANI,INDIVIDUAL,SANTA ROSA,SANTA CRUZ,197.45,SOYA,1336,37306.3,28.219591527987898,120.11223700000002,11.365255530129673,0.8320209580838325,36.427250530785564,18.507776560788606,0.139970,85
1082,DANIELA SANCHEZ MARCA,INDIVIDUAL,SANTA ROSA,SANTA CRUZ,127.81,SOYA,534,15111.43,28.45843691148776,52.70447300000001,11.408699808795411,0.8431647940074906,36.31489071038252,18.58829268292683,0.174157,85
1083,ASOC. PROD. CUATRO CANADAS NO.1083,ASOCIACION,CUATRO CANADAS,SANTA CRUZ,1232.04,SOYA,1593,44410.16,28.10769620253165,128.940593,11.347733077905493,0.780225988700565,36.539494680851064,18.534836363636366,0.150659,85
1084,ASOC. PROD. EL TORNO NO.1084,COOPERATIVA,EL TORNO,SANTA CRUZ,51.77,MAIZ,1066,29895.21,28.444538534728828,99.785305,11.356150907354346,0.8138086303939962,36.52457737321196,18.475552447552452,0.152908,85
1085,MARCELO MEDINA COPA,INDIVIDUAL,SAN JULIAN,SANTA CRUZ,386.86,SOYA,785,21859.6,28.025128205128205,65.46228699999999,11.474597402597404,0.8255414012738853,36.60377737226277,18.391534296028876,0.164331,85
1086,IVAN ANTELO CONDORI,INDIVIDUAL,MONTERO,SANTA CRUZ,61.39,SOYA,262,7132.93,27.54027027027027,15.986241000000001,11.32278431372549,0.7189694656488549,36.435730994152046,18.52801020408163,0.122137,80
1087,ASOC. PROD. SAN PEDRO NO.1087,ASOCIACION,SAN PEDRO,SANTA CRUZ,96.04,SOYA,271,7492.97,27.854907063197025,28.150883,11.441235955056179,0.817859778597786,36.45646766169155,18.537292817679557,0.114391,82
1088,ASOC. PROD. SANTA ROSA NO.1088,ASOCIACION,SANTA ROSA,SANTA CRUZ,498.72,SOYA,1312,36676.96,28.23476520400308,124.117278,11.370520995334372,0.8063795731707317,36.61645764576458,18.498407281001136,0.163872,85
1089,OSCAR MEDINA VASQUEZ,INDIVIDUAL,PUERTO QUIJARRO,SANTA CRUZ,160.46,SOYA,250,7008.95,28.261895161290322,17.866327,11.334754098360657,0.78476,36.612928176795585,18.57936416184971,0.168000,85
1090,ASOC. PROD. PAILON NO.1090,ASOCIACION,PAILON,SANTA CRUZ,131.64,SOYA,738,20503.280000000002,27.89561904761905,56.491905,11.321864640883978,0.8153116531165311,36.61895953757225,18.428926553672316,0.159892,85
1091,ASOC. PROD. PAILON NO.1091,ASOCIACION,PAILON,SANTA CRUZ,44.87,GIRASOL,503,14157.650000000001,28.372044088176356,36.397345,11.312150101419878,0.8055666003976144,36.208991596638654,18.455054945054947,0.153082,85
1092,AGROP. NAVIA HNOS. S.R.L.,EMPRESA AGROPECUARIA,OKINAWA,SANTA CRUZ,345.75,GIRASOL,1513,42067.189999999995,28.06350233488992,122.194343,11.350683818551117,0.8143027098479843,36.47346082089552,18.488005644402634,0.151355,85
1093,MIRIAM RIVERO PUMA,COMUNIDAD,YAPACANI,SANTA CRUZ,608.39,SOYA/MAIZ,1056,29411.649999999998,28.28043269230769,86.680299,11.39483653846154,0.8192045454545456,36.55998673740053,18.447739726027397,0.161932,85
1094,ASOC. PROD. EL TORNO NO.1094,ASOCIACION,EL TORNO,SANTA CRUZ,78.49,SOYA,763,20890.159999999996,28.040483221476507,61.84649399999999,11.3755421686747,0.794770642201835,36.512906764168186,18.4942037037037,0.155963,85
1095,ASOC. PROD. ROBORE NO.1095,ASOCIACION,ROBORE,SANTA CRUZ,46.27,SOYA,1263,34877.11,27.924027221777422,103.82585800000001,11.382493966210781,0.7865083135391924,36.580607424071985,18.473866513233602,0.132225,85
1096,RONALD COLQUE ANTELO,INDIVIDUAL,YAPACANI,SANTA CRUZ,20.66,SOYA,792,22030.01,27.9568654822335,66.749222,11.414738186462325,0.8101262626262627,36.64187062937062,18.540676156583633,0.147727,85
1097,RONALD SANDOVAL CATACORA,INDIVIDUAL,BUEN RETIRO,SANTA CRUZ,179.63,SOYA,1575,43887.88,28.02546615581098,170.331592,11.48,0.8057396825396825,36.51227397260275,18.526126373626376,0.142857,85
1098,IVAN MAMANI GARCIA,INDIVIDUAL,PAILON,SANTA CRUZ,77.17,SOYA,1006,27549.209999999995,27.827484848484843,94.09663699999999,11.463542094455851,0.8296421471172962,36.662682215743445,18.43661313868613,0.149105,85
1099,ASOC. PROD. YAPACANI NO.1099,COOPERATIVA,YAPACANI,SANTA CRUZ,533.75,SOYA,250,7010.349999999999,28.381983805668014,24.414096000000004,11.201563786008231,0.8988,36.55662576687117,18.622033898305084,0.168000,83
1100,ASOC. PROD. SANTA ROSA NO.1100,COOPERATIVA,SANTA ROSA,SANTA CRUZ,49.55,SOYA,1031,28614.420000000002,28.053352941176474,83.351934,11.232929493545184,0.8206983511154219,36.542093959731545,18.529070422535217,0.136760,85
1101,AGROP. APAZA HNOS. S.R.L.,EMPRESA AGROPECUARIA,SAN JULIAN,SANTA CRUZ,316.05,SOYA,1267,35100.72,28.125576923076924,104.486231,11.381472244569592,0.8053433307024467,36.472662983425415,18.526497175141245,0.149961,85
1102,ASOC. PROD. SAN JULIAN NO.1102,ASOCIACION,SAN JULIAN,SANTA CRUZ,148.34,GIRASOL,242,6732.780000000001,28.28899159663866,28.956234000000006,11.32812765957447,0.8548760330578512,36.36805714285714,18.447988505747126,0.152893,80
1103,ALBERTO ANTELO PUMA,INDIVIDUAL,ROBORE,SANTA CRUZ,118.27,SOYA,744,20701.67,28.165537414965986,58.860327,11.299240331491713,0.8238037634408604,36.49703422053231,18.603972868217053,0.161290,85
1104,ASOC. PROD. WARNES NO.1104,COOPERATIVA,WARNES,SANTA CRUZ,197.98,SOYA,1822,51013.509999999995,28.309384017758045,163.228866,11.383532699832308,0.7936169045005489,36.54523577235772,18.515827974276526,0.147640,85
1105,ASOC. PROD. WARNES NO.1105,ASOCIACION,WARNES,SANTA CRUZ,30.45,SOYA,1025,28989.75,28.449214916584886,93.443009,11.27585,0.8021170731707318,36.56865357643759,18.531095305832153,0.130732,85
1106,PAOLA SALVATIERRA FLORES,INDIVIDUAL,WARNES,SANTA CRUZ,109.57,SOYA,507,14060.25,28.008466135458168,35.945691,11.308790322580645,0.7750887573964498,36.319060773480665,18.499603174603177,0.163708,85
1107,IVAN HUANCA MARCA,INDIVIDUAL,SAN JULIAN,SANTA CRUZ,48.25,MAIZ,503,14209.489999999998,28.36225548902195,33.707355,11.349757085020244,0.7656660039761432,36.42496987951807,18.54311111111111,0.141153,85
1108,FERNANDO GARCIA YUJRA,COMUNIDAD,PORTACHUELO,SANTA CRUZ,36.8,SOYA/MAIZ,2298,63777.73,28.095916299559473,175.925069,11.399995561473592,0.793716275021758,36.50151914626491,18.417791878172586,0.152742,85
1109,ALBERTO CHOQUE FLORES,INDIVIDUAL,EL TORNO,SANTA CRUZ,33.48,SOYA,532,14862.7,28.256083650190117,56.640939,11.385953757225433,0.8470864661654136,36.55451871657754,18.40488188976378,0.154135,85
1110,ASOC. PROD. EL TORNO NO.1110,ASOCIACION,EL TORNO,SANTA CRUZ,251.34,SOYA,756,21175.55,28.271762349799733,54.566258999999995,11.310216216216219,0.7874603174603175,36.37960396039604,18.37610800744879,0.146825,85
1111,PATRICIA SANCHEZ HUANCA,INDIVIDUAL,PUERTO QUIJARRO,SANTA CRUZ,285.57,GIRASOL,798,22342.91,28.318010139416984,70.80003900000001,11.457113665389528,0.8576691729323308,36.42867272727273,18.56345878136201,0.167920,85
1113,JULIO SORIA RIVERO,INDIVIDUAL,PUERTO QUIJARRO,SANTA CRUZ,99.92,SOYA,798,22079.48,27.913375474083438,71.156966,11.288796895213453,0.7843107769423561,36.32696817420435,18.566850828729283,0.159148,85
1114,SUSANA MARTINEZ AGUILAR,INDIVIDUAL,BUEN RETIRO,SANTA CRUZ,333.27,SOYA,1287,35730.64,27.93638780297107,105.819887,11.361169960474308,0.809052059052059,36.42616139585605,18.483273942093543,0.128982,85
1115,EDWIN CHAMBI GARCIA,INDIVIDUAL,MONTERO,SANTA CRUZ,257.16,SOYA/MAIZ,765,21312.17,28.190701058201057,53.539784,11.453911882510013,0.7703529411764705,36.4207476635514,18.55011235955056,0.135948,85
1116,ASOC. PROD. YAPACANI NO.1116,ASOCIACION,YAPACANI,SANTA CRUZ,56.18,SOYA,1557,44139.969999999994,28.514192506459946,140.613971,11.409763001974984,0.7613680154142582,36.525669077757684,18.58640036730946,0.148362,85
1117,MARIA SALVATIERRA MORALES,INDIVIDUAL,PORTACHUELO,SANTA CRUZ,76.18,MAIZ,808,22477.82,28.02720698254364,61.651258000000006,11.403534591194967,0.7949752475247523,36.46732758620689,18.529283154121863,0.158416,85
1118,ASOC. PROD. SAN PEDRO NO.1118,ASOCIACION,SAN PEDRO,SANTA CRUZ,122.5,GIRASOL,1552,43663.8,28.353116883116886,118.441364,11.336417322834647,0.7911920103092784,36.57252543940795,18.527972350230417,0.155284,85
1119,ASOC. PROD. LA GUARDIA NO.1119,ASOCIACION,LA GUARDIA,SANTA CRUZ,46.04,SOYA,1018,28123.629999999997,27.84517821782178,72.811488,11.347858585858587,0.7765422396856583,36.48453038674033,18.466566951566953,0.167976,85
1120,ASOC. PROD. BUEN RETIRO NO.1120,ASOCIACION,BUEN RETIRO,SANTA CRUZ,133.31,MAIZ,520,14574.529999999999,28.190580270793035,51.213959,11.359627450980392,0.7812884615384615,36.415331491712706,18.471194444444446,0.136538,84
1121,LUIS PUMA CHUQUIMIA,INDIVIDUAL,PORTACHUELO,SANTA CRUZ,121.92,GIRASOL,742,20613.440000000002,28.04549659863946,65.154238,11.248936464088398,0.8135175202156336,36.37992633517495,18.606023166023164,0.153639,85
1122,DANIEL MERCADO MARCA,INDIVIDUAL,ROBORE,SANTA CRUZ,111.32,SOYA,1332,36938.450000000004,27.962490537471616,130.123738,11.341516079632466,0.8267792792792793,36.52526147278548,18.47715800636267,0.179429,85
1123,JUAN CHAMBI CATACORA,INDIVIDUAL,GENERAL SAAVEDRA,SANTA CRUZ,337.67,SOYA/MAIZ,498,13856.83,28.16428861788618,40.577582,11.433491735537189,0.7600803212851406,36.4791922005571,18.352607449856734,0.138554,85
1124,PEDRO PUMA PEDRAZA,INDIVIDUAL,GENERAL SAAVEDRA,SANTA CRUZ,128.33,SOYA/MAIZ,248,7025.379999999999,28.675020408163263,21.567792,11.373102040816326,0.8394354838709678,36.318555555555555,18.361988304093565,0.120968,82
1125,CARMEN YUJRA LOPEZ,INDIVIDUAL,YAPACANI,SANTA CRUZ,385.36,SOYA,284,7966.960000000001,28.352170818505343,22.632785000000002,11.447428571428572,0.7911971830985914,36.459716981132075,18.481039603960394,0.123239,80
1126,AGROP. MARCA HNOS. S.R.L.,EMPRESA AGROPECUARIA,PORTACHUELO,SANTA CRUZ,78.48,SOYA,1511,41936.42,28.069892904953146,132.694091,11.406314727639542,0.794030443414957,36.597956064947475,18.481649387370403,0.142290,85
1127,YENNY GUTIERREZ CALLISAYA,INDIVIDUAL,PAILON,SANTA CRUZ,132.03,SOYA,273,7495.12,27.862899628252787,26.640591,11.622669172932332,0.758021978021978,36.43552763819095,18.331894736842106,0.128205,83
1128,SILVIA PINTO PEREZ,INDIVIDUAL,SAN PEDRO,SANTA CRUZ,117.13,SOYA,790,22268.25,28.476023017902815,84.87887599999999,11.483556701030928,0.7600759493670887,36.55817699115044,18.54588132635253,0.144304,85
1129,ASOC. PROD. PUERTO SUAREZ NO.1129,ASOCIACION,PUERTO SUAREZ,SANTA CRUZ,75.83,MAIZ,1263,35300.24,28.217617905675457,114.447907,11.354764227642276,0.7862232779097387,36.647037887485645,18.43107142857143,0.140934,85
1130,ASOC. PROD. PORTACHUELO NO.1130,COOPERATIVA,PORTACHUELO,SANTA CRUZ,90.39,SOYA,477,13086.91,27.726504237288136,36.967594,11.40677966101695,0.8188469601677149,36.50972972972973,18.448882352941176,0.125786,85
1131,PATRICIA CASTRO RODRIGUEZ,INDIVIDUAL,WARNES,SANTA CRUZ,319.75,SOYA/MAIZ,548,15195.439999999999,28.139703703703702,43.536027000000004,11.447874306839187,0.8214051094890513,36.47706329113924,18.563691460055097,0.147810,85
1132,ASOC. PROD. ROBORE NO.1132,ASOCIACION,ROBORE,SANTA CRUZ,606.21,MAIZ,1544,43274.44,28.339515389652917,119.616413,11.420823994726433,0.7686139896373059,36.37723720930232,18.491576492537316,0.156736,85
1133,ASOC. PROD. PAILON NO.1133,COOPERATIVA,PAILON,SANTA CRUZ,92.03,SOYA,568,15755.409999999998,28.084509803921566,58.35302900000001,11.383392857142857,0.838556338028169,36.35948905109489,18.414647519582243,0.176056,85
1134,GUSTAVO CRUZ NAVIA,INDIVIDUAL,SAN JULIAN,SANTA CRUZ,58.74,SOYA,1278,35746.67,28.370373015873014,106.43272400000001,11.41740207833733,0.7801408450704225,36.50252985884908,18.546775280898878,0.143975,85
1136,ASOC. PROD. LA GUARDIA NO.1136,ASOCIACION,LA GUARDIA,SANTA CRUZ,89.99,GIRASOL,1020,28144.399999999998,27.921031746031744,92.333763,11.37692152917505,0.7935588235294119,36.43068723702665,18.46140252454418,0.137255,85
1137,DIEGO VASQUEZ COPA,COMUNIDAD,COTOCA,SANTA CRUZ,102.1,SOYA,1063,29859.77,28.27629734848485,76.932623,11.324141898370087,0.8010348071495768,36.51786008230452,18.534278002699054,0.153340,85
1138,ASOC. PROD. SAN PEDRO NO.1138,ASOCIACION,SAN PEDRO,SANTA CRUZ,59.22,SOYA,778,21524.489999999998,28.099856396866837,80.83076600000001,11.391134289439375,0.8836375321336761,36.504801512287344,18.540715596330273,0.160668,83
1139,WILBER VACA LOPEZ,INDIVIDUAL,SAN PEDRO,SANTA CRUZ,197.66,MAIZ,1334,37290.090000000004,28.22868281604845,113.932738,11.345895465026903,0.8341379310344827,36.52736501079913,18.490481798715205,0.166417,85
1140,RAUL COPA PUMA,INDIVIDUAL,ROBORE,SANTA CRUZ,92.54,SOYA,1291,35863.89,27.974953198127924,96.690428,11.332149606299211,0.7829512006196747,36.5315200868621,18.483661202185793,0.150271,85
1141,GUSTAVO GARCIA MONTAÑO,INDIVIDUAL,MINEROS,SANTA CRUZ,79.04,SOYA,1880,52178.57,28.128609164420485,176.27343300000004,11.385799236224766,0.776223404255319,36.418017309205354,18.493262578616353,0.140957,85
1142,ASOC. PROD. BUEN RETIRO NO.1142,COOPERATIVA,BUEN RETIRO,SANTA CRUZ,173.64,SOYA/MAIZ,257,7130.010000000001,27.851601562500004,14.854658999999998,11.258498023715413,0.7306614785992217,36.391235955056175,18.635251396648048,0.140078,82
1143,ASOC. PROD. YAPACANI NO.1143,ASOCIACION,YAPACANI,SANTA CRUZ,136.52,SOYA/MAIZ,782,22084.69,28.496374193548384,58.852773,11.295877763328997,0.7914322250639386,36.56711111111112,18.505287769784175,0.154731,85
1144,ASOC. PROD. YAPACANI NO.1144,COOPERATIVA,YAPACANI,SANTA CRUZ,32.9,SOYA,797,22353.09,28.2592793931732,90.01595300000001,11.438926261319535,0.7957841907151819,36.53366666666666,18.564839857651247,0.146801,85
1145,BEATRIZ MERCADO GARCIA,INDIVIDUAL,MINEROS,SANTA CRUZ,36.12,SOYA,1320,36877.020000000004,28.19344036697248,115.224208,11.365231124807396,0.8052045454545456,36.515171673819744,18.56137486573577,0.146212,85
1146,IVAN CATACORA SANCHEZ,INDIVIDUAL,PUERTO QUIJARRO,SANTA CRUZ,50.89,SOYA/MAIZ,1040,29210.920000000002,28.305155038759693,98.746203,11.42034347399411,0.8350865384615386,36.45087078651685,18.584486111111108,0.156731,85
1147,ANDREA RIVERO SALVATIERRA,INDIVIDUAL,LA GUARDIA,SANTA CRUZ,659.11,SOYA,520,14462.24,28.082019417475728,50.58857700000001,11.359548133595286,0.8251923076923077,36.391745152354574,18.600135135135137,0.159615,85
1148,VICTOR TICONA CRUZ,INDIVIDUAL,MONTERO,SANTA CRUZ,78.43,SOYA,282,7920.080000000001,28.185338078291817,22.907659000000002,11.363978102189781,0.840531914893617,36.51205128205128,18.34904255319149,0.127660,83
1149,ASOC. PROD. SAN PEDRO NO.1149,ASOCIACION,SAN PEDRO,SANTA CRUZ,88.01,MAIZ,1255,34845.3,27.965730337078654,154.61357800000002,11.45431928687196,0.858199203187251,36.55713789107764,18.511834654586636,0.162550,85
1150,AGROP. HUANCA HNOS. S.R.L.,EMPRESA AGROPECUARIA,BUEN RETIRO,SANTA CRUZ,77.81,SOYA,782,21715.13,28.019522580645162,63.658249,11.286329442282753,0.7977877237851663,36.498073394495414,18.521423357664233,0.135550,85
1151,JESSICA SALVATIERRA AGUILAR,INDIVIDUAL,YAPACANI,SANTA CRUZ,377.0,GIRASOL,1011,28148.63,28.12050949050949,78.40617699999999,11.280342052313884,0.7813847675568742,36.56882102272727,18.469597122302158,0.160237,85
1152,ROSA SANDOVAL PEREZ,INDIVIDUAL,PUERTO QUIJARRO,SANTA CRUZ,131.45,GIRASOL,231,6495.1,28.239565217391306,22.663061999999996,11.305398230088496,0.8418614718614719,36.387388535031846,18.45193939393939,0.186147,78
1153,ASOC. PROD. SANTA ROSA NO.1153,ASOCIACION,SANTA ROSA,SANTA CRUZ,143.27,SOYA,1269,35778.420000000006,28.395571428571433,115.06021199999999,11.325287915652877,0.819243498817967,36.568907284768216,18.468844444444443,0.151300,85
1154,JULIO SUAREZ TICONA,INDIVIDUAL,MONTERO,SANTA CRUZ,216.88,SOYA,506,14361.16,28.66499001996008,51.527669,11.487626774847872,0.7465217391304348,36.319,18.420734463276833,0.136364,85
1155,ASOC. PROD. SANTA ROSA NO.1155,ASOCIACION,SANTA ROSA,SANTA CRUZ,205.04,SOYA/MAIZ,553,15383.550000000001,27.97009090909091,46.685797,11.252798507462687,0.8324773960216998,36.55596858638743,18.53045822102426,0.159132,85
1156,ASOC. PROD. GENERAL SAAVEDRA NO.1156,COOPERATIVA,GENERAL SAAVEDRA,SANTA CRUZ,130.3,SOYA,1022,28597.47,28.174847290640397,88.524827,11.428013902681231,0.763160469667319,36.4921469740634,18.52,0.144814,85
1157,OSCAR MARTINEZ SALVATIERRA,INDIVIDUAL,BUEN RETIRO,SANTA CRUZ,44.27,MAIZ,1034,28987.310000000005,28.252738791423006,77.575289,11.36997020854022,0.7502417794970988,36.44295224312591,18.500512129380056,0.159574,85
1158,NELSON ROMERO CUELLAR,INDIVIDUAL,SAN JULIAN,SANTA CRUZ,74.94,SOYA,530,14631.87,27.870228571428573,48.450506,11.523800383877159,0.8765471698113209,36.6070410958904,18.479086021505378,0.169811,85
1159,ASOC. PROD. BUEN RETIRO NO.1159,ASOCIACION,BUEN RETIRO,SANTA CRUZ,33.25,GIRASOL,502,13888.680000000002,28.00137096774194,46.860302000000004,11.53388211382114,0.773207171314741,36.436882022471906,18.580190217391305,0.143426,85
1160,RENE MAMANI VILLCA,INDIVIDUAL,CHARAGUA,SANTA CRUZ,239.45,SOYA,769,21292.86,27.98010512483574,63.703841000000004,11.383324503311258,0.7761508452535761,36.462177263969174,18.435698529411763,0.157347,85
1161,FELIX NAVIA HUANCA,INDIVIDUAL,LA GUARDIA,SANTA CRUZ,177.15,GIRASOL,1017,28039.7,27.955832502492523,82.426431,11.41396569122099,0.7735988200589972,36.51576868829337,18.480625,0.158309,85
1162,RICHARD RIVERO LIMA,INDIVIDUAL,SAN PEDRO,SANTA CRUZ,50.08,MAIZ,1871,51976.56999999999,28.141077422847857,136.189785,11.328473655621943,0.777659005879209,36.57516541353384,18.51305255023184,0.148584,85
1163,AGROP. TICONA HNOS. S.R.L.,EMPRESA AGROPECUARIA,EL TORNO,SANTA CRUZ,35.06,SOYA,471,13077.599999999999,28.123870967741933,45.562677,11.456428571428573,0.8529087048832271,36.4846394984326,18.509668674698798,0.169851,83
1164,AGROP. TICONA HNOS. S.R.L.,EMPRESA AGROPECUARIA,CHARAGUA,SANTA CRUZ,25.72,GIRASOL,499,13951.419999999998,28.299026369168352,42.10155400000001,11.33291836734694,0.8107815631262525,36.55066282420749,18.519293785310737,0.156313,85
1165,ASOC. PROD. PORTACHUELO NO.1165,ASOCIACION,PORTACHUELO,SANTA CRUZ,18.85,MAIZ,544,15399.51,28.676927374301677,53.937706000000006,11.465880149812735,0.7773161764705883,36.41590425531915,18.325601023017903,0.154412,85
1166,AGROP. RIVERO HNOS. S.R.L.,EMPRESA AGROPECUARIA,CHARAGUA,SANTA CRUZ,80.57,MAIZ,1300,36490.64000000001,28.35325563325564,127.20912200000001,11.365364134690683,0.8063384615384616,36.52576086956521,18.483329633740286,0.159231,85
1167,CLAUDIA CRUZ GUTIERREZ,INDIVIDUAL,SAN JULIAN,SANTA CRUZ,87.75,SOYA,518,14556.9,28.320817120622568,35.77580400000001,11.327563850687621,0.7916795366795367,36.508867924528296,18.584293785310734,0.144788,85
1168,ASOC. PROD. ROBORE NO.1168,COOPERATIVA,ROBORE,SANTA CRUZ,278.03,GIRASOL,293,8184.969999999999,28.03071917808219,29.47486,11.275172413793104,0.8777474402730374,36.4450243902439,18.328512820512824,0.129693,85
1169,DIEGO CUELLAR GUTIERREZ,INDIVIDUAL,YAPACANI,SANTA CRUZ,298.33,SOYA,1093,30402.16,28.176237256719183,104.18752400000001,11.386619850187266,0.7658279963403477,36.44438896189225,18.585589403973508,0.146386,85
1170,MONICA CRUZ AGUILAR,INDIVIDUAL,PUERTO SUAREZ,SANTA CRUZ,150.45,SOYA,785,21497.050000000003,27.73812903225807,57.763367,11.353324607329844,0.774343949044586,36.50536936936936,18.358584229390683,0.141401,85
1171,MARIA RIVERO MORALES,INDIVIDUAL,PORTACHUELO,SANTA CRUZ,271.09,SOYA,733,20162.059999999998,27.848149171270716,56.650176,11.354581005586594,0.7808458390177352,36.476740890688255,18.441227364185114,0.150068,85
1172,DIEGO PUMA CUELLAR,INDIVIDUAL,PORTACHUELO,SANTA CRUZ,14.31,MAIZ,489,13562.079999999998,27.905514403292177,37.658672,11.199915966386556,0.7815950920245399,36.22504225352112,18.544710982658962,0.184049,85
1173,ASOC. PROD. SAN PEDRO NO.1173,ASOCIACION,SAN PEDRO,SANTA CRUZ,80.06,SOYA,525,14646.06,28.383837209302325,46.093526000000004,11.413875968992249,0.8147428571428572,36.483678474114434,18.56361930294906,0.163810,85
1174,LUIS TORREZ CATACORA,INDIVIDUAL,EL TORNO,SANTA CRUZ,20.46,SOYA,740,20427.469999999998,28.059711538461535,61.74108600000001,11.305322359396433,0.8214324324324322,36.539961832061074,18.53102204408818,0.160811,85
1175,ASOC. PROD. PORTACHUELO NO.1175,COOPERATIVA,PORTACHUELO,SANTA CRUZ,110.84,MAIZ,774,21628.200000000004,28.309162303664927,73.302894,11.416543535620052,0.8192894056847546,36.41090073529411,18.460445632798578,0.153747,85
1176,ASOC. PROD. SAN JULIAN NO.1176,COOPERATIVA,SAN JULIAN,SANTA CRUZ,857.15,SOYA,737,20213.75,27.881034482758622,53.350863,11.406736111111114,0.7613839891451831,36.55728323699422,18.52610586011342,0.166893,85
1177,YENNY MARTINEZ MERCADO,INDIVIDUAL,MONTERO,SANTA CRUZ,63.63,SOYA,261,7176.650000000001,27.924708171206227,27.576860000000003,11.367254901960784,0.9118773946360152,36.54157608695652,18.547538461538462,0.118774,79
1178,CARLOS VARGAS COLQUE,INDIVIDUAL,OKINAWA,SANTA CRUZ,384.23,SOYA,1043,28703.629999999997,27.894684159378034,91.644214,11.355029239766083,0.7923202301054649,36.53147994467497,18.498881215469613,0.156280,85
1179,RAUL RODRIGUEZ APAZA,INDIVIDUAL,LA GUARDIA,SANTA CRUZ,102.75,MAIZ,804,22288.260000000002,27.860325000000003,73.955959,11.454101265822784,0.8082835820895523,36.42605263157895,18.568932384341636,0.148010,85
1180,PATRICIA MACHACA CATACORA,INDIVIDUAL,CHARAGUA,SANTA CRUZ,136.74,SOYA,1339,37038.21,27.84827819548872,114.31929199999999,11.302655538694992,0.8136295743091858,36.45915183246073,18.451019108280256,0.158327,85
1181,ASOC. PROD. SANTA ROSA NO.1181,COOPERATIVA,SANTA ROSA,SANTA CRUZ,90.11,SOYA,994,27393.75,27.867497456765005,89.278472,11.380327868852458,0.8064688128772637,36.46369343065694,18.55136231884058,0.167002,85
1182,ASOC. PROD. ROBORE NO.1182,ASOCIACION,ROBORE,SANTA CRUZ,109.37,SOYA,251,6958.16,28.170688259109312,29.808316,11.55927125506073,0.7709163346613546,36.43569696969697,18.491868131868134,0.143426,80
1183,AGROP. MONTAÑO HNOS. S.R.L.,EMPRESA AGROPECUARIA,MINEROS,SANTA CRUZ,50.8,SOYA,503,14172.799999999997,28.402404809619235,47.31493400000001,11.451431451612905,0.8562027833001988,36.49540322580645,18.47163323782235,0.143141,85
1184,ASOC. PROD. LA GUARDIA NO.1184,ASOCIACION,LA GUARDIA,SANTA CRUZ,84.58,SOYA,840,23194.4,28.01256038647343,69.17188900000001,11.404029126213594,0.7999999999999998,36.49896666666667,18.525221088435377,0.142857,85
1185,ASOC. PROD. PUERTO QUIJARRO NO.1185,ASOCIACION,PUERTO QUIJARRO,SANTA CRUZ,41.73,SOYA,993,27765.83,28.217306910569107,95.52160599999999,11.388045267489712,0.8464853977844915,36.519018492176386,18.45801112656467,0.154079,85
1186,ASOC. PROD. SAN JULIAN NO.1186,ASOCIACION,SAN JULIAN,SANTA CRUZ,80.41,MAIZ,243,6735.75,27.833677685950413,23.824360999999996,11.239341563786008,0.9340329218106997,36.44415300546448,18.356172839506172,0.164609,81
1187,SILVIA CHAMBI SALVATIERRA,INDIVIDUAL,YAPACANI,SANTA CRUZ,83.13,SOYA/MAIZ,524,14831.430000000002,28.521980769230773,46.61707899999999,11.349419729206964,0.8532824427480917,36.514726775956284,18.5564907651715,0.146947,85
1188,CLAUDIA MONTAÑO CHOQUE,INDIVIDUAL,OKINAWA,SANTA CRUZ,105.55,SOYA,242,6818.14,28.29103734439834,16.534907000000004,11.223583333333334,0.7426859504132232,36.47888235294118,18.25364161849711,0.136364,81
1189,VIVIANA MARCA MERCADO,INDIVIDUAL,PAILON,SANTA CRUZ,41.06,MAIZ,1784,50064.15,28.445539772727273,170.92494399999998,11.417591743119266,0.8149495515695068,36.532000000000004,18.52655004068348,0.154709,85
1190,MARCELO VILLCA RODRIGUEZ,COMUNIDAD,MONTERO,SANTA CRUZ,81.6,SOYA,765,21356.5,28.10065789473684,61.300383000000004,11.301742021276596,0.8403267973856208,36.44007285974499,18.453658536585365,0.156863,85
1191,AGROP. QUISPE HNOS. S.R.L.,EMPRESA AGROPECUARIA,PAILON,SANTA CRUZ,46.9,SOYA,1005,27926.78,28.038935742971887,70.690233,11.350387359836903,0.752955223880597,36.431327561327564,18.506090651558075,0.167164,85
1192,ASOC. PROD. ROBORE NO.1192,COOPERATIVA,ROBORE,SANTA CRUZ,99.64,SOYA,542,15176.220000000001,28.526729323308274,52.619619,11.435912547528517,0.8317527675276752,36.57480106100796,18.5798971722365,0.151292,84
1193,ASOC. PROD. YAPACANI NO.1193,ASOCIACION,YAPACANI,SANTA CRUZ,228.46,SOYA,274,7497.45,27.768333333333334,18.555063,11.346133828996283,0.7562408759124087,36.63698492462312,18.63236559139785,0.138686,83
1194,ASOC. PROD. SAN PEDRO NO.1194,ASOCIACION,SAN PEDRO,SANTA CRUZ,124.25,MAIZ,263,7210.95,27.94941860465116,23.093778999999998,11.334163424124512,0.8050190114068441,36.62216374269006,18.645967741935486,0.117871,81
1195,ASOC. PROD. MONTERO NO.1195,ASOCIACION,MONTERO,SANTA CRUZ,132.58,SOYA/MAIZ,760,21053.289999999997,28.03367509986684,49.445681,11.304235924932977,0.7381052631578948,36.6130258302583,18.444865384615383,0.169737,85
1196,LUIS GARCIA SANDOVAL,INDIVIDUAL,PORTACHUELO,SANTA CRUZ,111.13,MAIZ,775,21745.77,28.4258431372549,77.001794,11.561825396825396,0.8395870967741936,36.42553153153153,18.447499999999998,0.160000,85
1197,ASOC. PROD. LA GUARDIA NO.1197,COOPERATIVA,LA GUARDIA,SANTA CRUZ,27.02,SOYA,1249,34623.49,28.012532362459545,95.05543,11.360268948655255,0.7693995196156925,36.479588299024925,18.471567944250875,0.164932,85
1198,CARMEN SANCHEZ AGUILAR,INDIVIDUAL,EL TORNO,SANTA CRUZ,107.28,SOYA,256,7137.670000000001,27.990862745098042,18.113875,11.557410358565738,0.7000781250000001,36.45771739130436,18.432307692307692,0.160156,83
1199,AGROP. COLQUE HNOS. S.R.L.,EMPRESA AGROPECUARIA,PORTACHUELO,SANTA CRUZ,263.77,SOYA/MAIZ,833,23388.079999999994,28.3835922330097,75.99997400000001,11.342567237163813,0.7877430972388956,36.446637781629114,18.57774789915966,0.145258,85
1200,ASOC. PROD. BUEN RETIRO NO.1200,ASOCIACION,BUEN RETIRO,SANTA CRUZ,145.5,SOYA,753,20828.399999999998,27.995161290322578,68.795278,11.324824797843664,0.7986055776892429,36.64432432432432,18.635714285714286,0.143426,85
1201,ASOC. PROD. SAN JULIAN NO.1201,ASOCIACION,SAN JULIAN,SANTA CRUZ,116.13,SOYA,993,27628.52,28.16362895005097,97.33839799999998,11.396127703398559,0.8397079556898288,36.56097421203439,18.40094534711965,0.165156,85
1202,ASOC. PROD. EL TORNO NO.1202,ASOCIACION,EL TORNO,SANTA CRUZ,144.38,SOYA,1009,28289.480000000003,28.289480000000005,88.403581,11.322180527383368,0.8526065411298315,36.6149721448468,18.576708160442596,0.159564,85
1203,ASOC. PROD. ROBORE NO.1203,ASOCIACION,ROBORE,SANTA CRUZ,81.33,SOYA,719,19947.89,28.016699438202245,55.711508,11.2342194092827,0.795048678720445,36.61114228456914,18.60875,0.139082,85
1204,ASOC. PROD. PUERTO SUAREZ NO.1204,COOPERATIVA,PUERTO SUAREZ,SANTA CRUZ,27.19,SOYA/MAIZ,740,20619.49,28.130272851296045,58.468943,11.428085399449037,0.7772432432432433,36.62313609467456,18.442859922178986,0.128378,85
1205,ANDREA PEREZ FLORES,INDIVIDUAL,PUERTO QUIJARRO,SANTA CRUZ,36.7,MAIZ,800,21928.02,27.898244274809162,60.795944000000006,11.30308280254777,0.78765,36.529785714285715,18.484372693726936,0.172500,85
1206,ELIZABETH GARCIA COLQUE,INDIVIDUAL,SAN JULIAN,SANTA CRUZ,46.6,MAIZ,523,14436.630000000001,27.923849129593812,35.748666,11.361124031007753,0.7929445506692161,36.54643617021277,18.494728260869564,0.124283,85
1207,ASOC. PROD. YAPACANI NO.1207,ASOCIACION,YAPACANI,SANTA CRUZ,172.26,GIRASOL,517,14307.119999999999,28.053176470588234,40.257315000000006,11.42549902152642,0.7868665377176015,36.582689075630256,18.538271954674222,0.137331,85
1208,ALBERTO GARCIA SUAREZ,INDIVIDUAL,OKINAWA,SANTA CRUZ,78.7,MAIZ,275,7683.82,27.941163636363637,20.496924,11.421226765799258,0.7814545454545455,36.56945945945946,18.344455445544554,0.120000,80
1209,ASOC. PROD. WARNES NO.1209,ASOCIACION,WARNES,SANTA CRUZ,89.88,MAIZ,741,20451.19,28.092293956043953,59.453907,11.395631067961165,0.8449932523616734,36.52133603238867,18.559158512720156,0.145749,85
1210,ASOC. PROD. PUERTO SUAREZ NO.1210,ASOCIACION,PUERTO SUAREZ,SANTA CRUZ,330.26,SOYA/MAIZ,260,7215.329999999999,27.966395348837207,17.746705000000002,11.514206349206349,0.771846153846154,36.55867816091955,18.591744186046512,0.150000,80
1211,ASOC. PROD. YAPACANI NO.1211,COOPERATIVA,YAPACANI,SANTA CRUZ,158.53,SOYA,705,19560.3,28.023352435530086,48.285557000000004,11.358744588744589,0.7878014184397163,36.601800847457625,18.567320388349515,0.167376,85
1212,MIRIAM GUTIERREZ COPA,INDIVIDUAL,SAN PEDRO,SANTA CRUZ,215.2,SOYA,988,27306.429999999997,27.892165474974462,90.83252300000001,11.445351239669424,0.8496558704453442,36.51479889042996,18.503274596182088,0.159919,85
1213,ASOC. PROD. SAN PEDRO NO.1213,ASOCIACION,SAN PEDRO,SANTA CRUZ,100.16,GIRASOL,492,13784.82,28.07498981670061,48.475770000000004,11.551262939958592,0.7976016260162601,36.45126099706744,18.470883190883193,0.144309,85
1214,DIEGO SANDOVAL COLQUE,INDIVIDUAL,PUERTO SUAREZ,SANTA CRUZ,78.47,MAIZ,502,13873.71,28.084433198380566,37.930645,11.338279352226722,0.7962151394422312,36.54008695652173,18.559032258064516,0.133466,85
1215,ASOC. PROD. CUATRO CANADAS NO.1215,ASOCIACION,CUATRO CANADAS,SANTA CRUZ,30.26,SOYA,528,14728.85,28.108492366412214,43.668378,11.374824902723734,0.8387499999999999,36.508092783505155,18.491966292134833,0.140152,85
1216,FERNANDO AGUILAR PUMA,INDIVIDUAL,EL TORNO,SANTA CRUZ,148.17,SOYA,467,12871.499999999998,27.920824295010842,51.81040900000001,11.4778384279476,0.8810278372591005,36.49794366197183,18.519815950920247,0.111349,85
1217,ENRIQUE ALVARADO GUTIERREZ,INDIVIDUAL,GENERAL SAAVEDRA,SANTA CRUZ,55.17,SOYA,240,6622.2699999999995,27.824663865546217,19.190255,11.34873417721519,0.8216666666666668,36.59075581395349,18.596436781609196,0.195833,80
1218,VIVIANA CHAMBI CALLISAYA,INDIVIDUAL,BUEN RETIRO,SANTA CRUZ,59.39,GIRASOL,763,21126.550000000003,27.98218543046358,79.771512,11.459128686327078,0.8172083879423329,36.47400375939849,18.48741573033708,0.162516,85
1219,AGROP. GUTIERREZ HNOS. S.R.L.,EMPRESA AGROPECUARIA,PAILON,SANTA CRUZ,85.55,MAIZ,1018,28336.9,28.00088932806324,92.613036,11.353746223564956,0.7942829076620826,36.42258620689655,18.466744525547444,0.136542,85
1220,CARLOS SANCHEZ PINTO,INDIVIDUAL,EL TORNO,SANTA CRUZ,186.57,SOYA,808,22363.640000000003,28.165793450881615,116.46573000000002,11.61921618204804,0.8403341584158416,36.60550724637681,18.538804159445405,0.131188,85
1221,VANESSA YUJRA YUJRA,INDIVIDUAL,ROBORE,SANTA CRUZ,53.46,SOYA,783,21588.379999999997,27.928046571798184,86.00767900000002,11.590220492866406,0.7991698595146871,36.50895683453237,18.611601423487546,0.141762,85
1222,ASOC. PROD. LA GUARDIA NO.1222,COOPERATIVA,LA GUARDIA,SANTA CRUZ,130.75,SOYA,1261,35019.68,28.060641025641026,106.41703,11.409699431356623,0.8072402854877081,36.45085011185682,18.44527713625866,0.152260,85
1223,JESSICA ALVARADO ANTELO,INDIVIDUAL,OKINAWA,SANTA CRUZ,335.29,SOYA,1281,35715.549999999996,28.27834520981789,124.492708,11.365269841269841,0.8723419203747073,36.45117782909931,18.439613196814562,0.158470,85
1224,ASOC. PROD. PORTACHUELO NO.1224,COOPERATIVA,PORTACHUELO,SANTA CRUZ,369.88,SOYA,1769,49834.729999999996,28.444480593607302,168.577847,11.433807870370368,0.8271905031091011,36.589137380191694,18.571226645004064,0.150367,85
1225,ASOC. PROD. SAN JULIAN NO.1225,ASOCIACION,SAN JULIAN,SANTA CRUZ,56.61,SOYA,505,13943.15,27.8863,37.046018000000004,11.356285714285715,0.7813861386138613,36.38385756676558,18.541540616246497,0.158416,85
1226,AGROP. CHOQUE HNOS. S.R.L.,EMPRESA AGROPECUARIA,ROBORE,SANTA CRUZ,29.48,MAIZ,776,21745.73,28.204578469520104,79.295496,11.432578534031414,0.8137371134020619,36.53625678119349,18.379192100538603,0.140464,85
1227,ASOC. PROD. MINEROS NO.1227,ASOCIACION,MINEROS,SANTA CRUZ,339.5,SOYA,240,6667.230000000001,28.13177215189874,18.486204999999998,11.297136752136753,0.8431666666666667,36.43975155279502,18.31972067039106,0.175000,81
1229,ASOC. PROD. OKINAWA NO.1229,ASOCIACION,OKINAWA,SANTA CRUZ,93.55,SOYA,283,7847.849999999999,28.12849462365591,20.977325999999998,11.234191176470588,0.8277385159010601,36.653681592039796,18.4965,0.190813,80
1230,ASOC. PROD. MONTERO NO.1230,COOPERATIVA,MONTERO,SANTA CRUZ,99.14,SOYA,1295,36126.18,28.113758754863813,103.38190800000002,11.44305164319249,0.7387799227799228,36.507466814159294,18.525256124721604,0.149035,85
1231,ALBERTO QUISPE CUELLAR,INDIVIDUAL,MONTERO,SANTA CRUZ,111.21,SOYA,540,15196.73,28.458295880149812,53.556352,11.48439163498099,0.8388703703703704,36.410695876288656,18.47245430809399,0.125926,85
1232,OSCAR LIMA SANDOVAL,INDIVIDUAL,PUERTO SUAREZ,SANTA CRUZ,26.69,GIRASOL,252,7065.12,28.26048,20.831901,11.34821138211382,0.8282936507936508,36.75475138121547,18.52891304347826,0.130952,81
1233,ASOC. PROD. MINEROS NO.1233,COOPERATIVA,MINEROS,SANTA CRUZ,103.14,MAIZ,524,14711.86,28.346551059730253,46.774273,11.333029126213592,0.8626908396946564,36.5529365079365,18.39094972067039,0.164122,84
1234,ASOC. PROD. SAN JULIAN NO.1234,ASOCIACION,SAN JULIAN,SANTA CRUZ,151.55,MAIZ,754,20934.26,28.175316285329743,68.019593,11.349102040816327,0.7878116710875331,36.38804832713754,18.388558225508316,0.145889,85
1235,ASOC. PROD. COTOCA NO.1235,COOPERATIVA,COTOCA,SANTA CRUZ,33.93,MAIZ,1039,28983.82,28.221830574488802,95.580135,11.357890625,0.7976419634263715,36.49282814614344,18.532561307901908,0.130895,85
1236,CINTHIA TICONA NAVIA,INDIVIDUAL,LA GUARDIA,SANTA CRUZ,121.43,MAIZ,498,13975.070000000002,28.404613821138213,40.73536699999999,11.472622950819673,0.8053012048192771,36.49401146131805,18.536629526462395,0.164659,85
1237,MARCELO VACA ANTELO,COMUNIDAD,CHARAGUA,SANTA CRUZ,68.52,GIRASOL,773,21519.469999999998,28.203761467889905,58.290397999999996,11.329367588932806,0.7932212160413973,36.54154128440367,18.46429104477612,0.144890,85
1238,ASOC. PROD. BUEN RETIRO NO.1238,ASOCIACION,BUEN RETIRO,SANTA CRUZ,147.11,SOYA/MAIZ,246,6793.69,27.957572016460905,21.732067,11.442116182572615,0.8432926829268292,36.40179190751445,18.574176470588235,0.178862,81
1239,ASOC. PROD. GENERAL SAAVEDRA NO.1239,COOPERATIVA,GENERAL SAAVEDRA,SANTA CRUZ,38.0,SOYA,1293,35984.65,27.981842923794712,98.538959,11.32117415287628,0.8004176334106727,36.498754098360656,18.527098901098903,0.163186,85
1240,ASOC. PROD. COTOCA NO.1240,COOPERATIVA,COTOCA,SANTA CRUZ,185.96,MAIZ,975,26936.950000000004,27.942894190871375,65.533517,11.276687697160883,0.7532102564102563,36.50340909090909,18.503125925925925,0.134359,85
1241,ASOC. PROD. CUATRO CANADAS NO.1241,ASOCIACION,CUATRO CANADAS,SANTA CRUZ,77.7,SOYA,1022,28421.379999999997,28.1399801980198,92.14639399999999,11.395069306930694,0.8116731898238748,36.58575498575498,18.550752089136488,0.154599,85
1242,MIGUEL SANCHEZ CUELLAR,INDIVIDUAL,ROBORE,SANTA CRUZ,104.25,SOYA,714,19909.58,28.280653409090913,57.520335,11.285451936872311,0.8281932773109244,36.56750988142292,18.528323699421968,0.140056,85
1243,AGROP. MORALES HNOS. S.R.L.,EMPRESA AGROPECUARIA,WARNES,SANTA CRUZ,127.39,MAIZ,492,13524.460000000001,27.943099173553723,45.660408999999994,11.419182389937106,0.8877235772357723,36.31002915451896,18.405087719298244,0.160569,85
1244,AGROP. CATACORA HNOS. S.R.L.,EMPRESA AGROPECUARIA,MINEROS,SANTA CRUZ,492.35,SOYA,2644,73954.54,28.194639725505144,227.35968000000003,11.357449612403101,0.7928366111951589,36.55042789223455,18.4628692879915,0.160741,85
1245,LUIS CATACORA LOPEZ,INDIVIDUAL,PORTACHUELO,SANTA CRUZ,63.47,SOYA,753,20777.480000000003,27.92672043010753,56.34853299999999,11.322857142857142,0.7818326693227092,36.53922932330827,18.559119850187265,0.152722,84
1246,RICHARD CASTRO VASQUEZ,INDIVIDUAL,WARNES,SANTA CRUZ,84.09,SOYA,777,21563.989999999998,27.932629533678753,61.704956,11.146343381389253,0.8514285714285713,36.437319391634986,18.549457943925233,0.155727,85
1247,ASOC. PROD. PUERTO QUIJARRO NO.1247,ASOCIACION,PUERTO QUIJARRO,SANTA CRUZ,110.68,SOYA,756,21110.09,28.259825970548864,71.40617900000001,11.474588394062078,0.7381084656084655,36.456071428571434,18.465980952380953,0.148148,85
1248,ALBERTO SALVATIERRA NAVIA,INDIVIDUAL,PAILON,SANTA CRUZ,58.91,SOYA,522,14601.95,28.298352713178296,59.889846,11.40353634577603,0.8775095785440614,36.57484848484849,18.589838274932614,0.157088,85
1249,ASOC. PROD. BUEN RETIRO NO.1249,COOPERATIVA,BUEN RETIRO,SANTA CRUZ,63.02,SOYA,769,21265.540000000005,27.944204993429704,63.185753,11.392769640479363,0.7647334200260079,36.44499047619048,18.470131826741998,0.149545,85
1250,ASOC. PROD. ROBORE NO.1250,COOPERATIVA,ROBORE,SANTA CRUZ,64.13,MAIZ,276,7634.08,27.861605839416058,24.727891,11.421948529411765,0.8599275362318841,36.6053591160221,18.455582524271847,0.126812,81
1251,ASOC. PROD. CHARAGUA NO.1251,ASOCIACION,CHARAGUA,SANTA CRUZ,128.92,MAIZ,807,22414.34,28.088145363408522,64.83046300000001,11.441068702290076,0.8332218091697645,36.6225,18.516236559139788,0.169765,85
1252,ASOC. PROD. ROBORE NO.1252,COOPERATIVA,ROBORE,SANTA CRUZ,188.24,SOYA,514,14194.440000000002,28.05225296442688,37.305778999999994,11.36312749003984,0.7812451361867703,36.506918767507,18.473657142857142,0.151751,85
1253,NATALIA GARCIA GUTIERREZ,INDIVIDUAL,GENERAL SAAVEDRA,SANTA CRUZ,80.05,SOYA,264,7626.879999999999,28.99954372623574,22.041998999999997,11.300613026819924,0.8303030303030303,36.35778947368421,18.629719101123598,0.140152,84
1254,LUIS CHAMBI MONTAÑO,INDIVIDUAL,CUATRO CANADAS,SANTA CRUZ,31.5,SOYA/MAIZ,518,14533.18,28.27466926070039,50.899522,11.373031496062993,0.822934362934363,36.683518005540165,18.424269662921347,0.138996,85
1255,AGROP. SALVATIERRA HNOS. S.R.L.,EMPRESA AGROPECUARIA,BUEN RETIRO,SANTA CRUZ,111.84,SOYA,738,20482.65,27.905517711171665,55.85805500000001,11.330440165061898,0.8057046070460705,36.459788461538466,18.527868525896416,0.154472,85
1256,ASOC. PROD. MINEROS NO.1256,ASOCIACION,MINEROS,SANTA CRUZ,118.47,SOYA,1051,28981.34,27.866673076923078,113.532146,11.424640077821012,0.8203425309229305,36.50526666666667,18.56265560165975,0.153187,85
1257,ANDREA QUISPE MORALES,INDIVIDUAL,SAN JULIAN,SANTA CRUZ,258.38,SOYA,1017,28458.27,28.148635014836795,98.176478,11.419332669322708,0.8072173058013765,36.479972752043594,18.499536231884058,0.159292,85
1258,VANESSA COPA CUELLAR,COMUNIDAD,WARNES,SANTA CRUZ,224.17,MAIZ,1627,45276.34,28.10449410304159,137.33766200000002,11.264095477386936,0.8187645974185619,36.4625935828877,18.472302977232925,0.147511,85
1260,JULIO SORIA CONDORI,INDIVIDUAL,SAN JULIAN,SANTA CRUZ,424.46,SOYA,553,15447.490000000002,28.08634545454546,52.543037,11.47240366972477,0.8038517179023509,36.636015228426395,18.534656488549622,0.133816,85
1261,AGROP. SORIA HNOS. S.R.L.,EMPRESA AGROPECUARIA,CHARAGUA,SANTA CRUZ,168.17,SOYA,1034,29048.519999999997,28.395425219941345,88.16386,11.405542406311639,0.8088781431334624,36.533972027972034,18.449290681502085,0.150870,85
1262,ASOC. PROD. CHARAGUA NO.1262,COOPERATIVA,CHARAGUA,SANTA CRUZ,69.34,SOYA,516,14364.91,28.1113698630137,36.688467,11.447918287937744,0.7786434108527132,36.38586776859505,18.56986413043478,0.143411,85
1263,ASOC. PROD. BUEN RETIRO NO.1263,ASOCIACION,BUEN RETIRO,SANTA CRUZ,194.39,SOYA,529,14864.190000000002,28.31274285714286,34.799509,11.244482758620691,0.7519659735349716,36.55168937329701,18.541618798955614,0.162571,85
1264,DAVID MERCADO CHOQUE,INDIVIDUAL,PAILON,SANTA CRUZ,132.66,SOYA/MAIZ,779,22113.59,28.533664516129033,60.651573000000006,11.306719160104986,0.8330166880616174,36.45729981378026,18.488062730627306,0.138639,85
1266,ASOC. PROD. EL TORNO NO.1266,ASOCIACION,EL TORNO,SANTA CRUZ,100.84,SOYA,233,6507.110000000001,28.415327510917034,20.074676,11.11227074235808,0.8642489270386265,36.56739644970414,18.448848484848487,0.167382,83
1267,DAVID APAZA MORALES,INDIVIDUAL,CUATRO CANADAS,SANTA CRUZ,234.86,SOYA,772,21398.940000000002,27.972470588235296,79.355711,11.494801061007957,0.8185751295336787,36.46288354898336,18.47928443649374,0.136010,85
1269,FREDDY MONTAÑO VARGAS,COMUNIDAD,YAPACANI,SANTA CRUZ,154.04,SOYA,537,15029.300000000001,28.25056390977444,59.26776100000001,11.455494296577948,0.907262569832402,36.66184415584415,18.51602666666667,0.150838,85
1272,AGROP. MEDINA HNOS. S.R.L.,EMPRESA AGROPECUARIA,ROBORE,SANTA CRUZ,249.28,SOYA,779,21282.15,27.7111328125,60.070221000000004,11.35097911227154,0.815250320924262,36.54061482820976,18.56779599271403,0.136072,85
1273,ASOC. PROD. MINEROS NO.1273,ASOCIACION,MINEROS,SANTA CRUZ,293.05,SOYA,1289,35863.1,28.06189358372457,117.28520800000001,11.40909952606635,0.8024282389449184,36.53510857142857,18.491973684210528,0.166796,85
1274,ASOC. PROD. COTOCA NO.1274,ASOCIACION,COTOCA,SANTA CRUZ,58.58,SOYA,758,21203.58,28.196250000000003,55.40283,11.29345060893099,0.7816622691292876,36.43743785850861,18.516958105646633,0.178100,85
1275,AGROP. RODRIGUEZ HNOS. S.R.L.,EMPRESA AGROPECUARIA,COTOCA,SANTA CRUZ,81.26,SOYA,1523,42329.020000000004,28.181770972037285,154.971992,11.478882943143812,0.7992843072882468,36.52262037037036,18.457531760435568,0.145765,85
1276,DIEGO NAVIA VASQUEZ,INDIVIDUAL,OKINAWA,SANTA CRUZ,45.43,SOYA/MAIZ,804,22370.11,27.9626375,77.631152,11.375342639593908,0.8390174129353233,36.44190812720848,18.384753820033957,0.149254,85
1277,VANESSA ROMERO MORALES,INDIVIDUAL,SANTA ROSA,SANTA CRUZ,125.68,SOYA,1254,34840.67,28.11999192897498,91.376194,11.319094616639479,0.8156618819776714,36.43907880133185,18.41091116173121,0.139553,85
1278,AGROP. LIMA HNOS. S.R.L.,EMPRESA AGROPECUARIA,PAILON,SANTA CRUZ,61.99,MAIZ,519,14272.759999999998,27.822144249512668,42.091508999999995,11.45772277227723,0.8186897880539499,36.59497282608696,18.43107042253521,0.134875,85
1279,ASOC. PROD. GENERAL SAAVEDRA NO.1279,COOPERATIVA,GENERAL SAAVEDRA,SANTA CRUZ,105.84,SOYA,538,15266.03,28.588071161048692,47.595293000000005,11.473301526717558,0.8572862453531599,36.52944134078212,18.61485013623978,0.131970,85
1280,SUSANA TICONA ANTELO,COMUNIDAD,COTOCA,SANTA CRUZ,82.36,SOYA/MAIZ,762,21280.03,28.000039473684208,59.78830899999999,11.382651413189771,0.7946981627296588,36.55863970588236,18.44754789272031,0.143045,85
1281,VALERIA SUAREZ GUTIERREZ,INDIVIDUAL,SAN JULIAN,SANTA CRUZ,161.3,SOYA,1715,47624.560000000005,28.097085545722717,172.46697500000002,11.40886904761905,0.8238075801749271,36.436511627906974,18.514257095158598,0.151603,85
1282,ASOC. PROD. PUERTO SUAREZ NO.1282,ASOCIACION,PUERTO SUAREZ,SANTA CRUZ,123.31,SOYA,1034,29059.160000000003,28.350400000000004,75.97414800000001,11.281641938674579,0.8121953578336557,36.394295485636114,18.480139082058415,0.159574,85
1283,AGROP. SALVATIERRA HNOS. S.R.L.,EMPRESA AGROPECUARIA,ROBORE,SANTA CRUZ,22.71,GIRASOL,535,15031.1,28.307156308851226,49.87892699999999,11.618396946564888,0.777663551401869,36.66549738219894,18.384547803617572,0.168224,85
1284,ASOC. PROD. GENERAL SAAVEDRA NO.1284,ASOCIACION,GENERAL SAAVEDRA,SANTA CRUZ,191.77,SOYA,238,6655.98,28.08430379746835,16.579891,11.462649572649573,0.7258403361344538,36.72487179487179,18.57832335329341,0.163866,78
1285,RONALD CHAMBI LOPEZ,INDIVIDUAL,EL TORNO,SANTA CRUZ,285.12,SOYA/MAIZ,750,20919.600000000002,27.967379679144386,60.933685000000004,11.273265582655826,0.8242933333333333,36.44984790874525,18.497743190661478,0.169333,85
1286,AGROP. ROMERO HNOS. S.R.L.,EMPRESA AGROPECUARIA,YAPACANI,SANTA CRUZ,94.75,SOYA,275,7666.21,28.08135531135531,22.611035,11.128308270676694,0.840218181818182,36.51026178010472,18.443446601941748,0.174545,82
1287,DAVID CHOQUE SORIA,INDIVIDUAL,SANTA ROSA,SANTA CRUZ,134.76,SOYA,263,7435.18,28.818527131782947,21.337263000000004,11.255019455252919,0.788212927756654,36.3308988764045,18.531176470588235,0.102662,83
1288,MONICA MACHACA CONDORI,INDIVIDUAL,MINEROS,SANTA CRUZ,74.66,SOYA/MAIZ,280,7698.9,27.793862815884474,17.737755999999997,11.33260073260073,0.7245714285714285,36.55781094527364,18.548445595854922,0.150000,83
1289,ASOC. PROD. CUATRO CANADAS NO.1289,COOPERATIVA,CUATRO CANADAS,SANTA CRUZ,81.73,SOYA,780,21680.53,28.193146944083225,57.421958,11.347630208333333,0.779551282051282,36.39180327868853,18.444298724954468,0.146154,85
1290,CARMEN MEDINA TICONA,INDIVIDUAL,PAILON,SANTA CRUZ,114.15,SOYA,783,22083.39,28.384820051413882,74.384188,11.404483660130719,0.7903448275862068,36.380765027322404,18.386131907308375,0.154534,85
1291,ASOC. PROD. PAILON NO.1291,ASOCIACION,PAILON,SANTA CRUZ,48.64,SOYA,1281,35590.560000000005,28.0904183109708,119.882932,11.442396166134188,0.8202732240437158,36.5457094972067,18.517363737486097,0.149102,85
1292,PAOLA SORIA CHUQUIMIA,INDIVIDUAL,PUERTO QUIJARRO,SANTA CRUZ,166.62,SOYA,807,22508.139999999996,28.135174999999993,73.34306299999999,11.336641509433964,0.8075588599752169,36.43577661431065,18.487628318584072,0.152416,85
1293,AGROP. SORIA HNOS. S.R.L.,EMPRESA AGROPECUARIA,SAN PEDRO,SANTA CRUZ,142.02,SOYA/MAIZ,804,22265.33,28.112790404040407,77.804283,11.266043256997456,0.8518034825870647,36.39989399293285,18.654217311233882,0.164179,85
1294,ROBERTO LOPEZ MEDINA,INDIVIDUAL,WARNES,SANTA CRUZ,205.17,SOYA,711,19783.600000000002,28.06184397163121,64.178174,11.237305475504323,0.8225597749648383,36.41989539748954,18.400102880658437,0.133615,85
1295,AGROP. COLQUE HNOS. S.R.L.,EMPRESA AGROPECUARIA,PORTACHUELO,SANTA CRUZ,133.58,SOYA,1264,35030.58,27.93507177033493,104.20517199999999,11.337520128824478,0.8362895569620254,36.52406494960806,18.509419795221845,0.145570,85
1296,RICARDO PEDRAZA FLORES,INDIVIDUAL,SAN PEDRO,SANTA CRUZ,265.63,GIRASOL,534,14656.470000000001,27.97036259541985,43.15928100000001,11.42551923076923,0.787996254681648,36.595159574468084,18.418037135278514,0.176030,85
1297,MARIA CUELLAR APAZA,INDIVIDUAL,PORTACHUELO,SANTA CRUZ,137.73,MAIZ,279,7778.88,27.881290322580647,19.236581,11.4232,0.7766308243727599,36.57238095238095,18.488860103626944,0.186380,83
1298,ASOC. PROD. MONTERO NO.1298,ASOCIACION,MONTERO,SANTA CRUZ,48.29,SOYA,277,7611.88,27.78058394160584,41.995826,11.515410447761193,0.8666425992779784,36.76895287958115,18.616989795918368,0.126354,82
1299,ASOC. PROD. PORTACHUELO NO.1299,ASOCIACION,PORTACHUELO,SANTA CRUZ,96.12,SOYA,2500,69776.35,28.226678802589,209.42494200000002,11.307107404393816,0.8303200000000001,36.509409064830756,18.574667802385008,0.152000,85
1300,MIGUEL MORALES CASTRO,INDIVIDUAL,SANTA ROSA,SANTA CRUZ,47.34,SOYA/MAIZ,773,21469.93,28.06526797385621,64.169389,11.408055555555555,0.8134282018111254,36.50009363295881,18.530951526032315,0.169470,85
1301,ASOC. PROD. OKINAWA NO.1301,COOPERATIVA,OKINAWA,SANTA CRUZ,56.29,SOYA,1004,27671.0,27.838028169014084,91.297071,11.419928425357874,0.8120418326693228,36.53947887323944,18.471350974930367,0.173307,85
1302,AGROP. YUJRA HNOS. S.R.L.,EMPRESA AGROPECUARIA,LA GUARDIA,SANTA CRUZ,64.37,GIRASOL,553,15326.99,28.12291743119266,47.33444000000001,11.398957952468006,0.7742314647377938,36.51971428571429,18.50594805194805,0.155515,85
1303,PAOLA MEDINA CHOQUE,INDIVIDUAL,OKINAWA,SANTA CRUZ,34.05,SOYA,1252,35044.92,28.262032258064515,96.587238,11.311124694376527,0.7834904153354633,36.57984072810011,18.49586560364465,0.167732,85
1305,ASOC. PROD. BUEN RETIRO NO.1305,COOPERATIVA,BUEN RETIRO,SANTA CRUZ,89.52,GIRASOL,2099,58640.67999999999,28.16555235350624,170.80599999999998,11.429092673459486,0.7796426869938066,36.502083044982705,18.41390560875513,0.134826,85
1306,VICTOR NAVIA QUISPE,INDIVIDUAL,YAPACANI,SANTA CRUZ,53.15,SOYA/MAIZ,524,14571.830000000004,28.022750000000006,48.23594000000001,11.520525291828791,0.8192557251908397,36.435693215339235,18.631764705882354,0.148855,85
1307,ASOC. PROD. EL TORNO NO.1307,ASOCIACION,EL TORNO,SANTA CRUZ,205.03,GIRASOL,278,7698.7699999999995,27.89409420289855,24.467772,11.381286764705882,0.8094604316546764,36.41419191919192,18.564502617801047,0.118705,81
1308,AGROP. CASTRO HNOS. S.R.L.,EMPRESA AGROPECUARIA,BUEN RETIRO,SANTA CRUZ,72.84,SOYA,778,21578.92,28.09755208333333,73.539264,11.331235216819973,0.8253213367609257,36.40633027522936,18.471056603773583,0.137532,85
1309,AGROP. SANCHEZ HNOS. S.R.L.,EMPRESA AGROPECUARIA,OKINAWA,SANTA CRUZ,152.5,SOYA/MAIZ,1529,42469.399999999994,27.958788676761024,130.361921,11.406937958639093,0.8334728580771747,36.43358507734304,18.486678932842683,0.161543,85
1310,ENRIQUE TORREZ ANTELO,INDIVIDUAL,SANTA ROSA,SANTA CRUZ,158.25,SOYA,1073,30162.649999999998,28.189392523364482,92.75122300000001,11.401215574548905,0.8197949673811742,36.45521390374332,18.551123287671235,0.163094,85
1311,LUIS CHUQUIMIA CATACORA,INDIVIDUAL,SAN JULIAN,SANTA CRUZ,28.91,SOYA/MAIZ,534,14649.150000000001,27.797248576850098,37.087972,11.41536398467433,0.7862546816479401,36.39912,18.41417948717949,0.146067,85
1312,ASOC. PROD. LA GUARDIA NO.1312,ASOCIACION,LA GUARDIA,SANTA CRUZ,62.86,MAIZ,283,7974.869999999999,28.686582733812944,26.830605,11.46698181818182,0.8651943462897527,36.80247474747475,18.579607843137254,0.180212,84
1313,ASOC. PROD. PORTACHUELO NO.1313,ASOCIACION,PORTACHUELO,SANTA CRUZ,90.1,SOYA,517,14223.299999999997,27.779882812499995,50.524620000000006,11.401660079051386,0.8231721470019343,36.35558073654391,18.524683195592285,0.168279,85
1315,AGROP. APAZA HNOS. S.R.L.,EMPRESA AGROPECUARIA,PORTACHUELO,SANTA CRUZ,31.2,SOYA,1269,35250.83,28.155615015974444,128.73989600000002,11.502349155269512,0.7909456264775414,36.50017937219731,18.446355653128432,0.165485,85
1316,SANDRA HUANCA AGUILAR,INDIVIDUAL,LA GUARDIA,SANTA CRUZ,225.16,MAIZ,242,6651.87,27.949033613445376,21.295317999999998,11.359784482758622,0.8637603305785124,36.516395348837214,18.5563125,0.136364,80
1317,PATRICIA VASQUEZ SORIA,INDIVIDUAL,SANTA ROSA,SANTA CRUZ,60.24,MAIZ,800,22487.34,28.250427135678393,55.642707,11.293711734693877,0.7947375,36.49953183520599,18.633978873239435,0.131250,85
1318,ASOC. PROD. CUATRO CANADAS NO.1318,COOPERATIVA,CUATRO CANADAS,SANTA CRUZ,176.83,SOYA/MAIZ,492,13765.87,28.09361224489796,29.584715999999997,11.27512396694215,0.7757520325203252,36.578054711246196,18.457959770114943,0.140244,84
1319,SILVIA MEDINA CATACORA,INDIVIDUAL,BUEN RETIRO,SANTA CRUZ,86.14,MAIZ,779,21784.64,28.32853055916775,75.875923,11.383636363636365,0.8174967907573814,36.54604316546762,18.524666666666665,0.165597,85
1320,NATALIA MERCADO SANCHEZ,INDIVIDUAL,GENERAL SAAVEDRA,SANTA CRUZ,61.45,SOYA,791,21965.02,28.124225352112678,69.410601,11.362441860465117,0.8036915297092289,36.526553030303035,18.50296089385475,0.155499,85
1321,FERNANDO CATACORA ROMERO,INDIVIDUAL,SAN PEDRO,SANTA CRUZ,14.29,GIRASOL,1030,28411.910000000003,27.93698131760079,76.14804000000001,11.327158415841584,0.7939902912621359,36.51304469273743,18.48510344827586,0.140777,85
1322,ALEJANDRA CASTRO GARCIA,INDIVIDUAL,WARNES,SANTA CRUZ,151.28,SOYA,783,21821.87,28.12096649484536,61.115612000000006,11.323543307086613,0.7928097062579821,36.436249999999994,18.40514925373134,0.150702,85
1323,NELSON MERCADO MORALES,INDIVIDUAL,COTOCA,SANTA CRUZ,65.48,SOYA,806,22452.749999999996,28.10106382978723,61.654145,11.325992414664983,0.8143796526054592,36.497904599659286,18.358638743455497,0.137717,85
1324,LAURA CUELLAR MACHACA,INDIVIDUAL,ROBORE,SANTA CRUZ,48.49,SOYA,2059,57756.82,28.29829495345419,171.427391,11.381132542037587,0.7878873239436621,36.468505665722375,18.429483240223462,0.155415,85
1325,SUSANA SALVATIERRA SORIA,INDIVIDUAL,SAN JULIAN,SANTA CRUZ,51.7,SOYA/MAIZ,1509,42539.67,28.322017310252996,168.208224,11.443042005420054,0.8280053015241883,36.531935483870974,18.4374302213667,0.159708,85
1326,SERGIO ALVARADO CATACORA,INDIVIDUAL,PUERTO SUAREZ,SANTA CRUZ,122.36,GIRASOL,1047,29038.440000000002,28.02938223938224,76.179584,11.342330754352032,0.7725119388729704,36.60547999999999,18.576390374331552,0.144222,85
1328,MONICA SORIA MONTAÑO,COMUNIDAD,PUERTO QUIJARRO,SANTA CRUZ,15.86,SOYA,1032,28566.760000000006,27.924496578690132,82.969965,11.402687747035573,0.825562015503876,36.441398305084746,18.526761517615178,0.168605,85
1330,DIEGO TICONA CALLISAYA,INDIVIDUAL,SAN JULIAN,SANTA CRUZ,72.39,SOYA,274,7677.4400000000005,28.019854014598543,22.515311000000004,11.369169811320754,0.8262408759124088,36.44150537634409,18.29127777777778,0.149635,81
1331,AGROP. COPA HNOS. S.R.L.,EMPRESA AGROPECUARIA,BUEN RETIRO,SANTA CRUZ,207.92,SOYA,499,13840.71,27.848511066398387,42.865525,11.37558521560575,0.8222645290581162,36.54103064066853,18.55719298245614,0.134269,85
1332,ASOC. PROD. GENERAL SAAVEDRA NO.1332,COOPERATIVA,GENERAL SAAVEDRA,SANTA CRUZ,10.22,SOYA,768,21105.48,27.954278145695362,70.175092,11.43503989361702,0.8165104166666667,36.48279857397504,18.504746716697934,0.149740,85
1333,AGROP. PINTO HNOS. S.R.L.,EMPRESA AGROPECUARIA,PORTACHUELO,SANTA CRUZ,28.37,SOYA,719,20084.62,28.12971988795518,70.123337,11.371353276353277,0.8479415855354661,36.59998023715415,18.5101226993865,0.159944,85
1334,ASOC. PROD. WARNES NO.1334,ASOCIACION,WARNES,SANTA CRUZ,136.75,SOYA,518,14734.899999999998,28.55600775193798,48.901165000000006,11.372899408284022,0.7805791505791505,36.40657223796033,18.600698324022343,0.119691,85
1335,ASOC. PROD. MONTERO NO.1335,COOPERATIVA,MONTERO,SANTA CRUZ,30.01,SOYA,1026,28544.170000000002,28.039459724950888,108.40712000000002,11.557127236580516,0.8392495126705652,36.48731428571429,18.557046703296702,0.148148,85
1336,ASOC. PROD. ROBORE NO.1336,COOPERATIVA,ROBORE,SANTA CRUZ,49.82,MAIZ,511,14104.56,27.764881889763778,42.608532,11.429920477137177,0.7775733855185909,36.522946175637394,18.474431137724547,0.154599,85
1337,EDWIN CRUZ MAMANI,INDIVIDUAL,SANTA ROSA,SANTA CRUZ,117.52,SOYA,480,13400.310000000001,28.151911764705886,30.671799999999998,11.412978723404256,0.7317291666666667,36.42287009063444,18.664074074074076,0.150000,84
1338,MIGUEL VILLCA ALVARADO,INDIVIDUAL,ROBORE,SANTA CRUZ,186.51,GIRASOL,489,13543.509999999998,28.09856846473029,47.90790200000001,11.30848232848233,0.8460736196319019,36.534642857142856,18.558290598290597,0.143149,85
1340,JORGE CONDORI VILLCA,INDIVIDUAL,PORTACHUELO,SANTA CRUZ,132.96,SOYA,1076,29935.72,28.029700374531835,108.45659,11.50249527410208,0.807453531598513,36.44637107776262,18.520039318479686,0.140335,85
1341,SERGIO AGUILAR YUJRA,INDIVIDUAL,MONTERO,SANTA CRUZ,17.6,SOYA,805,22470.98,28.300982367758184,59.707405,11.303106060606062,0.7734037267080746,36.67542124542124,18.59066783831283,0.134161,85
1342,IVAN PEDRAZA MONTAÑO,INDIVIDUAL,OKINAWA,SANTA CRUZ,37.36,SOYA,516,14218.750000000002,27.934675834970534,48.573297000000004,11.491383399209488,0.8043604651162791,36.56475806451613,18.597891737891736,0.129845,85
1343,ASOC. PROD. OKINAWA NO.1343,COOPERATIVA,OKINAWA,SANTA CRUZ,68.63,MAIZ,1030,28458.27,27.95507858546169,95.89848800000001,11.465956392467788,0.8285728155339807,36.421209563994374,18.49711888111888,0.135922,85
1344,ASOC. PROD. ROBORE NO.1344,ASOCIACION,ROBORE,SANTA CRUZ,44.89,MAIZ,1378,38798.71000000001,28.465671313279536,120.71097400000001,11.327336795252226,0.8271190130624093,36.50980612244898,18.4978125,0.158200,85
1345,NELSON GUTIERREZ PINTO,INDIVIDUAL,ROBORE,SANTA CRUZ,145.07,SOYA,768,21317.8,27.939449541284404,66.086586,11.29699867197875,0.8662760416666666,36.58060952380953,18.427616387337057,0.115885,85
1346,AGROP. TORREZ HNOS. S.R.L.,EMPRESA AGROPECUARIA,EL TORNO,SANTA CRUZ,122.32,SOYA,1330,37021.490000000005,28.19610814927647,116.12111100000001,11.487022256331542,0.7867819548872179,36.531975308641975,18.527993273542602,0.148120,85
1347,ASOC. PROD. PAILON NO.1347,ASOCIACION,PAILON,SANTA CRUZ,222.42,SOYA,1521,42631.54,28.27025198938992,111.60641400000002,11.348152610441767,0.7957264957264959,36.560350719424456,18.515555555555554,0.147929,85
1348,JULIO MONTAÑO MARCA,COMUNIDAD,PUERTO SUAREZ,SANTA CRUZ,108.13,SOYA,503,14165.470000000001,28.501951710261572,56.225412000000006,11.376666666666669,0.8602385685884691,36.53354651162791,18.548448753462605,0.170974,84
1349,ASOC. PROD. SAN JULIAN NO.1349,COOPERATIVA,SAN JULIAN,SANTA CRUZ,178.18,SOYA,1577,43950.62,28.101419437340155,120.555087,11.283206205559148,0.7856753329105896,36.55224324324325,18.477644444444447,0.147115,85
1350,ASOC. PROD. WARNES NO.1350,COOPERATIVA,WARNES,SANTA CRUZ,306.62,SOYA/MAIZ,1034,28305.61,27.859852362204727,94.440835,11.435625615763547,0.8190425531914893,36.436652835408026,18.46913342503439,0.153772,85
1351,AGROP. QUISPE HNOS. S.R.L.,EMPRESA AGROPECUARIA,SAN PEDRO,SANTA CRUZ,67.36,SOYA,521,14258.630000000001,27.68666019417476,34.867089,11.294372549019608,0.7501151631477926,36.46793956043956,18.49791237113402,0.134357,85
1352,ASOC. PROD. CHARAGUA NO.1352,COOPERATIVA,CHARAGUA,SANTA CRUZ,182.41,GIRASOL,765,21339.550000000003,28.11534914361002,66.316245,11.393018617021276,0.8376732026143792,36.49508538899431,18.44591254752852,0.135948,85
1353,YENNY CRUZ CONDORI,INDIVIDUAL,SANTA ROSA,SANTA CRUZ,208.65,SOYA,258,7274.51,28.6398031496063,20.107445000000002,11.329610894941634,0.7784108527131783,36.23888888888889,18.51853107344633,0.131783,79
1354,AGROP. MONTAÑO HNOS. S.R.L.,EMPRESA AGROPECUARIA,LA GUARDIA,SANTA CRUZ,120.02,SOYA,976,27365.12,28.240577915376676,95.97794900000001,11.344481675392672,0.8787397540983608,36.50834319526628,18.47614825581395,0.167008,85
1355,NATALIA MAMANI NAVIA,INDIVIDUAL,MINEROS,SANTA CRUZ,47.25,MAIZ,745,20696.800000000003,28.082496607869746,51.274307,11.27478021978022,0.7832483221476509,36.428355140186916,18.36437858508604,0.126174,85
1356,ASOC. PROD. EL TORNO NO.1356,ASOCIACION,EL TORNO,SANTA CRUZ,36.88,SOYA,784,22048.6,28.413144329896905,73.21410499999999,11.367783572359844,0.8107780612244898,36.554697247706414,18.476429872495448,0.144133,85
1357,LUIS ROMERO APAZA,INDIVIDUAL,COTOCA,SANTA CRUZ,172.27,MAIZ,1027,28629.450000000004,28.040597453476988,84.629174,11.339258893280634,0.8143330087633885,36.57292119565217,18.541568627450978,0.143135,85
1358,BEATRIZ MACHACA YUJRA,INDIVIDUAL,LA GUARDIA,SANTA CRUZ,18.77,SOYA,781,21760.260000000002,28.11403100775194,66.080907,11.355058977719528,0.8273879641485274,36.50279491833031,18.466169811320754,0.160051,85
1359,MIGUEL MORALES MORALES,INDIVIDUAL,PUERTO SUAREZ,SANTA CRUZ,31.99,SOYA,542,15189.27,28.180463821892396,52.903620999999994,11.382,0.8372509225092252,36.61503978779841,18.623427109974426,0.158672,85
1360,AGROP. SORIA HNOS. S.R.L.,EMPRESA AGROPECUARIA,OKINAWA,SANTA CRUZ,77.86,SOYA,518,14475.98,28.21828460038986,51.82690099999999,11.433723196881092,0.8124710424710425,36.65002849002849,18.55721448467967,0.138996,85
1361,YENNY CRUZ SANCHEZ,INDIVIDUAL,SANTA ROSA,SANTA CRUZ,48.8,SOYA,756,20858.98,27.738005319148936,54.907249,11.341729729729728,0.8122089947089947,36.525545112781955,18.50204460966543,0.161376,85
1362,ASOC. PROD. MONTERO NO.1362,ASOCIACION,MONTERO,SANTA CRUZ,111.31,SOYA,277,7725.76,28.09367272727273,20.017287000000003,11.354669117647058,0.8012635379061372,36.46931937172775,18.596052631578946,0.155235,82
1363,ASOC. PROD. PUERTO SUAREZ NO.1363,ASOCIACION,PUERTO SUAREZ,SANTA CRUZ,76.63,SOYA,987,27365.43,27.952431052093974,73.40649899999998,11.347515592515592,0.7945086119554206,36.58386396526773,18.497437407952866,0.131712,85
1364,ANA PEDRAZA MAMANI,INDIVIDUAL,PUERTO SUAREZ,SANTA CRUZ,39.26,SOYA,548,15128.95,28.22565298507463,49.336481000000006,11.325895522388059,0.8586496350364963,36.554918918918915,18.44291777188329,0.155109,84
1366,ALBERTO MACHACA FLORES,INDIVIDUAL,LA GUARDIA,SANTA CRUZ,70.03,SOYA/MAIZ,1047,29126.74,28.087502410800386,103.342611,11.334424951267057,0.8318051575931232,36.48419753086419,18.481467764060355,0.143266,85
1367,ASOC. PROD. CUATRO CANADAS NO.1367,COOPERATIVA,CUATRO CANADAS,SANTA CRUZ,83.34,SOYA,1045,29275.790000000005,28.14979807692308,92.705425,11.47192642787996,0.7758851674641148,36.528780160857906,18.430968992248065,0.146411,85
1368,MIRIAM SALVATIERRA NAVIA,INDIVIDUAL,PAILON,SANTA CRUZ,24.9,SOYA,569,15840.92,27.938130511463847,55.917721,11.461752212389381,0.8286994727592267,36.49799498746867,18.5060103626943,0.168717,85
1369,AGROP. CUELLAR HNOS. S.R.L.,EMPRESA AGROPECUARIA,CHARAGUA,SANTA CRUZ,104.5,SOYA,784,22277.27,28.707822164948453,78.86102699999999,11.316914062499999,0.8492219387755101,36.52056880733945,18.554432624113478,0.161990,85
1370,ASOC. PROD. PORTACHUELO NO.1370,COOPERATIVA,PORTACHUELO,SANTA CRUZ,36.5,SOYA,1002,27851.700000000004,27.963554216867475,100.344118,11.404969262295081,0.8295908183632734,36.52293706293706,18.549076479076476,0.150699,85
1371,JULIO MACHACA PINTO,INDIVIDUAL,MINEROS,SANTA CRUZ,99.66,SOYA,1250,34831.74,28.15823767178658,99.79379200000001,11.3025325732899,0.8022,36.463267670915414,18.513869463869465,0.148000,85
1372,ASOC. PROD. GENERAL SAAVEDRA NO.1372,COOPERATIVA,GENERAL SAAVEDRA,SANTA CRUZ,135.41,SOYA,532,14771.16,28.189236641221374,41.789508,11.356950757575758,0.7922556390977444,36.30285714285714,18.453913043478263,0.146617,85
1374,ANA CALLISAYA MAMANI,INDIVIDUAL,MONTERO,SANTA CRUZ,95.03,SOYA,248,6869.8,27.9260162601626,28.23386,11.364918032786886,0.797217741935484,36.40520467836258,18.346420454545452,0.149194,78
1375,ASOC. PROD. CUATRO CANADAS NO.1375,COOPERATIVA,CUATRO CANADAS,SANTA CRUZ,162.34,SOYA,1013,28056.870000000003,28.113096192384774,96.813682,11.365721493440967,0.8143237907206319,36.525861581920914,18.52492496589359,0.158934,85
1376,MARIO SUAREZ RODRIGUEZ,INDIVIDUAL,PUERTO SUAREZ,SANTA CRUZ,28.17,GIRASOL,850,23671.15,28.213528009535164,63.966847,11.380457280385079,0.8015058823529413,36.40949919224555,18.592201680672268,0.171765,85
1377,ASOC. PROD. CHARAGUA NO.1377,ASOCIACION,CHARAGUA,SANTA CRUZ,110.65,SOYA,2028,56495.340000000004,28.10713432835821,166.16728300000003,11.424294324460073,0.7869230769230767,36.55179157744468,18.479514226231785,0.141026,85
1378,EDWIN PEREZ ROMERO,INDIVIDUAL,PORTACHUELO,SANTA CRUZ,52.7,SOYA,767,21571.44,28.346176084099866,79.54711300000001,11.416529255319148,0.7924511082138201,36.48045283018868,18.605207956600363,0.148631,85
1379,RAUL LOPEZ MACHACA,INDIVIDUAL,SANTA ROSA,SANTA CRUZ,149.62,MAIZ,752,20973.75,28.228465679676987,68.865,11.389510869565218,0.7912101063829787,36.49635108481262,18.512226345083487,0.155585,85
1380,FREDDY APAZA MACHACA,INDIVIDUAL,CHARAGUA,SANTA CRUZ,66.6,SOYA,1526,42758.12,28.29789543348776,130.379812,11.353371237458195,0.8328833551769331,36.473373831775696,18.519829867674858,0.157274,85
1381,ALBERTO ANTELO TORREZ,INDIVIDUAL,YAPACANI,SANTA CRUZ,85.64,MAIZ,1853,51592.12,28.223260393873087,150.38143300000002,11.36798790544255,0.7960874257960066,36.57469720496894,18.558892307692307,0.141392,85
1382,ASOC. PROD. SAN PEDRO NO.1382,ASOCIACION,SAN PEDRO,SANTA CRUZ,164.24,SOYA,535,14958.3,28.117105263157892,41.988545,11.387227533460802,0.8138504672897195,36.361785714285716,18.4532722513089,0.179439,85
1383,ASOC. PROD. PUERTO SUAREZ NO.1383,COOPERATIVA,PUERTO SUAREZ,SANTA CRUZ,262.93,SOYA/MAIZ,1026,28343.980000000003,27.952642998027617,85.029909,11.427165510406343,0.7896003898635477,36.38059065934066,18.458280802292265,0.147173,85
1384,LUIS TICONA MONTAÑO,INDIVIDUAL,WARNES,SANTA CRUZ,69.39,SOYA,749,21029.09,28.41768918918919,76.627026,11.449675236806497,0.7759813084112148,36.486384615384615,18.53300380228137,0.161549,85
1385,ASOC. PROD. YAPACANI NO.1385,ASOCIACION,YAPACANI,SANTA CRUZ,105.58,SOYA,744,20564.36,28.05506139154161,68.646657,11.378201634877385,0.8130376344086021,36.41416334661355,18.4334521575985,0.131720,85
1386,ASOC. PROD. GENERAL SAAVEDRA NO.1386,ASOCIACION,GENERAL SAAVEDRA,SANTA CRUZ,99.68,MAIZ,1572,43439.950000000004,27.93565916398714,158.337301,11.356623292127521,0.8060241730279899,36.461838235294124,18.404830119375575,0.161578,85
1387,ELIZABETH PEREZ MORALES,INDIVIDUAL,CUATRO CANADAS,SANTA CRUZ,117.54,SOYA,1035,29467.119999999995,28.664513618677038,72.785737,11.271560353287539,0.7993719806763285,36.501582633053225,18.557397260273973,0.135266,85
1388,ROSA RODRIGUEZ CHUQUIMIA,INDIVIDUAL,LA GUARDIA,SANTA CRUZ,160.88,GIRASOL,995,27762.319999999996,28.156511156186607,95.535986,11.50875386199794,0.8004824120603016,36.39939130434783,18.48914985590778,0.149749,85
1389,ALBERTO SUAREZ GARCIA,INDIVIDUAL,OKINAWA,SANTA CRUZ,48.38,MAIZ,1618,44724.77,28.07581293157564,127.00751600000001,11.38114847715736,0.8006180469715699,36.424473197781886,18.473740053050395,0.142151,85
1390,LAURA MARTINEZ MACHACA,INDIVIDUAL,CUATRO CANADAS,SANTA CRUZ,24.03,SOYA/MAIZ,1052,29114.82,27.861071770334927,98.35367499999998,11.400776699029123,0.8244866920152092,36.367640603566535,18.457999999999995,0.141635,85
1391,NELSON APAZA PINTO,INDIVIDUAL,MINEROS,SANTA CRUZ,300.5,GIRASOL,520,14471.940000000002,27.938108108108114,52.982867,11.342176470588235,0.8489807692307693,36.358614958448754,18.493873626373624,0.148077,84
1392,ASOC. PROD. MINEROS NO.1392,COOPERATIVA,MINEROS,SANTA CRUZ,303.86,SOYA/MAIZ,530,14692.009999999998,27.93157794676806,38.045338,11.452783109404992,0.7756226415094339,36.5777897574124,18.499651474530832,0.158491,85
1393,AGROP. COLQUE HNOS. S.R.L.,EMPRESA AGROPECUARIA,SAN JULIAN,SANTA CRUZ,62.51,SOYA,816,23052.14,28.49461063040791,60.649509,11.335952677459527,0.78765931372549,36.44543321299639,18.534000000000002,0.158088,85
1394,ASOC. PROD. SAN PEDRO NO.1394,ASOCIACION,SAN PEDRO,SANTA CRUZ,215.43,SOYA,242,6567.97,27.366541666666667,21.333503000000004,11.573063829787232,0.8186363636363637,36.45865497076023,18.545898876404493,0.132231,79
1395,DANIEL GARCIA PUMA,INDIVIDUAL,SAN JULIAN,SANTA CRUZ,79.13,SOYA/MAIZ,1500,42113.6,28.28314304902619,144.594069,11.429654471544714,0.7721133333333334,36.47446379468378,18.55633462282399,0.152667,85
1396,SUSANA LOPEZ SORIA,INDIVIDUAL,YAPACANI,SANTA CRUZ,80.12,SOYA,1279,35573.97,27.988961447678992,105.23838199999999,11.447315329626687,0.8139796716184519,36.56110989010989,18.45359170305677,0.161063,85
1397,ASOC. PROD. PAILON NO.1397,ASOCIACION,PAILON,SANTA CRUZ,86.19,SOYA,253,7133.54,28.195810276679843,22.954385,11.312348178137652,0.7934387351778656,36.44303867403315,18.602096774193548,0.154150,82
1398,AGROP. TICONA HNOS. S.R.L.,EMPRESA AGROPECUARIA,BUEN RETIRO,SANTA CRUZ,90.79,MAIZ,768,21283.950000000004,28.116182298546903,55.153158,11.388026490066226,0.7858072916666666,36.41625954198473,18.503723404255318,0.156250,85
1399,ASOC. PROD. GENERAL SAAVEDRA NO.1399,ASOCIACION,GENERAL SAAVEDRA,SANTA CRUZ,147.24,MAIZ,1047,29178.73,28.137637415621985,88.65118700000001,11.448495660559304,0.7925119388729703,36.473366906474816,18.445238764044944,0.152818,85
1400,ASOC. PROD. LA GUARDIA NO.1400,ASOCIACION,LA GUARDIA,SANTA CRUZ,51.11,GIRASOL,1009,28273.399999999998,28.245154845154843,93.181194,11.396848484848483,0.7955004955401388,36.46027700831025,18.502325249643366,0.161546,85
1401,JESSICA MACHACA YUJRA,INDIVIDUAL,OKINAWA,SANTA CRUZ,99.61,SOYA,741,20621.24,28.017989130434785,54.26830199999999,11.245398351648353,0.7920917678812417,36.53360377358491,18.53376923076923,0.157895,85
1402,AGROP. MONTAÑO HNOS. S.R.L.,EMPRESA AGROPECUARIA,CHARAGUA,SANTA CRUZ,73.07,SOYA,1315,36388.61,28.01278675904542,95.06053199999998,11.335364341085272,0.7965247148288974,36.46146179401993,18.562147368421055,0.145247,85
1403,ASOC. PROD. YAPACANI NO.1403,ASOCIACION,YAPACANI,SANTA CRUZ,208.16,SOYA,741,20497.940000000002,28.002650273224045,64.794186,11.418159340659344,0.8106072874493927,36.64853515625,18.488396793587174,0.136302,85
1404,MIRIAM ALVARADO CHUQUIMIA,INDIVIDUAL,LA GUARDIA,SANTA CRUZ,59.11,SOYA,792,22020.899999999998,28.123754789272027,76.454059,11.363896774193549,0.8468181818181818,36.50976102941176,18.51062391681109,0.160354,85
1405,AGROP. SORIA HNOS. S.R.L.,EMPRESA AGROPECUARIA,CHARAGUA,SANTA CRUZ,353.51,SOYA,532,14727.88,27.946641366223908,41.74438500000001,11.30484375,0.8047556390977445,36.37474719101124,18.42402777777778,0.150376,85
1406,MARIO COPA VACA,INDIVIDUAL,BUEN RETIRO,SANTA CRUZ,128.99,SOYA,510,14345.71,28.295285996055224,53.526467,11.360180360721444,0.8565490196078432,36.539913793103445,18.553013333333332,0.162745,85
1407,ASOC. PROD. SANTA ROSA NO.1407,ASOCIACION,SANTA ROSA,SANTA CRUZ,121.37,SOYA,1059,29250.3,28.044391179290507,100.09062200000001,11.420894941634241,0.7978281397544853,36.50628686327077,18.517231182795697,0.134089,85
1408,HUGO SUAREZ SORIA,INDIVIDUAL,PUERTO SUAREZ,SANTA CRUZ,146.92,SOYA,1268,35321.32,28.144478087649404,120.01846400000001,11.429413654618475,0.8305126182965299,36.41003211991435,18.565411899313503,0.144322,85
1409,ASOC. PROD. CUATRO CANADAS NO.1409,COOPERATIVA,CUATRO CANADAS,SANTA CRUZ,176.62,SOYA,489,13812.29,28.420349794238685,58.00239299999999,11.470083333333333,0.8749284253578732,36.392365269461074,18.545854341736696,0.124744,85
1410,ASOC. PROD. SAN PEDRO NO.1410,ASOCIACION,SAN PEDRO,SANTA CRUZ,43.51,SOYA,1276,35648.46,28.15834123222749,106.82872499999999,11.334927884615386,0.7994435736677116,36.43319814600232,18.4959169550173,0.144201,85
1411,ASOC. PROD. CUATRO CANADAS NO.1411,COOPERATIVA,CUATRO CANADAS,SANTA CRUZ,241.06,SOYA,280,7854.04,28.15068100358423,27.618750000000006,11.471272727272728,0.7536428571428572,36.60578680203046,18.304126984126984,0.157143,80
1412,SANDRA MONTAÑO FLORES,INDIVIDUAL,MINEROS,SANTA CRUZ,26.54,SOYA,261,7268.79,27.956884615384617,20.096949,11.359882812499999,0.8388505747126436,36.61304347826086,18.306507936507934,0.153257,77
1413,ASOC. PROD. MINEROS NO.1413,ASOCIACION,MINEROS,SANTA CRUZ,70.47,SOYA,248,6840.570000000001,28.035122950819673,17.024873,11.201528925619836,0.7269354838709676,36.62476470588235,18.572965116279068,0.137097,82
1414,JESSICA MAMANI SUAREZ,INDIVIDUAL,EL TORNO,SANTA CRUZ,353.5,SOYA,525,14564.9,28.009423076923078,38.602617,11.378769230769231,0.7700571428571428,36.48412698412698,18.539162011173183,0.163810,85
1415,OSCAR MAMANI MERCADO,INDIVIDUAL,PUERTO SUAREZ,SANTA CRUZ,33.5,SOYA,550,15311.64,28.0432967032967,54.954126,11.439870129870128,0.8407454545454546,36.35304582210242,18.6856914893617,0.127273,85
1416,ASOC. PROD. PUERTO SUAREZ NO.1416,COOPERATIVA,PUERTO SUAREZ,SANTA CRUZ,74.68,SOYA,542,15055.850000000002,27.984851301115246,58.951206,11.463130929791271,0.8352214022140222,36.68805405405406,18.355464480874314,0.160517,85
1417,AGROP. VASQUEZ HNOS. S.R.L.,EMPRESA AGROPECUARIA,ROBORE,SANTA CRUZ,313.89,SOYA,744,20560.48,28.011553133514987,48.789194,11.404618528610355,0.7825672043010753,36.4145247148289,18.48578849721707,0.137097,85
1418,PAOLA LIMA SORIA,INDIVIDUAL,CUATRO CANADAS,SANTA CRUZ,27.17,SOYA,524,14509.130000000001,27.902173076923077,45.472479,11.225856031128403,0.8470229007633587,36.54689008042895,18.482,0.194656,85
1419,ASOC. PROD. OKINAWA NO.1419,COOPERATIVA,OKINAWA,SANTA CRUZ,61.86,SOYA/MAIZ,794,22003.46,28.101481481481482,62.548999,11.315401554404145,0.8258942065491184,36.51683908045977,18.505285714285712,0.158690,85
1420,SANDRA CUELLAR VASQUEZ,INDIVIDUAL,PORTACHUELO,SANTA CRUZ,63.29,MAIZ,223,6170.74,28.17689497716895,14.891987999999998,11.389454545454544,0.7295515695067264,36.47825806451613,18.59859872611465,0.165919,80
1422,ANA LOPEZ AGUILAR,COMUNIDAD,SANTA ROSA,SANTA CRUZ,36.49,SOYA,795,22231.89,28.24890724269377,79.51813800000002,11.44785806451613,0.7949685534591195,36.506679104477605,18.517956989247313,0.133333,85
1423,ASOC. PROD. SAN PEDRO NO.1423,COOPERATIVA,SAN PEDRO,SANTA CRUZ,79.94,MAIZ,1110,30893.61,28.110655141037306,107.86904300000002,11.450194085027727,0.8396396396396396,36.561052631578946,18.52848600508906,0.159459,85
1424,AGROP. COLQUE HNOS. S.R.L.,EMPRESA AGROPECUARIA,CUATRO CANADAS,SANTA CRUZ,67.19,MAIZ,547,15425.029999999999,28.512070240295746,45.808099,11.406839186691313,0.7993784277879342,36.384046242774566,18.614834605597963,0.127971,85
1425,ASOC. PROD. PUERTO QUIJARRO NO.1425,COOPERATIVA,PUERTO QUIJARRO,SANTA CRUZ,47.79,MAIZ,279,7763.000000000001,28.025270758122748,25.573579,11.178686131386861,0.8896774193548386,36.44522167487685,18.22064516129032,0.161290,85
1426,ASOC. PROD. CHARAGUA NO.1426,COOPERATIVA,CHARAGUA,SANTA CRUZ,124.43,SOYA,532,15182.030000000002,28.7538446969697,45.874877,11.296190476190478,0.8367481203007519,36.64068062827225,18.411493333333333,0.131579,85
1427,AGROP. MARTINEZ HNOS. S.R.L.,EMPRESA AGROPECUARIA,YAPACANI,SANTA CRUZ,95.84,SOYA,1029,28612.82,28.134532940019664,80.12098800000001,11.289304865938432,0.8162779397473275,36.349610570236436,18.481793478260872,0.139942,85
1428,AGROP. PINTO HNOS. S.R.L.,EMPRESA AGROPECUARIA,YAPACANI,SANTA CRUZ,171.59,GIRASOL,2052,56982.340000000004,28.014916420845626,169.26023299999997,11.366783216783215,0.8134502923976609,36.545726435152375,18.505733976567885,0.139864,85
1429,SUSANA TICONA VILLCA,INDIVIDUAL,SAN PEDRO,SANTA CRUZ,48.65,SOYA,742,20747.920000000002,28.30548431105048,63.976994999999995,11.39231622746186,0.8428167115902965,36.62181297709923,18.422019417475727,0.171159,85
1430,DANIEL MARTINEZ ANTELO,INDIVIDUAL,SAN JULIAN,SANTA CRUZ,41.2,SOYA,1050,29111.18,28.126743961352656,84.709069,11.378381502890173,0.7621904761904762,36.49998664886515,18.602691790040378,0.147619,85
1431,FELIX CHAMBI CALLISAYA,INDIVIDUAL,YAPACANI,SANTA CRUZ,164.92,SOYA,1284,35803.9,28.147720125786165,142.948956,11.529252187748607,0.7846728971962617,36.59477628635347,18.491739606126917,0.145639,85
1432,RAUL CUELLAR PEDRAZA,COMUNIDAD,EL TORNO,SANTA CRUZ,194.77,SOYA/MAIZ,542,15054.14,28.138579439252336,56.056792,11.606419047619047,0.7636162361623617,36.582335025380715,18.50148648648649,0.151292,85
1434,GABRIELA CRUZ APAZA,INDIVIDUAL,SANTA ROSA,SANTA CRUZ,274.86,GIRASOL,1017,28269.38,28.12873631840796,77.65916899999999,11.347319277108435,0.7929006882989184,36.50980198019801,18.513314917127072,0.158309,85
1435,VICTOR COLQUE PINTO,INDIVIDUAL,PAILON,SANTA CRUZ,92.62,SOYA,994,27872.700000000004,28.239817629179335,74.35520100000001,11.273199588477368,0.8017002012072435,36.51856115107914,18.436030640668527,0.157948,85
1436,LORENA AGUILAR PEREZ,INDIVIDUAL,PUERTO QUIJARRO,SANTA CRUZ,230.53,SOYA,764,21356.84,28.138129117259552,51.985527000000005,11.412901069518718,0.7622643979057592,36.62314442413163,18.56608030592734,0.147906,85
1437,ASOC. PROD. BUEN RETIRO NO.1437,ASOCIACION,BUEN RETIRO,SANTA CRUZ,242.16,SOYA,527,14542.990000000002,28.238815533980585,44.977236000000005,11.416203522504892,0.7550664136622391,36.48936170212767,18.550088495575224,0.161290,85
1438,AGROP. ROMERO HNOS. S.R.L.,EMPRESA AGROPECUARIA,SAN PEDRO,SANTA CRUZ,159.23,SOYA,1872,52159.48,28.012610096670247,151.733991,11.310016313213705,0.8245299145299145,36.49660674157303,18.513422501966957,0.159188,85
1439,ASOC. PROD. MINEROS NO.1439,ASOCIACION,MINEROS,SANTA CRUZ,104.74,SOYA,777,21493.460000000003,27.98627604166667,64.86143999999999,11.391368421052633,0.7970785070785071,36.58854809437387,18.469871559633024,0.136422,85
1440,AGROP. MEDINA HNOS. S.R.L.,EMPRESA AGROPECUARIA,SANTA ROSA,SANTA CRUZ,282.17,SOYA,529,14681.78,28.018664122137405,64.328768,11.465185185185188,0.8217580340264651,36.575844875346256,18.54266853932584,0.141777,85
1441,VANESSA SORIA RODRIGUEZ,INDIVIDUAL,SAN PEDRO,SANTA CRUZ,65.8,MAIZ,751,20969.29,28.108967828418233,59.458372999999995,11.434932432432433,0.7803328894806923,36.67786948176584,18.476242774566472,0.151798,85
1442,ASOC. PROD. YAPACANI NO.1442,ASOCIACION,YAPACANI,SANTA CRUZ,57.03,SOYA,545,15333.9,28.448794063079777,43.912898999999996,11.341306818181819,0.813302752293578,36.48566298342542,18.556208791208793,0.161468,85
1443,ASOC. PROD. SAN PEDRO NO.1443,COOPERATIVA,SAN PEDRO,SANTA CRUZ,47.74,SOYA,1036,28858.88,28.1825,111.826784,11.440573689416421,0.8644208494208495,36.44146306818182,18.452510231923604,0.144788,85
1444,OSCAR CHUQUIMIA SUAREZ,INDIVIDUAL,GENERAL SAAVEDRA,SANTA CRUZ,84.82,MAIZ,763,21336.050000000003,28.18500660501982,60.870542,11.329448183041723,0.8203276539973787,36.56831417624521,18.459980732177264,0.170380,85
1445,CLAUDIA CHOQUE VILLCA,INDIVIDUAL,PUERTO QUIJARRO,SANTA CRUZ,161.79,SOYA/MAIZ,764,21200.309999999998,28.042738095238093,51.651656,11.262332439678282,0.8024476439790577,36.63071161048689,18.48922495274102,0.143979,85
1446,ASOC. PROD. GENERAL SAAVEDRA NO.1446,COOPERATIVA,GENERAL SAAVEDRA,SANTA CRUZ,122.45,SOYA,244,6733.09,27.822685950413224,16.865976,11.297717842323651,0.7836885245901639,36.33664670658682,18.458950276243094,0.151639,78
1447,VICTOR PEDRAZA VARGAS,INDIVIDUAL,YAPACANI,SANTA CRUZ,77.31,SOYA,514,14307.07,27.998180039138944,40.601983,11.373627450980392,0.8100972762645914,36.40561827956989,18.39594366197183,0.140078,84
1448,ASOC. PROD. PAILON NO.1448,ASOCIACION,PAILON,SANTA CRUZ,62.47,GIRASOL,1030,28860.269999999997,28.26666993143976,86.497982,11.451572700296737,0.7964174757281552,36.573860845839015,18.455644937586687,0.135922,85
1449,AGROP. HUANCA HNOS. S.R.L.,EMPRESA AGROPECUARIA,PORTACHUELO,SANTA CRUZ,148.42,GIRASOL,1026,28465.89,28.072869822485206,93.37036200000001,11.377393034825872,0.8188986354775829,36.50572230014025,18.462310984308132,0.153996,85
1450,CESAR CALLISAYA VARGAS,INDIVIDUAL,CUATRO CANADAS,SANTA CRUZ,754.05,SOYA,475,13229.72,28.088577494692142,31.450385999999995,11.385300429184552,0.7734736842105263,36.46485380116958,18.437556270096465,0.143158,85
1451,ASOC. PROD. EL TORNO NO.1451,ASOCIACION,EL TORNO,SANTA CRUZ,159.0,SOYA/MAIZ,1263,35317.219999999994,28.299054487179482,116.42536,11.317934959349595,0.8010768012668251,36.44941309255079,18.451542730299668,0.156770,85
1452,ASOC. PROD. LA GUARDIA NO.1452,ASOCIACION,LA GUARDIA,SANTA CRUZ,275.8,SOYA,1000,27786.11,28.06677777777778,85.56976700000001,11.452971602434074,0.8083599999999999,36.49850274725275,18.506957831325302,0.148000,85
1453,ASOC. PROD. MONTERO NO.1453,ASOCIACION,MONTERO,SANTA CRUZ,50.52,SOYA,1032,28914.07,28.29165362035225,91.346045,11.402524654832346,0.8071124031007751,36.4870945945946,18.489367816091953,0.146318,85
1454,JOSE FLORES CHOQUE,INDIVIDUAL,MONTERO,SANTA CRUZ,53.16,SOYA/MAIZ,541,14775.329999999998,27.8254802259887,48.24461899999999,11.400018761726079,0.7653234750462108,36.57373983739838,18.469973958333334,0.168207,85
1455,ASOC. PROD. PORTACHUELO NO.1455,COOPERATIVA,PORTACHUELO,SANTA CRUZ,68.39,SOYA,1077,30073.809999999998,28.18538894095595,86.13856399999999,11.349686013320648,0.808050139275766,36.55976964769647,18.405828804347827,0.141133,85
1456,GUSTAVO VARGAS CHOQUE,INDIVIDUAL,PUERTO SUAREZ,SANTA CRUZ,71.33,SOYA,225,6190.6900000000005,27.760941704035876,26.987491999999996,11.405272727272727,0.8258666666666667,36.740920245398776,18.537499999999998,0.142222,81
1457,JUAN CALLISAYA CHOQUE,INDIVIDUAL,SAN JULIAN,SANTA CRUZ,11.39,MAIZ,771,21747.97,28.39160574412533,60.22775299999999,11.330224274406334,0.8115045395590142,36.50934186471664,18.58748214285714,0.151751,85
1458,MIGUEL MARCA CRUZ,INDIVIDUAL,PORTACHUELO,SANTA CRUZ,26.06,GIRASOL,1309,36503.82,28.07986153846154,103.67823299999999,11.382773892773892,0.7860427807486632,36.55057939914163,18.48579957356077,0.149733,85
1459,RENE NAVIA AGUILAR,COMUNIDAD,SAN PEDRO,SANTA CRUZ,31.96,SOYA,1020,28161.809999999998,27.91061446977205,112.87903900000002,11.43518444666002,0.8619019607843137,36.4854432132964,18.480292887029286,0.172549,85
1460,ASOC. PROD. GENERAL SAAVEDRA NO.1460,COOPERATIVA,GENERAL SAAVEDRA,SANTA CRUZ,141.07,SOYA/MAIZ,1024,28665.899999999998,28.18672566371681,73.06416800000001,11.3343184079602,0.78236328125,36.44830294530154,18.549533898305082,0.164063,85
1461,ELIZABETH CHAMBI YUJRA,INDIVIDUAL,CUATRO CANADAS,SANTA CRUZ,200.95,SOYA,251,6850.05,27.62116935483871,17.707976000000002,11.277886178861788,0.8084860557768925,36.64055248618784,18.701169590643275,0.151394,83
1462,ENRIQUE SALVATIERRA SANCHEZ,INDIVIDUAL,CHARAGUA,SANTA CRUZ,138.08,SOYA,756,21441.69,28.703734939759034,58.883261999999995,11.380362903225807,0.77244708994709,36.380057803468205,18.6215234375,0.157407,85
1463,RENE MACHACA CHUQUIMIA,INDIVIDUAL,PUERTO QUIJARRO,SANTA CRUZ,240.0,SOYA,1222,34081.95,28.236909693454844,107.044551,11.360606816292602,0.8179950900163666,36.46449648711944,18.466945412311265,0.146481,85
1464,SANDRA MEDINA SUAREZ,INDIVIDUAL,CUATRO CANADAS,SANTA CRUZ,17.13,SOYA,799,22309.309999999998,28.026771356783918,77.49201599999999,11.314302030456853,0.8300000000000001,36.4244982698962,18.440462633451954,0.153942,85
1465,DANIEL SORIA CALLISAYA,INDIVIDUAL,GENERAL SAAVEDRA,SANTA CRUZ,329.98,SOYA/MAIZ,511,14195.670000000002,28.11023762376238,44.358473000000004,11.45282051282051,0.8655381604696673,36.36609756097561,18.59938888888889,0.142857,84
1466,SANDRA PUMA HUANCA,INDIVIDUAL,PUERTO SUAREZ,SANTA CRUZ,38.0,GIRASOL,769,21422.2,28.07627785058978,59.022749999999995,11.365761589403974,0.7792847854356306,36.50041825095057,18.586854990583806,0.135241,85
1467,ASOC. PROD. PUERTO QUIJARRO NO.1467,COOPERATIVA,PUERTO QUIJARRO,SANTA CRUZ,318.4,SOYA,260,7262.290000000001,28.14841085271318,19.084594000000003,11.396937984496121,0.7846538461538461,36.56032608695652,18.495744680851065,0.150000,84
1468,FERNANDO VILLCA COLQUE,INDIVIDUAL,GENERAL SAAVEDRA,SANTA CRUZ,76.98,GIRASOL,534,14865.27,28.207343453510436,40.587445,11.351660305343513,0.765749063670412,36.32415300546448,18.38209809264305,0.174157,85
1469,ASOC. PROD. EL TORNO NO.1469,ASOCIACION,EL TORNO,SANTA CRUZ,20.8,SOYA/MAIZ,252,6989.549999999999,27.958199999999998,28.375842,11.280806451612902,0.8331349206349207,36.52424581005586,18.348011695906433,0.130952,81
1470,ASOC. PROD. CUATRO CANADAS NO.1470,COOPERATIVA,CUATRO CANADAS,SANTA CRUZ,124.34,SOYA,1556,43387.850000000006,28.302576647097197,146.47398400000003,11.453204708960108,0.8304048843187661,36.525189530685914,18.569577205882354,0.138817,85
1471,LUIS VILLCA AGUILAR,INDIVIDUAL,PORTACHUELO,SANTA CRUZ,61.21,SOYA,476,12937.9,27.823440860215054,39.06439900000001,11.464796573875805,0.8159243697478992,36.652177914110425,18.538362573099416,0.119748,84
1472,ASOC. PROD. YAPACANI NO.1472,ASOCIACION,YAPACANI,SANTA CRUZ,45.33,SOYA/MAIZ,1279,35687.93,28.14505520504732,108.70071699999998,11.203319903303788,0.8323690383111807,36.466718403547674,18.508812095032397,0.150899,85
1473,ASOC. PROD. BUEN RETIRO NO.1473,ASOCIACION,BUEN RETIRO,SANTA CRUZ,162.93,GIRASOL,809,22316.719999999998,27.861073657927587,93.204541,11.475188442211055,0.7996415327564894,36.5012972972973,18.433041958041958,0.153276,85
1474,ASOC. PROD. BUEN RETIRO NO.1474,ASOCIACION,BUEN RETIRO,SANTA CRUZ,106.58,SOYA/MAIZ,1044,29164.229999999996,28.150801158301153,111.961652,11.395905974534768,0.8318582375478928,36.366117318435755,18.363236842105263,0.152299,85
1475,ASOC. PROD. LA GUARDIA NO.1475,COOPERATIVA,LA GUARDIA,SANTA CRUZ,271.37,SOYA,776,21698.379999999997,28.216358907672298,62.188500000000005,11.438815789473685,0.8090077319587629,36.478066914498136,18.391940298507464,0.126289,85
1476,VIVIANA AGUILAR LOPEZ,INDIVIDUAL,SANTA ROSA,SANTA CRUZ,81.54,SOYA,768,21195.18,27.8151968503937,63.889722,11.404361702127659,0.7782161458333334,36.400955882352946,18.397872763419485,0.148438,85
1477,ASOC. PROD. EL TORNO NO.1477,ASOCIACION,EL TORNO,SANTA CRUZ,59.54,SOYA,764,21382.88,28.17243741765481,61.51816999999999,11.383026666666668,0.8362303664921465,36.547648183556404,18.512557251908397,0.137435,85
1478,ASOC. PROD. OKINAWA NO.1478,COOPERATIVA,OKINAWA,SANTA CRUZ,29.79,GIRASOL,1017,28378.87,28.15364087301587,69.450144,11.325315947843531,0.7764110127826942,36.46278592375367,18.471854493580597,0.144543,85
1479,DANIELA PEDRAZA VARGAS,INDIVIDUAL,CHARAGUA,SANTA CRUZ,59.29,GIRASOL,265,7512.979999999999,28.675496183206103,20.097383999999998,11.312256809338521,0.8152075471698114,36.48591397849462,18.433298429319372,0.169811,81
1480,ASOC. PROD. YAPACANI NO.1480,ASOCIACION,YAPACANI,SANTA CRUZ,72.83,SOYA,529,14695.400000000001,28.09827915869981,40.823664,11.356970873786407,0.7917958412098299,36.50020942408377,18.522206703910616,0.166352,85
1482,AGROP. TORREZ HNOS. S.R.L.,EMPRESA AGROPECUARIA,SAN PEDRO,SANTA CRUZ,30.49,SOYA,1052,29068.469999999998,27.95045192307692,84.48107599999997,11.294853801169591,0.8192775665399239,36.48969374167776,18.54023066485753,0.142586,85
1483,ASOC. PROD. PUERTO SUAREZ NO.1483,ASOCIACION,PUERTO SUAREZ,SANTA CRUZ,101.6,SOYA,765,21278.319999999996,28.14592592592592,61.030847,11.405706666666665,0.8154117647058825,36.568361266294225,18.560142857142857,0.169935,85
1484,MIRIAM VACA NAVIA,COMUNIDAD,PAILON,SANTA CRUZ,215.2,MAIZ,1544,42858.66999999999,28.08562909567496,136.43572200000003,11.34535878867676,0.8038665803108808,36.54085501858736,18.480623255813953,0.146373,85
1485,MARCELO TORREZ RIVERO,COMUNIDAD,CHARAGUA,SANTA CRUZ,78.74,MAIZ,1649,46076.21,28.232971813725488,150.851886,11.39112823674476,0.8070042449969679,36.50548611111111,18.50921212121212,0.151607,85
1486,AGROP. CHAMBI HNOS. S.R.L.,EMPRESA AGROPECUARIA,SAN JULIAN,SANTA CRUZ,85.7,SOYA,1083,30045.34,27.949153488372094,103.766671,11.47331150608045,0.8500369344413665,36.462866492146595,18.50808567603748,0.148661,85
1487,ASOC. PROD. WARNES NO.1487,COOPERATIVA,WARNES,SANTA CRUZ,151.36,SOYA,1019,28444.760000000002,28.19104063429138,91.769058,11.31988,0.8250441609421001,36.6533986013986,18.489901547116737,0.155054,85
1488,ASOC. PROD. PORTACHUELO NO.1488,ASOCIACION,PORTACHUELO,SANTA CRUZ,112.12,SOYA/MAIZ,1340,37055.56,27.966460377358487,112.32042799999999,11.32381679389313,0.7798059701492538,36.45563714902808,18.517270765911544,0.161194,85
1489,HUGO CHOQUE SALVATIERRA,INDIVIDUAL,BUEN RETIRO,SANTA CRUZ,41.47,GIRASOL,756,21032.129999999997,28.080280373831773,68.534676,11.428308724832215,0.8133597883597883,36.48115163147793,18.472287968441815,0.136243,85
1490,GABRIELA SANCHEZ CATACORA,INDIVIDUAL,COTOCA,SANTA CRUZ,151.17,SOYA,805,22756.690000000002,28.48146433041302,70.28640100000001,11.321368821292777,0.7886211180124223,36.47014260249554,18.456578014184398,0.146584,85
1491,JESSICA MARCA FLORES,INDIVIDUAL,BUEN RETIRO,SANTA CRUZ,30.65,SOYA,778,21567.0,28.04551365409623,59.815186000000004,11.416005221932116,0.7936118251928022,36.47075091575091,18.570054151624547,0.129820,85
1492,ASOC. PROD. YAPACANI NO.1492,ASOCIACION,YAPACANI,SANTA CRUZ,218.69,SOYA,802,22255.18,27.99393710691824,73.03431,11.317979539641943,0.8468453865336658,36.42263736263737,18.41654991243433,0.150873,85
1493,CINTHIA CONDORI SANCHEZ,INDIVIDUAL,PORTACHUELO,SANTA CRUZ,33.55,SOYA,295,8164.349999999999,27.960102739726025,27.067402,11.58157894736842,0.8757966101694916,36.510154639175255,18.510518867924528,0.135593,83
1494,ASOC. PROD. MINEROS NO.1494,ASOCIACION,MINEROS,SANTA CRUZ,112.36,MAIZ,267,7633.9400000000005,28.807320754716983,25.064182,11.325730769230768,0.840561797752809,36.406165803108806,18.500285714285717,0.123596,82
1495,VICTOR COLQUE MORALES,COMUNIDAD,YAPACANI,SANTA CRUZ,175.07,SOYA/MAIZ,279,7797.9800000000005,28.45978102189781,31.362342,11.499416058394159,0.8292114695340501,36.79945544554455,18.4963184079602,0.143369,80
1496,DIEGO GARCIA PINTO,INDIVIDUAL,MINEROS,SANTA CRUZ,104.11,GIRASOL,1601,43981.469999999994,27.960247933884293,126.369414,11.360205523442518,0.8440724547158027,36.454719999999995,18.477637362637363,0.161774,85
1497,CINTHIA LIMA TICONA,INDIVIDUAL,OKINAWA,SANTA CRUZ,107.75,GIRASOL,1074,30011.03,28.23238946378175,110.79175500000001,11.501553030303029,0.8317039106145251,36.433984375,18.513121621621625,0.171322,85
1498,WILBER RODRIGUEZ RODRIGUEZ,INDIVIDUAL,PAILON,SANTA CRUZ,147.69,SOYA,509,14239.169999999998,28.14065217391304,40.052273,11.417353535353538,0.803909626719057,36.60192200557103,18.415096418732784,0.155206,84
1499,CAMILA YUJRA PUMA,INDIVIDUAL,PAILON,SANTA CRUZ,109.79,SOYA,1040,28982.87,28.166054421768706,76.57198,11.248930323846908,0.8139326923076923,36.45801388888889,18.524588744588744,0.158654,85
1500,HUGO CRUZ COLQUE,INDIVIDUAL,PAILON,SANTA CRUZ,58.38,MAIZ,765,21249.79,28.14541721854305,60.61668100000001,11.38,0.811673202614379,36.42038961038961,18.4380380952381,0.130719,85
1501,ASOC. PROD. BUEN RETIRO NO.1501,ASOCIACION,BUEN RETIRO,SANTA CRUZ,35.48,SOYA,820,22664.85,28.01588380716934,67.842264,11.296703980099501,0.7837804878048781,36.48998296422487,18.352328519855593,0.164634,85
1502,ASOC. PROD. YAPACANI NO.1502,ASOCIACION,YAPACANI,SANTA CRUZ,39.64,SOYA,547,15042.720000000001,27.805397412199632,48.366595000000004,11.360056390977444,0.8340402193784278,36.42890909090909,18.46388174807198,0.160878,85
1503,ASOC. PROD. SAN PEDRO NO.1503,COOPERATIVA,SAN PEDRO,SANTA CRUZ,68.98,SOYA,1013,28245.990000000005,28.245990000000006,83.60262200000001,11.377785571142285,0.8159723593287266,36.60887955182073,18.469497847919655,0.157947,85
1504,JUAN CASTRO CHOQUE,INDIVIDUAL,PAILON,SANTA CRUZ,177.76,SOYA,768,21117.449999999997,27.89623513870541,53.59745100000001,11.280531914893617,0.7725651041666666,36.4208592321755,18.492518656716417,0.158854,85
1506,ASOC. PROD. WARNES NO.1506,COOPERATIVA,WARNES,SANTA CRUZ,36.51,SOYA,834,23356.38,28.10635379061372,74.96352399999999,11.455225885225886,0.7775419664268586,36.486559865092744,18.49076923076923,0.160671,85
1507,ASOC. PROD. WARNES NO.1507,ASOCIACION,WARNES,SANTA CRUZ,93.47,SOYA,471,13144.68,28.086923076923078,36.259524,11.30862660944206,0.8066454352441613,36.31934911242603,18.458482142857143,0.140127,84
1508,ALEJANDRA MARCA PEREZ,INDIVIDUAL,BUEN RETIRO,SANTA CRUZ,247.3,SOYA,502,14224.929999999998,28.506873747494986,42.678338,11.407110187110188,0.8411752988047808,36.506340782122905,18.427577464788733,0.137450,85
1509,AGROP. VASQUEZ HNOS. S.R.L.,EMPRESA AGROPECUARIA,SANTA ROSA,SANTA CRUZ,119.91,GIRASOL,724,20090.04,28.058715083798884,56.182249000000006,11.286657263751763,0.8159668508287294,36.450417536534445,18.523666666666667,0.122928,85
1510,ASOC. PROD. PAILON NO.1510,ASOCIACION,PAILON,SANTA CRUZ,153.73,SOYA/MAIZ,1304,36553.240000000005,28.204660493827163,119.281971,11.386344339622642,0.8375766871165644,36.42122494432071,18.477165948275864,0.140337,85
1511,DIEGO CATACORA GUTIERREZ,INDIVIDUAL,MONTERO,SANTA CRUZ,536.03,SOYA,1557,43559.21,28.248514915693903,147.14105199999997,11.376710439921208,0.8274438021836865,36.51963800904977,18.52189387008234,0.140013,85
1512,ASOC. PROD. WARNES NO.1512,ASOCIACION,WARNES,SANTA CRUZ,223.08,SOYA,762,21163.97,27.92080474934037,59.107428,11.317305630026809,0.8114566929133857,36.476407407407414,18.39762172284644,0.153543,85
1513,ASOC. PROD. MONTERO NO.1513,COOPERATIVA,MONTERO,SANTA CRUZ,43.22,SOYA,1279,35765.58,28.139716758457908,116.03526500000001,11.426108022239873,0.7979202501954652,36.48680803571428,18.552805836139168,0.139171,85
1514,ASOC. PROD. YAPACANI NO.1514,COOPERATIVA,YAPACANI,SANTA CRUZ,60.47,MAIZ,757,21069.84,28.09312,63.158332,11.305935828877006,0.8298678996036989,36.53751445086705,18.42428838951311,0.157199,85
1515,CLAUDIA CRUZ RIVERO,INDIVIDUAL,EL TORNO,SANTA CRUZ,108.79,SOYA,513,14118.599999999999,27.737917485265225,38.875742,11.422664015904573,0.7870370370370372,36.54888888888889,18.450985074626864,0.191033,85
1516,JOSE SANDOVAL YUJRA,COMUNIDAD,WARNES,SANTA CRUZ,520.63,SOYA,457,12767.940000000002,28.0614065934066,54.882443,11.449594594594595,0.8307439824945295,36.393416149068315,18.529657320872275,0.113786,84
1517,MARCELO AGUILAR TORREZ,INDIVIDUAL,WARNES,SANTA CRUZ,353.62,SOYA,539,14953.869999999999,28.268185255198485,41.720697,11.392948960302457,0.7922448979591837,36.48005154639175,18.431432225063936,0.146568,85
1518,ASOC. PROD. LA GUARDIA NO.1518,ASOCIACION,LA GUARDIA,SANTA CRUZ,153.46,SOYA,502,14134.619999999999,28.439879275653922,37.523834,11.344426559356137,0.7789043824701195,36.424181286549704,18.425801749271137,0.119522,85
1521,AGROP. COLQUE HNOS. S.R.L.,EMPRESA AGROPECUARIA,PORTACHUELO,SANTA CRUZ,64.73,MAIZ,1232,34097.24,28.0174527526705,82.19066999999998,11.202390766694148,0.7854788961038961,36.54207746478873,18.471616972477065,0.167208,85
1522,NELSON HUANCA VARGAS,INDIVIDUAL,COTOCA,SANTA CRUZ,95.69,SOYA,961,27067.000000000004,28.551687763713083,73.733911,11.29344680851064,0.8055150884495317,36.41987933634993,18.539520348837208,0.140479,85
1523,RICARDO APAZA RODRIGUEZ,INDIVIDUAL,GENERAL SAAVEDRA,SANTA CRUZ,121.83,SOYA,522,14457.320000000002,28.01806201550388,50.108892,11.43092337917485,0.8482183908045978,36.43421195652174,18.491787709497206,0.170498,85
1524,MARIA VILLCA VARGAS,COMUNIDAD,SAN JULIAN,SANTA CRUZ,34.28,SOYA/MAIZ,1064,29723.88,28.06787535410765,83.513471,11.342195589645254,0.8011936090225565,36.51903846153847,18.418584779706276,0.152256,85
1525,NELSON GUTIERREZ SORIA,INDIVIDUAL,EL TORNO,SANTA CRUZ,81.38,SOYA/MAIZ,507,14069.580000000002,28.252168674698797,62.243641000000004,11.36662,0.8678303747534516,36.42481375358167,18.616267806267807,0.155819,85
1526,ASOC. PROD. ROBORE NO.1526,ASOCIACION,ROBORE,SANTA CRUZ,207.25,SOYA/MAIZ,1314,36663.99999999999,28.11656441717791,103.201958,11.296803723816913,0.7957838660578387,36.542271739130435,18.527063236870312,0.143836,85
1527,ENRIQUE CHAMBI GUTIERREZ,INDIVIDUAL,COTOCA,SANTA CRUZ,125.67,SOYA,525,14690.77,28.14323754789272,35.632362,11.19550193050193,0.7541904761904761,36.39786301369863,18.502547425474255,0.135238,85
1528,ALBERTO GUTIERREZ FLORES,INDIVIDUAL,MONTERO,SANTA CRUZ,240.88,SOYA/MAIZ,1524,42859.69,28.402710404241223,133.332393,11.381523489932887,0.8049868766404199,36.506422535211264,18.477945075757578,0.154199,85
1529,IVAN SORIA CONDORI,INDIVIDUAL,PUERTO SUAREZ,SANTA CRUZ,100.94,SOYA,1255,34937.049999999996,28.03936597110754,104.684861,11.451347402597401,0.8181752988047808,36.445607264472194,18.525640138408306,0.138645,85
1530,LUIS AGUILAR GARCIA,INDIVIDUAL,MINEROS,SANTA CRUZ,927.16,SOYA,238,6458.82,27.60179487179487,19.897151,11.502913043478259,0.821638655462185,36.53909638554217,18.520887573964494,0.172269,79
1531,SERGIO COPA CHUQUIMIA,INDIVIDUAL,PUERTO QUIJARRO,SANTA CRUZ,69.35,SOYA,784,21505.86,27.929688311688313,56.235952,11.389194805194805,0.7770153061224491,36.41066914498141,18.63726605504587,0.153061,85
1532,ASOC. PROD. SANTA ROSA NO.1532,COOPERATIVA,SANTA ROSA,SANTA CRUZ,164.8,SOYA,817,22698.489999999998,28.022827160493826,69.70562799999999,11.443712499999998,0.8223378212974296,36.415559502664294,18.431340206185567,0.164015,85
1533,ASOC. PROD. LA GUARDIA NO.1533,ASOCIACION,LA GUARDIA,SANTA CRUZ,99.67,SOYA,512,14388.470000000001,28.268113948919453,37.412498,11.414282868525897,0.7755859374999999,36.35180592991914,18.567067039106146,0.156250,85
1534,MARCO SANCHEZ NAVIA,INDIVIDUAL,CHARAGUA,SANTA CRUZ,47.97,SOYA,487,13450.13,27.789524793388427,44.860164,11.441167728237792,0.8298973305954827,36.41846625766871,18.506239316239316,0.127310,85
1535,CARMEN MEDINA RODRIGUEZ,INDIVIDUAL,CUATRO CANADAS,SANTA CRUZ,160.92,SOYA,517,14304.74,27.99362035225049,36.197066,11.502455445544554,0.7873114119922628,36.34484931506849,18.49770053475936,0.143133,85
1536,ASOC. PROD. LA GUARDIA NO.1536,ASOCIACION,LA GUARDIA,SANTA CRUZ,44.74,SOYA,1252,34913.17,28.110442834138485,110.630735,11.259326845093268,0.8291613418530352,36.558795321637426,18.539823113207547,0.143770,85
1537,ASOC. PROD. COTOCA NO.1537,ASOCIACION,COTOCA,SANTA CRUZ,31.81,SOYA,526,14696.97,28.155114942528733,46.42964400000001,11.36137596899225,0.8512167300380228,36.573571428571434,18.584217877094975,0.140684,85
1538,RAUL GARCIA HUANCA,INDIVIDUAL,COTOCA,SANTA CRUZ,169.42,SOYA/MAIZ,1094,30590.75,28.272412199630313,82.96884700000001,11.35486359360301,0.7825502742230347,36.592053915276,18.479919678714857,0.149909,85
1539,ASOC. PROD. SAN JULIAN NO.1539,COOPERATIVA,SAN JULIAN,SANTA CRUZ,51.68,SOYA,233,6457.69,27.955367965367962,13.364149,11.156008771929823,0.7426180257510729,36.34173913043479,18.51969879518072,0.188841,81
1540,MARCO YUJRA MACHACA,INDIVIDUAL,PUERTO SUAREZ,SANTA CRUZ,84.43,SOYA,1095,30061.91,27.809352451433856,85.648738,11.323966323666978,0.8304566210045661,36.388292367399735,18.53524,0.141553,85
1541,ASOC. PROD. PAILON NO.1541,COOPERATIVA,PAILON,SANTA CRUZ,68.68,GIRASOL,972,27177.979999999996,28.25153846153846,84.82271700000001,11.362970711297072,0.7772016460905349,36.5536018237082,18.485650154798765,0.159465,85
1542,DANIELA QUISPE ALVARADO,COMUNIDAD,PORTACHUELO,SANTA CRUZ,110.06,SOYA,1059,29161.14,27.82551526717557,110.09073400000003,11.434888673765732,0.8105949008498584,36.46115646258503,18.539272237196766,0.167139,85
1543,ROSA MARCA MARTINEZ,INDIVIDUAL,SAN JULIAN,SANTA CRUZ,27.74,SOYA,280,7740.589999999999,27.843848920863305,25.053708000000004,11.351875000000001,0.8360714285714286,36.71386138613861,18.4392972972973,0.110714,80
1544,ASOC. PROD. MINEROS NO.1544,ASOCIACION,MINEROS,SANTA CRUZ,113.06,SOYA,536,14905.720000000001,27.861158878504675,41.816218,11.333193916349808,0.8208768656716418,36.61802083333334,18.444552845528456,0.125000,85
1545,GABRIELA MACHACA SALVATIERRA,COMUNIDAD,COTOCA,SANTA CRUZ,48.44,SOYA,249,7083.759999999999,28.795772357723575,21.398784999999997,11.400204081632651,0.8250200803212852,36.505917159763314,18.615738636363634,0.144578,77
1546,LAURA VASQUEZ RIVERO,INDIVIDUAL,GENERAL SAAVEDRA,SANTA CRUZ,170.82,SOYA,1046,29041.99,27.978795761079,106.91055600000003,11.519544131910767,0.7689388145315488,36.41134228187919,18.535957727873186,0.133843,85
1547,CINTHIA CHOQUE VACA,INDIVIDUAL,SANTA ROSA,SANTA CRUZ,105.93,SOYA,1529,42443.77999999999,28.052729676140114,123.56582,11.428724252491694,0.7802550686723349,36.5020452403393,18.52733705772812,0.158927,85
1548,JHONNY CATACORA MACHACA,INDIVIDUAL,MONTERO,SANTA CRUZ,51.84,MAIZ,963,26877.489999999998,27.96825182101977,92.694582,11.338890063424945,0.8450882658359294,36.42618127786033,18.465446559297217,0.153686,85
1549,ASOC. PROD. SANTA ROSA NO.1549,COOPERATIVA,SANTA ROSA,SANTA CRUZ,132.51,SOYA,1275,35309.77,28.02362698412698,105.93775800000002,11.37410297666935,0.8098980392156864,36.50532497149373,18.487909292035397,0.150588,85
1550,VICTOR VACA GUTIERREZ,INDIVIDUAL,COTOCA,SANTA CRUZ,50.98,GIRASOL,533,14733.399999999998,28.063619047619042,62.074669,11.504856596558316,0.8326078799249531,36.47299168975069,18.387303370786515,0.146341,85
1551,ASOC. PROD. MINEROS NO.1551,ASOCIACION,MINEROS,SANTA CRUZ,39.29,SOYA/MAIZ,540,14978.22,27.99667289719626,40.997488,11.28276515151515,0.8337962962962964,36.33126684636119,18.576721311475406,0.142593,84
1552,ASOC. PROD. SANTA ROSA NO.1552,ASOCIACION,SANTA ROSA,SANTA CRUZ,149.49,GIRASOL,501,14024.980000000001,28.219275653923543,40.404115,11.196229508196721,0.8355888223552895,36.47944927536232,18.583213296398892,0.153693,85
1553,VALERIA PUMA RODRIGUEZ,INDIVIDUAL,ROBORE,SANTA CRUZ,181.87,SOYA,1014,27960.26,27.93232767232767,85.020867,11.430599400599402,0.7970118343195266,36.42384827586206,18.529027576197386,0.148915,85
1554,SILVIA SANDOVAL TORREZ,INDIVIDUAL,SAN PEDRO,SANTA CRUZ,102.24,SOYA/MAIZ,1598,43795.799999999996,27.87765754296626,135.242867,11.355422535211268,0.8081977471839799,36.40714924039322,18.50932849364791,0.154568,85
1555,ANA VACA GUTIERREZ,INDIVIDUAL,CHARAGUA,SANTA CRUZ,80.58,SOYA,526,14631.580000000002,28.08364683301344,40.036259,11.234893203883495,0.8007984790874524,36.31626016260163,18.47034210526316,0.134981,85
1556,ASOC. PROD. PORTACHUELO NO.1556,COOPERATIVA,PORTACHUELO,SANTA CRUZ,15.27,SOYA/MAIZ,813,22639.68,28.054126394052044,70.457955,11.458042659974906,0.7876998769987699,36.431580756013744,18.52280821917808,0.154982,85
1557,ALEJANDRA PEDRAZA CUELLAR,INDIVIDUAL,BUEN RETIRO,SANTA CRUZ,216.06,SOYA,518,14549.910000000002,28.473405088062627,49.628527000000005,11.381512770137524,0.8569305019305019,36.581055555555544,18.456437659033078,0.158301,85
1558,AGROP. GARCIA HNOS. S.R.L.,EMPRESA AGROPECUARIA,COTOCA,SANTA CRUZ,78.65,SOYA,499,14092.11,28.468909090909094,48.151047999999996,11.334918367346939,0.8872344689378757,36.707878787878784,18.554454277286137,0.184369,85
1559,PAOLA COPA PEREZ,COMUNIDAD,WARNES,SANTA CRUZ,122.36,SOYA,1570,43748.829999999994,28.08012195121951,141.46984899999998,11.34228183581125,0.8422802547770701,36.483583180987196,18.531602160216018,0.156688,85
1560,AGROP. CATACORA HNOS. S.R.L.,EMPRESA AGROPECUARIA,CHARAGUA,SANTA CRUZ,65.86,SOYA,788,22228.28,28.38860791826309,66.373441,11.398738738738738,0.7618654822335025,36.464564007421146,18.49969696969697,0.161168,85
1561,ASOC. PROD. PORTACHUELO NO.1561,ASOCIACION,PORTACHUELO,SANTA CRUZ,14.38,SOYA/MAIZ,542,15274.36,28.285851851851852,40.726001000000004,11.444382022471908,0.7881549815498154,36.5430352303523,18.636382428940568,0.178967,85
1562,ASOC. PROD. PUERTO SUAREZ NO.1562,ASOCIACION,PUERTO SUAREZ,SANTA CRUZ,105.71,SOYA/MAIZ,536,15058.73,28.305883458646615,43.411806999999996,11.354488636363639,0.7104850746268656,36.44621333333333,18.57549865229111,0.110075,85
1563,VALERIA CHUQUIMIA COPA,INDIVIDUAL,COTOCA,SANTA CRUZ,295.23,SOYA,1016,28255.06,28.030813492063494,90.65103300000001,11.35409,0.8361614173228348,36.39788251366121,18.499416785206257,0.147638,85
1564,RICARDO COLQUE CASTRO,INDIVIDUAL,CHARAGUA,SANTA CRUZ,102.07,SOYA,801,22301.72,28.017236180904526,61.740621999999995,11.289974457215836,0.788039950062422,36.50836555360281,18.406411657559197,0.151061,85
1565,AGROP. RIVERO HNOS. S.R.L.,EMPRESA AGROPECUARIA,ROBORE,SANTA CRUZ,17.35,SOYA,748,20621.32,27.904357239512855,51.654853,11.28934693877551,0.7659491978609625,36.70402805611223,18.512397660818714,0.132353,85
1566,ELIZABETH CASTRO MARTINEZ,INDIVIDUAL,SAN PEDRO,SANTA CRUZ,181.06,SOYA,508,14168.609999999999,28.168210735586477,43.617706,11.23890909090909,0.8380905511811022,36.338168604651166,18.44185840707965,0.131890,85
1567,FREDDY CHAMBI SANCHEZ,INDIVIDUAL,PORTACHUELO,SANTA CRUZ,68.6,SOYA,562,15497.32,27.923099099099097,61.003499,11.446050724637681,0.8457829181494663,36.554923857868026,18.47094763092269,0.169039,85
1568,ASOC. PROD. PAILON NO.1568,ASOCIACION,PAILON,SANTA CRUZ,29.13,SOYA,790,21852.79,27.98052496798976,59.571284,11.34118181818182,0.8212405063291139,36.57098939929329,18.499029304029303,0.131646,85
1569,WILBER CATACORA GARCIA,INDIVIDUAL,PUERTO SUAREZ,SANTA CRUZ,86.89,GIRASOL,529,14656.419999999998,27.916990476190474,47.686344,11.341596153846153,0.820945179584121,36.68846774193548,18.44994638069705,0.122873,85
1570,AGROP. VACA HNOS. S.R.L.,EMPRESA AGROPECUARIA,ROBORE,SANTA CRUZ,32.41,SOYA/MAIZ,519,14246.14,27.77025341130604,36.924579,11.45492125984252,0.7836608863198458,36.55727528089888,18.497021857923496,0.173410,85
1571,AGROP. CRUZ HNOS. S.R.L.,EMPRESA AGROPECUARIA,MINEROS,SANTA CRUZ,183.27,SOYA,1020,28614.489999999998,28.2472754195459,88.060969,11.317142857142857,0.8063137254901961,36.47127777777778,18.51700557103064,0.150000,85
1572,LUIS PINTO CASTRO,INDIVIDUAL,CUATRO CANADAS,SANTA CRUZ,32.76,SOYA,266,7604.22,28.695169811320756,19.760887999999998,11.250115384615386,0.7901127819548872,36.28985294117647,18.383135135135134,0.157895,81
1573,VANESSA SUAREZ ALVARADO,INDIVIDUAL,PAILON,SANTA CRUZ,595.16,SOYA,532,14903.23,28.06634651600753,42.563199999999995,11.305733333333333,0.8541541353383459,36.44970822281167,18.608347578347576,0.148496,85
1574,HUGO CHAMBI LIMA,INDIVIDUAL,OKINAWA,SANTA CRUZ,46.85,SOYA,533,15064.170000000002,28.262983114446534,48.612808,11.279026717557253,0.8080675422138837,36.50912466843501,18.51371191135734,0.159475,85
1575,AGROP. CATACORA HNOS. S.R.L.,EMPRESA AGROPECUARIA,CHARAGUA,SANTA CRUZ,82.46,SOYA/MAIZ,1046,29456.63,28.40562198649952,100.062049,11.337725490196078,0.8110133843212236,36.44887362637363,18.47311989100817,0.170172,85
1576,ASOC. PROD. BUEN RETIRO NO.1576,ASOCIACION,BUEN RETIRO,SANTA CRUZ,89.08,SOYA,802,22105.57,27.840768261964737,79.44351999999999,11.355556962025316,0.8007605985037407,36.57238181818182,18.580284697508898,0.149626,85
1577,FREDDY CASTRO PINTO,INDIVIDUAL,BUEN RETIRO,SANTA CRUZ,43.7,SOYA,511,14256.84,28.064645669291338,40.213717,11.33670634920635,0.8296868884540117,36.56105263157895,18.487248677248676,0.138943,84
1578,ASOC. PROD. COTOCA NO.1578,ASOCIACION,COTOCA,SANTA CRUZ,72.71,SOYA,504,14124.05,28.304709418837675,65.13626500000001,11.541633064516128,0.8630952380952382,36.53393678160919,18.498393351800555,0.146825,85
1579,ASOC. PROD. EL TORNO NO.1579,COOPERATIVA,EL TORNO,SANTA CRUZ,36.32,SOYA,517,14275.96,28.04707269155206,42.55102900000001,11.472792079207922,0.7958220502901354,36.41245810055866,18.546358208955226,0.147002,85
1580,HUGO ANTELO MACHACA,INDIVIDUAL,CUATRO CANADAS,SANTA CRUZ,80.65,SOYA,1001,27757.25,28.03762626262626,80.978959,11.357908629441626,0.7646053946053946,36.536203966005665,18.471656976744185,0.146853,85
1581,ASOC. PROD. PUERTO SUAREZ NO.1581,COOPERATIVA,PUERTO SUAREZ,SANTA CRUZ,39.39,MAIZ,483,13378.460000000001,27.988410041841007,41.482009999999995,11.403354700854702,0.8524223602484473,36.5925796178344,18.454495412844032,0.157350,84
1582,HUGO FLORES PEDRAZA,INDIVIDUAL,SAN JULIAN,SANTA CRUZ,227.34,SOYA/MAIZ,264,7351.660000000001,27.847196969696974,36.010929,11.540115830115832,0.7563257575757576,36.31522988505747,18.532349726775955,0.162879,81
1584,ASOC. PROD. SANTA ROSA NO.1584,COOPERATIVA,SANTA ROSA,SANTA CRUZ,106.71,MAIZ,1303,35789.0,27.80808080808081,107.387969,11.366077348066298,0.7929470452801228,36.45035791757049,18.560167410714286,0.160399,85
1585,ANA TICONA CALLISAYA,COMUNIDAD,OKINAWA,SANTA CRUZ,25.67,SOYA,794,22073.04,27.87,60.578572,11.400661577608142,0.8029848866498741,36.642895204262885,18.50620503597122,0.161209,85
1586,RONALD GUTIERREZ ROMERO,INDIVIDUAL,LA GUARDIA,SANTA CRUZ,125.73,SOYA,784,21880.28,28.087650834403078,61.357468999999995,11.380314136125657,0.8025637755102041,36.48045197740113,18.39532228360958,0.145408,85
1587,VALERIA SALVATIERRA PUMA,INDIVIDUAL,PUERTO QUIJARRO,SANTA CRUZ,50.42,SOYA,521,14318.990000000002,27.803864077669907,43.66412999999999,11.350736434108526,0.8255278310940498,36.664465240641704,18.347210526315788,0.155470,84
1588,ASOC. PROD. GENERAL SAAVEDRA NO.1588,COOPERATIVA,GENERAL SAAVEDRA,SANTA CRUZ,49.88,SOYA,480,13626.1,28.56624737945493,41.173351999999994,11.34883474576271,0.849375,36.44905604719764,18.431860465116277,0.135417,85
1589,CINTHIA APAZA MAMANI,INDIVIDUAL,EL TORNO,SANTA CRUZ,162.3,SOYA,494,13781.39,28.240553278688523,54.744336000000004,11.402016460905353,0.8351619433198381,36.507432024169184,18.536793002915456,0.165992,85
1590,ASOC. PROD. BUEN RETIRO NO.1590,COOPERATIVA,BUEN RETIRO,SANTA CRUZ,38.84,SOYA,1234,34052.76,27.82088235294118,86.989645,11.376930693069305,0.7672933549432739,36.52924418604651,18.503899082568807,0.141005,85
1591,ASOC. PROD. CUATRO CANADAS NO.1591,ASOCIACION,CUATRO CANADAS,SANTA CRUZ,15.51,SOYA,244,6771.85,27.982851239669422,25.618546000000002,11.495477178423236,0.7766803278688527,36.62142857142858,18.425389221556888,0.151639,77
1592,DANIEL CHAMBI AGUILAR,INDIVIDUAL,MONTERO,SANTA CRUZ,68.02,SOYA,728,20429.840000000004,28.17908965517242,55.31186999999999,11.277482614742697,0.8015521978021978,36.63702594810379,18.5271992481203,0.151099,85
1593,ASOC. PROD. ROBORE NO.1593,COOPERATIVA,ROBORE,SANTA CRUZ,71.07,SOYA/MAIZ,1017,28371.13,28.118067393458873,75.60574199999999,11.332960000000002,0.8191150442477876,36.57452091767881,18.552594752186593,0.145526,85
1594,AGROP. CASTRO HNOS. S.R.L.,EMPRESA AGROPECUARIA,SANTA ROSA,SANTA CRUZ,119.82,SOYA,1042,28943.74,27.937972972972975,93.286482,11.362801175318314,0.8114203454894434,36.51725784447476,18.42060402684564,0.136276,85
1595,ANA VASQUEZ SANDOVAL,INDIVIDUAL,BUEN RETIRO,SANTA CRUZ,286.2,SOYA,517,14358.23,28.31998027613412,42.10453999999999,11.288937007874017,0.8263249516441006,36.38104109589041,18.350972972972972,0.147002,85
1596,ASOC. PROD. MONTERO NO.1596,COOPERATIVA,MONTERO,SANTA CRUZ,163.54,SOYA,244,6718.749999999999,27.994791666666664,17.046457,11.291659574468085,0.8047131147540985,36.7650289017341,18.39964912280702,0.155738,81
1597,VIVIANA VASQUEZ MONTAÑO,INDIVIDUAL,YAPACANI,SANTA CRUZ,81.04,SOYA,525,14594.120000000003,28.01174664107486,42.734066999999996,11.475401174168296,0.8202666666666666,36.46728232189973,18.588177083333335,0.142857,85
1598,ASOC. PROD. EL TORNO NO.1598,ASOCIACION,EL TORNO,SANTA CRUZ,158.93,SOYA,475,13245.23,28.121507430997877,44.345496999999995,11.385511982570808,0.7724421052631579,36.63708860759493,18.539689440993794,0.170526,85
1599,SILVIA SALVATIERRA PEDRAZA,INDIVIDUAL,BUEN RETIRO,SANTA CRUZ,88.8,SOYA,1054,29147.42,28.02636538461538,83.52567900000001,11.271751684311837,0.821518026565465,36.48084124830394,18.46339726027397,0.147059,85
1600,ASOC. PROD. PAILON NO.1600,COOPERATIVA,PAILON,SANTA CRUZ,140.08,SOYA,1810,50260.86,28.000479108635098,138.5613,11.313229461756373,0.7748618784530387,36.49113985448666,18.4720234375,0.144751,85
1601,ROBERTO COLQUE CONDORI,INDIVIDUAL,BUEN RETIRO,SANTA CRUZ,128.75,SOYA,980,27537.359999999997,28.272443531827513,96.780839,11.434116424116423,0.8253775510204082,36.58961595273265,18.49079411764706,0.157143,85
1602,ASOC. PROD. PUERTO SUAREZ NO.1602,ASOCIACION,PUERTO SUAREZ,SANTA CRUZ,44.53,SOYA/MAIZ,545,15121.849999999999,27.848710865561692,56.81815400000001,11.400112570356473,0.9123853211009174,36.57960422163589,18.46347150259067,0.155963,85
1603,FELIX CRUZ SALVATIERRA,INDIVIDUAL,CUATRO CANADAS,SANTA CRUZ,357.58,SOYA,1003,27994.28,28.220040322580644,88.232417,11.299959595959598,0.7897706879361914,36.4653661971831,18.467450980392158,0.146560,85
1604,ASOC. PROD. MONTERO NO.1604,ASOCIACION,MONTERO,SANTA CRUZ,195.76,SOYA,834,23070.64,28.13492682926829,64.88631400000001,11.338075980392158,0.8380215827338129,36.59772727272727,18.507461406518008,0.158273,85
1605,FELIX LOPEZ MEDINA,INDIVIDUAL,EL TORNO,SANTA CRUZ,79.25,SOYA,815,22787.12,28.20188118811881,63.92398000000001,11.454643304130164,0.7695460122699387,36.52019264448336,18.49384210526316,0.154601,85
1606,ASOC. PROD. SAN PEDRO NO.1606,COOPERATIVA,SAN PEDRO,SANTA CRUZ,228.46,SOYA,1305,36184.88,28.05029457364341,117.152876,11.510236593059938,0.8213716475095785,36.392073170731706,18.388210412147505,0.136398,85
1607,ASOC. PROD. CUATRO CANADAS NO.1607,COOPERATIVA,CUATRO CANADAS,SANTA CRUZ,148.69,GIRASOL,285,7943.400000000001,28.168085106382982,23.845608000000006,11.30581560283688,0.8463157894736842,36.27166666666667,18.428029556650245,0.133333,83
1608,ASOC. PROD. PORTACHUELO NO.1608,COOPERATIVA,PORTACHUELO,SANTA CRUZ,92.72,SOYA,516,14329.11,28.09629411764706,45.10866600000001,11.222800788954634,0.8433720930232558,36.53147138964578,18.63738292011019,0.135659,85
1609,AGROP. TORREZ HNOS. S.R.L.,EMPRESA AGROPECUARIA,MONTERO,SANTA CRUZ,156.53,SOYA/MAIZ,798,22290.15,28.10863808322825,77.57397,11.437278562259307,0.8220426065162909,36.55424954792044,18.466869409660106,0.155388,85
1610,MIRIAM COPA RIVERO,INDIVIDUAL,PUERTO QUIJARRO,SANTA CRUZ,110.54,SOYA,537,14982.34,28.162293233082707,42.590719,11.31203036053131,0.8116573556797021,36.403796791443845,18.45106666666667,0.148976,84
1611,ASOC. PROD. COTOCA NO.1611,COOPERATIVA,COTOCA,SANTA CRUZ,626.35,MAIZ,509,14212.470000000001,28.25540755467197,45.782067999999995,11.387911646586346,0.7787819253438113,36.57854748603353,18.621843575418996,0.151277,85
1612,AGROP. VILLCA HNOS. S.R.L.,EMPRESA AGROPECUARIA,BUEN RETIRO,SANTA CRUZ,100.33,GIRASOL,793,21945.18,27.991301020408162,66.22655499999999,11.265486381322958,0.8460151324085751,36.4939928057554,18.53830855018587,0.141236,85
1613,RONALD MARCA ANTELO,INDIVIDUAL,PUERTO SUAREZ,SANTA CRUZ,56.55,SOYA,495,13801.87,27.882565656565657,49.36906200000001,11.455503080082135,0.8076767676767677,36.47956011730206,18.418807339449536,0.121212,84
1615,ASOC. PROD. PORTACHUELO NO.1615,ASOCIACION,PORTACHUELO,SANTA CRUZ,117.97,SOYA,250,7150.73,29.0680081300813,22.825314999999996,11.255755102040816,0.89904,36.265220125786165,18.50583333333333,0.164000,83
1616,AGROP. GUTIERREZ HNOS. S.R.L.,EMPRESA AGROPECUARIA,EL TORNO,SANTA CRUZ,348.17,SOYA,1540,43221.96000000001,28.286623036649218,143.47255,11.403695652173912,0.813090909090909,36.526174863387986,18.558183486238534,0.153247,85
1617,RICARDO VILLCA LOPEZ,INDIVIDUAL,COTOCA,SANTA CRUZ,26.82,GIRASOL,770,21339.850000000002,28.041852825229963,66.084908,11.31868632707775,0.8578181818181819,36.483314917127075,18.525092936802974,0.140260,85
1618,MONICA MONTAÑO CONDORI,INDIVIDUAL,PUERTO SUAREZ,SANTA CRUZ,70.72,GIRASOL,508,14041.68,28.08336,50.300692000000005,11.444151696606788,0.8196062992125984,36.41236413043478,18.43344444444444,0.133858,85
1620,ASOC. PROD. GENERAL SAAVEDRA NO.1620,ASOCIACION,GENERAL SAAVEDRA,SANTA CRUZ,404.06,SOYA/MAIZ,554,15593.880000000001,28.301052631578948,37.889053,11.415661764705883,0.7681227436823105,36.491787564766845,18.435038363171355,0.129964,84
1621,RICHARD GARCIA HUANCA,INDIVIDUAL,COTOCA,SANTA CRUZ,216.81,MAIZ,1204,33437.56,27.981221757322174,98.535522,11.350862944162438,0.8285299003322258,36.46503640776699,18.412777115613824,0.146179,85
1622,ASOC. PROD. OKINAWA NO.1622,COOPERATIVA,OKINAWA,SANTA CRUZ,57.2,SOYA,267,7422.76,28.22342205323194,34.109947,11.451842105263157,0.9238202247191011,36.532316384180795,18.41641304347826,0.149813,82
1623,ASOC. PROD. CHARAGUA NO.1623,ASOCIACION,CHARAGUA,SANTA CRUZ,187.13,SOYA,505,13921.48,27.787385229540916,36.011081999999995,11.38798780487805,0.778970297029703,36.33711484593837,18.55624641833811,0.162376,85
1624,ASOC. PROD. PAILON NO.1624,COOPERATIVA,PAILON,SANTA CRUZ,175.69,SOYA,783,21701.06,28.11018134715026,69.292126,11.324356306892067,0.8072541507024266,36.59148897058824,18.580689655172414,0.140485,85
1625,AGROP. MERCADO HNOS. S.R.L.,EMPRESA AGROPECUARIA,WARNES,SANTA CRUZ,56.05,MAIZ,518,14627.05,28.512768031189083,53.077524000000004,11.46939453125,0.8124710424710425,36.50578947368421,18.543641160949864,0.183398,85
1626,ASOC. PROD. BUEN RETIRO NO.1626,ASOCIACION,BUEN RETIRO,SANTA CRUZ,216.2,SOYA,754,20825.88,27.95420134228188,60.74034900000001,11.45337801608579,0.7965915119363395,36.48748603351955,18.428552380952382,0.163130,85
1627,PEDRO SALVATIERRA RODRIGUEZ,INDIVIDUAL,MONTERO,SANTA CRUZ,79.8,MAIZ,518,14425.4,28.229745596868884,34.08596,11.304604743083004,0.7584555984555984,36.40672972972973,18.550849315068493,0.166023,85
1628,ASOC. PROD. WARNES NO.1628,ASOCIACION,WARNES,SANTA CRUZ,271.14,MAIZ,1523,42366.420000000006,28.13175298804781,163.189546,11.49012760241773,0.8195272488509522,36.60764055299539,18.500738636363636,0.147078,85
1629,AGROP. MACHACA HNOS. S.R.L.,EMPRESA AGROPECUARIA,PUERTO QUIJARRO,SANTA CRUZ,91.88,SOYA/MAIZ,738,20575.82,28.109043715846994,44.03320800000001,11.336267217630853,0.7181029810298103,36.54032504780114,18.40881091617934,0.155827,85
1630,ASOC. PROD. SAN PEDRO NO.1630,ASOCIACION,SAN PEDRO,SANTA CRUZ,54.39,SOYA,500,14203.430000000004,28.52094377510041,36.617281,11.390573770491804,0.78762,36.26902857142857,18.61566473988439,0.110000,85
1631,ASOC. PROD. OKINAWA NO.1631,COOPERATIVA,OKINAWA,SANTA CRUZ,75.78,MAIZ,784,21758.129999999997,28.111279069767438,72.29469,11.439527559055119,0.7845408163265306,36.5415061295972,18.38492727272727,0.146684,85
1632,ASOC. PROD. CHARAGUA NO.1632,COOPERATIVA,CHARAGUA,SANTA CRUZ,128.78,SOYA,520,14492.460000000001,28.086162790697678,53.049706,11.37396449704142,0.8392884615384616,36.347668539325845,18.501920000000002,0.130769,85
1633,AGROP. MAMANI HNOS. S.R.L.,EMPRESA AGROPECUARIA,ROBORE,SANTA CRUZ,142.12,SOYA,753,20837.78,28.0077688172043,61.09009000000001,11.319756756756759,0.8112084993359896,36.39637707948244,18.532876190476188,0.142098,85
1634,CAMILA SORIA RIVERO,INDIVIDUAL,PUERTO QUIJARRO,SANTA CRUZ,174.5,MAIZ,490,13670.26,28.302815734989647,34.238221,11.2048125,0.7747142857142859,36.557681159420284,18.33924418604651,0.185714,84
1635,ASOC. PROD. YAPACANI NO.1635,ASOCIACION,YAPACANI,SANTA CRUZ,44.43,GIRASOL,787,21774.760000000002,27.916358974358978,63.661751,11.41894941634241,0.8359466327827192,36.617777777777775,18.525427046263342,0.137230,85
1636,ALBERTO MARCA SUAREZ,INDIVIDUAL,SANTA ROSA,SANTA CRUZ,27.1,GIRASOL,986,27451.579999999998,28.01181632653061,80.992186,11.397176835573939,0.8058012170385396,36.54294117647059,18.50760504201681,0.135903,85
1637,ASOC. PROD. LA GUARDIA NO.1637,ASOCIACION,LA GUARDIA,SANTA CRUZ,47.08,SOYA,1263,35212.0,28.147082334132694,128.84764,11.45692989524577,0.8068487727632621,36.57467741935484,18.459782608695658,0.161520,85
1638,CARLOS ANTELO ANTELO,INDIVIDUAL,CHARAGUA,SANTA CRUZ,126.66,SOYA,977,27536.449999999997,28.358856848609676,75.779532,11.323392484342381,0.8039303991811668,36.513293768545985,18.518415545590432,0.133060,85
1641,CHRISTIAN LOPEZ MEDINA,INDIVIDUAL,CHARAGUA,SANTA CRUZ,40.51,SOYA,268,7302.889999999999,27.66246212121212,20.661539,11.303346153846153,0.8591044776119403,36.573815028901734,18.439027027027027,0.160448,83
1642,AGROP. COPA HNOS. S.R.L.,EMPRESA AGROPECUARIA,EL TORNO,SANTA CRUZ,40.6,GIRASOL,1093,30775.18,28.36422119815668,88.77652400000001,11.374749070631971,0.7906953339432754,36.52646074646075,18.487477360931436,0.137237,85
1643,OSCAR MEDINA MERCADO,INDIVIDUAL,PUERTO SUAREZ,SANTA CRUZ,29.8,SOYA,1253,34699.86,27.916218825422366,136.644168,11.517983606557376,0.8087869114126097,36.41722471910113,18.500437284234753,0.139665,85
1644,CARLOS FLORES CHOQUE,INDIVIDUAL,BUEN RETIRO,SANTA CRUZ,265.71,GIRASOL,731,20487.34,28.180660247592847,66.09469000000001,11.406727528089887,0.8631463748290013,36.51348927875244,18.454586614173227,0.136799,85
1645,AGROP. PEDRAZA HNOS. S.R.L.,EMPRESA AGROPECUARIA,BUEN RETIRO,SANTA CRUZ,64.9,MAIZ,750,20842.320000000003,28.01387096774194,65.86462,11.325006839945278,0.7997066666666668,36.562382812500005,18.441111111111113,0.178667,85
1646,MONICA CHOQUE VASQUEZ,INDIVIDUAL,GENERAL SAAVEDRA,SANTA CRUZ,63.13,SOYA,260,7332.639999999999,28.42108527131783,16.891736,11.476823529411764,0.7581153846153845,36.60607954545455,18.587405405405406,0.123077,81
1647,YENNY VASQUEZ CRUZ,INDIVIDUAL,CHARAGUA,SANTA CRUZ,98.02,GIRASOL,1325,36960.89,28.14995430312262,109.271285,11.330925784238715,0.830377358490566,36.55638737758433,18.481133689839574,0.162264,85
1648,OSCAR COLQUE COLQUE,INDIVIDUAL,SAN PEDRO,SANTA CRUZ,55.58,SOYA/MAIZ,258,7243.0199999999995,28.51582677165354,19.116162999999997,11.276877470355732,0.7610077519379844,36.359705882352934,18.61033149171271,0.151163,83
1649,CINTHIA MERCADO MERCADO,INDIVIDUAL,CHARAGUA,SANTA CRUZ,84.57,MAIZ,531,14580.239999999998,27.77188571428571,41.210772999999996,11.393518164435946,0.8065160075329567,36.53952879581152,18.51275132275132,0.137476,85
1650,ASOC. PROD. COTOCA NO.1650,ASOCIACION,COTOCA,SANTA CRUZ,109.68,SOYA,1058,29164.47,27.908583732057416,80.652515,11.28223076923077,0.8119943289224953,36.53097796143251,18.50668956043956,0.152174,85
1651,VICTOR PUMA COPA,INDIVIDUAL,SAN PEDRO,SANTA CRUZ,42.57,MAIZ,1279,35479.229999999996,28.046822134387348,108.679379,11.320158982511924,0.8257466770914778,36.59919010123735,18.49576707726764,0.161063,85
1652,ASOC. PROD. LA GUARDIA NO.1652,ASOCIACION,LA GUARDIA,SANTA CRUZ,48.34,GIRASOL,1062,29502.270000000004,28.177908309455592,97.017598,11.40602294455067,0.7942749529190207,36.49825459317585,18.52907754010695,0.161959,85
1653,CESAR TICONA TICONA,INDIVIDUAL,WARNES,SANTA CRUZ,34.32,SOYA,553,15425.32,28.14839416058394,58.491091999999995,11.293659889094268,0.8569439421338155,36.410291005291,18.549646464646464,0.130199,85
1654,BORIS VILLCA COLQUE,INDIVIDUAL,WARNES,SANTA CRUZ,33.28,SOYA,813,22463.430000000004,27.93958955223881,97.097782,11.489027431421444,0.8053259532595326,36.50484230055659,18.60903339191564,0.142681,85
1655,ASOC. PROD. PUERTO SUAREZ NO.1655,ASOCIACION,PUERTO SUAREZ,SANTA CRUZ,20.71,SOYA,481,13540.87,28.269039665970773,49.72076,11.371787234042552,0.8564864864864865,36.41833836858006,18.47752265861027,0.128898,85
1656,ASOC. PROD. MINEROS NO.1656,COOPERATIVA,MINEROS,SANTA CRUZ,69.57,SOYA,526,14682.210000000001,28.180825335892518,34.971126999999996,11.375329457364343,0.7387452471482889,36.46909560723515,18.603397260273972,0.152091,85
1657,ASOC. PROD. SAN PEDRO NO.1657,ASOCIACION,SAN PEDRO,SANTA CRUZ,95.65,GIRASOL,550,15345.69,28.157229357798165,50.244759,11.42240223463687,0.8232727272727274,36.418373333333335,18.55425474254743,0.109091,85
1658,RENE SANCHEZ VARGAS,INDIVIDUAL,PUERTO SUAREZ,SANTA CRUZ,69.61,SOYA,1119,31295.399999999998,28.296021699819168,120.11390100000001,11.445981735159815,0.8071313672922251,36.37464751958224,18.476194029850745,0.136729,85
1659,RICARDO MAMANI SALVATIERRA,INDIVIDUAL,GENERAL SAAVEDRA,SANTA CRUZ,77.52,SOYA/MAIZ,965,27082.1,28.21052083333333,95.82118500000001,11.355168421052632,0.8284145077720207,36.612526475037825,18.469016393442622,0.131606,85
1660,SILVIA CATACORA FLORES,INDIVIDUAL,EL TORNO,SANTA CRUZ,213.22,GIRASOL,1054,29573.079999999998,28.2995980861244,79.585212,11.357374031007751,0.8011954459203037,36.519092178770954,18.51706434316354,0.144213,85
1661,ASOC. PROD. ROBORE NO.1661,COOPERATIVA,ROBORE,SANTA CRUZ,70.2,SOYA,520,14470.619999999999,28.09829126213592,35.19495299999999,11.415245579567781,0.7806153846153846,36.70742705570292,18.578802228412254,0.128846,85
1662,AGROP. PEREZ HNOS. S.R.L.,EMPRESA AGROPECUARIA,PUERTO SUAREZ,SANTA CRUZ,92.3,SOYA,538,15049.84,28.18322097378277,41.692263999999994,11.3943320610687,0.7642379182156134,36.61804232804233,18.527579787234046,0.139405,85
1663,ASOC. PROD. BUEN RETIRO NO.1663,ASOCIACION,BUEN RETIRO,SANTA CRUZ,102.86,SOYA,261,7265.21,28.05100386100386,20.395317,11.2615625,0.8298467432950193,36.472601156069366,18.849351351351352,0.145594,81
1664,ASOC. PROD. LA GUARDIA NO.1664,ASOCIACION,LA GUARDIA,SANTA CRUZ,142.43,SOYA/MAIZ,250,6935.530000000001,28.193211382113823,22.97665,11.365510204081634,0.90412,36.3478612716763,18.63683908045977,0.176000,83
1665,ASOC. PROD. PUERTO SUAREZ NO.1665,ASOCIACION,PUERTO SUAREZ,SANTA CRUZ,45.14,SOYA,985,27381.43,28.083517948717947,92.92304099999998,11.396611570247936,0.8441624365482232,36.54721649484536,18.491811697574892,0.175635,85
1666,BEATRIZ NAVIA CHOQUE,COMUNIDAD,PAILON,SANTA CRUZ,102.96,MAIZ,263,7265.099999999999,27.729389312977098,16.5602,11.227354085603114,0.7704942965779468,36.34538011695906,18.422865168539328,0.178707,83
1668,SILVIA FLORES ALVARADO,INDIVIDUAL,CHARAGUA,SANTA CRUZ,116.67,SOYA,797,22229.83,28.174689480354882,60.663945,11.31794416243655,0.8122961104140528,36.50080500894454,18.43229357798165,0.156838,85
1670,ASOC. PROD. ROBORE NO.1670,COOPERATIVA,ROBORE,SANTA CRUZ,111.78,MAIZ,269,7531.11,28.101156716417908,24.830542,11.404600760456272,0.8272490706319702,36.592032967032964,18.641302083333333,0.167286,83
1671,AGROP. MARTINEZ HNOS. S.R.L.,EMPRESA AGROPECUARIA,EL TORNO,SANTA CRUZ,199.58,GIRASOL,1099,30534.739999999998,28.03924701561065,111.699921,11.33658649398705,0.8343858052775249,36.592418725617684,18.479081632653063,0.134668,85
1672,ASOC. PROD. PORTACHUELO NO.1672,ASOCIACION,PORTACHUELO,SANTA CRUZ,115.64,SOYA,780,21929.090000000004,28.33215762273902,57.127534000000004,11.245953307392995,0.7948461538461539,36.41632541133455,18.514650283553877,0.125641,85
1673,FERNANDO MARCA PUMA,INDIVIDUAL,BUEN RETIRO,SANTA CRUZ,21.95,SOYA,771,21750.53,28.544002624671915,63.189565,11.373629139072849,0.7779377431906616,36.37840148698885,18.503815789473684,0.140078,85
1674,ASOC. PROD. OKINAWA NO.1674,ASOCIACION,OKINAWA,SANTA CRUZ,220.38,SOYA,799,22040.29,27.93446134347275,64.181114,11.353882503192848,0.7844180225281601,36.524224137931036,18.510559440559444,0.148936,85
1675,RENE MEDINA MONTAÑO,INDIVIDUAL,PAILON,SANTA CRUZ,20.02,SOYA,791,21962.809999999998,28.157448717948714,70.766637,11.385361757105944,0.8116182048040457,36.50958333333333,18.505246800731264,0.142857,85
1676,ASOC. PROD. OKINAWA NO.1676,ASOCIACION,OKINAWA,SANTA CRUZ,40.57,GIRASOL,1812,50006.79,27.952370039128006,163.70623700000002,11.427987633501967,0.8100220750551878,36.50173344235487,18.47613312202853,0.167770,85
1677,AGROP. ROMERO HNOS. S.R.L.,EMPRESA AGROPECUARIA,CUATRO CANADAS,SANTA CRUZ,223.94,SOYA,812,22535.969999999998,28.02981343283582,69.868388,11.295193992490612,0.8353571428571429,36.5097094017094,18.496285714285715,0.155172,85
1678,ASOC. PROD. PORTACHUELO NO.1678,ASOCIACION,PORTACHUELO,SANTA CRUZ,66.17,MAIZ,527,14497.05,27.93265895953757,41.949251000000004,11.266789883268483,0.8311005692599621,36.75841807909604,18.554015748031496,0.165085,85
1679,AGROP. CATACORA HNOS. S.R.L.,EMPRESA AGROPECUARIA,GENERAL SAAVEDRA,SANTA CRUZ,19.25,SOYA,772,21460.74,28.237815789473686,69.211902,11.329302949061661,0.8326554404145079,36.519944649446494,18.549132007233275,0.143782,85
1680,ASOC. PROD. PORTACHUELO NO.1680,COOPERATIVA,PORTACHUELO,SANTA CRUZ,70.48,GIRASOL,1538,42704.06,28.16890501319261,160.26926600000002,11.484256578947369,0.8127373211963589,36.532679382379655,18.501202590194268,0.148895,85
1681,RODRIGO CHAMBI MERCADO,INDIVIDUAL,COTOCA,SANTA CRUZ,156.72,SOYA,986,27328.499999999993,28.02923076923076,85.55759199999999,11.428879753340187,0.7918965517241379,36.43620839363241,18.529926900584798,0.156187,85
1682,DANIELA CHAMBI TICONA,INDIVIDUAL,OKINAWA,SANTA CRUZ,250.49,GIRASOL,526,14586.510000000002,27.997140115163152,53.241175,11.5075,0.8437832699619773,36.76160664819945,18.43493403693931,0.157795,85
1683,ASOC. PROD. PUERTO QUIJARRO NO.1683,ASOCIACION,PUERTO QUIJARRO,SANTA CRUZ,124.16,SOYA,240,6512.27,27.47793248945148,19.505918,11.387939914163091,0.8588749999999999,36.41176829268292,18.32382352941176,0.129167,78
1685,AGROP. GARCIA HNOS. S.R.L.,EMPRESA AGROPECUARIA,MINEROS,SANTA CRUZ,22.22,SOYA,275,7586.640000000001,27.789890109890113,20.871653000000002,11.527769516728624,0.830690909090909,36.654973544973544,18.44826530612245,0.120000,83
1687,MARCELO VILLCA SANDOVAL,INDIVIDUAL,ROBORE,SANTA CRUZ,140.87,MAIZ,510,14083.619999999999,27.943690476190476,49.494775,11.329118236472944,0.8204901960784312,36.48043715846995,18.524810495626824,0.186275,85
1688,ASOC. PROD. PAILON NO.1688,COOPERATIVA,PAILON,SANTA CRUZ,41.44,GIRASOL,812,22621.129999999997,27.996448019801978,68.755704,11.411161048689138,0.8548522167487684,36.410448028673834,18.473123909249562,0.150246,85
1689,ASOC. PROD. EL TORNO NO.1689,ASOCIACION,EL TORNO,SANTA CRUZ,104.75,SOYA/MAIZ,797,21829.82,27.773307888040712,78.087617,11.360395408163264,0.8594604767879549,36.453086642599274,18.546156583629894,0.154329,85
1690,MONICA SUAREZ QUISPE,INDIVIDUAL,YAPACANI,SANTA CRUZ,39.22,SOYA,1269,35482.75,28.273107569721116,105.40870299999999,11.291988773055333,0.8060362490149725,36.45552747252747,18.472040358744398,0.148936,85
1691,AGROP. ROMERO HNOS. S.R.L.,EMPRESA AGROPECUARIA,GENERAL SAAVEDRA,SANTA CRUZ,50.03,SOYA,1021,28280.56,27.972858555885264,86.5262,11.39947,0.8086777668952008,36.48778901734104,18.54431179775281,0.156709,85
1692,OSCAR SANCHEZ SANDOVAL,INDIVIDUAL,PUERTO SUAREZ,SANTA CRUZ,74.45,SOYA,495,13700.78,27.960775510204083,44.30751000000001,11.477597535934292,0.7827474747474747,36.48534435261708,18.46935211267606,0.145455,85
1693,ASOC. PROD. CHARAGUA NO.1693,COOPERATIVA,CHARAGUA,SANTA CRUZ,40.76,GIRASOL,786,21690.909999999996,28.024431524547797,79.90877100000002,11.329317010309277,0.8391475826972011,36.637855855855854,18.468872458410353,0.131043,85
1694,ASOC. PROD. PAILON NO.1694,ASOCIACION,PAILON,SANTA CRUZ,60.0,SOYA,241,6678.85,27.94497907949791,16.403223,11.364936170212767,0.7758091286307054,36.51651162790698,18.46550632911393,0.170124,80
1695,ASOC. PROD. LA GUARDIA NO.1695,ASOCIACION,LA GUARDIA,SANTA CRUZ,113.31,GIRASOL,1045,29046.72,28.091605415860737,92.72347099999999,11.42346640701071,0.8058947368421051,36.3858573388203,18.555672043010752,0.163636,85
1696,ASOC. PROD. WARNES NO.1696,ASOCIACION,WARNES,SANTA CRUZ,16.77,SOYA,555,15404.2,28.161243144424134,47.858214000000004,11.394270072992702,0.7974234234234234,36.49951219512195,18.507819148936168,0.131532,85
1698,AGROP. PINTO HNOS. S.R.L.,EMPRESA AGROPECUARIA,MONTERO,SANTA CRUZ,356.03,GIRASOL,237,6439.550000000001,27.637553648068675,28.736523,11.514808510638298,0.8021518987341771,36.373376623376615,18.534404761904767,0.135021,80
1699,MARIO SANCHEZ CUELLAR,COMUNIDAD,OKINAWA,SANTA CRUZ,76.6,SOYA/MAIZ,543,15030.75,27.886363636363637,44.389016,11.375188679245284,0.83548802946593,36.46330788804072,18.55575129533679,0.173112,85
1700,AGROP. SALVATIERRA HNOS. S.R.L.,EMPRESA AGROPECUARIA,MONTERO,SANTA CRUZ,54.05,MAIZ,758,21070.75,27.94529177718833,59.338516999999996,11.351881720430107,0.8069788918205806,36.462905027932955,18.617701375245584,0.162269,85
1701,ASOC. PROD. GENERAL SAAVEDRA NO.1701,ASOCIACION,GENERAL SAAVEDRA,SANTA CRUZ,114.12,SOYA,525,14972.310000000001,28.79290384615385,47.955996,11.301334622823985,0.836247619047619,36.47158904109589,18.543946666666667,0.182857,85
1702,SILVIA CUELLAR MORALES,INDIVIDUAL,MONTERO,SANTA CRUZ,104.31,SOYA/MAIZ,1072,29749.67,28.11878071833648,97.37116700000001,11.40477142857143,0.7967070895522388,36.44928381962865,18.542084432717676,0.152985,85
1703,YENNY VASQUEZ VILLCA,COMUNIDAD,COTOCA,SANTA CRUZ,153.73,SOYA,783,22107.18,28.378921694480102,69.180111,11.455111402359108,0.7755555555555556,36.46191176470588,18.503468634686346,0.141762,85
1704,ENRIQUE PEDRAZA HUANCA,INDIVIDUAL,SAN PEDRO,SANTA CRUZ,124.57,SOYA/MAIZ,761,21286.219999999998,28.193668874172182,62.37074600000001,11.31542395693136,0.7961498028909328,36.52267289719626,18.469495327102806,0.165572,85
1705,CAMILA QUISPE MARCA,INDIVIDUAL,ROBORE,SANTA CRUZ,24.85,SOYA,238,6613.73,28.263803418803416,16.009335,11.549220779220779,0.6837394957983194,36.310764331210194,18.54469945355191,0.172269,78
1706,MARIA ANTELO COPA,INDIVIDUAL,COTOCA,SANTA CRUZ,197.74,MAIZ,1059,29380.109999999997,27.98105714285714,87.908959,11.388748796920115,0.8046081208687441,36.59043835616438,18.402475795297374,0.147309,85
1708,ASOC. PROD. PUERTO SUAREZ NO.1708,COOPERATIVA,PUERTO SUAREZ,SANTA CRUZ,80.55,MAIZ,1888,52485.32,27.992170666666667,152.47815,11.348034557235422,0.7799576271186441,36.43922146636432,18.473935926773457,0.155191,85
1709,MARCO LOPEZ CALLISAYA,INDIVIDUAL,CUATRO CANADAS,SANTA CRUZ,104.17,MAIZ,253,7022.57,27.97836653386454,18.325533,11.244549180327871,0.7981818181818183,36.424082840236686,18.41110465116279,0.154150,83
1710,JHONNY MORALES CALLISAYA,COMUNIDAD,SAN PEDRO,SANTA CRUZ,25.53,GIRASOL,1251,34429.86,27.855873786407766,105.789541,11.318213703099511,0.8114948041566746,36.56291053227633,18.525235849056607,0.151878,85
1711,ASOC. PROD. LA GUARDIA NO.1711,ASOCIACION,LA GUARDIA,SANTA CRUZ,98.68,SOYA,788,22134.99,28.2334056122449,72.560074,11.297545219638241,0.7995431472081218,36.4576334519573,18.54129798903108,0.159898,85
1712,ASOC. PROD. SAN PEDRO NO.1712,ASOCIACION,SAN PEDRO,SANTA CRUZ,38.39,MAIZ,526,14786.68,28.326973180076628,37.598565,11.323544061302679,0.7616730038022814,36.49828080229226,18.685326370757178,0.142586,83
1713,AGROP. SORIA HNOS. S.R.L.,EMPRESA AGROPECUARIA,PORTACHUELO,SANTA CRUZ,410.05,GIRASOL,445,12445.5,28.285227272727273,28.561236,11.40974885844749,0.6988988764044944,36.49239726027397,18.60812080536913,0.139326,85
1714,ASOC. PROD. ROBORE NO.1714,COOPERATIVA,ROBORE,SANTA CRUZ,73.76,SOYA,522,14388.49,27.93881553398058,51.718692,11.463652343749999,0.8074329501915709,36.55610215053763,18.45639037433155,0.162835,84
1715,ROSA MONTAÑO MEDINA,COMUNIDAD,BUEN RETIRO,SANTA CRUZ,319.01,SOYA,263,7475.259999999999,28.750999999999998,29.774171000000003,11.344999999999999,0.8654372623574144,36.41201117318436,18.508043478260866,0.163498,78
1716,OSCAR GARCIA TICONA,INDIVIDUAL,GENERAL SAAVEDRA,SANTA CRUZ,83.11,SOYA,1020,28167.129999999997,27.86066271018793,93.59097399999999,11.396500000000001,0.7758431372549018,36.4027207977208,18.48345714285714,0.163725,85
1717,PAOLA MAMANI PINTO,INDIVIDUAL,OKINAWA,SANTA CRUZ,119.5,SOYA,478,13618.13,28.609516806722688,36.627306,11.268497854077253,0.7687029288702929,36.508851963746224,18.427078313253013,0.133891,85
1718,DIEGO AGUILAR RODRIGUEZ,INDIVIDUAL,SANTA ROSA,SANTA CRUZ,108.83,GIRASOL,258,7181.76,27.836279069767443,16.536706000000002,11.296470588235294,0.7514728682170544,36.33644970414201,18.730228571428572,0.147287,83
1719,AGROP. QUISPE HNOS. S.R.L.,EMPRESA AGROPECUARIA,PUERTO QUIJARRO,SANTA CRUZ,185.3,SOYA,783,21801.819999999996,27.986931964056478,59.876777000000004,11.379010416666667,0.7880715197956578,36.42503484320558,18.479870370370367,0.172414,85
1720,ASOC. PROD. SAN PEDRO NO.1720,ASOCIACION,SAN PEDRO,SANTA CRUZ,13.97,SOYA,243,6741.32,28.324873949579832,16.730959999999996,11.398916666666667,0.7987654320987655,36.60213017751479,18.7725,0.144033,80
1721,RICHARD LIMA CRUZ,INDIVIDUAL,MONTERO,SANTA CRUZ,116.24,SOYA,1069,29742.0,28.298763082778308,93.15292300000002,11.360986590038314,0.8308793264733396,36.47302387267904,18.562762803234502,0.145931,85
1722,ASOC. PROD. EL TORNO NO.1722,ASOCIACION,EL TORNO,SANTA CRUZ,103.37,SOYA,1259,35219.020000000004,28.175216000000002,111.595721,11.295951417004048,0.8467513899920573,36.461341040462436,18.458087248322148,0.157268,85
1724,ASOC. PROD. WARNES NO.1724,ASOCIACION,WARNES,SANTA CRUZ,53.89,SOYA,530,14999.01,28.46111954459203,48.725361,11.31455769230769,0.772056603773585,36.416541554959785,18.463351800554015,0.147170,85
1725,PEDRO PEREZ MORALES,INDIVIDUAL,EL TORNO,SANTA CRUZ,83.04,GIRASOL,261,7196.24,27.677846153846154,25.871069000000006,11.4064453125,0.7897318007662836,36.65587912087911,18.508324324324324,0.191571,82
1726,ASOC. PROD. MINEROS NO.1726,ASOCIACION,MINEROS,SANTA CRUZ,146.24,SOYA,757,21130.670000000002,28.28737617135208,81.146821,11.460365358592691,0.8154821664464994,36.484786641929496,18.44375238095238,0.147952,85
1727,LAURA NAVIA CHOQUE,INDIVIDUAL,SAN PEDRO,SANTA CRUZ,29.11,SOYA/MAIZ,1299,36323.58,28.17965865011637,89.23913299999998,11.22345640219953,0.780354118552733,36.52945770065076,18.437907227615963,0.144727,85
1728,AGROP. MACHACA HNOS. S.R.L.,EMPRESA AGROPECUARIA,PORTACHUELO,SANTA CRUZ,141.62,SOYA,511,14323.689999999999,28.085666666666665,45.975404,11.465251509054324,0.8263992172211351,36.5913597733711,18.361117478510028,0.146771,85
1729,JUAN MARTINEZ MERCADO,INDIVIDUAL,SAN JULIAN,SANTA CRUZ,122.29,SOYA,1543,42937.35,28.06362745098039,120.47208300000001,11.402835426305352,0.8065780946208684,36.4844153414406,18.509936421435057,0.142579,85
1730,MIGUEL LOPEZ SALVATIERRA,INDIVIDUAL,BUEN RETIRO,SANTA CRUZ,151.57,MAIZ,849,23357.23,27.773162901307966,64.071035,11.308756038647342,0.8355948174322734,36.49746268656717,18.42840197693575,0.150766,85
1731,JUAN CATACORA RIVERO,INDIVIDUAL,PUERTO QUIJARRO,SANTA CRUZ,427.16,SOYA,494,13678.950000000003,27.916224489795923,45.616252,11.357568134171906,0.8150000000000001,36.62411267605634,18.500735294117646,0.165992,85
1732,FREDDY RIVERO MONTAÑO,INDIVIDUAL,MONTERO,SANTA CRUZ,196.9,GIRASOL,1302,36634.02,28.3106800618238,116.01261400000001,11.414400630914825,0.7957373271889401,36.52710065645514,18.575475923852185,0.141321,85
1733,ASOC. PROD. PAILON NO.1733,COOPERATIVA,PAILON,SANTA CRUZ,104.82,SOYA,1314,36518.8,28.221638330757344,117.34259700000003,11.456240310077519,0.8039269406392693,36.55721132897603,18.438949079089923,0.146880,85
1734,MIRIAM CRUZ QUISPE,INDIVIDUAL,ROBORE,SANTA CRUZ,28.73,SOYA,783,22016.41,28.226166666666668,64.31868999999999,11.28348623853211,0.8420306513409961,36.47035971223022,18.362513863216268,0.137931,85
1735,ASOC. PROD. PUERTO SUAREZ NO.1735,ASOCIACION,PUERTO SUAREZ,SANTA CRUZ,62.85,SOYA,1049,29327.010000000002,28.22618864292589,81.28009800000001,11.327402723735409,0.7738608198284079,36.38328729281768,18.533224932249322,0.152526,85
1736,AGROP. MONTAÑO HNOS. S.R.L.,EMPRESA AGROPECUARIA,GENERAL SAAVEDRA,SANTA CRUZ,62.34,SOYA,1592,44143.85,27.97455640050697,131.64434400000002,11.301759436980168,0.802286432160804,36.5537037037037,18.506732142857143,0.159548,85
1737,AGROP. VARGAS HNOS. S.R.L.,EMPRESA AGROPECUARIA,LA GUARDIA,SANTA CRUZ,65.18,SOYA,545,14905.43,27.808638059701494,40.373389,11.339405204460967,0.7938715596330275,36.45462162162163,18.418915343915344,0.159633,85
1738,BORIS SORIA VACA,INDIVIDUAL,OKINAWA,SANTA CRUZ,30.39,SOYA,518,14291.29,28.022137254901963,51.813525999999996,11.344633663366334,0.8486100386100387,36.38156593406593,18.515234375000002,0.140927,85
1740,ASOC. PROD. MINEROS NO.1740,COOPERATIVA,MINEROS,SANTA CRUZ,139.0,SOYA,223,6302.129999999999,28.516425339366513,27.753835000000006,11.576529680365297,0.9023766816143497,36.34622516556292,18.52862745098039,0.130045,75
1742,ASOC. PROD. YAPACANI NO.1742,COOPERATIVA,YAPACANI,SANTA CRUZ,15.9,SOYA,248,7060.62,28.701707317073172,19.63597,11.445061224489796,0.726532258064516,36.41395209580838,18.568045977011494,0.129032,78
1743,MARIO MARTINEZ PUMA,INDIVIDUAL,SAN PEDRO,SANTA CRUZ,39.36,GIRASOL,1524,42271.75,28.031664456233422,118.74966599999999,11.407060402684564,0.7774606299212597,36.48098302055407,18.483484119345523,0.158793,85
1744,ASOC. PROD. PAILON NO.1744,ASOCIACION,PAILON,SANTA CRUZ,35.97,SOYA,499,13712.240000000002,27.757570850202434,47.934091,11.428525252525253,0.8395591182364729,36.485432835820895,18.462954545454547,0.106212,85
1745,ASOC. PROD. SAN JULIAN NO.1745,ASOCIACION,SAN JULIAN,SANTA CRUZ,51.11,SOYA,438,12263.48,28.322124711316395,36.260951,11.355291375291376,0.8281735159817352,36.445615141955834,18.556262295081968,0.159817,85
1746,AGROP. LIMA HNOS. S.R.L.,EMPRESA AGROPECUARIA,EL TORNO,SANTA CRUZ,58.63,SOYA,773,21668.57,28.177594278283486,84.22850300000002,11.391567852437419,0.783143596377749,36.59015957446809,18.470545112781956,0.164295,85
1747,ASOC. PROD. MONTERO NO.1747,ASOCIACION,MONTERO,SANTA CRUZ,53.58,GIRASOL,780,21691.839999999997,28.025633074935396,55.724405,11.35779527559055,0.7902692307692307,36.538148148148146,18.439329710144925,0.151282,85
1748,PAOLA ALVARADO AGUILAR,INDIVIDUAL,GENERAL SAAVEDRA,SANTA CRUZ,252.62,SOYA,535,15030.21,28.3054802259887,52.57031,11.488084291187741,0.9086915887850466,36.56225201072386,18.441755319148935,0.147664,85
1749,BORIS CRUZ MACHACA,COMUNIDAD,PUERTO SUAREZ,SANTA CRUZ,59.75,SOYA/MAIZ,533,14708.109999999997,27.856268939393935,52.358654,11.410597302504815,0.8215572232645404,36.407120418848166,18.349318801089918,0.166979,85
1750,PAOLA TORREZ COLQUE,COMUNIDAD,PAILON,SANTA CRUZ,278.07,SOYA,232,6408.49,27.863,17.8157,11.402610619469026,0.817801724137931,36.565862068965515,18.6025,0.176724,78
1751,FERNANDO PEDRAZA VACA,COMUNIDAD,YAPACANI,SANTA CRUZ,49.14,MAIZ,804,22424.400000000005,28.27793190416142,62.907348000000006,11.262386363636363,0.788955223880597,36.391801470588234,18.426943462897523,0.138060,85
1752,ASOC. PROD. MINEROS NO.1752,COOPERATIVA,MINEROS,SANTA CRUZ,22.74,SOYA,502,13937.79,28.15715151515152,59.86294099999999,11.38821862348178,0.858386454183267,36.50303468208092,18.518352601156067,0.153386,85
1753,AGROP. NAVIA HNOS. S.R.L.,EMPRESA AGROPECUARIA,OKINAWA,SANTA CRUZ,38.03,MAIZ,742,20832.52,28.420900409276946,68.502505,11.384398907103824,0.8412129380053909,36.45818691588785,18.560248565965583,0.169811,85
1754,JULIO COLQUE SUAREZ,INDIVIDUAL,EL TORNO,SANTA CRUZ,193.0,SOYA,1018,28618.070000000003,28.447385685884694,80.155038,11.3727648839556,0.7659823182711198,36.470316091954025,18.574295676429568,0.158153,85
1755,VANESSA MEDINA SUAREZ,INDIVIDUAL,SAN PEDRO,SANTA CRUZ,264.44,SOYA,532,14800.989999999998,28.08537001897533,50.830939,11.355536398467434,0.8308270676691729,36.6696174863388,18.4287397260274,0.163534,85
1756,ANDREA PINTO SUAREZ,INDIVIDUAL,BUEN RETIRO,SANTA CRUZ,183.64,SOYA,1017,28273.239999999998,28.021050545094152,98.99796400000002,11.339758793969848,0.8076204523107179,36.56584131326949,18.458008595988538,0.167158,85
1757,ASOC. PROD. OKINAWA NO.1757,ASOCIACION,OKINAWA,SANTA CRUZ,129.97,MAIZ,1825,50797.6,28.049475427940365,158.787929,11.348875838926174,0.798958904109589,36.574106728538275,18.53519500780031,0.143562,85
1758,ASOC. PROD. SAN JULIAN NO.1758,ASOCIACION,SAN JULIAN,SANTA CRUZ,81.7,MAIZ,236,6583.049999999999,28.253433476394846,18.594768000000002,11.344137931034483,0.7988983050847458,36.339937888198754,18.59055214723926,0.173729,77
1759,ALFREDO HUANCA VARGAS,INDIVIDUAL,OKINAWA,SANTA CRUZ,53.69,SOYA,1035,28734.54,28.22646365422397,80.382585,11.457360157016682,0.8126666666666665,36.44037483266399,18.550403768506058,0.147826,85
1760,ASOC. PROD. ROBORE NO.1760,COOPERATIVA,ROBORE,SANTA CRUZ,140.99,SOYA,1015,28161.31,28.077078763708876,89.206491,11.396710393541877,0.7858522167487685,36.582233285917496,18.37460905349794,0.158621,85
1761,RONALD TORREZ SALVATIERRA,INDIVIDUAL,SAN PEDRO,SANTA CRUZ,67.64,SOYA,531,14675.0,28.059273422562143,48.3818,11.450499040307104,0.8742184557438794,36.57165789473684,18.5328418230563,0.152542,85
1762,JUAN HUANCA YUJRA,INDIVIDUAL,YAPACANI,SANTA CRUZ,66.07,SOYA,821,22682.01,27.967953144266335,92.480001,11.544993757802748,0.8414859926918392,36.415395683453234,18.475087108013938,0.153471,85
1763,ASOC. PROD. SAN PEDRO NO.1763,COOPERATIVA,SAN PEDRO,SANTA CRUZ,99.98,MAIZ,1248,34650.939999999995,28.08017828200972,112.76539499999998,11.404987755102042,0.8272756410256411,36.68199308755761,18.415023364485982,0.150641,85
1764,WILBER PUMA APAZA,INDIVIDUAL,COTOCA,SANTA CRUZ,22.52,SOYA,502,14132.02,28.377550200803213,38.46864,11.237261663286004,0.7462350597609562,36.49628491620112,18.4394301994302,0.175299,85
1765,ASOC. PROD. BUEN RETIRO NO.1765,ASOCIACION,BUEN RETIRO,SANTA CRUZ,185.28,SOYA,1245,34789.85,28.238514610389608,96.797996,11.358468543046357,0.8229638554216868,36.49069119286511,18.478994082840234,0.167068,85
1766,CARMEN MACHACA SANCHEZ,INDIVIDUAL,SAN PEDRO,SANTA CRUZ,28.53,SOYA,771,21545.51,28.274947506561677,57.955289,11.32358839050132,0.8104280155642022,36.48366972477064,18.43714015151515,0.137484,85
1767,DANIELA MAMANI CHOQUE,INDIVIDUAL,EL TORNO,SANTA CRUZ,216.25,SOYA,1603,44512.0,28.11876184459886,134.782594,11.424812460267008,0.8051403618215845,36.504375569735636,18.513801276207843,0.154710,85
1768,AGROP. MONTAÑO HNOS. S.R.L.,EMPRESA AGROPECUARIA,MONTERO,SANTA CRUZ,60.8,SOYA/MAIZ,266,7574.36,28.47503759398496,25.687820999999992,11.383576923076923,0.8078195488721804,36.74311827956989,18.43605555555556,0.157895,79
1769,AGROP. CHUQUIMIA HNOS. S.R.L.,EMPRESA AGROPECUARIA,OKINAWA,SANTA CRUZ,30.32,SOYA,1223,34045.979999999996,28.230497512437807,110.76220200000002,11.357524999999999,0.8500245298446445,36.49183082271147,18.473855140186917,0.143091,85
1770,CARLOS MARCA GARCIA,COMUNIDAD,WARNES,SANTA CRUZ,131.07,SOYA,1550,43215.23,28.061837662337666,126.86872100000002,11.344816272965879,0.8305032258064514,36.48922365988909,18.500491510277033,0.142581,85
1771,AGROP. CATACORA HNOS. S.R.L.,EMPRESA AGROPECUARIA,PORTACHUELO,SANTA CRUZ,145.53,MAIZ,781,21555.940000000006,28.06763020833334,54.77434600000001,11.285026041666667,0.788258642765685,36.53967272727272,18.429463601532568,0.139565,85
1772,RENE MORALES SUAREZ,INDIVIDUAL,MINEROS,SANTA CRUZ,69.25,SOYA,536,14702.979999999998,28.059122137404575,31.564528000000003,11.319444444444445,0.768973880597015,36.467506849315065,18.523722222222226,0.138060,85
1773,ASOC. PROD. PUERTO SUAREZ NO.1773,ASOCIACION,PUERTO SUAREZ,SANTA CRUZ,58.2,SOYA,760,21102.54,28.024621513944226,72.13773,11.523373493975903,0.7835921052631577,36.52112840466926,18.570305755395683,0.146053,85
1774,AGROP. CHOQUE HNOS. S.R.L.,EMPRESA AGROPECUARIA,COTOCA,SANTA CRUZ,37.98,SOYA/MAIZ,535,14705.04,27.850454545454546,50.028853000000005,11.59584761904762,0.8111028037383179,36.46934837092732,18.650054644808744,0.170093,85
1775,FELIX NAVIA TORREZ,INDIVIDUAL,PAILON,SANTA CRUZ,44.75,SOYA,762,21298.57,28.210026490066223,60.26561800000001,11.28745283018868,0.8043963254593176,36.40511627906976,18.488756957328384,0.148294,85
1776,FREDDY CHAMBI LIMA,INDIVIDUAL,MINEROS,SANTA CRUZ,70.05,MAIZ,1060,29611.079999999998,28.1474144486692,85.36136,11.32581417624521,0.7955754716981133,36.51546666666666,18.361163101604276,0.149057,85
1777,AGROP. TORREZ HNOS. S.R.L.,EMPRESA AGROPECUARIA,YAPACANI,SANTA CRUZ,56.55,SOYA,1794,50244.47,28.211381246490735,162.541043,11.345608375778156,0.8293032329988852,36.44946740858506,18.400376904570972,0.156633,85
1778,OSCAR GARCIA MEDINA,INDIVIDUAL,YAPACANI,SANTA CRUZ,333.38,SOYA,255,7043.3,27.83913043478261,26.217355,11.476666666666668,0.7484705882352941,36.547816091954026,18.402342857142855,0.141176,83
1779,ASOC. PROD. GENERAL SAAVEDRA NO.1779,COOPERATIVA,GENERAL SAAVEDRA,SANTA CRUZ,129.38,SOYA,240,6583.639999999999,28.015489361702127,27.169773999999997,11.57199152542373,0.8335416666666667,36.3846783625731,18.399640718562875,0.158333,81
1780,AGROP. QUISPE HNOS. S.R.L.,EMPRESA AGROPECUARIA,BUEN RETIRO,SANTA CRUZ,104.9,SOYA/MAIZ,1236,34454.03,28.079894050529745,93.396483,11.28327868852459,0.7941181229773463,36.552177985948475,18.456501182033097,0.144822,85
1781,ASOC. PROD. PUERTO QUIJARRO NO.1781,ASOCIACION,PUERTO QUIJARRO,SANTA CRUZ,19.02,SOYA,249,6885.35,27.989227642276425,24.829574,11.442571428571428,0.8593172690763051,36.591111111111104,18.429888268156425,0.132530,76
1782,MARCELO FLORES COLQUE,COMUNIDAD,MONTERO,SANTA CRUZ,24.26,MAIZ,1030,28618.440000000002,28.14005899705015,93.605557,11.331773399014779,0.7854854368932038,36.602365887207704,18.583626373626377,0.126214,85
1783,ASOC. PROD. CHARAGUA NO.1783,COOPERATIVA,CHARAGUA,SANTA CRUZ,123.44,SOYA,1259,34893.21,28.071769911504425,109.789532,11.388453441295546,0.8202621127879269,36.489736540664374,18.53020179372197,0.146942,85
1785,AGROP. CUELLAR HNOS. S.R.L.,EMPRESA AGROPECUARIA,ROBORE,SANTA CRUZ,43.36,SOYA,260,7307.0599999999995,28.32193798449612,23.775650000000002,11.4590625,0.8221538461538461,36.61662790697674,18.538300000000003,0.165385,85
1786,ASOC. PROD. CHARAGUA NO.1786,ASOCIACION,CHARAGUA,SANTA CRUZ,80.28,SOYA,1026,28523.62,28.10208866995074,74.989567,11.342254220456802,0.7824756335282651,36.447974860335194,18.516367346938775,0.156920,85
1787,CAMILA MONTAÑO CUELLAR,INDIVIDUAL,SAN PEDRO,SANTA CRUZ,51.6,MAIZ,812,22572.239999999998,28.005260545905706,69.760031,11.339610062893081,0.7950615763546799,36.45195578231292,18.47848013816926,0.152709,85
1788,ASOC. PROD. OKINAWA NO.1788,ASOCIACION,OKINAWA,SANTA CRUZ,225.4,SOYA,488,13671.0,28.24586776859504,51.015276,11.470273109243697,0.8395081967213114,36.55375,18.45771875,0.157787,85
1789,CAMILA CHOQUE PEDRAZA,INDIVIDUAL,SAN PEDRO,SANTA CRUZ,228.17,SOYA,801,22234.11,28.073371212121213,66.387042,11.302352941176471,0.8073782771535581,36.41368948247079,18.527366548042707,0.166042,85
1790,ASOC. PROD. CHARAGUA NO.1790,COOPERATIVA,CHARAGUA,SANTA CRUZ,91.85,SOYA,275,7656.41,27.943102189781023,28.519280000000002,11.47111524163569,0.8056,36.520260416666666,18.550217391304347,0.141818,83
1791,MIGUEL MORALES SALVATIERRA,INDIVIDUAL,PORTACHUELO,SANTA CRUZ,38.65,SOYA,1032,28747.64,28.0738671875,77.386859,11.303527667984191,0.7859593023255813,36.516836879432624,18.461750000000002,0.141473,85
1792,LAURA VASQUEZ AGUILAR,INDIVIDUAL,COTOCA,SANTA CRUZ,405.98,SOYA,1265,35187.34,27.970858505564387,122.65068300000001,11.291338709677419,0.8423320158102766,36.61756756756756,18.497399553571427,0.145455,85
1793,ASOC. PROD. SAN JULIAN NO.1793,COOPERATIVA,SAN JULIAN,SANTA CRUZ,123.12,GIRASOL,511,14146.409999999998,28.068273809523806,44.164581,11.38208,0.7464774951076322,36.433112391930834,18.57529891304348,0.156556,84
1794,ASOC. PROD. LA GUARDIA NO.1794,COOPERATIVA,LA GUARDIA,SANTA CRUZ,103.7,SOYA,771,21600.71,28.310235910878113,66.63897899999999,11.32496,0.8204798962386511,36.49908752327747,18.56425818882466,0.143969,85
1795,ASOC. PROD. SANTA ROSA NO.1795,ASOCIACION,SANTA ROSA,SANTA CRUZ,70.78,SOYA,762,21307.850000000002,28.14775429326288,70.771038,11.378061497326202,0.8191863517060368,36.55021072796935,18.568354898336413,0.145669,85
1796,ASOC. PROD. EL TORNO NO.1796,ASOCIACION,EL TORNO,SANTA CRUZ,303.42,SOYA,783,22055.950000000004,28.422615979381447,63.23598299999999,11.21963730569948,0.8308429118773946,36.35970588235294,18.529701754385965,0.148148,85
1797,ASOC. PROD. MONTERO NO.1797,COOPERATIVA,MONTERO,SANTA CRUZ,82.35,SOYA,772,21383.15,27.878943937418516,78.20106000000001,11.385350993377484,0.8049870466321244,36.49651291512915,18.629566854990582,0.154145,85
1799,ASOC. PROD. OKINAWA NO.1799,COOPERATIVA,OKINAWA,SANTA CRUZ,38.57,SOYA,287,8131.4,28.43146853146853,24.208478,11.181474820143885,0.8642160278745644,36.503173076923076,18.25004854368932,0.139373,83
1800,CARMEN TORREZ MARTINEZ,INDIVIDUAL,CHARAGUA,SANTA CRUZ,18.0,SOYA,515,14217.259999999998,27.87698039215686,47.79866,11.327972166998011,0.8553009708737864,36.596592797783934,18.508637602179835,0.172816,85
1801,VICTOR TICONA VACA,INDIVIDUAL,EL TORNO,SANTA CRUZ,49.36,SOYA,1060,29446.08,28.043885714285715,87.382019,11.402041984732826,0.7793490566037736,36.54382749326145,18.52269230769231,0.160377,85
1802,ALFREDO HUANCA MERCADO,INDIVIDUAL,WARNES,SANTA CRUZ,130.57,MAIZ,507,14306.2,28.32910891089109,41.283214,11.397291242362526,0.8624457593688363,36.44468493150685,18.43215083798883,0.114398,85
1804,ASOC. PROD. GENERAL SAAVEDRA NO.1804,ASOCIACION,GENERAL SAAVEDRA,SANTA CRUZ,31.53,SOYA,532,14720.289999999999,27.985342205323192,52.589676000000004,11.488104448742746,0.7714097744360902,36.612060439560445,18.54681233933162,0.142857,84
1805,CHRISTIAN PEDRAZA ALVARADO,COMUNIDAD,CHARAGUA,SANTA CRUZ,114.42,SOYA,485,13489.890000000003,28.399768421052638,35.376799999999996,11.402935010482182,0.759814432989691,36.430380116959064,18.59532352941177,0.164948,85
1806,ASOC. PROD. OKINAWA NO.1806,ASOCIACION,OKINAWA,SANTA CRUZ,298.12,SOYA/MAIZ,542,15150.220000000001,28.10801484230056,38.01866100000001,11.36734962406015,0.7634132841328414,36.41692506459948,18.597798408488067,0.130996,85
1807,ASOC. PROD. EL TORNO NO.1807,ASOCIACION,EL TORNO,SANTA CRUZ,26.38,SOYA,256,7066.54,28.041825396825395,18.228356,11.385674603174603,0.8116406249999999,36.54195121951219,18.49846153846154,0.171875,80
1808,ASOC. PROD. ROBORE NO.1808,COOPERATIVA,ROBORE,SANTA CRUZ,53.76,SOYA,753,21097.979999999996,28.31943624161073,50.274245,11.457611940298507,0.7756706507304117,36.60907918968693,18.52629558541267,0.147410,85
1809,RENE MERCADO PUMA,INDIVIDUAL,COTOCA,SANTA CRUZ,60.5,SOYA,278,7713.6,28.049454545454548,31.354566,11.320149812734082,0.7885611510791367,36.4759375,18.57740932642487,0.154676,81
1811,GABRIELA FLORES SALVATIERRA,INDIVIDUAL,BUEN RETIRO,SANTA CRUZ,24.57,SOYA,536,15050.88,28.238048780487805,57.859903,11.472811320754717,0.8523880597014925,36.40720744680851,18.554693333333333,0.115672,85
1812,BEATRIZ COLQUE LIMA,INDIVIDUAL,WARNES,SANTA CRUZ,224.38,SOYA,1521,42292.14,28.045185676392574,146.65529,11.441036339165544,0.770499671268902,36.53862230552952,18.432220131702728,0.161078,85
1813,ASOC. PROD. OKINAWA NO.1813,ASOCIACION,OKINAWA,SANTA CRUZ,50.8,MAIZ,1305,36134.259999999995,27.989357087529044,120.69717399999999,11.47599531615925,0.8069578544061302,36.477809419496175,18.507715231788076,0.136398,85
1814,ASOC. PROD. EL TORNO NO.1814,ASOCIACION,EL TORNO,SANTA CRUZ,168.52,MAIZ,1249,34729.26,28.075392077607116,97.159571,11.389991843393146,0.7724019215372298,36.4845339470656,18.562875,0.137710,85
1815,ASOC. PROD. LA GUARDIA NO.1815,COOPERATIVA,LA GUARDIA,SANTA CRUZ,15.53,GIRASOL,752,20979.42,28.122546916890077,69.16366500000001,11.47386301369863,0.7487765957446809,36.53557223264541,18.44083984375,0.158245,85
1816,CLAUDIA YUJRA PUMA,COMUNIDAD,PORTACHUELO,SANTA CRUZ,65.19,SOYA,477,13319.53,28.100274261603378,47.600058000000004,11.349232409381663,0.810461215932914,36.56902077151335,18.495476190476193,0.119497,85
1817,RICARDO CONDORI VARGAS,INDIVIDUAL,CUATRO CANADAS,SANTA CRUZ,64.08,SOYA,787,22039.48,28.255743589743588,58.497837,11.341979301423025,0.788284625158831,36.46003590664272,18.510452961672474,0.162643,85
1819,ASOC. PROD. SAN PEDRO NO.1819,ASOCIACION,SAN PEDRO,SANTA CRUZ,154.21,SOYA,2250,62984.90000000001,28.2064039408867,175.56323500000002,11.311440180586908,0.8021022222222222,36.48084669660039,18.571253918495298,0.158222,85
1820,ALEJANDRA CALLISAYA MAMANI,INDIVIDUAL,MINEROS,SANTA CRUZ,173.13,SOYA,1045,29130.92,28.173036750483558,83.52073100000001,11.386491739552964,0.7748612440191389,36.550213371266004,18.4016338028169,0.141627,85
1821,ELIZABETH TICONA MEDINA,INDIVIDUAL,SAN PEDRO,SANTA CRUZ,163.84,SOYA,1576,43815.59,28.06892376681614,136.693171,11.353436893203884,0.7976649746192893,36.4958945386064,18.455706666666664,0.143401,85
1822,RICARDO MAMANI SORIA,INDIVIDUAL,SAN PEDRO,SANTA CRUZ,55.87,SOYA,564,15619.96,27.992759856630823,43.886284999999994,11.300436363636363,0.8076950354609929,36.56492537313432,18.502713936430318,0.152482,85
1823,ASOC. PROD. BUEN RETIRO NO.1823,ASOCIACION,BUEN RETIRO,SANTA CRUZ,50.42,SOYA,1371,38798.97,28.549646799117,101.33236300000002,11.29760029717682,0.8010795040116703,36.37278876170656,18.529155227032735,0.161926,85
1824,ASOC. PROD. WARNES NO.1824,COOPERATIVA,WARNES,SANTA CRUZ,52.96,SOYA,237,6555.22,27.77635593220339,19.307624,11.642918454935621,0.8253164556962026,36.32832298136646,18.552545454545452,0.151899,77
1825,CLAUDIA CRUZ MORALES,COMUNIDAD,OKINAWA,SANTA CRUZ,75.36,SOYA,786,21846.329999999998,28.116254826254824,58.025332000000006,11.269639175257732,0.797735368956743,36.46981481481482,18.63070143884892,0.143766,85
1826,ROBERTO MACHACA NAVIA,COMUNIDAD,CHARAGUA,SANTA CRUZ,172.76,MAIZ,1344,37593.869999999995,28.351334841628955,128.643001,11.402276853252648,0.784233630952381,36.53176282051282,18.515209003215432,0.135417,85
1827,DIEGO CRUZ ROMERO,INDIVIDUAL,PUERTO QUIJARRO,SANTA CRUZ,54.84,SOYA,785,21749.58,28.06397419354839,65.396188,11.370901960784314,0.8732738853503185,36.45833955223882,18.560284280936457,0.164331,85
1828,AGROP. YUJRA HNOS. S.R.L.,EMPRESA AGROPECUARIA,PUERTO QUIJARRO,SANTA CRUZ,85.63,SOYA,1054,29337.03,28.127545541706613,81.20339599999998,11.40254122211445,0.7799999999999999,36.62482071713148,18.479753424657535,0.148008,85
1829,SANDRA VARGAS NAVIA,INDIVIDUAL,SANTA ROSA,SANTA CRUZ,338.25,MAIZ,1259,35004.520000000004,28.18399355877617,110.52636700000001,11.435089141004863,0.8097378872120731,36.465062146892656,18.53339556592766,0.142176,85
1830,ASOC. PROD. SAN JULIAN NO.1830,COOPERATIVA,SAN JULIAN,SANTA CRUZ,67.25,SOYA,529,14792.119999999999,28.28321223709369,43.068998,11.329980769230769,0.832930056710775,36.478698060941824,18.406967213114754,0.153119,85
1831,PATRICIA NAVIA MERCADO,INDIVIDUAL,SAN JULIAN,SANTA CRUZ,222.55,SOYA,979,27041.510000000002,27.993281573498965,75.863757,11.433423517169615,0.8063840653728295,36.567647928994084,18.45661786237189,0.154239,85
1832,VALERIA SORIA VARGAS,INDIVIDUAL,YAPACANI,SANTA CRUZ,77.67,SOYA,518,14479.95,28.226023391812866,53.873491,11.363187250996015,0.855907335907336,36.45227390180879,18.50035422343324,0.169884,85
1833,AGROP. SALVATIERRA HNOS. S.R.L.,EMPRESA AGROPECUARIA,SAN PEDRO,SANTA CRUZ,72.25,SOYA,492,13450.79,27.8484265010352,45.349464,11.442536382536383,0.8088821138211382,36.53356495468278,18.645371428571426,0.144309,84
1834,ASOC. PROD. PUERTO QUIJARRO NO.1834,ASOCIACION,PUERTO QUIJARRO,SANTA CRUZ,35.11,MAIZ,756,20958.519999999997,28.170053763440855,69.740102,11.422824324324324,0.8312566137566136,36.53509293680297,18.513670411985018,0.164021,85
1835,YENNY CATACORA VASQUEZ,INDIVIDUAL,EL TORNO,SANTA CRUZ,62.41,SOYA,230,6327.84,27.753684210526316,18.376075,11.12128888888889,0.8615217391304348,36.357707006369424,18.44654970760234,0.173913,78
1836,JESSICA SORIA VILLCA,INDIVIDUAL,LA GUARDIA,SANTA CRUZ,55.4,SOYA,494,13873.57,28.429446721311475,54.404595,11.539751037344399,0.7585425101214575,36.56743093922652,18.420089820359284,0.141700,85
1837,AGROP. PINTO HNOS. S.R.L.,EMPRESA AGROPECUARIA,EL TORNO,SANTA CRUZ,205.47,SOYA,1010,28436.149999999998,28.37939121756487,87.98706599999998,11.357935548841894,0.8060594059405941,36.52487591240875,18.473134751773053,0.172277,85
1838,AGROP. MERCADO HNOS. S.R.L.,EMPRESA AGROPECUARIA,MINEROS,SANTA CRUZ,124.51,SOYA,993,27523.550000000003,28.20035860655738,65.184612,11.320422245108135,0.7614501510574018,36.44869565217392,18.43554112554113,0.152064,85
1839,SILVIA PUMA FLORES,INDIVIDUAL,CHARAGUA,SANTA CRUZ,118.88,SOYA,483,13190.560000000001,27.769600000000004,40.954339,11.328315789473685,0.8626293995859213,36.65616766467066,18.59505988023952,0.151139,85
1840,JHONNY MONTAÑO VACA,INDIVIDUAL,GENERAL SAAVEDRA,SANTA CRUZ,391.72,SOYA,807,22390.850000000002,27.988562500000004,65.837679,11.382692793931733,0.7740768277571253,36.42481149012568,18.521836007130126,0.151177,85
1841,NELSON AGUILAR CHAMBI,INDIVIDUAL,CHARAGUA,SANTA CRUZ,125.31,SOYA,786,21840.37,28.108584298584297,70.666392,11.366228868660599,0.8260687022900763,36.47252767527675,18.512965009208102,0.139949,85
1842,ASOC. PROD. EL TORNO NO.1842,ASOCIACION,EL TORNO,SANTA CRUZ,17.84,SOYA,520,14383.18,28.147123287671235,48.758443,11.383320312499999,0.8078269230769232,36.527170329670334,18.484906666666667,0.128846,85
1843,LAURA PINTO CRUZ,INDIVIDUAL,EL TORNO,SANTA CRUZ,19.75,SOYA/MAIZ,1060,29594.76,28.158667935299714,84.144599,11.343720038350911,0.7749433962264152,36.4682689747004,18.45964332892999,0.151887,85
1844,CESAR SORIA MACHACA,INDIVIDUAL,OKINAWA,SANTA CRUZ,56.67,GIRASOL,971,26894.24,28.014833333333335,78.055713,11.438124341412012,0.7978475798146242,36.533970149253726,18.53903039073806,0.152420,85
1845,ASOC. PROD. BUEN RETIRO NO.1845,ASOCIACION,BUEN RETIRO,SANTA CRUZ,103.36,SOYA,752,20863.72,27.93001338688086,68.294108,11.404103260869565,0.8185239361702127,36.47780392156863,18.511950286806883,0.155585,85
1846,SILVIA CHUQUIMIA FLORES,INDIVIDUAL,WARNES,SANTA CRUZ,116.9,MAIZ,1607,44774.509999999995,28.07179310344827,141.862864,11.382988505747125,0.8306347230864966,36.38600358422939,18.463026315789474,0.155569,85
1847,CHRISTIAN APAZA ANTELO,INDIVIDUAL,CUATRO CANADAS,SANTA CRUZ,51.82,MAIZ,777,21718.96,28.24312093628088,63.443771999999996,11.39688888888889,0.8225225225225226,36.57575868372943,18.42983576642336,0.160875,85
1848,ASOC. PROD. MINEROS NO.1848,ASOCIACION,MINEROS,SANTA CRUZ,142.17,GIRASOL,1952,54583.909999999996,28.237925504397307,162.73855799999998,11.336946764091858,0.8200870901639346,36.44183479532164,18.521365606936417,0.160348,85
1849,ASOC. PROD. CUATRO CANADAS NO.1849,COOPERATIVA,CUATRO CANADAS,SANTA CRUZ,78.07,SOYA,478,13292.89,27.926239495798317,35.491062,11.26566596194503,0.8198535564853558,36.4425730994152,18.483804034582132,0.156904,84
1850,ASOC. PROD. WARNES NO.1850,ASOCIACION,WARNES,SANTA CRUZ,18.31,MAIZ,534,15087.679999999998,28.413709981167607,38.362387,11.28814885496183,0.7873970037453183,36.409105691056915,18.440108991825618,0.125468,85
1851,ASOC. PROD. CUATRO CANADAS NO.1851,ASOCIACION,CUATRO CANADAS,SANTA CRUZ,42.51,MAIZ,248,6985.59,28.51261224489796,21.671857999999997,11.39767634854772,0.8306048387096775,36.74143678160919,18.655284090909092,0.137097,80
1852,AGROP. ROMERO HNOS. S.R.L.,EMPRESA AGROPECUARIA,OKINAWA,SANTA CRUZ,87.52,SOYA/MAIZ,492,13564.32,28.083478260869565,44.331671,11.412640332640331,0.8482723577235772,36.48811594202899,18.45368731563422,0.168699,85
1853,ASOC. PROD. ROBORE NO.1853,ASOCIACION,ROBORE,SANTA CRUZ,145.99,SOYA,977,27171.420000000002,28.127763975155283,87.625171,11.354665970772443,0.8102251791197543,36.440145560407565,18.412712609970676,0.149437,85
1854,ASOC. PROD. ROBORE NO.1854,ASOCIACION,ROBORE,SANTA CRUZ,41.41,SOYA,1811,50283.880000000005,27.982125765164167,165.63978899999998,11.467419536984753,0.8231750414135837,36.48579273008507,18.51332028191073,0.151850,85
1855,ASOC. PROD. BUEN RETIRO NO.1855,COOPERATIVA,BUEN RETIRO,SANTA CRUZ,62.32,SOYA/MAIZ,523,14438.720000000001,27.9278916827853,42.00967800000001,11.273268101761252,0.8689483747609943,36.456968911917095,18.556149870801036,0.172084,85
1856,ASOC. PROD. PUERTO QUIJARRO NO.1856,COOPERATIVA,PUERTO QUIJARRO,SANTA CRUZ,64.15,SOYA,261,7384.3200000000015,28.510888030888037,22.533049999999996,11.37136186770428,0.8706513409961686,36.672290502793295,18.357166666666668,0.126437,81
1857,ASOC. PROD. MINEROS NO.1857,COOPERATIVA,MINEROS,SANTA CRUZ,121.6,MAIZ,487,13620.900000000001,28.026543209876547,35.453362999999996,11.400607966457024,0.764188911704312,36.57628242074928,18.419660493827163,0.139630,85
1858,VIVIANA SORIA PUMA,INDIVIDUAL,SAN PEDRO,SANTA CRUZ,304.63,SOYA,1042,28844.130000000005,28.085813047711785,92.423157,11.43020487804878,0.8206909788867561,36.55393006993007,18.555958333333333,0.143954,85
1859,ASOC. PROD. PUERTO SUAREZ NO.1859,ASOCIACION,PUERTO SUAREZ,SANTA CRUZ,153.38,SOYA,518,14160.120000000003,27.87425196850394,52.533883,11.278284023668638,0.8338416988416988,36.619005376344084,18.530544959128065,0.171815,85
1860,AGROP. MACHACA HNOS. S.R.L.,EMPRESA AGROPECUARIA,OKINAWA,SANTA CRUZ,276.41,MAIZ,484,13521.169999999998,28.052219917012444,41.834185999999995,11.313050847457626,0.8464462809917356,36.31878260869565,18.62997175141243,0.171488,85
1861,PATRICIA LOPEZ CRUZ,INDIVIDUAL,SANTA ROSA,SANTA CRUZ,159.03,SOYA,746,20783.66,28.04812415654521,66.195239,11.461726027397262,0.7914343163538874,36.54770992366413,18.438908045977012,0.170241,85
1862,ASOC. PROD. LA GUARDIA NO.1862,COOPERATIVA,LA GUARDIA,SANTA CRUZ,56.73,MAIZ,271,7524.57,27.868777777777776,33.412038,11.573639846743296,0.8280442804428043,36.646358695652175,18.672134831460674,0.140221,82
1863,ASOC. PROD. WARNES NO.1863,ASOCIACION,WARNES,SANTA CRUZ,54.01,SOYA,1268,35200.26,28.04801593625498,103.162415,11.338056680161943,0.7768454258675078,36.474152637485965,18.57366181410974,0.139590,85
1864,ROBERTO RIVERO MONTAÑO,COMUNIDAD,ROBORE,SANTA CRUZ,167.94,SOYA,512,14179.4,28.13373015873016,49.946937999999996,11.477281746031744,0.8184179687499998,36.35697740112994,18.53977207977208,0.162109,85
1865,MARIO AGUILAR CUELLAR,INDIVIDUAL,PORTACHUELO,SANTA CRUZ,62.82,SOYA,1247,34958.97,28.30685829959514,95.918613,11.293576702214931,0.7768243785084202,36.508886227544906,18.47605747126437,0.145148,85
1866,LAURA GUTIERREZ CUELLAR,INDIVIDUAL,LA GUARDIA,SANTA CRUZ,36.01,SOYA,530,14546.720000000001,27.86727969348659,36.479144000000005,11.239574468085106,0.789301886792453,36.41664835164835,18.470188679245283,0.160377,85
1867,ASOC. PROD. OKINAWA NO.1867,ASOCIACION,OKINAWA,SANTA CRUZ,200.75,GIRASOL,1062,29489.780000000002,28.192906309751436,106.850289,11.45705938697318,0.8259698681732579,36.53782432432432,18.5222691292876,0.154426,85
1868,ALFREDO PUMA YUJRA,INDIVIDUAL,PAILON,SANTA CRUZ,332.62,SOYA,773,21530.36,28.10751958224543,52.793835,11.265219123505977,0.8001681759379042,36.54621129326047,18.41547709923664,0.138422,85
1869,RICHARD CRUZ MAMANI,INDIVIDUAL,PAILON,SANTA CRUZ,118.36,SOYA,1016,28135.75,28.10764235764236,77.83989199999999,11.428382204246713,0.7934350393700788,36.43310294117647,18.401807065217394,0.138780,85
1870,ASOC. PROD. CUATRO CANADAS NO.1870,ASOCIACION,CUATRO CANADAS,SANTA CRUZ,100.05,SOYA/MAIZ,504,14008.099999999999,28.016199999999998,41.645301,11.321232323232321,0.8291865079365079,36.47266862170088,18.51927977839335,0.156746,85
1871,ANA TORREZ COPA,INDIVIDUAL,WARNES,SANTA CRUZ,57.41,SOYA,994,27671.57,28.06447261663286,78.773401,11.364407826982493,0.7846680080482897,36.47884561891516,18.474598540145987,0.163984,85
1872,ASOC. PROD. LA GUARDIA NO.1872,ASOCIACION,LA GUARDIA,SANTA CRUZ,408.72,GIRASOL,1037,28948.159999999996,28.18710808179162,105.16306900000002,11.457788746298124,0.789778206364513,36.435915300546455,18.50148199445983,0.187078,85
1873,ASOC. PROD. GENERAL SAAVEDRA NO.1873,COOPERATIVA,GENERAL SAAVEDRA,SANTA CRUZ,223.69,SOYA,1555,43332.07,28.13770779220779,126.98260500000002,11.379868421052633,0.7787909967845659,36.51677092916283,18.579682107175298,0.158842,85
1874,ANDREA SANDOVAL CHAMBI,INDIVIDUAL,EL TORNO,SANTA CRUZ,105.02,SOYA/MAIZ,266,7372.99,28.357653846153845,28.747493,11.528479087452471,0.8113909774436092,36.54483516483516,18.2852,0.142857,83
1875,SANDRA MONTAÑO ALVARADO,INDIVIDUAL,OKINAWA,SANTA CRUZ,109.26,SOYA,550,15143.669999999998,28.043833333333332,65.850536,11.380296846011133,0.8894000000000001,36.27389610389611,18.515,0.161818,85
1877,MARIA ALVARADO YUJRA,INDIVIDUAL,CHARAGUA,SANTA CRUZ,144.37,MAIZ,995,27758.03,28.066764408493427,90.197344,11.413197556008146,0.8072763819095478,36.62823529411765,18.543487698986972,0.155779,85
1878,RAUL ALVARADO CHUQUIMIA,INDIVIDUAL,EL TORNO,SANTA CRUZ,51.57,GIRASOL,262,7136.26,27.553127413127413,19.406654000000003,11.204357976653696,0.7629007633587787,36.50843575418994,18.35697142857143,0.125954,82
1879,FERNANDO ANTELO VASQUEZ,INDIVIDUAL,OKINAWA,SANTA CRUZ,133.25,SOYA,1051,29554.71,28.363445297504796,86.056784,11.352460784313724,0.8181065651760228,36.56305980528512,18.467997347480107,0.149382,85
1880,CHRISTIAN CRUZ SANCHEZ,INDIVIDUAL,GENERAL SAAVEDRA,SANTA CRUZ,47.08,SOYA,504,14099.960000000001,28.199920000000002,50.754136,11.485685483870968,0.8136706349206348,36.55005714285714,18.58538888888889,0.146825,85
1881,ASOC. PROD. EL TORNO NO.1881,ASOCIACION,EL TORNO,SANTA CRUZ,102.38,GIRASOL,807,22571.179999999997,28.320175658720196,52.573782,11.271800766283524,0.7598636926889714,36.46861261261261,18.409119266055047,0.143742,85
1882,ASOC. PROD. SAN PEDRO NO.1882,ASOCIACION,SAN PEDRO,SANTA CRUZ,75.92,SOYA,1261,35036.76,28.05184947958367,118.44826699999999,11.346871463217461,0.8434417129262491,36.473455797933404,18.49421460176991,0.147502,85
1883,LORENA CUELLAR MACHACA,INDIVIDUAL,PUERTO QUIJARRO,SANTA CRUZ,143.28,GIRASOL,1521,42080.14,27.9788164893617,134.468283,11.40408631153068,0.8117751479289943,36.44722011385199,18.52292364990689,0.149901,85
1884,ASOC. PROD. CUATRO CANADAS NO.1884,ASOCIACION,CUATRO CANADAS,SANTA CRUZ,277.86,SOYA,805,22456.579999999998,28.105857321652064,68.066436,11.348631178707224,0.7962732919254658,36.46486988847583,18.442460176991148,0.156522,85
1885,AGROP. ALVARADO HNOS. S.R.L.,EMPRESA AGROPECUARIA,CUATRO CANADAS,SANTA CRUZ,63.68,SOYA,768,21238.28,27.981923583662713,65.246383,11.44445623342175,0.8117317708333333,36.4651145038168,18.365296367112812,0.178385,85
1886,ASOC. PROD. SANTA ROSA NO.1886,ASOCIACION,SANTA ROSA,SANTA CRUZ,35.03,MAIZ,236,6626.22,28.438712446351932,22.402808,11.456814159292035,0.8530508474576272,36.416363636363634,18.458355263157895,0.114407,76
1887,SERGIO MAMANI ALVARADO,COMUNIDAD,LA GUARDIA,SANTA CRUZ,25.86,GIRASOL,1358,38101.98999999999,28.244618235730165,125.81223799999998,11.39538809344386,0.8012371134020619,36.47778238341969,18.417773152965662,0.159794,85
1888,LORENA PUMA CUELLAR,COMUNIDAD,SAN PEDRO,SANTA CRUZ,46.47,SOYA/MAIZ,1040,28587.85,27.836270691333983,108.89450099999999,11.461072124756335,0.8386057692307693,36.468920000000004,18.430659488559893,0.151923,85
1889,HUGO PUMA PINTO,INDIVIDUAL,SANTA ROSA,SANTA CRUZ,30.26,GIRASOL,498,13863.09,28.062935222672063,49.017258,11.45,0.8162650602409639,36.64404011461318,18.34014619883041,0.166667,85
1890,JESSICA SANCHEZ GUTIERREZ,INDIVIDUAL,WARNES,SANTA CRUZ,64.31,SOYA/MAIZ,268,7359.379999999999,27.771245283018864,21.04004,11.591811320754715,0.8290298507462687,36.31005235602094,18.296102564102565,0.160448,82
1891,MARIO AGUILAR MERCADO,INDIVIDUAL,COTOCA,SANTA CRUZ,201.62,SOYA/MAIZ,1078,29882.859999999997,27.95403180542563,95.354515,11.322734153263955,0.8181632653061225,36.56087365591398,18.476548556430444,0.149351,85
1894,ASOC. PROD. SAN PEDRO NO.1894,ASOCIACION,SAN PEDRO,SANTA CRUZ,254.87,SOYA,277,7762.39,28.538198529411765,19.664561,11.08886446886447,0.7608664259927798,36.75833333333334,18.50557894736842,0.148014,82
1895,ASOC. PROD. BUEN RETIRO NO.1895,COOPERATIVA,BUEN RETIRO,SANTA CRUZ,39.27,SOYA,843,23481.88,28.122011976047904,73.66735999999999,11.303607748184017,0.8664412811387902,36.41436573311368,18.517693602693605,0.151839,85
1896,ASOC. PROD. PAILON NO.1896,COOPERATIVA,PAILON,SANTA CRUZ,31.74,MAIZ,794,22225.539999999997,28.133594936708857,80.540741,11.381570141570144,0.8683375314861461,36.51396933560476,18.427469879518075,0.164987,85
1897,AGROP. GARCIA HNOS. S.R.L.,EMPRESA AGROPECUARIA,PAILON,SANTA CRUZ,124.75,SOYA,786,22084.14,28.313,64.763836,11.30831168831169,0.8336132315521629,36.5468,18.532045454545454,0.136132,85
1898,ALFREDO CASTRO AGUILAR,INDIVIDUAL,PUERTO SUAREZ,SANTA CRUZ,15.75,GIRASOL,500,13761.53,27.857348178137652,45.228981999999995,11.30606490872211,0.87146,36.53123209169055,18.39385915492958,0.142000,85
1899,ELIZABETH YUJRA RODRIGUEZ,INDIVIDUAL,OKINAWA,SANTA CRUZ,185.89,SOYA,1038,28872.769999999997,28.086352140077818,89.461469,11.440450097847357,0.761801541425819,36.543842975206616,18.550286103542234,0.143545,85
1900,OSCAR RODRIGUEZ APAZA,INDIVIDUAL,ROBORE,SANTA CRUZ,67.34,SOYA,1333,37213.53,28.170726722180166,96.816574,11.399900459418069,0.7980495123780945,36.447519042437435,18.57404612159329,0.146287,85
1901,AGROP. CASTRO HNOS. S.R.L.,EMPRESA AGROPECUARIA,GENERAL SAAVEDRA,SANTA CRUZ,81.49,SOYA,524,14554.260000000002,28.097027027027032,43.105771000000004,11.426628131021195,0.7400954198473283,36.464120879120884,18.49174647887324,0.139313,85
1902,ASOC. PROD. MONTERO NO.1902,COOPERATIVA,MONTERO,SANTA CRUZ,200.19,MAIZ,801,21939.239999999998,27.666128625472886,82.05292200000001,11.310535714285713,0.812047440699126,36.565027624309394,18.60466424682396,0.148564,85
1903,ASOC. PROD. SANTA ROSA NO.1903,ASOCIACION,SANTA ROSA,SANTA CRUZ,157.63,SOYA,263,7617.15,29.18448275862069,33.55989,11.551992187499998,0.8225855513307986,36.691005586592176,18.26259067357513,0.182510,82
1904,ASOC. PROD. ROBORE NO.1904,ASOCIACION,ROBORE,SANTA CRUZ,62.63,SOYA,509,14091.390000000001,28.014691848906562,49.013591,11.378530612244898,0.7717485265225934,36.55543010752688,18.601011560693642,0.131631,85
1906,VANESSA RIVERO FLORES,INDIVIDUAL,CHARAGUA,SANTA CRUZ,76.02,MAIZ,508,14199.58,27.95192913385827,49.751923,11.444808853118714,0.7161417322834646,36.46650406504065,18.538352272727277,0.153543,85
1907,RONALD CATACORA CATACORA,INDIVIDUAL,PAILON,SANTA CRUZ,142.85,SOYA,799,21935.36,27.76627848101266,61.722443,11.362820838627702,0.7826408010012514,36.55343205574913,18.412495479204342,0.143930,85
1908,ASOC. PROD. WARNES NO.1908,ASOCIACION,WARNES,SANTA CRUZ,144.11,SOYA,501,14030.869999999999,28.174437751004014,37.530812,11.296081632653062,0.779181636726547,36.52696378830084,18.50135294117647,0.145709,85
1909,ASOC. PROD. PAILON NO.1909,COOPERATIVA,PAILON,SANTA CRUZ,109.0,SOYA,247,6965.67,28.201093117408906,28.939255000000003,11.404135021097048,0.8072469635627529,36.55455056179775,18.47449704142012,0.170040,81
1910,ASOC. PROD. LA GUARDIA NO.1910,ASOCIACION,LA GUARDIA,SANTA CRUZ,29.97,SOYA/MAIZ,260,7187.56,27.751196911196914,19.584971,11.350470588235293,0.756576923076923,36.61461111111111,18.26347826086957,0.180769,79
1911,BORIS NAVIA SALVATIERRA,INDIVIDUAL,GENERAL SAAVEDRA,SANTA CRUZ,329.36,SOYA,763,21114.12,27.928730158730158,58.984131000000005,11.475576407506704,0.8052293577981651,36.5534555984556,18.364864864864863,0.167759,85
1914,VALERIA MORALES CHOQUE,INDIVIDUAL,CHARAGUA,SANTA CRUZ,47.49,MAIZ,1037,29000.399999999998,28.155728155339805,87.12365500000001,11.44364624505929,0.7967116682738669,36.47061643835616,18.594287671232877,0.149470,85
1915,ASOC. PROD. WARNES NO.1915,COOPERATIVA,WARNES,SANTA CRUZ,27.96,SOYA,779,21826.800000000003,28.383355006501954,53.513941,11.257178477690287,0.7721437740693197,36.413841911764706,18.488149466192173,0.150193,85
1916,MARCO VILLCA APAZA,INDIVIDUAL,PORTACHUELO,SANTA CRUZ,70.52,SOYA,774,21553.199999999993,28.174117647058814,71.20244199999999,11.440490066225165,0.8051937984496123,36.425200000000004,18.466346153846153,0.158915,85
1917,SERGIO MONTAÑO QUISPE,COMUNIDAD,COTOCA,SANTA CRUZ,90.53,SOYA/MAIZ,732,20621.68,28.326483516483517,46.76800299999999,11.359486111111112,0.7281420765027322,36.51302912621359,18.5191,0.144809,85
1918,ROBERTO ANTELO RIVERO,INDIVIDUAL,SANTA ROSA,SANTA CRUZ,233.83,SOYA/MAIZ,806,22308.190000000002,27.920137672090117,64.126257,11.366372924648786,0.8270719602977668,36.57278350515464,18.48720613287905,0.140199,85
1919,AGROP. MACHACA HNOS. S.R.L.,EMPRESA AGROPECUARIA,PUERTO QUIJARRO,SANTA CRUZ,103.2,SOYA,1338,36830.630000000005,27.859780635400913,107.90176100000001,11.346554105909439,0.8217264573991031,36.51192096597146,18.51050793650794,0.170404,85
1920,RONALD MACHACA PEDRAZA,INDIVIDUAL,ROBORE,SANTA CRUZ,286.36,SOYA/MAIZ,761,21051.62,28.031451398135818,61.553329000000005,11.27753989361702,0.772496714848883,36.55111940298508,18.472197802197798,0.139290,85
1921,ASOC. PROD. COTOCA NO.1921,ASOCIACION,COTOCA,SANTA CRUZ,142.18,SOYA,1254,34818.5,28.01166532582462,109.22901100000001,11.412876935615325,0.7980861244019137,36.5522569027611,18.511699196326063,0.141946,85
1922,ASOC. PROD. GENERAL SAAVEDRA NO.1922,ASOCIACION,GENERAL SAAVEDRA,SANTA CRUZ,404.33,SOYA,1043,28966.34,28.06815891472868,92.42462400000002,11.402341463414635,0.8378331735378715,36.442855227882035,18.54981055480379,0.146692,85
1923,ASOC. PROD. COTOCA NO.1923,COOPERATIVA,COTOCA,SANTA CRUZ,126.06,MAIZ,754,20977.579999999998,28.12008042895442,62.116412,11.30857142857143,0.8371750663129973,36.47716216216216,18.590265654648956,0.151194,85
1924,PATRICIA CUELLAR ANTELO,COMUNIDAD,CHARAGUA,SANTA CRUZ,67.25,GIRASOL,769,21387.62,28.178682476943344,60.894498000000006,11.390131926121374,0.7654096228868661,36.36980620155039,18.52003795066414,0.145644,85
1926,ASOC. PROD. SANTA ROSA NO.1926,ASOCIACION,SANTA ROSA,SANTA CRUZ,24.31,SOYA,245,6811.07,27.91422131147541,19.518253,11.390871369294604,0.8062448979591835,36.21172972972973,18.47345029239766,0.163265,81
1927,ASOC. PROD. LA GUARDIA NO.1927,COOPERATIVA,LA GUARDIA,SANTA CRUZ,198.7,SOYA,1833,50840.39000000001,28.057610375275942,142.81074,11.357846410684475,0.8154391707583197,36.60470038910506,18.458835562549176,0.147845,85
1928,ALFREDO AGUILAR VASQUEZ,INDIVIDUAL,SAN PEDRO,SANTA CRUZ,22.18,SOYA,1755,48827.68000000001,28.078021851638876,166.921906,11.3191215823153,0.8364729344729345,36.53046586345381,18.498995098039213,0.160684,85
1929,ASOC. PROD. YAPACANI NO.1929,ASOCIACION,YAPACANI,SANTA CRUZ,38.3,SOYA/MAIZ,1055,29701.960000000003,28.36863419293219,83.401839,11.276419634263714,0.8253744075829383,36.483532763532764,18.53006578947368,0.147867,85
1931,ASOC. PROD. WARNES NO.1931,COOPERATIVA,WARNES,SANTA CRUZ,65.11,GIRASOL,1309,36755.48,28.317010785824348,109.832915,11.376656200941916,0.8032238349885408,36.39856060606061,18.503178378378376,0.144385,85
1932,IVAN VACA MORALES,INDIVIDUAL,SAN PEDRO,SANTA CRUZ,16.44,SOYA,733,20667.620000000003,28.389587912087915,77.12887500000001,11.594804469273742,0.7892769440654842,36.46498039215686,18.50056974459725,0.147340,85
1933,ASOC. PROD. BUEN RETIRO NO.1933,ASOCIACION,BUEN RETIRO,SANTA CRUZ,139.76,SOYA,523,14548.149999999998,28.139555125725334,45.580175999999994,11.298410852713179,0.8561185468451243,36.53369565217391,18.489258241758243,0.139579,84
1935,ASOC. PROD. BUEN RETIRO NO.1935,ASOCIACION,BUEN RETIRO,SANTA CRUZ,193.76,SOYA,1802,50162.21,28.070626748740906,185.844309,11.503516110797062,0.7755271920088791,36.47537313432836,18.543402938901778,0.158158,85
1937,LAURA GARCIA CHOQUE,INDIVIDUAL,PAILON,SANTA CRUZ,62.97,SOYA,263,7177.259999999999,27.394122137404576,21.015651999999996,11.428392156862747,0.8276425855513307,36.485280898876404,18.73196808510638,0.155894,79
1938,RODRIGO GARCIA RODRIGUEZ,INDIVIDUAL,SANTA ROSA,SANTA CRUZ,94.14,SOYA/MAIZ,1560,43713.979999999996,28.385701298701296,122.23815699999999,11.325498034076018,0.7850641025641026,36.51426199261993,18.47033488372093,0.141026,85
1939,ASOC. PROD. BUEN RETIRO NO.1939,ASOCIACION,BUEN RETIRO,SANTA CRUZ,108.92,SOYA,266,7536.47,28.547234848484848,31.183275000000002,11.493769230769232,0.7721428571428572,36.54746113989637,18.376507936507934,0.165414,83
1940,VIVIANA ALVARADO MAMANI,INDIVIDUAL,PORTACHUELO,SANTA CRUZ,121.27,SOYA,1042,28856.229999999996,27.9343949661181,94.901361,11.467116324535676,0.8405758157389637,36.57775372124492,18.465415512465373,0.157390,85
1941,ASOC. PROD. PAILON NO.1941,COOPERATIVA,PAILON,SANTA CRUZ,136.17,SOYA,569,15746.75,27.870353982300884,39.736906000000005,11.376535714285716,0.7695254833040422,36.56601485148515,18.495452127659576,0.131810,85
1942,HUGO QUISPE CHAMBI,INDIVIDUAL,BUEN RETIRO,SANTA CRUZ,37.56,SOYA,1825,50646.62000000001,28.02801328168235,167.644638,11.436586726157278,0.7761808219178082,36.47391891891891,18.469617737003055,0.142466,85
1943,ASOC. PROD. CHARAGUA NO.1943,COOPERATIVA,CHARAGUA,SANTA CRUZ,102.35,SOYA,1006,28402.949999999997,28.431381381381378,92.02470100000002,11.334513184584177,0.8194632206759445,36.48132637853949,18.510028011204483,0.146123,85
1944,RICARDO CHAMBI CATACORA,INDIVIDUAL,GENERAL SAAVEDRA,SANTA CRUZ,23.63,SOYA,540,15084.070000000002,28.194523364485985,46.37619600000001,11.41731939163498,0.863611111111111,36.52221333333334,18.396075268817206,0.131481,84
1945,ASOC. PROD. PUERTO SUAREZ NO.1945,ASOCIACION,PUERTO SUAREZ,SANTA CRUZ,46.39,SOYA/MAIZ,783,21707.699999999997,27.973840206185564,85.581128,11.496078431372549,0.8004469987228607,36.517952029520295,18.441341681574237,0.149425,85
1946,NATALIA VASQUEZ CHOQUE,INDIVIDUAL,COTOCA,SANTA CRUZ,49.74,SOYA,509,14064.32,27.79509881422925,49.27971500000001,11.431142284569138,0.8098231827111985,36.54610027855153,18.522692307692306,0.149312,84
1947,ASOC. PROD. WARNES NO.1947,COOPERATIVA,WARNES,SANTA CRUZ,47.3,SOYA,1246,34450.98,28.05454397394137,111.75011199999999,11.390885972108284,0.8311878009630818,36.56989795918367,18.468076923076925,0.139647,85
1949,MARCELO APAZA VASQUEZ,INDIVIDUAL,SAN JULIAN,SANTA CRUZ,70.12,SOYA,1493,42020.57,28.469220867208673,130.35871500000002,11.356668941979523,0.814715338245144,36.52926141885327,18.507342007434946,0.153382,85
1950,VANESSA GUTIERREZ ALVARADO,INDIVIDUAL,CHARAGUA,SANTA CRUZ,339.56,SOYA,760,21229.7,28.193492695883133,74.07092899999999,11.385409395973154,0.8175657894736841,36.58434782608696,18.536621880998084,0.153947,85
1951,ASOC. PROD. ROBORE NO.1951,ASOCIACION,ROBORE,SANTA CRUZ,143.0,SOYA/MAIZ,1051,29228.899999999998,27.997030651340992,91.462777,11.33866080156403,0.7693529971455757,36.43936085219707,18.615489932885904,0.147479,85
1952,RICARDO FLORES CHOQUE,INDIVIDUAL,CHARAGUA,SANTA CRUZ,151.45,SOYA,781,21883.360000000004,28.45690507152146,72.90087200000002,11.44318479685452,0.8272471190781049,36.50730038022813,18.527442273534636,0.169014,85
1953,AGROP. CATACORA HNOS. S.R.L.,EMPRESA AGROPECUARIA,EL TORNO,SANTA CRUZ,69.39,SOYA,515,14329.900000000001,27.933528265107217,39.856815999999995,11.506883629191321,0.7803300970873787,36.42986111111111,18.666914893617022,0.145631,85
1954,CARMEN HUANCA MONTAÑO,INDIVIDUAL,MINEROS,SANTA CRUZ,44.27,SOYA/MAIZ,788,21840.69,28.108996138996137,59.218313,11.213178294573643,0.8095177664974619,36.615565371024736,18.432680776014113,0.189086,85
1955,AGROP. GUTIERREZ HNOS. S.R.L.,EMPRESA AGROPECUARIA,ROBORE,SANTA CRUZ,100.21,MAIZ,1026,28363.490000000005,27.944325123152716,99.34005900000001,11.501012024048096,0.7958479532163744,36.58291381668946,18.454229137199434,0.148148,85
1956,HUGO MONTAÑO NAVIA,INDIVIDUAL,COTOCA,SANTA CRUZ,106.59,SOYA/MAIZ,549,15228.679999999998,28.149131238447318,40.971209,11.229443413729129,0.8242440801457194,36.45636363636363,18.419735449735448,0.174863,85
1957,ALFREDO YUJRA MORALES,INDIVIDUAL,WARNES,SANTA CRUZ,435.16,SOYA/MAIZ,1341,36908.3,27.960833333333337,110.74761700000002,11.394724111866969,0.8167188665175242,36.44993630573248,18.412950643776824,0.146160,85
1958,MARIA TORREZ CHUQUIMIA,INDIVIDUAL,COTOCA,SANTA CRUZ,295.1,SOYA,242,6743.07,28.096124999999997,17.059391,11.237372881355933,0.8172727272727273,36.36376470588235,18.337716049382717,0.111570,83
1959,FELIX CONDORI VILLCA,INDIVIDUAL,BUEN RETIRO,SANTA CRUZ,569.99,MAIZ,760,20810.969999999998,27.78500667556742,78.30711699999999,11.451380697050938,0.8325263157894737,36.47226843100189,18.565483271375467,0.165789,85
1960,ASOC. PROD. PAILON NO.1960,ASOCIACION,PAILON,SANTA CRUZ,84.64,MAIZ,265,7202.13,27.80745173745174,19.746325,11.202537878787878,0.8589433962264151,36.602717391304346,18.420729166666664,0.147170,81
1961,ASOC. PROD. PUERTO SUAREZ NO.1961,ASOCIACION,PUERTO SUAREZ,SANTA CRUZ,177.37,SOYA,789,22131.8,28.157506361323154,81.15711500000002,11.39469151670951,0.8054499366286438,36.4244014084507,18.418627450980388,0.135615,85
1962,RICHARD SANDOVAL CHUQUIMIA,INDIVIDUAL,CHARAGUA,SANTA CRUZ,78.28,SOYA/MAIZ,816,22691.739999999998,28.118636926889714,63.795881,11.39817271589487,0.8032230392156864,36.48871376811594,18.53568695652174,0.162990,85
1963,ASOC. PROD. OKINAWA NO.1963,ASOCIACION,OKINAWA,SANTA CRUZ,216.51,SOYA,268,7497.549999999999,28.399810606060605,28.320732000000007,11.35651515151515,0.7807089552238806,36.53529411764705,18.43934673366834,0.186567,80
1964,ASOC. PROD. MINEROS NO.1964,ASOCIACION,MINEROS,SANTA CRUZ,125.61,SOYA,1050,29143.859999999997,28.10401157184185,72.474166,11.330994208494209,0.7372761904761904,36.36116666666667,18.52001369863014,0.141905,85
1965,DAVID MEDINA YUJRA,COMUNIDAD,PUERTO SUAREZ,SANTA CRUZ,348.06,SOYA,510,14224.18,28.000354330708664,43.51505199999999,11.503535353535353,0.8438235294117646,36.5618156424581,18.554225352112677,0.139216,85
1966,ASOC. PROD. GENERAL SAAVEDRA NO.1966,ASOCIACION,GENERAL SAAVEDRA,SANTA CRUZ,77.94,MAIZ,772,21563.339999999997,28.26125819134993,67.574565,11.354906914893617,0.8383419689119171,36.416666666666664,18.501688555347094,0.129534,85
1967,CAMILA MARTINEZ NAVIA,COMUNIDAD,MINEROS,SANTA CRUZ,50.27,SOYA,507,13984.150000000001,27.801491053677935,34.83106099999999,11.196374745417515,0.8014792899408283,36.65448179271709,18.413011363636365,0.136095,85
1968,ASOC. PROD. CHARAGUA NO.1968,COOPERATIVA,CHARAGUA,SANTA CRUZ,57.09,SOYA,785,21928.219999999998,28.041202046035803,65.65806599999999,11.323454545454545,0.8376687898089172,36.55683615819209,18.542076124567473,0.159236,85
1969,JOSE CATACORA SANDOVAL,INDIVIDUAL,MINEROS,SANTA CRUZ,408.25,SOYA,979,26935.72,27.970633437175493,77.000384,11.38818561001043,0.7921348314606743,36.44145506419401,18.4831718061674,0.144025,85
1970,NATALIA MERCADO COPA,INDIVIDUAL,CUATRO CANADAS,SANTA CRUZ,88.03,MAIZ,1034,28773.760000000002,28.126842619745847,93.551734,11.376247544204322,0.8259477756286268,36.48702331961591,18.478362892223736,0.147002,85
1971,AGROP. GUTIERREZ HNOS. S.R.L.,EMPRESA AGROPECUARIA,COTOCA,SANTA CRUZ,149.92,SOYA/MAIZ,760,21157.809999999998,28.172849533954725,73.569858,11.392318059299193,0.8334736842105264,36.67797619047619,18.501285988483687,0.161842,85
1972,ASOC. PROD. MONTERO NO.1972,ASOCIACION,MONTERO,SANTA CRUZ,78.94,SOYA,762,21240.42,28.09579365079365,61.919346000000004,11.298954423592491,0.8228346456692913,36.45130841121496,18.478199233716474,0.139108,85
1973,CARMEN CHUQUIMIA CALLISAYA,INDIVIDUAL,SAN JULIAN,SANTA CRUZ,31.18,GIRASOL,250,6961.47,28.184089068825912,27.309652,11.623264462809917,0.83488,36.48760869565218,18.505030303030303,0.168000,78
1974,ASOC. PROD. ROBORE NO.1974,COOPERATIVA,ROBORE,SANTA CRUZ,549.4,SOYA,534,14758.46,27.846150943396225,35.813033,11.43388888888889,0.7946067415730337,36.492063492063494,18.480027624309393,0.147940,85
1975,FELIX AGUILAR CHOQUE,INDIVIDUAL,OKINAWA,SANTA CRUZ,215.54,SOYA,1780,49567.55,28.147387847813743,150.936693,11.375761741122565,0.8033089887640449,36.616530291109356,18.481906274821284,0.155618,85
1976,OSCAR COPA COPA,INDIVIDUAL,SANTA ROSA,SANTA CRUZ,65.69,MAIZ,284,7912.339999999999,28.46165467625899,26.477141000000003,11.128576512455519,0.860281690140845,36.35509345794392,18.615854922279787,0.140845,83
1977,ANDREA CUELLAR MACHACA,INDIVIDUAL,OKINAWA,SANTA CRUZ,146.83,SOYA,756,21127.02,28.206969292389854,60.634983000000005,11.31421476510067,0.7885978835978836,36.55270476190476,18.509439252336445,0.164021,85
1978,ASOC. PROD. GENERAL SAAVEDRA NO.1978,ASOCIACION,GENERAL SAAVEDRA,SANTA CRUZ,173.6,SOYA,790,21994.579999999998,28.270668380462723,63.804983,11.31981888745149,0.7884810126582278,36.58855311355311,18.4934,0.134177,85
1979,ASOC. PROD. PAILON NO.1979,COOPERATIVA,PAILON,SANTA CRUZ,266.62,SOYA,794,22000.81,28.206166666666668,73.368163,11.29002583979328,0.8803274559193955,36.52246402877697,18.445442804428044,0.152393,85
1980,ASOC. PROD. PORTACHUELO NO.1980,ASOCIACION,PORTACHUELO,SANTA CRUZ,55.99,MAIZ,246,6843.290000000001,28.161687242798358,18.220665,11.31744769874477,0.8217886178861789,36.558218390804605,18.45712643678161,0.174797,82
1981,GUSTAVO COPA MORALES,INDIVIDUAL,SAN JULIAN,SANTA CRUZ,33.75,SOYA,777,21834.62,28.319870298313877,54.408956,11.378789473684211,0.7646589446589448,36.52766478342749,18.46953982300885,0.158301,85
1982,DANIELA CONDORI TORREZ,INDIVIDUAL,CUATRO CANADAS,SANTA CRUZ,88.25,GIRASOL,766,21299.059999999998,28.025078947368417,70.19346700000001,11.331936339522548,0.7770626631853786,36.58395264116576,18.400676982591875,0.167102,85
1983,ELIZABETH MONTAÑO FLORES,INDIVIDUAL,OKINAWA,SANTA CRUZ,42.53,GIRASOL,260,7287.26,28.35509727626459,18.721613,11.346666666666666,0.8207307692307692,36.332131147540984,18.580154639175255,0.111538,81
1984,ASOC. PROD. BUEN RETIRO NO.1984,COOPERATIVA,BUEN RETIRO,SANTA CRUZ,52.51,SOYA,791,22114.84,28.171770700636944,55.448206,11.424085051546392,0.781921618204804,36.65822222222222,18.483713768115944,0.128951,85
1985,VICTOR SANCHEZ PINTO,INDIVIDUAL,SAN PEDRO,SANTA CRUZ,52.07,SOYA,1543,42923.030000000006,28.109384413883436,118.988821,11.358769128409847,0.7735255994815297,36.44411439114391,18.501684210526314,0.138043,85
1986,AGROP. VASQUEZ HNOS. S.R.L.,EMPRESA AGROPECUARIA,COTOCA,SANTA CRUZ,53.13,SOYA,484,13299.87,27.823995815899583,44.035436000000004,11.483860759493671,0.8204545454545454,36.50073313782991,18.513660714285713,0.159091,85
1987,ASOC. PROD. ROBORE NO.1987,ASOCIACION,ROBORE,SANTA CRUZ,153.07,SOYA/MAIZ,526,14584.929999999998,27.940478927203063,45.752258000000005,11.3398440545809,0.8071673003802281,36.56199453551912,18.60005730659026,0.138783,85
1988,ASOC. PROD. MONTERO NO.1988,COOPERATIVA,MONTERO,SANTA CRUZ,72.53,SOYA,257,7220.009999999999,28.537588932806322,17.860643000000003,11.43031746031746,0.7488715953307394,36.29106951871657,18.62712643678161,0.175097,83
1989,MARIA TORREZ QUISPE,INDIVIDUAL,PUERTO SUAREZ,SANTA CRUZ,294.89,SOYA,1057,29563.440000000002,28.128867745004758,111.76020099999998,11.450931134820562,0.8386376537369914,36.49127891156463,18.407402422611035,0.153264,85
1990,AGROP. PUMA HNOS. S.R.L.,EMPRESA AGROPECUARIA,EL TORNO,SANTA CRUZ,148.32,SOYA,274,7383.129999999999,27.65217228464419,19.774601999999998,11.454188679245284,0.7532116788321168,36.42569832402234,18.39014423076923,0.138686,78
1991,AGROP. PINTO HNOS. S.R.L.,EMPRESA AGROPECUARIA,PUERTO SUAREZ,SANTA CRUZ,81.83,GIRASOL,761,21171.470000000005,28.078872679045098,68.93122999999999,11.467924528301888,0.8014586070959264,36.61113461538461,18.396062378167642,0.151117,85
1992,YENNY YUJRA LOPEZ,INDIVIDUAL,MONTERO,SANTA CRUZ,54.89,MAIZ,1012,27947.140000000003,27.947140000000005,91.201807,11.406093117408908,0.829703557312253,36.419846796657374,18.34847619047619,0.145257,85
1993,ASOC. PROD. EL TORNO NO.1993,ASOCIACION,EL TORNO,SANTA CRUZ,98.71,SOYA,542,15151.51,28.058351851851853,37.759292,11.23908918406072,0.7793726937269374,36.546139896373056,18.696649874055417,0.151292,83
1994,ASOC. PROD. OKINAWA NO.1994,ASOCIACION,OKINAWA,SANTA CRUZ,98.36,SOYA,771,21443.079999999998,28.103643512450848,54.24244099999999,11.359446640316206,0.75905317769131,36.55617590822179,18.543358348968102,0.137484,85
1995,ASOC. PROD. PUERTO QUIJARRO NO.1995,ASOCIACION,PUERTO QUIJARRO,SANTA CRUZ,118.03,SOYA,250,6873.15,27.93963414634146,21.058497,11.32711382113821,0.8150799999999999,36.36011428571429,18.463662790697676,0.148000,79
1996,DANIEL MACHACA SUAREZ,INDIVIDUAL,PORTACHUELO,SANTA CRUZ,181.7,SOYA,797,22053.34,28.022033036848793,72.898403,11.382436224489796,0.8061982434127981,36.57898066783831,18.56770491803279,0.140527,85
1997,LUIS COPA SUAREZ,INDIVIDUAL,GENERAL SAAVEDRA,SANTA CRUZ,171.64,MAIZ,2037,56578.780000000006,28.050956866633616,160.74822699999999,11.328996990972922,0.8120814923907708,36.51982206405694,18.495703234880448,0.142366,85
1999,AGROP. NAVIA HNOS. S.R.L.,EMPRESA AGROPECUARIA,COTOCA,SANTA CRUZ,95.6,SOYA,795,22319.429999999997,28.32414974619289,77.10057900000001,11.462950191570881,0.830125786163522,36.549443447037696,18.523091872791518,0.140881,85
2000,AGROP. MEDINA HNOS. S.R.L.,EMPRESA AGROPECUARIA,OKINAWA,SANTA CRUZ,66.03,GIRASOL,774,21717.57,28.2780859375,88.283532,11.462454068241469,0.8358914728682171,36.44542750929368,18.45538043478261,0.152455,85
