ID_PRODUCTOR,NOMBRE_COMPLETO,TIPO_PRODUCTOR,MUNICIPIO,AREA_TOTAL_HA,N_RECEPCIONES,VOLUMEN_TOTAL_TN,TICKET_MEDIO_TN,MERMA_TOTAL_TN,HUMEDAD_MEDIA,HUMEDAD_STD,HUMEDAD_MAX,PCT_HUM_CRIT,IMPUREZAS_MEDIA,IMPUREZAS_STD,IMPUREZAS_MAX,PCT_IMP_CRIT,PROTEINA_MEDIA,ACEITE_MEDIA,PCT_DESCUENTO,MAX_MERMA_EVENTO,N_SILOS
1,VICTOR CHAMBI PEDRAZA,INDIVIDUAL,SANTA ROSA,167.64,771,21954.46,28.58653645833333,64.618534,11.397496688741724,1.6667910085657722,17.24,0.064851,0.8080804150453955,0.8179332197475421,5.48,0.286641,36.57304428044281,18.577945454545457,0.156939,1.2531700000000001,85
2,VANESSA SORIA NAVIA,INDIVIDUAL,EL TORNO,13.16,759,20983.73,28.0156608811749,63.369555999999996,11.334285714285716,2.2145907922450556,45.2,0.065876,0.7550065876152832,0.7398910414748238,6.0,0.263505,36.48887640449438,18.485547445255474,0.137022,10.349040000000002,85
3,ASOC. PROD. WARNES NO.0003,COOPERATIVA,WARNES,55.25,499,13745.990000000002,27.882332657200816,43.593317,11.61979674796748,1.7423938747643317,16.78,0.084168,0.8335871743486974,0.8704973408330557,6.0,0.282565,36.40988603988604,18.45097345132743,0.132265,1.5870000000000002,85
4,AGROP. COLQUE HNOS. S.R.L.,EMPRESA AGROPECUARIA,MONTERO,193.47,504,13747.519999999999,27.999022403258653,50.314055999999994,11.38852226720648,2.296537220994663,45.2,0.059524,0.8313095238095238,0.8156010306402772,4.45,0.287698,36.415147058823536,18.60366477272727,0.126984,9.425520000000002,85
5,VANESSA VARGAS RIVERO,INDIVIDUAL,OKINAWA,145.4,509,14025.939999999999,27.884572564612323,50.115243,11.437673956262424,2.2516866535808306,45.2,0.056974,0.8392927308447937,0.8298528773211771,6.0,0.286837,36.626783783783786,18.358760330578512,0.129666,8.782546000000002,85
6,ASOC. PROD. OKINAWA NO.0006,ASOCIACION,OKINAWA,207.92,233,6525.32,28.126379310344827,19.431797,11.387434782608697,1.7614982042783056,15.76,0.060086,0.8298283261802576,0.8871253292018048,6.0,0.283262,36.619371069182385,18.34272727272727,0.193133,1.4689999999999999,81
7,ASOC. PROD. SAN JULIAN NO.0007,ASOCIACION,SAN JULIAN,287.83,1041,29056.17,28.046496138996137,99.60557700000001,11.541998041136143,2.5091327937091523,45.2,0.069164,0.7692795389048992,0.7432900870545989,5.17,0.281460,36.45143059490085,18.476372413793104,0.153698,10.283520000000003,85
8,HUGO VASQUEZ YUJRA,INDIVIDUAL,CHARAGUA,42.91,967,26667.52,27.807632950990616,86.784093,11.260126182965301,2.068752938584779,45.2,0.055843,0.8320062047569804,0.8094729696378363,5.53,0.305067,36.44818862275449,18.481179104477615,0.158221,8.037110000000002,85
9,RODRIGO CATACORA MACHACA,INDIVIDUAL,PORTACHUELO,56.12,783,21819.690000000002,28.04587403598972,64.007986,11.361716906946265,2.135944488835261,45.2,0.068966,0.7726181353767562,0.7294959658717224,5.06,0.259259,36.516865671641796,18.467436363636363,0.144317,9.394320000000002,85
10,ASOC. PROD. WARNES NO.0010,ASOCIACION,WARNES,90.61,1329,36985.48,28.254759358288773,94.64209300000002,11.38392414860681,1.9681085149700404,45.2,0.059443,0.7893378480060196,0.7377799740710268,5.15,0.272385,36.47903365906623,18.451677559912852,0.146727,1.4477939999999998,85
11,ASOC. PROD. PUERTO QUIJARRO NO.0011,ASOCIACION,PUERTO QUIJARRO,211.08,513,14273.19,28.31982142857143,48.81139100000001,11.334541832669323,1.7708873496731878,16.14,0.072125,0.8742105263157895,0.9103183522631548,5.86,0.296296,36.47819718309859,18.50978494623656,0.153996,1.809699,85
12,ALFREDO GUTIERREZ PEREZ,INDIVIDUAL,PORTACHUELO,81.23,515,14377.57,28.13614481409002,44.922861999999995,11.40096,1.734569612867642,17.33,0.060194,0.8666019417475728,0.8017720565943428,5.27,0.299029,36.39638655462185,18.56398843930636,0.157282,1.2340299999999997,85
13,ASOC. PROD. OKINAWA NO.0013,COOPERATIVA,OKINAWA,196.36,1054,29369.059999999998,28.077495219885275,79.53321499999998,11.345803310613437,1.756936520732552,18.8,0.071157,0.7798007590132827,0.7585268737461153,5.8,0.277989,36.54241046831955,18.44644385026738,0.131879,1.3862400000000001,85
14,ASOC. PROD. BUEN RETIRO NO.0014,COOPERATIVA,BUEN RETIRO,32.71,794,21652.989999999998,27.867425997425993,60.836988,11.368596938775513,1.8251164019746438,16.71,0.075567,0.7990680100755666,0.7734920327649731,6.0,0.294710,36.57695340501792,18.45780918727915,0.130982,1.5300000000000002,85
15,JOSE PINTO PEDRAZA,INDIVIDUAL,CHARAGUA,44.82,1032,28617.07,27.946357421875,74.63049500000001,11.372766798418972,1.781600890741707,17.53,0.062984,0.7836143410852714,0.7260781932302687,4.57,0.271318,36.51460339943343,18.49856551724138,0.148256,1.3894440000000001,85
16,AGROP. VASQUEZ HNOS. S.R.L.,EMPRESA AGROPECUARIA,EL TORNO,33.18,1729,47963.840000000004,28.081873536299767,137.65850500000002,11.40489663319551,1.9243788883011756,45.2,0.069983,0.7874262579525738,0.7880773335101882,6.0,0.273569,36.47003410059676,18.510575657894737,0.154425,9.915360000000002,85
17,BEATRIZ APAZA GUTIERREZ,INDIVIDUAL,LA GUARDIA,144.27,572,15826.800000000001,28.061702127659576,40.218633999999994,11.399370503597122,1.6931225376045878,16.27,0.055944,0.7829370629370628,0.7517760241107627,5.2,0.283217,36.52238461538462,18.517208737864078,0.166084,1.112072,85
18,AGROP. GARCIA HNOS. S.R.L.,EMPRESA AGROPECUARIA,EL TORNO,26.82,509,14142.3,27.949209486166005,46.764579,11.413907815631262,2.302357391403434,45.2,0.068762,0.7693123772102161,0.7719120081274712,4.68,0.269155,36.250651558073656,18.602150537634408,0.182711,8.433360000000002,85
19,DAVID VILLCA PEDRAZA,INDIVIDUAL,EL TORNO,29.15,241,6813.919999999999,28.39133333333333,17.031112999999998,11.460970464135022,1.8354308098096532,16.12,0.107884,0.7304149377593361,0.6975425868307973,5.32,0.282158,36.40838150289017,18.46613496932515,0.087137,1.200528,83
20,BEATRIZ CRUZ PUMA,INDIVIDUAL,BUEN RETIRO,84.25,1055,29739.729999999996,28.242858499525163,81.942748,11.418249516441005,1.7455680102026299,17.79,0.071090,0.7970900473933649,0.7765649355297986,6.0,0.279621,36.36217218543046,18.410726495726497,0.144076,2.064616,85
21,CAMILA ROMERO PUMA,INDIVIDUAL,SANTA ROSA,268.87,1486,41126.25000000001,27.95802175390891,110.45734,11.341209621993126,1.7204299291268095,17.25,0.061238,0.8088761776581427,0.7705963509989225,4.9,0.296097,36.39601735776277,18.53474785918173,0.153432,1.227708,85
22,LAURA VARGAS MORALES,INDIVIDUAL,PUERTO SUAREZ,184.79,233,6420.76,27.91634782608696,16.246031000000002,11.415438596491228,1.7493921614489403,16.0,0.085837,0.7859656652360515,0.731339134636268,4.29,0.283262,36.711882352941174,18.348830409356726,0.163090,1.0055159999999999,79
23,ASOC. PROD. CUATRO CANADAS NO.0023,ASOCIACION,CUATRO CANADAS,36.17,541,15069.25,28.379001883239173,40.273682,11.390863039399624,1.6700099066620424,16.41,0.062847,0.7994824399260629,0.7928157217617181,5.85,0.286506,36.33023376623376,18.399202127659574,0.160813,1.4360849999999998,85
24,ASOC. PROD. SAN JULIAN NO.0024,COOPERATIVA,SAN JULIAN,67.49,1067,29808.719999999998,28.25471090047393,86.829022,11.40935946462715,2.0764538391834466,45.2,0.072165,0.8045079662605435,0.7618967743887022,5.14,0.297095,36.408632138114214,18.449958904109586,0.138707,6.445920000000002,85
25,JUAN MEDINA CUELLAR,INDIVIDUAL,PUERTO SUAREZ,123.46,1073,29687.739999999998,27.98090480678605,99.57073100000002,11.322454804947668,2.2659390288530075,45.2,0.063374,0.8314818266542404,0.7809648547663606,4.78,0.296365,36.53535904255319,18.476163849154748,0.133271,8.112000000000002,85
26,ASOC. PROD. CHARAGUA NO.0026,ASOCIACION,CHARAGUA,155.3,511,14233.4,28.184950495049506,44.861907,11.335338645418327,2.281135818756372,45.2,0.050881,0.8052446183953034,0.7744560955703553,5.63,0.285714,36.617528735632185,18.694850136239783,0.135029,10.143120000000003,84
27,AGROP. TORREZ HNOS. S.R.L.,EMPRESA AGROPECUARIA,YAPACANI,30.36,1583,44002.729999999996,28.080874282067644,135.286145,11.344130154639176,1.7438139769320622,16.68,0.079596,0.8319140871762477,0.8326092978884976,6.0,0.293114,36.47529626253418,18.524249317561416,0.148452,1.347,85
28,DANIEL MACHACA MORALES,INDIVIDUAL,MONTERO,187.16,2624,73494.01,28.21267178502879,217.853967,11.344006211180124,1.8640472988603474,45.2,0.064405,0.8082317073170731,0.7861506606714104,6.0,0.289634,36.509646547036425,18.46191271551724,0.150915,8.88888,85
29,PATRICIA SALVATIERRA LIMA,INDIVIDUAL,EL TORNO,120.33,1038,28989.309999999998,28.144961165048542,89.074805,11.356323092170467,2.0265953588919654,45.2,0.058767,0.8166570327552987,0.8248207776479617,6.0,0.275530,36.527963483146074,18.491649214659688,0.136802,7.556074,85
30,ROBERTO NAVIA FLORES,COMUNIDAD,YAPACANI,40.14,534,14601.939999999999,27.86629770992366,54.52031799999999,11.47824427480916,2.3817308104420216,45.2,0.093633,0.8421161048689139,0.7849215837812958,6.0,0.316479,36.3902688172043,18.570723860589812,0.191011,8.598720000000002,85
32,RODRIGO MEDINA VACA,INDIVIDUAL,ROBORE,137.53,237,6595.5599999999995,28.066212765957445,28.350747,11.551982758620689,2.871688560037224,45.2,0.067511,0.8277215189873418,0.7545988091679463,4.56,0.316456,36.10572222222222,18.623229813664597,0.164557,7.65024,79
33,LUIS CHAMBI APAZA,COMUNIDAD,MONTERO,43.77,1817,50651.57,28.202433184855234,172.39252900000002,11.4232695554305,2.1077683835024863,45.2,0.072097,0.8076499724821133,0.8086294168535642,6.0,0.287837,36.460226209048365,18.53669278996865,0.170061,10.798844,85
34,ASOC. PROD. EL TORNO NO.0034,COOPERATIVA,EL TORNO,101.66,1280,35726.64,28.28712589073634,99.00980899999999,11.307246608140462,1.9608820635344548,45.2,0.055469,0.7985078125,0.8183769143745059,6.0,0.269531,36.47129213483146,18.617766666666668,0.139063,7.347347,85
35,ANDREA MEDINA TORREZ,INDIVIDUAL,PUERTO SUAREZ,234.08,763,21244.200000000004,28.063672391017178,53.686429999999994,11.398442953020135,1.7190595053978837,16.7,0.064220,0.787391874180865,0.7712784745736837,4.68,0.280472,36.49845149253731,18.558256704980842,0.146789,1.1271840000000002,85
36,ASOC. PROD. LA GUARDIA NO.0036,ASOCIACION,LA GUARDIA,142.46,516,14383.789999999999,28.258919449901768,44.258337,11.326746506986028,1.6369135571595674,16.2,0.034884,0.9026937984496123,0.8859721835035503,6.0,0.346899,36.413909348441926,18.555055865921787,0.147287,1.5643319999999996,85
37,CARMEN MONTAÑO MORALES,INDIVIDUAL,PORTACHUELO,43.28,221,6197.849999999999,28.17204545454545,18.674440999999998,11.631336405529954,1.6933731300583736,16.59,0.067873,0.8415837104072399,0.8980740648272064,6.0,0.298643,36.40851612903226,18.56513698630137,0.171946,1.2440000000000002,79
38,EDWIN HUANCA YUJRA,INDIVIDUAL,YAPACANI,48.87,259,7269.18,28.17511627906977,20.892687,11.248906250000001,1.805009471215168,15.88,0.077220,0.8102702702702703,0.7897361964632178,4.41,0.274131,36.55119565217392,18.362849162011173,0.131274,0.922832,77
39,RENE AGUILAR LOPEZ,INDIVIDUAL,MONTERO,331.62,494,13611.05,27.83445807770961,36.308257999999995,11.338589211618256,1.7669453071999595,16.59,0.066802,0.7594736842105262,0.7674533942121953,4.26,0.255061,36.3988,18.503870967741936,0.145749,1.0445820000000001,85
40,SANDRA FLORES RODRIGUEZ,INDIVIDUAL,CUATRO CANADAS,28.85,241,6696.990000000001,28.2573417721519,16.418937999999997,11.3175641025641,1.8153540563621544,16.13,0.070539,0.7621576763485477,0.7180009227254365,3.58,0.253112,36.4824183006536,18.460674846625764,0.161826,0.9759749999999998,80
41,ASOC. PROD. SAN PEDRO NO.0041,COOPERATIVA,SAN PEDRO,327.09,2106,58274.350000000006,27.9091714559387,211.48553100000004,11.432305084745764,2.50046474631734,45.2,0.065052,0.7969278252611586,0.7707914996164456,6.0,0.275404,36.49741808650065,18.465986394557824,0.152896,10.988640000000002,85
43,ASOC. PROD. SAN PEDRO NO.0043,COOPERATIVA,SAN PEDRO,83.23,1014,28325.339999999997,28.07268582755203,82.20788800000001,11.324389505549949,1.7734065277816784,16.67,0.069034,0.8073964497041419,0.8308591199615707,5.47,0.285010,36.58203216374269,18.48387811634349,0.150888,1.31796,85
44,ALEJANDRA CHAMBI PEREZ,INDIVIDUAL,CUATRO CANADAS,58.47,995,27407.399999999998,27.909775967413438,64.735833,11.399907786885247,1.762831955776985,16.35,0.073367,0.7525025125628141,0.7023942015921689,3.95,0.258291,36.54956958393113,18.50818705035971,0.139698,0.9022240000000001,85
45,ASOC. PROD. PUERTO SUAREZ NO.0045,COOPERATIVA,PUERTO SUAREZ,78.78,747,20860.690000000002,28.076298788694483,73.138149,11.326292749658004,2.1928033141287786,45.2,0.078983,0.8054618473895583,0.8170283200031679,5.19,0.262383,36.58776091081594,18.507855750487327,0.136546,8.283600000000003,85
46,ASOC. PROD. GENERAL SAAVEDRA NO.0046,COOPERATIVA,GENERAL SAAVEDRA,249.34,800,22481.670000000002,28.421833122629586,80.469879,11.310685279187817,2.0773532391580605,45.2,0.063750,0.8706499999999999,0.8731485056341299,5.54,0.317500,36.377825311942956,18.43747714808044,0.160000,9.219600000000002,85
47,RAUL NAVIA YUJRA,INDIVIDUAL,CHARAGUA,163.66,507,13922.730000000001,27.679383697813122,47.085182,11.396184738955824,2.2367158264153355,45.2,0.057199,0.8344181459566076,0.798933705582092,4.78,0.297830,36.38438040345821,18.51677233429395,0.130178,8.013980000000002,85
49,OSCAR NAVIA RODRIGUEZ,INDIVIDUAL,MINEROS,97.17,751,20846.809999999998,27.9447855227882,61.83993100000001,11.260709413369714,2.1152133142776917,45.2,0.059920,0.841584553928096,0.8264525107395871,5.44,0.306258,36.49780346820809,18.506737864077667,0.157124,1.1810399999999999,85
50,AGROP. LOPEZ HNOS. S.R.L.,EMPRESA AGROPECUARIA,BUEN RETIRO,20.41,528,14789.95,28.171333333333333,38.513991,11.30477756286267,1.6798384355104101,16.32,0.062500,0.8286931818181819,0.7358156458633216,4.43,0.314394,36.489651474530824,18.58958005249344,0.121212,1.046493,85
51,VICTOR CASTRO CHAMBI,INDIVIDUAL,COTOCA,348.1,1061,29456.82,28.00077946768061,109.99433200000001,11.449837476099425,2.452228099705771,45.2,0.061263,0.8345428840716306,0.7944341188228181,6.0,0.297832,36.5225,18.555970149253735,0.153629,10.4364,85
52,SERGIO VARGAS MEDINA,INDIVIDUAL,CHARAGUA,46.1,1286,36014.81,28.246909803921568,106.20812800000002,11.298992063492063,1.9905248189214733,45.2,0.059098,0.808429237947123,0.782722489626461,5.47,0.283048,36.54554098360656,18.475650224215244,0.153966,8.96376,85
53,ALBERTO SALVATIERRA CALLISAYA,INDIVIDUAL,CUATRO CANADAS,306.58,1022,28509.21,28.005117878192532,85.22375299999999,11.328180019782394,1.9867429067349793,45.2,0.053816,0.8096086105675147,0.7773973022639796,5.41,0.295499,36.558361581920906,18.469791666666666,0.154599,8.28048,85
54,ASOC. PROD. WARNES NO.0054,ASOCIACION,WARNES,146.2,2037,56643.60999999999,28.041391089108906,167.904473,11.3153003003003,2.14393254442449,45.2,0.054001,0.7809523809523811,0.7501331749415001,4.97,0.270987,36.54506007067138,18.59681502086231,0.152185,11.377828000000001,85
55,ASOC. PROD. PUERTO SUAREZ NO.0055,ASOCIACION,PUERTO SUAREZ,58.09,259,7095.18,27.933779527559057,16.841231,11.234094488188978,1.7140315392427556,15.57,0.050193,0.7621235521235522,0.7119133843707731,4.06,0.274131,36.52921465968586,18.734521276595743,0.150579,0.8525159999999999,78
56,ASOC. PROD. BUEN RETIRO NO.0056,ASOCIACION,BUEN RETIRO,172.38,1484,41308.280000000006,28.043638832315008,122.63936500000001,11.383768913342504,2.115975797662582,45.2,0.056604,0.795822102425876,0.7640251224607784,6.0,0.264151,36.49801175318316,18.538922495274104,0.153639,10.848240000000002,85
59,ASOC. PROD. SANTA ROSA NO.0059,ASOCIACION,SANTA ROSA,84.94,1006,27943.45,28.14043303121853,89.327494,11.3596770938446,2.0931801470369398,45.2,0.076541,0.8070974155069583,0.8014983011954451,5.78,0.290258,36.56,18.530142045454546,0.160040,8.50824,85
60,LORENA MAMANI SORIA,INDIVIDUAL,OKINAWA,113.42,565,15745.72,28.26879712746858,47.588275,11.450036231884058,2.2774100930436805,45.2,0.076106,0.7799469026548672,0.7207589311912725,4.47,0.293805,36.46989583333333,18.470879396984923,0.178761,8.382990000000003,85
61,ASOC. PROD. SAN JULIAN NO.0061,COOPERATIVA,SAN JULIAN,19.72,1333,36674.56,27.783757575757573,104.60887400000001,11.345995405819295,1.7414979582750643,17.36,0.067517,0.8068417104276069,0.7882178569981564,5.75,0.282821,36.42994535519126,18.441796791443853,0.149287,1.478507,85
62,AGROP. MACHACA HNOS. S.R.L.,EMPRESA AGROPECUARIA,MONTERO,204.89,1065,29640.700000000004,28.122106261859585,89.040482,11.304885057471264,1.659160482132949,16.91,0.053521,0.8421596244131455,0.8564371648598876,5.63,0.299531,36.39861702127659,18.51704960835509,0.153052,1.3940930000000002,85
63,ROBERTO VACA COLQUE,INDIVIDUAL,PORTACHUELO,113.9,1540,42762.85,28.041213114754097,118.346273,11.340722332670644,1.935505183003463,45.2,0.064286,0.7955324675324676,0.7963810540317229,5.53,0.272727,36.52331788693234,18.44888475836431,0.150000,1.4077760000000004,85
64,ASOC. PROD. PAILON NO.0064,ASOCIACION,PAILON,40.53,730,20298.18,28.11382271468144,58.08007500000001,11.39288111888112,1.7380792325497096,17.57,0.063014,0.831904109589041,0.7989017266501195,6.0,0.291781,36.4810060362173,18.59128514056225,0.126027,1.4585000000000001,85
65,MONICA MACHACA GUTIERREZ,INDIVIDUAL,PUERTO SUAREZ,76.29,761,21243.420000000002,28.28684420772304,68.956791,11.420120160213619,2.0756826366287635,45.2,0.049934,0.8207227332457294,0.809256727283482,6.0,0.291721,36.44043071161048,18.503160813308686,0.159001,9.93408,85
66,ASOC. PROD. MINEROS NO.0066,ASOCIACION,MINEROS,54.24,786,21868.3,27.893239795918365,65.380748,11.3324191461837,2.112759036513327,45.2,0.055980,0.8015776081424936,0.7763027216397961,5.33,0.282443,36.41395430579965,18.449021739130437,0.167939,7.984016000000001,85
67,LORENA MACHACA MEDINA,INDIVIDUAL,PORTACHUELO,37.49,1327,37038.27,28.1874200913242,117.057088,11.418932926829267,2.1800192278484984,45.2,0.078372,0.7983873398643557,0.7713065783385477,5.02,0.298417,36.48461620469083,18.490782800441014,0.157498,8.421000000000003,85
68,ASOC. PROD. COTOCA NO.0068,ASOCIACION,COTOCA,28.23,516,14346.689999999999,28.13076470588235,61.738635,11.517913385826771,3.070096269005976,45.2,0.054264,0.8003488372093024,0.7582119195643913,4.01,0.290698,36.40225130890052,18.450863509749304,0.139535,8.701680000000001,85
69,JOSE LIMA CRUZ,INDIVIDUAL,PUERTO SUAREZ,559.11,494,13830.55,28.341290983606555,40.362448,11.419876288659795,1.7633235386675976,17.19,0.066802,0.8288663967611336,0.7866587430755302,4.44,0.303644,36.55953488372093,18.536784660766962,0.165992,1.2834640000000004,85
70,DIEGO SUAREZ PEREZ,COMUNIDAD,MONTERO,71.62,1865,51920.009999999995,27.974143318965513,167.222316,11.357886626307101,2.0534514145235807,45.2,0.059517,0.825603217158177,0.8126080470848596,6.0,0.301877,36.55768525592055,18.462681047765795,0.156568,10.013358000000002,85
71,ASOC. PROD. MINEROS NO.0071,ASOCIACION,MINEROS,69.86,1578,43814.72,28.014526854219948,136.62224,11.424389928986443,2.1283045970152594,45.2,0.068441,0.7905069708491761,0.769772876773192,6.0,0.271229,36.507191111111105,18.51776672694394,0.148289,9.840480000000001,85
72,CLAUDIA SUAREZ MONTAÑO,INDIVIDUAL,YAPACANI,273.67,515,14181.98,27.972347140039446,44.719291000000005,11.272539370078738,1.7449523847019364,17.4,0.060194,0.8422330097087379,0.8251337965304304,6.0,0.295146,36.47928961748634,18.503788300835655,0.166990,1.4022299999999999,85
73,ASOC. PROD. COTOCA NO.0073,ASOCIACION,COTOCA,82.67,570,15863.930000000002,28.127535460992913,42.650755999999994,11.34915770609319,1.7055499774363094,16.17,0.052632,0.8025087719298246,0.7974245808459438,6.0,0.289474,36.41719072164949,18.563759398496245,0.150877,1.2895,85
74,ASOC. PROD. ROBORE NO.0074,COOPERATIVA,ROBORE,16.45,275,7717.059999999999,28.371544117647055,32.916688,11.610413533834588,2.743537074180159,45.2,0.098182,0.8294181818181818,0.7922915736169477,4.32,0.276364,36.54759162303665,18.464000000000002,0.160000,8.876400000000002,81
75,ASOC. PROD. PUERTO SUAREZ NO.0075,ASOCIACION,PUERTO SUAREZ,76.17,564,15613.71,27.981559139784945,45.496317999999995,11.335497287522603,1.8098366930521657,16.62,0.072695,0.8245212765957447,0.7653536439169686,4.73,0.310284,36.49015075376885,18.531533018867925,0.168440,1.347582,85
76,VICTOR NAVIA SANCHEZ,INDIVIDUAL,BUEN RETIRO,250.55,1346,37464.09,28.18968397291196,102.12213200000001,11.333698940998486,1.7456910533456185,16.54,0.066865,0.8076968796433877,0.8039034233026322,6.0,0.288262,36.53978609625669,18.499799999999997,0.148588,1.567,85
77,AGROP. MORALES HNOS. S.R.L.,EMPRESA AGROPECUARIA,CHARAGUA,48.67,768,21516.39,28.199724770642202,59.711377999999996,11.27342629482072,1.7396467146237549,16.74,0.055990,0.8088411458333334,0.833019412195721,6.0,0.272135,36.52038532110091,18.423114446529077,0.144531,2.1458079999999997,85
78,ANA TORREZ GARCIA,INDIVIDUAL,CUATRO CANADAS,363.43,2013,55868.380000000005,28.06046207935711,193.04776,11.47401515151515,2.2882997189202827,45.2,0.063587,0.8142771982116245,0.8084767336716431,5.72,0.282166,36.53264516129032,18.484313319530713,0.143567,10.390952,85
79,VIVIANA HUANCA MEDINA,INDIVIDUAL,WARNES,44.51,502,13922.119999999999,28.012313883299797,42.620777999999994,11.461790744466802,1.7085032275955752,18.08,0.071713,0.8006374501992032,0.8008446090573127,4.88,0.270916,36.44691666666667,18.46873563218391,0.155378,1.1607599999999993,85
80,PEDRO SUAREZ CALLISAYA,INDIVIDUAL,MINEROS,198.26,988,27450.7,28.096929375639714,100.941768,11.453254620123204,2.095366979279834,45.2,0.061741,0.8568319838056679,0.8572324074096744,5.98,0.309717,36.57237885462555,18.4819225251076,0.143725,9.359156,85
81,ASOC. PROD. SAN PEDRO NO.0081,COOPERATIVA,SAN PEDRO,33.64,1043,28866.2,28.025436893203885,93.47442499999998,11.364123408423115,2.024279523355654,45.2,0.059444,0.8390604026845636,0.8074248057159518,5.18,0.302972,36.55362258953168,18.490513888888888,0.154362,9.032982000000002,85
82,ASOC. PROD. GENERAL SAAVEDRA NO.0082,COOPERATIVA,GENERAL SAAVEDRA,154.85,246,6667.96,27.783166666666666,20.290334,11.430495867768597,1.840607806539246,16.66,0.077236,0.8213414634146342,0.7428583992216661,3.2,0.317073,36.52994011976048,18.63422857142857,0.150407,1.0988040000000001,79
83,ROBERTO ROMERO MORALES,INDIVIDUAL,COTOCA,284.87,276,7727.98,28.10174545454545,24.455657000000002,11.509154411764706,1.720753187782769,16.2,0.083333,0.8325362318840581,0.8400507011488405,4.23,0.260870,36.6440306122449,18.545309278350516,0.159420,0.9837099999999999,79
84,CINTHIA CALLISAYA COLQUE,INDIVIDUAL,SANTA ROSA,61.12,773,21612.45,28.251568627450983,59.660720000000005,11.430289093298292,2.153874457686189,45.2,0.069858,0.7272703751617076,0.7160787909397035,5.55,0.231565,36.4638,18.47925992779783,0.120310,9.4692,85
86,AGROP. VACA HNOS. S.R.L.,EMPRESA AGROPECUARIA,LA GUARDIA,16.87,724,20148.99,27.94589459084605,70.16085100000001,11.507766853932583,2.108850197413386,45.2,0.063536,0.8420441988950276,0.8426740472513532,6.0,0.291436,36.515820000000005,18.487817460317462,0.139503,7.650240000000002,85
87,MARCELO LOPEZ RIVERO,INDIVIDUAL,CUATRO CANADAS,151.65,1303,36626.67,28.196050808314087,105.186753,11.374839215686274,1.9729624232954033,45.2,0.067536,0.8039447429009977,0.7841770094804897,5.9,0.280123,36.468536036036035,18.565128205128207,0.146585,8.124480000000002,85
88,RICARDO CHAMBI YUJRA,INDIVIDUAL,LA GUARDIA,110.77,1023,28414.35,28.02204142011834,105.80686500000002,11.43827380952381,2.53905353360323,45.2,0.066471,0.8011436950146626,0.8040996727003579,5.21,0.277615,36.58550764951322,18.539132290184924,0.123167,8.414640000000004,85
89,RAUL PEREZ CRUZ,INDIVIDUAL,WARNES,53.67,1012,28438.46,28.24077457795432,76.873446,11.347304964539006,1.67248871149154,18.07,0.055336,0.8293873517786561,0.7786058834982584,5.26,0.293478,36.517122708039494,18.43627808988764,0.142292,1.255145,85
90,RENE CHAMBI SANDOVAL,INDIVIDUAL,PUERTO SUAREZ,122.21,750,20636.39,27.849379217273952,70.450013,11.419455040871933,2.125401745834325,45.2,0.060000,0.83988,0.8208897198626837,5.73,0.302667,36.682322456813814,18.38679435483871,0.164000,7.506720000000002,85
91,SUSANA PUMA GARCIA,INDIVIDUAL,EL TORNO,76.16,797,22305.23,28.378155216284988,82.292497,11.398361075544173,2.099496796297257,45.2,0.063990,0.8520326223337515,0.865318301409107,5.45,0.302384,36.50959706959708,18.46648409893993,0.168130,11.869916000000002,85
92,ALFREDO CUELLAR ROMERO,INDIVIDUAL,GENERAL SAAVEDRA,64.11,1060,29438.28,28.00978116079924,88.782334,11.243032629558542,1.9938231265178161,45.2,0.048113,0.8103301886792453,0.8168248393397336,5.92,0.271698,36.436132971506105,18.57622615803815,0.157547,8.779680000000003,85
93,ASOC. PROD. CHARAGUA NO.0093,COOPERATIVA,CHARAGUA,54.34,1063,29554.3,28.14695238095238,84.54125400000001,11.420869980879543,1.7608365531220895,17.29,0.075259,0.8023330197554092,0.7984125104403675,5.5,0.279398,36.55358108108109,18.4588785046729,0.147695,1.272144,85
94,ASOC. PROD. CUATRO CANADAS NO.0094,COOPERATIVA,CUATRO CANADAS,64.41,1033,28456.35,28.008218503937005,79.79371,11.363806706114397,1.6770508671978925,16.39,0.060019,0.8248693126815101,0.7998050921466151,6.0,0.291384,36.49140277777777,18.5543342776204,0.166505,1.258,85
95,ASOC. PROD. PUERTO QUIJARRO NO.0095,ASOCIACION,PUERTO QUIJARRO,35.19,795,22093.47,27.931061946902656,76.363319,11.468618925831201,2.11991281814069,45.2,0.071698,0.826930817610063,0.7918693497011876,5.1,0.301887,36.430559701492534,18.417951807228917,0.142138,10.519808000000001,85
96,JOSE MERCADO NAVIA,INDIVIDUAL,PUERTO QUIJARRO,19.92,245,6849.74,28.66,16.605000999999998,11.374208333333334,1.7740970354362402,16.61,0.069388,0.7713061224489797,0.743005587762278,4.3,0.257143,36.38950549450549,18.57091463414634,0.167347,0.8494200000000001,81
97,ALBERTO SALVATIERRA TICONA,INDIVIDUAL,EL TORNO,86.2,772,21520.5,28.13137254901961,62.118136,11.384529801324502,2.0682060513068827,45.2,0.058290,0.7971243523316061,0.7250067454064096,4.45,0.308290,36.6051619047619,18.458092691622102,0.141192,8.384090000000002,85
98,RENE CHAMBI MORALES,INDIVIDUAL,SAN JULIAN,286.39,556,15358.73,27.874283121597095,46.402806999999996,11.400406654343808,1.696047098476902,16.81,0.064748,0.840773381294964,0.8202280142730287,4.7,0.303957,36.45416020671835,18.46061696658098,0.165468,1.1044500000000002,85
100,ASOC. PROD. PORTACHUELO NO.0100,ASOCIACION,PORTACHUELO,140.92,761,21238.62,28.093412698412696,59.508572,11.337057256990677,1.7667626879080118,17.18,0.048620,0.802089356110381,0.8078548413152938,6.0,0.272011,36.49955140186916,18.573962264150943,0.153745,1.429766,85
101,MARIO YUJRA COLQUE,COMUNIDAD,CHARAGUA,238.77,787,22185.22,28.442589743589746,63.130244000000005,11.311272727272728,2.1213421521063824,45.2,0.059720,0.7838754764930113,0.7534018521920306,4.9,0.285896,36.450834845735024,18.463810375670842,0.162643,7.5441600000000015,85
102,ASOC. PROD. PAILON NO.0102,COOPERATIVA,PAILON,130.36,772,21149.270000000004,27.754947506561685,56.693812,11.355691699604742,1.7189620770987353,17.14,0.059585,0.8106347150259067,0.765651040748506,5.85,0.306995,36.525018248175186,18.501146953405016,0.121762,1.6159499999999993,85
103,WILBER NAVIA MONTAÑO,INDIVIDUAL,PAILON,122.89,516,14355.689999999999,28.14841176470588,45.978527,11.442270058708415,2.258524664522975,45.2,0.058140,0.8186046511627908,0.740886631460815,5.32,0.308140,36.56587743732591,18.571959654178674,0.139535,9.317971,85
104,AGROP. QUISPE HNOS. S.R.L.,EMPRESA AGROPECUARIA,COTOCA,291.98,795,22034.54,28.21323943661972,71.997279,11.234487179487179,2.089492170054392,45.2,0.045283,0.832314465408805,0.8062679060036096,5.63,0.320755,36.4926148409894,18.462956204379562,0.153459,9.914437000000001,85
105,ASOC. PROD. LA GUARDIA NO.0105,ASOCIACION,LA GUARDIA,60.68,1039,29246.53,28.284845261121855,104.50843300000001,11.475912195121953,2.298159073911443,45.2,0.086622,0.8318190567853705,0.780761610030966,4.85,0.300289,36.529034852546914,18.459190981432364,0.178056,9.98088,85
106,AGROP. YUJRA HNOS. S.R.L.,EMPRESA AGROPECUARIA,SAN JULIAN,44.29,734,20453.879999999997,27.98068399452804,49.00197099999999,11.399444444444443,1.7332264597414881,16.08,0.058583,0.7629427792915532,0.7383095654646891,5.93,0.260218,36.38022813688213,18.540766208251473,0.151226,1.3848369999999999,85
107,NATALIA RODRIGUEZ MEDINA,INDIVIDUAL,OKINAWA,58.3,252,6870.98,27.70556451612903,16.330025,11.349142857142857,1.7314308969230232,15.89,0.055556,0.761984126984127,0.7233724909776559,4.62,0.281746,36.54184782608696,18.315083798882682,0.142857,1.1026520000000002,80
109,RICHARD MONTAÑO RIVERO,COMUNIDAD,OKINAWA,56.33,1526,42621.619999999995,28.226238410596025,105.730393,11.344564343163539,1.7210005233459031,16.82,0.065531,0.779200524246396,0.7485561291260555,5.37,0.268021,36.547215073529415,18.43278293135436,0.147444,1.2030610000000002,85
110,ASOC. PROD. SAN PEDRO NO.0110,ASOCIACION,SAN PEDRO,90.94,1017,27972.07,27.86062749003984,88.539716,11.407152847152847,1.7451061244561614,16.84,0.075713,0.8509242871189773,0.807665252812389,6.0,0.311701,36.48017759562842,18.490318379160637,0.156342,1.5415,85
111,ASOC. PROD. SAN JULIAN NO.0111,ASOCIACION,SAN JULIAN,231.53,512,14194.109999999999,28.331556886227542,39.681828,11.336924603174602,1.6841273575744484,16.18,0.058594,0.82814453125,0.9088561199553044,6.0,0.269531,36.38616666666667,18.50679411764706,0.138672,1.601514,85
112,AGROP. VACA HNOS. S.R.L.,EMPRESA AGROPECUARIA,CUATRO CANADAS,42.89,812,22620.289999999997,28.09973913043478,93.130282,11.354694132334583,2.4177798571371265,45.2,0.072660,0.8556650246305418,0.8733070929109681,6.0,0.296798,36.419526226734355,18.432210708117445,0.134236,11.86447,85
113,FERNANDO MONTAÑO QUISPE,INDIVIDUAL,LA GUARDIA,61.58,1363,38270.29,28.390422848664688,113.45541800000001,11.372322097378277,2.367409530938827,45.2,0.065297,0.7796184886280263,0.7918710540463522,6.0,0.263390,36.5086474973376,18.54884210526316,0.173147,7.379000000000001,85
114,ASOC. PROD. SANTA ROSA NO.0114,ASOCIACION,SANTA ROSA,32.49,1030,28841.96,28.304180569185476,95.220518,11.33063808574277,2.0327526718161404,45.2,0.063107,0.818252427184466,0.8137589024882879,4.85,0.290291,36.524932614555254,18.493471074380164,0.164078,9.35688,85
115,ASOC. PROD. SANTA ROSA NO.0115,COOPERATIVA,SANTA ROSA,94.7,530,14623.680000000002,27.961147227533466,45.04986100000001,11.265544747081714,2.274349851393094,45.2,0.056604,0.8170754716981131,0.7904392870454856,4.47,0.288679,36.56473544973545,18.542332439678283,0.158491,6.800850000000002,85
116,ASOC. PROD. SAN PEDRO NO.0116,COOPERATIVA,SAN PEDRO,237.0,789,22018.819999999996,28.121098339719023,62.291844999999995,11.368730569948186,1.723895595993741,16.96,0.070976,0.8025855513307985,0.7989391169119758,6.0,0.276299,36.43863720073665,18.424094202898548,0.179975,1.4341200000000003,85
117,CHRISTIAN SALVATIERRA MEDINA,INDIVIDUAL,YAPACANI,426.62,521,14347.980000000001,27.9143579766537,45.828533,11.265360623781676,1.7887171109204527,16.4,0.071017,0.850556621880998,0.807313849202849,6.0,0.305182,36.392222222222216,18.5255,0.143954,1.6235750000000002,85
118,ASOC. PROD. BUEN RETIRO NO.0118,ASOCIACION,BUEN RETIRO,82.43,241,6604.9800000000005,27.520750000000003,18.638076,11.317708333333332,1.8120949290060633,16.11,0.082988,0.7921576763485477,0.8157917371289757,4.47,0.265560,36.380175438596495,18.32066265060241,0.132780,1.035867,82
119,BEATRIZ LOPEZ CATACORA,COMUNIDAD,MONTERO,56.38,547,15523.250000000002,28.535386029411768,55.805619,11.351298701298703,2.3162441921834502,45.2,0.076782,0.8024680073126143,0.8125135875901089,5.9,0.294333,36.48573264781491,18.566194029850745,0.182815,9.27576,85
120,SANDRA MARTINEZ PEREZ,INDIVIDUAL,SAN PEDRO,48.23,1013,27997.030000000002,27.830049701789267,82.412555,11.396036217303823,2.0679937547984433,45.2,0.065153,0.800533070088845,0.7839383900217878,5.68,0.274432,36.503742774566476,18.532304409672832,0.144126,7.803544000000001,85
121,SANDRA CHAMBI MAMANI,INDIVIDUAL,YAPACANI,125.82,520,14617.8,28.111153846153844,53.041799,11.499194499017682,2.2796550409648493,45.2,0.078846,0.8392307692307692,0.8187775703136555,5.57,0.332692,36.47123324396783,18.452222222222222,0.163462,9.341280000000003,85
122,ASOC. PROD. OKINAWA NO.0122,COOPERATIVA,OKINAWA,47.33,775,21621.53,28.11642392717815,86.541472,11.654993394980185,2.722487804901959,45.2,0.074839,0.7947225806451612,0.7725586832487866,5.76,0.286452,36.454542056074764,18.440054844606948,0.156129,10.067673000000003,85
123,ASOC. PROD. SANTA ROSA NO.0123,ASOCIACION,SANTA ROSA,45.97,781,21878.64,28.157837837837835,62.524583,11.36603403141361,1.7926738499406754,17.3,0.080666,0.80404609475032,0.783168952480217,5.9,0.275288,36.44471326164875,18.457536764705882,0.172855,1.55771,85
124,ASOC. PROD. ROBORE NO.0124,ASOCIACION,ROBORE,21.54,263,7336.87,28.110613026819923,20.036337000000003,11.242068965517241,1.8715543547858338,17.68,0.068441,0.7436882129277567,0.7472282687531925,4.03,0.254753,36.45684210526316,18.503829787234043,0.121673,0.837189,81
125,JORGE MONTAÑO SUAREZ,INDIVIDUAL,MONTERO,24.76,266,7512.139999999999,28.672290076335877,25.294562,11.420722433460075,1.8262709291428385,16.21,0.078947,0.8233082706766918,0.8116800390194763,4.73,0.281955,36.559513513513515,18.469948717948718,0.135338,4.786952999999999,82
126,MONICA MACHACA MONTAÑO,COMUNIDAD,EL TORNO,110.75,534,15097.16,28.59310606060606,48.190017999999995,11.32281663516068,1.728938796530119,16.36,0.058052,0.8750749063670412,0.8423109315733279,5.05,0.318352,36.52427027027027,18.522895442359253,0.146067,1.097054,85
127,ASOC. PROD. OKINAWA NO.0127,ASOCIACION,OKINAWA,124.52,768,21458.28,28.271778656126482,58.934365,11.35032,1.7549481155058402,17.29,0.059896,0.8051692708333333,0.7782090712224927,5.96,0.289063,36.59922651933701,18.60520754716981,0.136719,1.4279840000000001,85
128,AGROP. MEDINA HNOS. S.R.L.,EMPRESA AGROPECUARIA,CHARAGUA,199.59,537,14896.94,28.054500941619587,54.580062000000005,11.372575757575756,2.2746741522674845,45.2,0.063315,0.8302793296089386,0.8548208965116509,6.0,0.290503,36.50505291005292,18.31018817204301,0.137803,9.987120000000003,85
129,ASOC. PROD. SAN JULIAN NO.0129,ASOCIACION,SAN JULIAN,67.09,245,6851.37,27.96477551020408,16.912045999999997,11.364267782426777,1.832357904727265,17.31,0.073469,0.7422857142857144,0.6570660071141391,3.72,0.277551,36.637650602409636,18.541910112359552,0.138776,0.9448859999999998,80
130,ASOC. PROD. WARNES NO.0130,ASOCIACION,WARNES,441.0,1304,36499.369999999995,28.382091757387244,100.37871399999999,11.30374705420267,1.689001050673345,16.63,0.054448,0.80920245398773,0.7986995236320088,6.0,0.285276,36.431673913043475,18.519019823788547,0.146472,1.5825110000000002,85
131,ALEJANDRA MONTAÑO VASQUEZ,INDIVIDUAL,MINEROS,99.51,735,20341.65,27.827154582763338,49.430764,11.28775766016713,1.6528289808489807,15.51,0.050340,0.7950340136054423,0.7621997547519617,4.86,0.282993,36.50907480314961,18.455953757225434,0.142857,1.195828,85
132,AGROP. LIMA HNOS. S.R.L.,EMPRESA AGROPECUARIA,EL TORNO,65.37,1828,50734.009999999995,28.09192137320044,138.27023100000002,11.281071626873958,1.9068204238353568,45.2,0.066193,0.7939770240700218,0.7883446199197641,6.0,0.272429,36.61575522850503,18.55334880123743,0.156455,9.016800000000002,85
133,ASOC. PROD. CUATRO CANADAS NO.0133,COOPERATIVA,CUATRO CANADAS,71.51,1264,35131.59,28.172886928628706,112.745452,11.492614641995175,2.2012047284093246,45.2,0.076741,0.841606012658228,0.8283571009975126,6.0,0.294304,36.56956278026906,18.464064587973272,0.140823,8.277360000000002,85
134,CESAR CONDORI FLORES,INDIVIDUAL,GENERAL SAAVEDRA,186.62,1532,42679.06,28.170996699669967,155.73251700000003,11.365596269153896,2.2656187957287575,45.2,0.060705,0.8397976501305484,0.8360359630207913,6.0,0.305483,36.531911764705875,18.433240740740743,0.146214,9.592056,85
135,JORGE CONDORI COPA,INDIVIDUAL,LA GUARDIA,60.87,488,13599.43,28.040061855670103,52.58627500000001,11.440983263598328,2.3192700352858058,45.2,0.077869,0.8446311475409835,0.8103949066574009,4.52,0.319672,36.37988023952096,18.593126843657814,0.174180,9.809364000000002,85
136,EDWIN CRUZ CALLISAYA,INDIVIDUAL,CHARAGUA,132.24,507,14178.919999999998,28.18870775347912,47.90673100000001,11.421028225806454,2.272869221088482,45.2,0.063116,0.8108284023668638,0.8063229034612973,5.15,0.258383,36.315549597855224,18.470111731843573,0.161736,8.642400000000002,85
137,VALERIA PUMA PEDRAZA,INDIVIDUAL,PORTACHUELO,90.02,791,21663.74,27.953212903225808,54.399516999999996,11.242858974358974,1.733998001342942,16.59,0.064475,0.798621997471555,0.7922144879437031,6.0,0.278129,36.44653239929948,18.581164874551973,0.163085,1.4295,85
138,ASOC. PROD. GENERAL SAAVEDRA NO.0138,ASOCIACION,GENERAL SAAVEDRA,141.1,1558,43684.899999999994,28.348410123296556,130.147124,11.308274278215224,1.930966261602787,45.2,0.064827,0.8157894736842105,0.7951553610054791,6.0,0.296534,36.522428964252974,18.5156549232159,0.139281,7.609680000000002,85
140,ASOC. PROD. MONTERO NO.0140,ASOCIACION,MONTERO,68.72,1325,36566.75,27.93487394957983,121.088815,11.394559505409584,2.1902179875261916,45.2,0.069434,0.808211320754717,0.7922525445100317,5.75,0.283019,36.61033441208199,18.49370249728556,0.175094,7.663474,85
141,ALEJANDRA MAMANI TORREZ,COMUNIDAD,PUERTO QUIJARRO,124.29,469,13174.679999999998,28.211306209850104,44.734565,11.346919739696311,2.383338919334359,45.2,0.066098,0.8060127931769724,0.7885866453801269,6.0,0.287846,36.46553892215569,18.592562499999996,0.132196,9.291600000000003,85
142,JHONNY PINTO ALVARADO,INDIVIDUAL,CUATRO CANADAS,202.01,777,21657.059999999998,28.053186528497406,65.691152,11.361009174311928,2.12042501896921,45.2,0.063063,0.777902187902188,0.7777500928417237,5.4,0.253539,36.50553672316384,18.528667883211682,0.164736,9.662640000000001,85
143,ASOC. PROD. WARNES NO.0143,ASOCIACION,WARNES,183.17,1310,36349.490000000005,28.069104247104253,120.03726400000001,11.419586583463339,2.188221732105697,45.2,0.071756,0.8150687022900763,0.8037587138829039,6.0,0.300000,36.54662971175166,18.4650974025974,0.148855,9.55344,85
144,ASOC. PROD. SAN JULIAN NO.0144,ASOCIACION,SAN JULIAN,139.04,1008,28115.17,28.171513026052104,80.423636,11.380953346855982,1.7818272443718504,17.52,0.084325,0.8387003968253968,0.7934692454127822,6.0,0.312500,36.55549525101764,18.46351585014409,0.149802,1.2670000000000003,85
145,LUIS MARTINEZ YUJRA,INDIVIDUAL,WARNES,69.07,1062,29498.79,27.90803216650899,88.23857100000001,11.433195380173244,2.015557456544895,45.2,0.070621,0.7872316384180791,0.7672327233987505,4.99,0.278719,36.47653005464481,18.498113730929266,0.147834,9.455754,85
146,RENE ROMERO SANCHEZ,INDIVIDUAL,SAN JULIAN,52.94,1032,28637.75,27.966552734375,115.12148900000003,11.37903066271019,2.51524221813537,45.2,0.052326,0.8379748062015505,0.8901133153731708,6.0,0.290698,36.59649930264993,18.429085794655414,0.152132,9.74064,85
147,ASOC. PROD. PAILON NO.0147,COOPERATIVA,PAILON,34.15,971,27005.18,28.071912681912682,72.042284,11.419278242677825,1.7387248748904431,17.0,0.075180,0.8157878475798145,0.7465757377952607,4.98,0.300721,36.50626470588236,18.60745839636914,0.174047,1.5720120000000004,85
148,ROBERTO NAVIA SORIA,INDIVIDUAL,MONTERO,32.55,515,14225.650000000001,28.113932806324115,44.145521,11.41813627254509,2.226682733901892,45.2,0.056311,0.8033786407766991,0.7970565026486462,5.83,0.262136,36.583820224719105,18.515628571428568,0.120388,8.514480000000002,85
149,ENRIQUE GUTIERREZ TICONA,INDIVIDUAL,BUEN RETIRO,63.3,999,27722.69,28.00271717171717,83.46698300000001,11.317302083333335,1.6916921184310831,16.78,0.063063,0.8661861861861861,0.8139880357930318,5.92,0.318318,36.561681159420296,18.480903522205207,0.155155,1.5045359999999999,85
150,CAMILA COLQUE MARCA,INDIVIDUAL,YAPACANI,90.48,779,21676.940000000002,28.006382428940572,67.356008,11.406526867627786,1.7445989003481803,17.55,0.071887,0.8373684210526315,0.8042532384432626,4.82,0.302953,36.573876106194696,18.500691588785045,0.125802,1.36756,85
151,LUIS CUELLAR SANDOVAL,INDIVIDUAL,CUATRO CANADAS,60.77,855,23563.999999999996,27.853427895981085,73.772507,11.394384707287932,2.090365003304116,45.2,0.070175,0.7966666666666666,0.7680949089970369,5.04,0.284211,36.432873563218386,18.525111464968152,0.150877,9.850821000000002,85
152,ASOC. PROD. SAN PEDRO NO.0152,ASOCIACION,SAN PEDRO,114.85,1034,28440.870000000003,27.91056918547596,78.53735,11.43815034619189,1.7228045409403059,16.62,0.075435,0.7976885880077371,0.7782794186909523,4.96,0.291103,36.425538881309684,18.401811894882435,0.145068,1.032993,85
153,ANA RODRIGUEZ ALVARADO,INDIVIDUAL,OKINAWA,99.49,1036,28832.89,28.295279685966634,83.892004,11.48119165839126,2.016463000359548,45.2,0.079151,0.8018436293436294,0.7656598169126664,6.0,0.288610,36.54109439124487,18.48533422459893,0.138996,5.656560000000001,85
154,DAVID VASQUEZ YUJRA,COMUNIDAD,PAILON,60.33,244,6679.0,27.94560669456067,19.350594,11.246416666666669,1.669181291979714,16.03,0.049180,0.8484016393442623,0.7918615787072211,4.05,0.311475,36.57977401129944,18.4255625,0.172131,0.8314299999999999,79
155,ASOC. PROD. PORTACHUELO NO.0155,COOPERATIVA,PORTACHUELO,74.87,2055,57266.49,28.140781326781326,183.64016,11.363829365079363,2.0674142079771296,45.2,0.067640,0.8177858880778589,0.7920860462533765,5.24,0.295864,36.452342778161714,18.50757221458047,0.176642,11.438000000000002,85
156,LAURA FLORES VILLCA,INDIVIDUAL,LA GUARDIA,88.34,1311,36197.850000000006,28.10392080745342,117.615625,11.435155763239875,2.199619797949602,45.2,0.070175,0.7925400457665904,0.7769856815600341,6.0,0.286041,36.428204845814975,18.45421753607103,0.130435,9.119760000000001,85
157,ASOC. PROD. BUEN RETIRO NO.0157,ASOCIACION,BUEN RETIRO,55.59,768,21452.01,28.152244094488186,70.610325,11.359095744680852,2.1269060019866397,45.2,0.066406,0.8329687499999999,0.8015054538200346,5.91,0.298177,36.55881679389313,18.543726235741445,0.152344,9.168999000000001,85
158,ASOC. PROD. CUATRO CANADAS NO.0158,ASOCIACION,CUATRO CANADAS,511.19,1291,35729.969999999994,28.00154388714733,95.42742600000001,11.313708399366087,1.7261708653021695,17.24,0.068939,0.7876374903175833,0.7917061814759216,5.65,0.278854,36.40445810055866,18.463604777415853,0.143300,1.4080200000000003,85
159,ENRIQUE CASTRO AGUILAR,INDIVIDUAL,LA GUARDIA,59.95,506,14076.779999999999,27.930119047619044,36.198101,11.2516430020284,1.6918921727834397,15.96,0.059289,0.8178458498023715,0.7713693006419434,6.0,0.306324,36.4582,18.540823863636362,0.158103,1.362225,85
160,SANDRA NAVIA CONDORI,INDIVIDUAL,MINEROS,43.3,824,23091.53,28.36797297297297,64.095073,11.399626400996263,1.750694442876761,16.59,0.076456,0.7970752427184465,0.7676592146967371,5.04,0.271845,36.48097864768684,18.537115716753018,0.162621,1.213616,85
161,AGROP. VACA HNOS. S.R.L.,EMPRESA AGROPECUARIA,ROBORE,95.8,513,14089.880000000001,27.845612648221344,38.231742,11.205375494071147,1.738676735169042,16.62,0.068226,0.7980311890838206,0.7487804035732648,5.17,0.288499,36.567692307692305,18.500307262569834,0.153996,1.0854510000000002,84
162,AGROP. VILLCA HNOS. S.R.L.,EMPRESA AGROPECUARIA,SANTA ROSA,44.11,531,14744.13,27.871701323251415,33.535768,11.334258188824663,1.7263856777960789,16.13,0.060264,0.7729378531073448,0.7076973249049668,5.05,0.282486,36.47112328767123,18.444135135135138,0.163842,1.2546900000000003,84
163,GUSTAVO TICONA VASQUEZ,INDIVIDUAL,SANTA ROSA,80.51,537,14881.849999999999,28.1320415879017,43.212582000000005,11.384981060606062,2.266286449037357,45.2,0.063315,0.8272998137802607,0.8320718888579143,5.94,0.301676,36.51904069767442,18.554235924932975,0.175047,1.4795300000000002,85
164,ALBERTO GARCIA MARCA,INDIVIDUAL,MINEROS,76.1,541,15068.990000000002,28.061433891992554,39.684796,11.29233644859813,1.7072824735944563,17.75,0.064695,0.7786321626617375,0.7795720428547219,5.22,0.266174,36.537868421052636,18.442328042328043,0.155268,1.2537469999999997,85
165,ASOC. PROD. PUERTO QUIJARRO NO.0165,COOPERATIVA,PUERTO QUIJARRO,143.72,1085,30169.43,28.06458604651163,101.20633000000001,11.401911487758944,2.2524288324641057,45.2,0.070968,0.8067834101382486,0.7830098954697123,5.88,0.292166,36.60939072847682,18.443834886817577,0.153917,8.985600000000002,85
166,ASOC. PROD. BUEN RETIRO NO.0166,ASOCIACION,BUEN RETIRO,76.06,811,22485.079999999998,28.001344956413448,62.042418999999995,11.345871212121212,1.688519949333328,16.96,0.056720,0.812996300863132,0.7952653249220266,5.16,0.298397,36.43233788395904,18.392650176678444,0.163995,1.5418770000000004,85
167,ROBERTO MARCA FLORES,INDIVIDUAL,LA GUARDIA,171.67,818,22958.49,28.41397277227723,61.55644799999999,11.426248447204971,1.7119565885508745,16.99,0.069682,0.8085452322738386,0.7619694966751688,5.55,0.294621,36.58046712802768,18.50912280701754,0.156479,1.2112100000000001,85
168,LAURA COLQUE CHAMBI,INDIVIDUAL,CHARAGUA,323.35,265,7593.06,28.653056603773585,20.745498000000005,11.303667953667953,1.6655583316067277,15.47,0.056604,0.8077735849056604,0.8587243587435959,4.74,0.267925,36.653703703703705,18.67375,0.162264,1.138456,81
169,ANA TICONA APAZA,INDIVIDUAL,ROBORE,138.57,284,7807.8099999999995,27.78580071174377,18.941177,11.368571428571428,1.8009231118017976,16.59,0.070423,0.749612676056338,0.6891897670180723,4.42,0.246479,36.54328042328042,18.358163265306125,0.154930,1.213242,79
170,ASOC. PROD. SAN JULIAN NO.0170,ASOCIACION,SAN JULIAN,325.91,506,13943.92,27.832175648702595,51.329436,11.48169696969697,2.2880144383132923,45.2,0.077075,0.8339525691699605,0.7894280356615387,4.17,0.292490,36.60591304347826,18.47487323943662,0.146245,9.893520000000002,85
171,MARIO MARTINEZ TORREZ,INDIVIDUAL,BUEN RETIRO,50.94,780,21993.399999999998,28.415245478036173,77.42752,11.329725130890052,2.1640376690642547,45.2,0.074359,0.8568589743589743,0.8145677831111687,6.0,0.315385,36.60380434782609,18.524757630161577,0.146154,7.09829,85
172,ASOC. PROD. OKINAWA NO.0172,COOPERATIVA,OKINAWA,772.94,1273,35242.700000000004,27.99261318506752,114.870709,11.440329052969503,2.2271744061505916,45.2,0.074627,0.7899450117831893,0.7765482081721831,6.0,0.272584,36.58724944320713,18.60882687927107,0.145326,10.374000000000002,85
174,ASOC. PROD. SANTA ROSA NO.0174,COOPERATIVA,SANTA ROSA,143.9,1556,43157.03,27.987697795071334,135.35322100000002,11.466618705035971,2.270896739565751,45.2,0.061697,0.7778213367609255,0.7564652587350374,6.0,0.275707,36.52026070763501,18.4824,0.148458,10.551840000000002,85
175,MARIO PEDRAZA CHUQUIMIA,INDIVIDUAL,SAN PEDRO,111.03,287,7907.48,27.843239436619715,21.155715,11.249964664310953,1.615736114047193,15.78,0.055749,0.8292334494773518,0.8637672232379263,6.0,0.289199,36.41126829268293,18.558061224489798,0.146341,1.6219999999999999,83
176,CHRISTIAN MACHACA ALVARADO,INDIVIDUAL,GENERAL SAAVEDRA,143.34,269,7724.920000000002,28.824328358208962,22.701789,11.359584905660377,1.7448797978262631,17.04,0.066914,0.8143866171003719,0.8208505413067064,5.9,0.278810,36.733582887700535,18.443695652173915,0.141264,1.2687839999999997,83
177,RONALD CASTRO MERCADO,INDIVIDUAL,YAPACANI,153.18,747,20810.260000000002,28.236445047489827,57.606649000000004,11.257285318559555,1.7484589922973184,16.28,0.053548,0.8060642570281125,0.819382515264552,5.83,0.289157,36.46037254901961,18.648562874251496,0.149933,1.3539359999999994,85
178,ASOC. PROD. CUATRO CANADAS NO.0178,ASOCIACION,CUATRO CANADAS,140.95,246,6820.71,28.068765432098765,21.199978,11.29273858921162,1.7815084812819904,16.34,0.069106,0.8201626016260162,0.8745312295235542,4.99,0.280488,36.61114942528736,18.459137931034483,0.166667,1.155504,77
179,IVAN HUANCA FLORES,INDIVIDUAL,SAN JULIAN,159.68,775,21502.640000000003,27.853160621761663,60.081197,11.393337730870712,1.7630163054972088,18.18,0.085161,0.7834322580645162,0.798210749593651,6.0,0.259355,36.321586715867156,18.500460405156538,0.158710,1.7008039999999998,85
180,AGROP. AGUILAR HNOS. S.R.L.,EMPRESA AGROPECUARIA,PORTACHUELO,82.34,1015,28212.81,28.128424725822534,90.315353,11.416830985915492,1.9687035514060676,45.2,0.060099,0.8520000000000001,0.8064431365845819,4.44,0.304433,36.549241379310345,18.609540889526542,0.140887,8.467680000000001,85
181,ROSA MONTAÑO COLQUE,INDIVIDUAL,LA GUARDIA,379.07,1019,28524.05,28.241633663366336,72.59285200000001,11.33436815920398,1.6695455651776332,16.38,0.049068,0.7782924435721295,0.7941530121649503,5.28,0.269872,36.55471167369901,18.53417378917379,0.158979,1.451916,85
182,AGROP. CHOQUE HNOS. S.R.L.,EMPRESA AGROPECUARIA,CHARAGUA,73.64,287,8001.639999999999,28.174788732394365,18.137449,11.320140350877193,1.7829704941611328,16.29,0.062718,0.7307317073170733,0.6843233254692846,3.34,0.257840,36.75990243902439,18.51887804878049,0.156794,0.79511,84
183,AGROP. YUJRA HNOS. S.R.L.,EMPRESA AGROPECUARIA,SAN PEDRO,56.18,484,13843.959999999997,28.84158333333333,43.867588000000005,11.304894067796612,1.7384113075175338,17.77,0.064050,0.8829752066115703,0.8528186316161451,6.0,0.330579,36.54975975975976,18.50537356321839,0.154959,1.4660000000000002,85
184,ASOC. PROD. PAILON NO.0184,COOPERATIVA,PAILON,170.98,787,21804.49,28.026336760925453,53.945086999999994,11.300129533678758,1.7144856205263759,16.43,0.060991,0.7752986022871665,0.7780094690159309,6.0,0.261753,36.402757973733586,18.478534322820035,0.165184,2.062776,85
185,ASOC. PROD. CUATRO CANADAS NO.0185,COOPERATIVA,CUATRO CANADAS,114.56,1001,27744.469999999998,28.053053589484325,76.330748,11.42655487804878,1.7580271996839771,16.37,0.074925,0.7887212787212787,0.7820755482923394,6.0,0.275724,36.578527696793,18.453880389429763,0.161838,1.7485,85
186,NATALIA HUANCA CASTRO,INDIVIDUAL,MONTERO,174.24,798,22267.899999999998,28.151580278128947,65.366982,11.418786717752235,2.088688249306277,45.2,0.071429,0.7860526315789472,0.7829553972383002,5.06,0.263158,36.56231329690347,18.543383458646616,0.139098,7.188480000000002,85
187,FERNANDO CHOQUE GUTIERREZ,INDIVIDUAL,CHARAGUA,72.19,511,13933.609999999999,27.591306930693065,43.464099000000004,11.34188376753507,1.7730962579275202,17.17,0.068493,0.8356751467710372,0.7839949755670882,4.17,0.305284,36.36041782729805,18.650496083550912,0.146771,0.921519,85
188,LUIS APAZA LOPEZ,INDIVIDUAL,LA GUARDIA,157.34,1315,36973.920000000006,28.441476923076927,111.82861999999999,11.347659409020217,1.7845353524055851,17.57,0.069962,0.8293384030418253,0.7967002555015087,5.77,0.293536,36.36603053435115,18.501469613259665,0.145247,1.583725,85
189,ASOC. PROD. SAN PEDRO NO.0189,ASOCIACION,SAN PEDRO,84.94,543,15284.160000000002,28.304000000000002,37.515201,11.239831460674155,1.8041298697504744,16.8,0.077348,0.7669797421731124,0.7506216940864044,5.82,0.274401,36.50731266149871,18.49298941798942,0.158379,1.6389879999999997,85
190,ASOC. PROD. SANTA ROSA NO.0190,COOPERATIVA,SANTA ROSA,89.52,776,21700.17,28.109028497409323,63.693501999999995,11.363530183727034,1.7375945143205285,16.89,0.061856,0.8056701030927834,0.7982754408189563,6.0,0.279639,36.54209259259259,18.542685185185185,0.159794,2.6517059999999995,85
191,FELIX CUELLAR PUMA,INDIVIDUAL,OKINAWA,95.29,791,22012.85,28.185467349551853,59.362115,11.242818532818532,1.6992757430123349,17.81,0.051833,0.7899115044247789,0.7808786788906209,5.36,0.283186,36.5405424954792,18.618916967509026,0.168142,1.4261559999999998,85
192,JULIO COPA CRUZ,INDIVIDUAL,PUERTO QUIJARRO,53.09,1271,35209.55,28.122643769968054,95.57719599999999,11.379340836012863,1.7275754287485376,16.17,0.074744,0.7894964594807239,0.7482608064279952,5.78,0.280094,36.581102362204724,18.505559210526314,0.144768,3.0074449999999997,85
193,ASOC. PROD. PUERTO SUAREZ NO.0193,COOPERATIVA,PUERTO SUAREZ,12.4,999,27344.889999999996,27.81779247202441,80.21356,11.284006116207951,1.9914881513846379,45.2,0.048048,0.7915915915915916,0.7774415734765595,6.0,0.286286,36.474391304347826,18.305312046444122,0.166166,8.679840000000002,85
194,JUAN MORALES LIMA,INDIVIDUAL,ROBORE,28.54,513,14297.93,28.145531496062993,56.264520000000005,11.531013916500992,2.765272614999135,45.2,0.089669,0.7777387914230018,0.7848461943746161,5.31,0.269006,36.32834710743802,18.50215297450425,0.161793,9.509760000000002,85
195,SILVIA CHUQUIMIA SORIA,INDIVIDUAL,SAN JULIAN,42.44,988,27617.019999999997,28.151906218144745,85.09609599999999,11.329763860369612,2.0505157012309576,45.2,0.058704,0.809008097165992,0.8060322397805036,6.0,0.299595,36.47818696883853,18.57074605451937,0.134615,8.633040000000003,85
196,YENNY MARCA QUISPE,INDIVIDUAL,PUERTO QUIJARRO,166.38,254,7175.74,28.362608695652174,17.436742,11.492661290322582,1.7596048088112923,17.25,0.074803,0.7283464566929134,0.6847061789045598,3.74,0.212598,36.38608695652174,18.42393063583815,0.114173,1.34832,84
197,ASOC. PROD. SAN PEDRO NO.0197,ASOCIACION,SAN PEDRO,21.96,515,14436.95,28.307745098039216,34.024702,11.359601593625497,1.7211560893972733,16.65,0.060194,0.7379029126213592,0.7435812688577959,6.0,0.231068,36.600819672131145,18.500362116991642,0.186408,1.2505,85
198,ASOC. PROD. OKINAWA NO.0198,ASOCIACION,OKINAWA,158.62,789,21697.43,28.069120310478656,53.947812000000006,11.295315315315314,1.757306891235644,16.26,0.065906,0.7776045627376426,0.7663629349071233,6.0,0.282636,36.45810909090909,18.546080586080585,0.158428,1.1775000000000002,85
199,PEDRO ROMERO TORREZ,INDIVIDUAL,SAN JULIAN,294.05,1568,43627.68,28.05638585209003,129.194942,11.372946544980442,2.11025781615199,45.2,0.061224,0.8033035714285712,0.7569089929944115,5.74,0.285714,36.47186629526462,18.55304822565969,0.156888,8.286720000000003,85
200,ASOC. PROD. PUERTO QUIJARRO NO.0200,ASOCIACION,PUERTO QUIJARRO,66.23,254,7123.320000000001,28.493280000000002,25.247829,11.333991935483871,1.9023494402047334,18.21,0.086614,0.8512992125984251,0.8249050041363428,4.82,0.287402,36.59798882681564,18.605238095238096,0.165354,1.1333940000000002,80
201,ASOC. PROD. CUATRO CANADAS NO.0201,COOPERATIVA,CUATRO CANADAS,328.14,989,27101.67,27.711319018404907,78.28067899999999,11.338002049180329,1.7479827506031105,16.58,0.066734,0.7991304347826087,0.805410004581312,6.0,0.267947,36.48759365994236,18.56922857142857,0.161780,1.6755,85
202,ALBERTO GUTIERREZ VACA,INDIVIDUAL,ROBORE,50.59,754,20924.45,28.011311914323965,72.835232,11.491065573770493,2.5062230533131293,45.2,0.059682,0.7940583554376657,0.7770709650802375,4.94,0.290451,36.465096899224804,18.491716981132075,0.168435,8.851032000000004,85
203,YENNY PEDRAZA VACA,INDIVIDUAL,GENERAL SAAVEDRA,106.49,517,14530.890000000001,28.325321637426903,45.395511,11.475059760956176,2.328506048002271,45.2,0.081238,0.7368085106382979,0.7420297874808155,4.26,0.243714,36.54762430939226,18.5074677002584,0.127660,8.22432,85
204,ROSA ANTELO LIMA,COMUNIDAD,SANTA ROSA,133.63,2322,64678.69,28.15789725729212,199.809908,11.374292639929484,2.145407936946117,45.2,0.071059,0.7808742463393628,0.7800893477478047,6.0,0.271318,36.39447384615385,18.461450428396574,0.147287,9.89352,85
205,VANESSA MERCADO PEDRAZA,INDIVIDUAL,MINEROS,74.11,487,13627.439999999999,28.331476091476087,34.780434,11.286133056133057,1.8125624170197625,16.95,0.069815,0.7633059548254619,0.7173981013556313,4.5,0.242300,36.550238805970146,18.53953079178886,0.149897,1.0976000000000001,85
206,AGROP. CUELLAR HNOS. S.R.L.,EMPRESA AGROPECUARIA,PUERTO QUIJARRO,19.29,252,6869.09,27.58670682730924,29.437001,11.459640000000002,2.7815225581262952,45.2,0.075397,0.8560714285714286,0.7773814733044482,4.0,0.317460,36.52136612021858,18.49109756097561,0.146825,8.068320000000002,82
207,GABRIELA CHOQUE VILLCA,COMUNIDAD,PUERTO SUAREZ,61.78,501,14051.100000000002,28.15851703406814,38.201823,11.379776422764229,2.3142764549622976,45.2,0.057884,0.7869860279441118,0.7614317420520315,4.45,0.299401,36.44150724637681,18.503676470588236,0.157685,1.059763,85
208,ASOC. PROD. MONTERO NO.0208,COOPERATIVA,MONTERO,243.86,1327,36936.84,28.067507598784193,120.84870599999999,11.331981637337414,2.193895918531024,45.2,0.066315,0.8067746797287113,0.8130672961547212,6.0,0.273549,36.532272727272726,18.45800436205016,0.148455,9.631440000000003,85
209,SILVIA SANDOVAL CHUQUIMIA,INDIVIDUAL,EL TORNO,61.49,471,13143.109999999999,28.02368869936034,32.918069,11.450779220779221,1.6679984755012343,16.21,0.065817,0.7560721868365181,0.7529660973205523,5.49,0.261146,36.68021472392638,18.478227848101266,0.159236,1.263037,85
210,ASOC. PROD. SAN JULIAN NO.0210,COOPERATIVA,SAN JULIAN,165.31,784,21865.530000000002,28.10479434447301,61.784971999999996,11.315989583333334,1.7038207879928842,16.87,0.058673,0.8039158163265306,0.7902889835058273,5.18,0.289541,36.62685873605948,18.54963963963964,0.132653,1.0882139999999996,85
211,ASOC. PROD. YAPACANI NO.0211,COOPERATIVA,YAPACANI,125.02,241,6885.660000000001,28.81029288702929,27.810329000000003,11.471054852320675,2.794720382822748,45.2,0.066390,0.8597510373443985,0.8288505722340239,5.11,0.286307,36.36811764705883,18.522083333333335,0.103734,8.54568,80
212,NATALIA CONDORI PEREZ,INDIVIDUAL,ROBORE,176.86,1313,36766.54,28.195199386503067,98.540526,11.407007812500002,1.7073851544438374,16.75,0.076923,0.8065575019040365,0.7523356112012508,4.91,0.287890,36.49209302325581,18.471175824175823,0.155369,1.2634359999999998,85
213,AGROP. MONTAÑO HNOS. S.R.L.,EMPRESA AGROPECUARIA,CHARAGUA,164.44,289,8060.300000000001,27.98715277777778,22.871396,11.440494699646644,1.7688423616884859,15.87,0.065744,0.8286159169550174,0.7898282301981825,5.39,0.276817,36.37339901477832,18.383744075829384,0.162630,1.3459739999999998,85
214,ASOC. PROD. SAN JULIAN NO.0214,ASOCIACION,SAN JULIAN,59.83,829,22985.39,27.9968209500609,70.620168,11.362414215686277,2.098204474585791,45.2,0.071170,0.8028468033775633,0.7652097700650022,4.14,0.277443,36.523188908145585,18.438234265734266,0.129071,7.519200000000001,85
215,MARCO YUJRA SANCHEZ,INDIVIDUAL,PUERTO SUAREZ,92.1,251,7059.23,28.236919999999998,24.623987,11.257791164658636,1.738552054594425,16.68,0.063745,0.9290836653386454,0.8796510427278034,5.21,0.354582,36.53994382022472,18.363055555555558,0.183267,1.407824,83
216,OSCAR APAZA SALVATIERRA,INDIVIDUAL,MONTERO,18.8,753,21016.35,28.134337349397587,66.16858900000001,11.465945205479452,2.18604496513362,45.2,0.081009,0.8079282868525897,0.8315158294570343,6.0,0.281541,36.44956190476191,18.50037807183365,0.163347,7.2883200000000015,85
217,AGROP. LIMA HNOS. S.R.L.,EMPRESA AGROPECUARIA,PUERTO QUIJARRO,93.83,742,20855.249999999996,28.182770270270264,62.993719000000006,11.334746227709191,2.0852921561366835,45.2,0.066038,0.80455525606469,0.7541686248820035,5.14,0.273585,36.631078998073214,18.50110038610039,0.169811,8.424000000000001,85
218,ASOC. PROD. ROBORE NO.0218,ASOCIACION,ROBORE,112.22,774,21469.26,28.06439215686274,73.15767699999999,11.522105960264902,2.1076347106740663,45.2,0.081395,0.826640826873385,0.7929487650844738,5.25,0.299742,36.5991061452514,18.527073170731704,0.134367,11.193600000000002,85
219,ASOC. PROD. YAPACANI NO.0219,COOPERATIVA,YAPACANI,89.1,1293,36080.990000000005,28.188273437500005,119.098471,11.39400947119179,2.1512908487384927,45.2,0.061098,0.8180742459396751,0.8603248832272563,6.0,0.276875,36.55806243272336,18.43944507361268,0.134571,9.142308000000002,85
220,ASOC. PROD. PORTACHUELO NO.0220,COOPERATIVA,PORTACHUELO,47.2,265,7453.179999999999,28.666076923076922,16.985124,11.3225,1.7413533164033697,16.7,0.056604,0.7481509433962263,0.7462019842993001,5.17,0.207547,36.444462365591406,18.42137142857143,0.132075,1.2084660000000003,83
221,ASOC. PROD. EL TORNO NO.0221,ASOCIACION,EL TORNO,47.23,1313,36309.57,27.93043846153846,102.06010599999999,11.336105919003115,1.9939572644769592,45.2,0.059406,0.7676694592536176,0.7714975284414377,6.0,0.270373,36.521226725082144,18.519558189655175,0.162224,9.21648,85
222,CARLOS CATACORA MAMANI,INDIVIDUAL,MONTERO,109.2,771,21448.39,28.147493438320208,63.43377699999999,11.374173333333335,1.7210971744599801,16.72,0.060960,0.8163683527885863,0.8468942737397962,6.0,0.286641,36.69344202898551,18.47828244274809,0.149157,1.508,85
223,ASOC. PROD. PORTACHUELO NO.0223,ASOCIACION,PORTACHUELO,36.01,800,21935.239999999998,27.766126582278478,64.452148,11.27993638676845,2.1230655929272997,45.2,0.053750,0.7820999999999999,0.7658039302422444,4.52,0.280000,36.521221640488655,18.52780769230769,0.132500,7.497360000000001,85
224,ASOC. PROD. YAPACANI NO.0224,COOPERATIVA,YAPACANI,53.35,263,7392.06,28.431,20.915972999999997,11.434630350194551,1.7779998746432886,16.56,0.072243,0.7803041825095057,0.8364583089070798,4.83,0.247148,36.403829787234045,18.359894179894177,0.201521,0.9555699999999999,81
225,JHONNY PEDRAZA MACHACA,INDIVIDUAL,PUERTO QUIJARRO,58.81,252,6994.7699999999995,27.97908,32.414947,11.683427419354837,2.798732641673556,45.2,0.091270,0.839920634920635,0.7599921325151033,3.78,0.317460,36.47245714285714,18.523224043715846,0.158730,9.672558,82
226,ASOC. PROD. MONTERO NO.0226,ASOCIACION,MONTERO,507.93,763,21176.180000000004,28.15981382978724,54.60987900000001,11.383716577540104,1.6911363811328113,16.22,0.058978,0.7838138925294889,0.8034783319327811,6.0,0.273919,36.62432075471698,18.515039682539683,0.142857,1.789746,85
227,ASOC. PROD. EL TORNO NO.0227,COOPERATIVA,EL TORNO,61.93,761,21076.47,28.064540612516645,68.892768,11.405395973154363,2.1235363422900866,45.2,0.067017,0.7936136662286463,0.8084961367758103,6.0,0.286465,36.47483576642336,18.547156133829,0.139290,10.316850000000002,85
228,ASOC. PROD. PAILON NO.0228,ASOCIACION,PAILON,16.11,1029,28790.199999999997,28.198041136141036,89.78840799999999,11.469154228855722,2.051074487890446,45.2,0.073858,0.8186491739552965,0.7978340220881532,5.56,0.278912,36.5928987517337,18.543510928961748,0.145773,10.077552,85
229,CARLOS FLORES RODRIGUEZ,INDIVIDUAL,SAN PEDRO,125.92,1037,28917.510000000002,28.075252427184466,85.676485,11.244306640625,1.6846375930324324,16.41,0.050145,0.863085824493732,0.839089024642615,5.06,0.317261,36.55861833105335,18.49210027100271,0.138862,1.139236,85
230,GABRIELA CHOQUE HUANCA,INDIVIDUAL,ROBORE,73.51,546,15041.699999999999,27.906679035250463,62.840548000000005,11.506238361266295,3.0683702348806885,45.2,0.067766,0.786996336996337,0.7589145725487979,5.77,0.269231,36.48159268929504,18.493421750663128,0.146520,8.810880000000003,85
231,LUIS ROMERO VILLCA,INDIVIDUAL,OKINAWA,116.28,759,21233.78,28.311706666666666,61.18312,11.358875502008033,1.735838856408569,17.55,0.064559,0.8132674571805006,0.8214340834408131,5.57,0.280632,36.48478095238095,18.439980353634574,0.175231,1.067175,85
232,ASOC. PROD. PAILON NO.0232,COOPERATIVA,PAILON,64.58,1055,29138.68,27.991047070124882,106.85344,11.382665369649807,2.270254479360971,45.2,0.054976,0.8651469194312796,0.8318821120887121,6.0,0.317536,36.44120665742025,18.43289290681502,0.147867,9.771840000000001,85
233,ASOC. PROD. SAN PEDRO NO.0233,ASOCIACION,SAN PEDRO,76.5,1333,37037.829999999994,27.995336356764923,116.908361,11.37812213740458,2.027327997291135,45.2,0.072018,0.8158439609902476,0.7997841185558817,5.93,0.296324,36.45061375661375,18.624393617021276,0.160540,7.612346000000003,85
234,ASOC. PROD. YAPACANI NO.0234,COOPERATIVA,YAPACANI,245.63,523,14405.68,27.75660886319846,46.813272999999995,11.324039215686273,2.3156970457919135,45.2,0.066922,0.7791586998087954,0.7513997535990088,4.83,0.290631,36.45826086956522,18.51242894056848,0.160612,9.991885000000002,85
235,ASOC. PROD. PORTACHUELO NO.0235,COOPERATIVA,PORTACHUELO,118.33,1854,51546.55,28.044912948857455,139.067003,11.402126373626375,1.698139277079987,16.7,0.064186,0.8026699029126214,0.781019607014484,6.0,0.277778,36.48258262874712,18.526434049079757,0.161812,1.408407,85
236,JHONNY SORIA CHAMBI,INDIVIDUAL,YAPACANI,82.45,512,14294.3,28.028039215686274,42.154058,11.202504970178927,1.7539838795372125,16.52,0.058594,0.790859375,0.7751103978878714,5.01,0.281250,36.47473684210526,18.5190756302521,0.150391,1.3281119999999997,85
237,SERGIO RODRIGUEZ GARCIA,INDIVIDUAL,SAN JULIAN,33.21,1337,37544.71,28.48612291350531,126.25847300000001,11.402424012158054,2.143773257014695,45.2,0.056096,0.8096035901271503,0.8015135802893792,5.8,0.281227,36.490869098712444,18.537952840300107,0.151832,9.348260000000003,85
238,DANIELA PEDRAZA MAMANI,INDIVIDUAL,YAPACANI,81.57,1587,43578.299999999996,27.93480769230769,128.076823,11.329257362355953,2.1271819018117544,45.2,0.060491,0.7820352867044738,0.7540120207128904,4.43,0.275362,36.47887285843102,18.457252650176677,0.136106,9.525360000000003,85
239,JESSICA CATACORA VACA,INDIVIDUAL,EL TORNO,59.72,734,20507.74,28.13133058984911,60.621112000000004,11.473305555555557,1.7440951174034118,17.12,0.061308,0.8244277929155315,0.7774277291442113,4.77,0.321526,36.47940952380952,18.611459999999997,0.159401,1.2608719999999995,85
240,AGROP. MORALES HNOS. S.R.L.,EMPRESA AGROPECUARIA,GENERAL SAAVEDRA,215.23,772,21494.940000000002,28.320079051383402,68.370176,11.43938157894737,2.0995948568790683,45.2,0.077720,0.7915673575129533,0.7647404919973844,5.29,0.286269,36.35454044117647,18.503782287822876,0.138601,10.127520000000002,85
241,ASOC. PROD. MONTERO NO.0241,COOPERATIVA,MONTERO,70.77,1360,37762.7,27.993106004447736,107.486959,11.355840179238237,1.77160102778335,17.01,0.062500,0.8239044117647059,0.7955487679692937,5.54,0.288971,36.53077253218885,18.450835095137418,0.136765,1.3198250000000005,85
242,ASOC. PROD. SANTA ROSA NO.0242,ASOCIACION,SANTA ROSA,539.66,1305,36302.67999999999,28.05462132921174,108.45630899999999,11.276859827721221,1.968923991248617,45.2,0.056705,0.8002452107279693,0.8135500866612762,5.56,0.265900,36.48069506726458,18.490569550930996,0.146360,8.444031,85
243,MIGUEL GUTIERREZ NAVIA,INDIVIDUAL,BUEN RETIRO,61.88,771,21209.539999999997,27.944057971014487,65.462051,11.35181697612732,2.093555345590378,45.2,0.055772,0.7894941634241246,0.7701768246316273,5.6,0.277562,36.44714555765595,18.531981481481484,0.169909,7.902960000000001,85
244,RODRIGO ANTELO MORALES,INDIVIDUAL,CUATRO CANADAS,323.59,744,20700.890000000003,28.0499864498645,50.041723999999995,11.3739231824417,1.7594337483889737,16.6,0.068548,0.7496639784946236,0.7287929658498167,5.5,0.266129,36.429850467289725,18.498277227722774,0.116935,0.9858699999999999,85
245,ASOC. PROD. WARNES NO.0245,ASOCIACION,WARNES,95.2,532,14561.799999999997,27.842829827915864,44.337804999999996,11.22503816793893,1.7759964747892807,16.31,0.063910,0.8559022556390979,0.8378571750574672,4.53,0.281955,36.36857142857143,18.43652406417112,0.139098,1.1747319999999999,84
246,ASOC. PROD. PUERTO QUIJARRO NO.0246,ASOCIACION,PUERTO QUIJARRO,1197.11,782,21739.67,28.196718547341113,69.962746,11.33497375328084,2.128521492581763,45.2,0.069054,0.7905626598465474,0.7904320221246646,5.85,0.271100,36.59907578558226,18.321910112359554,0.166240,8.33976,85
247,AGROP. MONTAÑO HNOS. S.R.L.,EMPRESA AGROPECUARIA,LA GUARDIA,73.64,1554,43309.92,28.141598440545806,133.84139399999998,11.437988126649078,2.3357492863258638,45.2,0.079151,0.7745431145431146,0.7316464006892598,4.49,0.272201,36.36666046511628,18.585882352941177,0.167310,8.72352,85
248,ASOC. PROD. SAN PEDRO NO.0248,ASOCIACION,SAN PEDRO,54.08,1054,29313.27,28.050976076555024,86.636744,11.303714839961202,1.7424980595503763,17.63,0.068311,0.8354648956356736,0.8094970019724662,6.0,0.297913,36.61625675675676,18.46923741007194,0.157495,1.420936,85
249,VICTOR QUISPE QUISPE,INDIVIDUAL,COTOCA,66.53,1853,51922.57,28.18814875135722,141.784939,11.352762795817283,1.776297709333474,16.85,0.065839,0.8012574203993525,0.7890243210214248,6.0,0.282785,36.506001529051986,18.509584905660375,0.158122,1.5039600000000002,85
250,SILVIA GUTIERREZ ALVARADO,INDIVIDUAL,PUERTO SUAREZ,100.26,1021,28431.11,28.14961386138614,94.097221,11.405892323030908,2.055636299343958,45.2,0.073457,0.8026738491674829,0.8005025384779121,6.0,0.275220,36.53918881118881,18.451456582633053,0.146915,8.14944,85
251,ASOC. PROD. OKINAWA NO.0251,ASOCIACION,OKINAWA,251.53,1249,34864.88,28.09418211120064,109.815513,11.361380991064175,2.228714612286757,45.2,0.070456,0.8054523618895116,0.7455212261030119,6.0,0.290633,36.500126002290955,18.562349468713105,0.160128,8.074560000000002,85
252,ASOC. PROD. EL TORNO NO.0252,COOPERATIVA,EL TORNO,36.41,250,6909.369999999999,27.748473895582325,21.599466,11.261129032258065,1.6896403611670923,16.2,0.048000,0.8973199999999999,0.8712491710597431,5.17,0.312000,36.64609195402299,18.540159574468085,0.132000,1.25517,78
253,ASOC. PROD. SAN PEDRO NO.0253,COOPERATIVA,SAN PEDRO,160.93,780,21896.33,28.253329032258065,76.07035400000001,11.449660574412533,2.108958269544206,45.2,0.074359,0.8460128205128205,0.8180460610423471,4.69,0.311538,36.48162790697674,18.459651376146788,0.155128,9.83668,85
254,HUGO MERCADO SORIA,INDIVIDUAL,OKINAWA,77.65,815,22547.07,27.904789603960396,82.386732,11.42925692695214,2.1611932337665554,45.2,0.083436,0.8367852760736196,0.8105033603139697,5.15,0.306748,36.568608058608056,18.5493091537133,0.130061,10.320960000000001,85
255,ASOC. PROD. PUERTO QUIJARRO NO.0255,ASOCIACION,PUERTO QUIJARRO,360.17,769,21442.79,28.103263433813893,70.09048399999999,11.432345191040845,2.072648181016018,45.2,0.046814,0.8257087126137842,0.8092803506044813,6.0,0.288687,36.53201086956521,18.586990476190476,0.158648,8.66736,85
256,ASOC. PROD. YAPACANI NO.0256,ASOCIACION,YAPACANI,57.54,721,20060.68,28.374370579915134,71.257919,11.52132667617689,2.128294174816721,45.2,0.067961,0.8384466019417477,0.8145353653346171,5.14,0.292649,36.528192771084335,18.595146198830413,0.145631,10.89375,85
257,GUSTAVO CATACORA CHUQUIMIA,INDIVIDUAL,OKINAWA,226.32,771,21738.199999999997,28.45314136125654,72.539529,11.4718,2.155906740058366,45.2,0.072633,0.8265369649805447,0.8074663385662153,5.91,0.303502,36.32815384615385,18.513954372623573,0.151751,9.032400000000003,85
258,ASOC. PROD. MONTERO NO.0258,ASOCIACION,MONTERO,94.5,1605,44327.659999999996,28.055481012658227,123.36557000000002,11.332565411614551,1.8807672286818444,45.2,0.056075,0.7829781931464174,0.7644786841382311,5.22,0.285358,36.46058771148709,18.507861635220127,0.148910,9.293717000000001,85
259,AGROP. CASTRO HNOS. S.R.L.,EMPRESA AGROPECUARIA,CHARAGUA,425.46,1349,37558.25,28.218069120961683,115.806666,11.311177811550152,1.9967118358519491,45.2,0.064492,0.7999555226093401,0.8186535397824503,6.0,0.284655,36.45408271474019,18.499320083682008,0.144552,7.603568000000003,85
261,DANIEL NAVIA PUMA,INDIVIDUAL,PORTACHUELO,83.76,500,14100.150000000001,28.485151515151518,39.789881,11.384845360824741,1.746210604128606,18.46,0.076000,0.79258,0.7404033616048428,5.29,0.272000,36.40974504249292,18.41660056657224,0.132000,1.7611100000000002,85
262,GUSTAVO RIVERO RODRIGUEZ,INDIVIDUAL,WARNES,142.14,1534,42446.649999999994,27.98065260382333,116.287709,11.298158602150538,1.687161967352852,17.11,0.049544,0.8253129074315515,0.8038931688217655,5.66,0.306389,36.49593345656193,18.401960966542752,0.148631,1.392408,85
264,ASOC. PROD. ROBORE NO.0264,ASOCIACION,ROBORE,152.62,778,21792.68,28.30218181818182,70.69344600000001,11.437764705882353,2.119911486114956,45.2,0.065553,0.8017352185089974,0.7953770525161367,5.7,0.296915,36.56573476702509,18.491340579710144,0.146530,8.60496,85
265,GABRIELA MONTAÑO YUJRA,INDIVIDUAL,SANTA ROSA,68.72,1056,29311.04,28.075708812260537,76.98294800000001,11.37178916827853,1.7056364024338542,16.5,0.055871,0.7920359848484847,0.8212183312122479,6.0,0.275568,36.558224043715846,18.508145161290322,0.160038,1.4480000000000002,85
266,VICTOR FLORES LOPEZ,INDIVIDUAL,BUEN RETIRO,139.94,741,20372.510000000002,27.8693707250342,62.569833,11.389876203576343,1.6979330688859398,18.1,0.064777,0.8601349527665317,0.8733786418463698,6.0,0.294197,36.392047244094485,18.547988394584138,0.153846,1.52,85
267,LUIS CASTRO YUJRA,INDIVIDUAL,PAILON,199.11,804,22170.989999999998,27.923161209068006,50.10845200000001,11.268173803526452,1.733491564387349,16.99,0.054726,0.7466666666666666,0.7298887363532718,6.0,0.250000,36.51357531760436,18.562064297800337,0.150498,1.2805000000000002,85
268,ASOC. PROD. PUERTO QUIJARRO NO.0268,COOPERATIVA,PUERTO QUIJARRO,85.46,271,7804.5,28.79889298892989,24.138394,11.484848484848483,1.816414168968533,16.84,0.084871,0.7926937269372694,0.792225962853883,4.02,0.269373,36.54707602339182,18.494120879120874,0.158672,1.1611680000000004,83
269,ANA ROMERO CUELLAR,INDIVIDUAL,EL TORNO,56.26,766,21371.960000000003,28.232443857331575,64.11405500000001,11.326437086092717,2.13889846081539,45.2,0.057441,0.7749608355091384,0.7746963552957907,5.08,0.263708,36.47160075329567,18.452453874538747,0.150131,10.392720000000002,85
270,ASOC. PROD. PORTACHUELO NO.0270,ASOCIACION,PORTACHUELO,115.88,782,21693.819999999996,28.173792207792204,56.315561,11.28109947643979,1.774399082908259,16.48,0.072890,0.7730562659846548,0.7751594735137413,6.0,0.285166,36.49841328413284,18.45841328413284,0.141944,1.3724999999999998,85
271,CHRISTIAN CRUZ CUELLAR,INDIVIDUAL,SAN JULIAN,121.33,497,14090.209999999997,28.63863821138211,54.679359,11.406268041237112,2.3697890834220483,45.2,0.082495,0.8569617706237423,0.868034849848609,6.0,0.319920,36.33619760479042,18.436151603498544,0.130785,8.096400000000001,85
272,DAVID NAVIA FLORES,INDIVIDUAL,EL TORNO,92.83,260,7375.970000000001,28.58903100775194,17.236554,11.259137254901962,1.6644882997439525,15.89,0.050000,0.799076923076923,0.7650365990728797,5.06,0.292308,36.33694444444444,18.488555555555557,0.161538,0.9261349999999999,80
273,ASOC. PROD. SAN PEDRO NO.0273,ASOCIACION,SAN PEDRO,72.15,786,21683.93,28.087992227979274,65.67355400000001,11.398200514138816,1.7972942915819732,16.87,0.075064,0.8239312977099237,0.834297868182342,6.0,0.290076,36.508129629629636,18.50289667896679,0.134860,1.4468980000000002,85
274,VALERIA CALLISAYA VILLCA,INDIVIDUAL,WARNES,66.26,1064,29565.440000000002,28.130770694576597,85.73500499999999,11.307583254043768,1.7845332486903087,17.72,0.070489,0.8045676691729323,0.8061571625739924,6.0,0.281955,36.51017808219178,18.48980281690141,0.144737,1.395,85
275,VIVIANA CALLISAYA TICONA,INDIVIDUAL,LA GUARDIA,77.8,802,22258.53,28.139734513274334,49.40556399999999,11.341002538071066,1.687808556380805,16.95,0.061097,0.7649127182044887,0.7211482069881961,5.98,0.280549,36.528809106830124,18.469856373429085,0.152120,1.1249820000000004,85
276,AGROP. CASTRO HNOS. S.R.L.,EMPRESA AGROPECUARIA,WARNES,73.38,240,6604.45,27.984957627118643,18.202808,11.359102564102566,1.697116351987173,16.05,0.037500,0.8419583333333335,0.7926534527550957,3.92,0.325000,36.29144444444444,18.32131736526946,0.129167,0.7934919999999999,79
277,ASOC. PROD. PUERTO QUIJARRO NO.0277,ASOCIACION,PUERTO QUIJARRO,57.36,789,21722.609999999997,27.885250320924257,79.843664,11.45639175257732,2.4754654946825982,45.2,0.076046,0.8245373891001269,0.8300265699274694,5.48,0.296578,36.49706099815157,18.463875685557586,0.157161,9.278880000000003,85
278,NELSON MARCA GARCIA,INDIVIDUAL,EL TORNO,143.77,527,14727.5,28.21360153256705,45.88123,11.381,2.253340350686254,45.2,0.058824,0.8286527514231499,0.7733303410907533,4.91,0.299810,36.383835227272726,18.440511508951406,0.125237,6.620640000000001,85
279,ASOC. PROD. CUATRO CANADAS NO.0279,COOPERATIVA,CUATRO CANADAS,132.27,1665,46319.66,28.17497566909976,131.372155,11.371565749235476,1.7459816413966647,17.21,0.069670,0.8093153153153153,0.81820894463395,6.0,0.275676,36.5953606557377,18.534812880765884,0.135736,1.409,85
280,CESAR CHUQUIMIA TORREZ,INDIVIDUAL,PUERTO SUAREZ,27.7,1826,50827.41,28.112505530973454,139.480455,11.295583333333333,1.7651174381878323,17.12,0.064074,0.7942825848849946,0.7773283751682765,5.96,0.268894,36.456982622432854,18.54752170481452,0.160460,1.4769750000000001,85
281,SANDRA VACA COPA,INDIVIDUAL,SANTA ROSA,171.73,979,27421.899999999998,28.416476683937823,78.972424,11.352949790794979,1.7855492303548723,17.64,0.070480,0.814596527068437,0.7766553767675566,5.03,0.294178,36.417856093979445,18.472691729323312,0.124617,1.360125,85
282,ASOC. PROD. COTOCA NO.0282,COOPERATIVA,COTOCA,374.36,707,19838.41,28.17955965909091,63.8908,11.362257597684515,2.1819769915189995,45.2,0.063649,0.8084016973125885,0.7853631753298937,5.2,0.294201,36.590551020408164,18.570543933054395,0.148515,7.16352,85
283,ASOC. PROD. LA GUARDIA NO.0283,COOPERATIVA,LA GUARDIA,59.36,1548,42953.259999999995,28.166072131147537,113.570709,11.336112211221122,1.7135976895296934,16.38,0.065245,0.7835400516795866,0.7628207784849772,5.6,0.272610,36.40212406015038,18.538350419384905,0.142119,1.485966,85
284,ASOC. PROD. PUERTO QUIJARRO NO.0284,COOPERATIVA,PUERTO QUIJARRO,45.19,1337,37521.05,28.296417797888388,102.851195,11.327837014470678,1.7141164831853248,16.95,0.062827,0.8223111443530291,0.7767538386588246,6.0,0.302917,36.528069620253156,18.442478260869567,0.157068,1.7568279999999996,85
285,AGROP. LIMA HNOS. S.R.L.,EMPRESA AGROPECUARIA,WARNES,97.09,291,8093.110000000001,28.10107638888889,23.947878,11.396306620209058,1.7640985386046604,16.07,0.072165,0.8201374570446736,0.8246637653419688,4.89,0.309278,36.494416243654825,18.52343137254902,0.175258,1.2472889999999999,83
286,AGROP. VASQUEZ HNOS. S.R.L.,EMPRESA AGROPECUARIA,CUATRO CANADAS,69.42,792,22057.71,28.206790281329923,58.826161,11.35253557567917,1.7556886188213057,16.9,0.060606,0.8015656565656566,0.7752290625034712,6.0,0.279040,36.414898710865565,18.447457337883957,0.174242,1.3216700000000001,85
287,FERNANDO MARTINEZ MORALES,INDIVIDUAL,LA GUARDIA,37.87,2552,71394.52,28.130228526398742,218.54937900000004,11.316118867171918,1.9653113995694418,45.2,0.063871,0.8171865203761756,0.815390328237887,6.0,0.287226,36.46421892189219,18.52586644591611,0.165361,8.871979000000001,85
288,SUSANA CASTRO CASTRO,INDIVIDUAL,PUERTO SUAREZ,133.35,505,13993.66,27.93145708582834,35.625099000000006,11.490040322580645,1.7624941001082046,17.08,0.079208,0.7507524752475248,0.7318216481637064,5.14,0.259406,36.560115942028986,18.52661931818182,0.158416,1.237584,85
289,ASOC. PROD. BUEN RETIRO NO.0289,ASOCIACION,BUEN RETIRO,56.17,1268,35203.64,28.050709163346614,106.82340300000001,11.261151368760064,2.2015774971279836,45.2,0.057571,0.7773501577287066,0.7830038976991941,6.0,0.261830,36.56243243243243,18.49613378684807,0.147476,11.241360000000002,85
290,SANDRA GUTIERREZ CASTRO,INDIVIDUAL,PAILON,75.53,783,22163.800000000003,28.451604621309375,65.88643300000001,11.404220779220779,1.728754139393494,16.98,0.061303,0.8274584929757344,0.8259369959197421,6.0,0.284802,36.44177304964539,18.52446460980036,0.155811,1.0549999999999997,85
291,ASOC. PROD. MONTERO NO.0291,COOPERATIVA,MONTERO,84.84,1042,28837.59,27.916350435624395,113.196683,11.436550048590865,2.7463495850775654,45.2,0.074856,0.800383877159309,0.7969766637391584,6.0,0.292706,36.57269553072626,18.529638386648124,0.142035,9.737520000000002,85
292,ASOC. PROD. EL TORNO NO.0292,ASOCIACION,EL TORNO,59.02,257,7060.21,27.687098039215687,16.757804,11.236102362204726,1.7153780640208787,15.63,0.066148,0.7818677042801556,0.7202405834542197,4.22,0.287938,36.512903225806454,18.479666666666663,0.167315,1.0080400000000003,81
293,VANESSA CASTRO GARCIA,INDIVIDUAL,PAILON,45.81,497,14067.210000000001,28.476133603238868,45.710547000000005,11.44832298136646,2.3296871469192104,45.2,0.058350,0.772394366197183,0.7848621343702321,6.0,0.255533,36.4248115942029,18.45725075528701,0.150905,9.403680000000001,85
294,JESSICA VACA ROMERO,INDIVIDUAL,PUERTO QUIJARRO,33.51,278,7830.610000000001,28.683553113553117,25.128905,11.451703703703703,2.6312276922356514,45.2,0.046763,0.7598201438848922,0.7181798368126964,3.67,0.248201,36.52165048543689,18.368298969072164,0.143885,7.429000000000001,83
295,ASOC. PROD. COTOCA NO.0295,COOPERATIVA,COTOCA,535.81,262,7330.230000000001,28.411744186046516,27.285942999999993,11.553803921568624,1.8204395183971662,15.87,0.099237,0.889885496183206,0.8808457633827237,4.42,0.309160,36.55554945054945,18.545444444444442,0.171756,1.03446,80
296,CARMEN AGUILAR AGUILAR,INDIVIDUAL,WARNES,179.92,271,7513.74,27.932118959107807,21.375158,11.502007434944238,1.759734456715978,15.9,0.077491,0.7743542435424354,0.8166622720802849,5.24,0.265683,36.30555555555556,18.422587064676616,0.151292,1.4388109999999998,82
297,ALEJANDRA COLQUE MAMANI,INDIVIDUAL,COTOCA,94.92,1818,50449.689999999995,28.058781979977752,152.97402499999998,11.392401129943504,1.9007694575934528,45.2,0.069307,0.801028602860286,0.7661850316723443,6.0,0.295930,36.48223330775135,18.543049363057325,0.162266,10.742160000000002,85
298,MIRIAM VACA PUMA,INDIVIDUAL,SAN JULIAN,172.9,774,21502.27,28.144332460732986,72.11793200000001,11.409217506631299,2.065092545678369,45.2,0.055556,0.8275839793281654,0.8384060386792588,5.42,0.294574,36.462032374100716,18.479796672828094,0.161499,9.591750000000001,85
299,SERGIO MAMANI CASTRO,INDIVIDUAL,SANTA ROSA,57.52,539,15046.72,28.230243902439025,46.647025,11.489506641366225,2.2374144297109955,45.2,0.063080,0.7940630797773655,0.7182144343500156,4.46,0.296846,36.520134048257376,18.583105413105415,0.129870,10.289760000000001,85
300,AGROP. APAZA HNOS. S.R.L.,EMPRESA AGROPECUARIA,OKINAWA,122.11,1047,28996.42,27.90800769971126,79.963352,11.388964181994194,2.0095025204089043,45.2,0.061127,0.7556638013371537,0.7186546768832623,5.3,0.260745,36.40634112792298,18.502344173441735,0.142311,11.631360000000003,85
301,ASOC. PROD. MONTERO NO.0301,COOPERATIVA,MONTERO,189.69,295,8130.22,27.843219178082194,21.374022,11.343835616438355,1.684892548716464,16.24,0.057627,0.7879661016949152,0.8012502553111057,6.0,0.250847,36.32704999999999,18.588663366336636,0.155932,1.6285,84
302,WILBER ROMERO PEREZ,INDIVIDUAL,EL TORNO,108.79,1044,29193.9,28.26127783155857,89.19079799999999,11.352576204523107,2.0183295527266094,45.2,0.057471,0.7754980842911876,0.8056287129929195,5.42,0.266284,36.51344780219781,18.589642857142856,0.154215,8.742888,85
303,ASOC. PROD. BUEN RETIRO NO.0303,ASOCIACION,BUEN RETIRO,109.92,1351,37550.9,28.233759398496243,125.715029,11.396822289156626,2.0006135061399752,45.2,0.074019,0.8452923760177646,0.825970791121742,5.58,0.297557,36.45442996742671,18.57311300639659,0.153220,8.686080000000002,85
306,ASOC. PROD. CHARAGUA NO.0306,ASOCIACION,CHARAGUA,139.77,260,7368.340000000001,28.55945736434109,24.985601000000003,11.312980392156863,1.9355368488651425,17.07,0.096154,0.8414230769230769,0.8085880096498892,5.78,0.342308,36.36010362694301,18.44753846153846,0.134615,1.6787360000000002,80
307,AGROP. CONDORI HNOS. S.R.L.,EMPRESA AGROPECUARIA,CHARAGUA,147.72,1014,28623.179999999997,28.396011904761902,73.92628400000001,11.29891019172553,1.7083799470379673,16.59,0.057199,0.8136785009861933,0.7538220999234451,4.9,0.285010,36.514944751381215,18.456751054852322,0.169625,1.1645400000000001,85
308,ASOC. PROD. SANTA ROSA NO.0308,ASOCIACION,SANTA ROSA,174.03,512,14398.32,28.39905325443787,52.503862,11.459841584158415,2.7442192442603677,45.2,0.070313,0.74640625,0.744298337145196,5.34,0.250000,36.442622950819676,18.55245664739884,0.166016,8.882640000000002,85
309,ASOC. PROD. EL TORNO NO.0309,ASOCIACION,EL TORNO,28.72,796,22135.5,28.162213740458014,75.91124700000002,11.3201287001287,2.085758405890971,45.2,0.059045,0.8514447236180904,0.8616002652428006,6.0,0.302764,36.59254025044722,18.485975820379966,0.136935,9.157200000000001,85
310,ASOC. PROD. MINEROS NO.0310,COOPERATIVA,MINEROS,202.87,261,7250.139999999999,28.21066147859922,22.362014000000002,11.504782608695653,1.7663282616632479,16.5,0.065134,0.8309961685823756,0.8058882843845917,4.4,0.279693,36.2560773480663,18.524728260869562,0.149425,1.0611400000000002,81
311,SUSANA MORALES CHUQUIMIA,INDIVIDUAL,PUERTO SUAREZ,26.4,497,13875.690000000002,28.088441295546563,55.38287400000001,11.394297352342157,2.7898979692361663,45.2,0.070423,0.7604426559356138,0.7261485654771651,4.22,0.261569,36.460228571428566,18.43221590909091,0.136821,10.480080000000003,85
312,MARCO MACHACA YUJRA,INDIVIDUAL,PORTACHUELO,71.3,235,6571.299999999999,28.20300429184549,21.803700000000003,11.645021645021645,2.8250706608260048,45.2,0.063830,0.6705531914893617,0.6740641758647431,4.16,0.217021,36.29377358490566,18.585253164556963,0.140426,8.118240000000002,81
313,RICARDO MEDINA SANCHEZ,INDIVIDUAL,BUEN RETIRO,117.74,1030,28372.15,27.89788593903638,102.70862000000001,11.63681503461919,2.5341714025371425,45.2,0.087379,0.7977087378640777,0.7545705197091581,6.0,0.290291,36.42791610284168,18.52767507002801,0.157282,9.66834,85
314,ASOC. PROD. SAN PEDRO NO.0314,ASOCIACION,SAN PEDRO,148.72,1004,27758.139999999996,28.06687563195146,88.467076,11.428432760364004,2.0103951690167468,45.2,0.065737,0.8290836653386455,0.8012042014709777,5.24,0.309761,36.568678977272725,18.439984984984985,0.177291,8.423579000000002,85
315,ASOC. PROD. SANTA ROSA NO.0315,ASOCIACION,SANTA ROSA,351.54,554,15291.519999999999,27.95524680073126,44.82697,11.345341959334565,2.211946378417757,45.2,0.052347,0.7582671480144405,0.7191324093473804,4.24,0.265343,36.53554376657825,18.384146981627296,0.151625,8.186880000000002,85
317,MARIO ROMERO ANTELO,INDIVIDUAL,YAPACANI,109.26,1836,51523.35,28.278457738748628,167.59032799999997,11.333570634037821,2.119602166099025,45.2,0.075163,0.8038235294117648,0.7938443552701586,5.91,0.284858,36.52685185185185,18.499448757763975,0.144336,9.884511000000002,85
318,ASOC. PROD. BUEN RETIRO NO.0318,ASOCIACION,BUEN RETIRO,48.13,741,20437.87,27.806625850340133,61.899246999999995,11.29384508990318,1.861922617061548,16.86,0.071525,0.8076518218623482,0.7740791514194248,6.0,0.292848,36.37977642276423,18.529960937499997,0.153846,1.4939999999999998,85
319,AGROP. CALLISAYA HNOS. S.R.L.,EMPRESA AGROPECUARIA,SANTA ROSA,64.38,517,14527.74,28.209203883495146,46.046552000000005,11.355245579567779,1.7514207361692926,16.1,0.065764,0.8634816247582204,0.8387938150103879,4.95,0.297872,36.44908839779006,18.477055393586006,0.127660,1.1569550000000002,85
320,SANDRA COLQUE MAMANI,INDIVIDUAL,PAILON,31.29,1040,28994.159999999996,28.17702623906705,81.026157,11.297421259842519,1.7301894436839258,17.3,0.063462,0.8060288461538462,0.7966412282328368,4.91,0.282692,36.433154269972455,18.4293707250342,0.150000,1.6638210000000002,85
321,ASOC. PROD. SAN PEDRO NO.0321,ASOCIACION,SAN PEDRO,161.99,489,13669.71,28.184969072164947,45.076949,11.428494845360824,2.293425746661227,45.2,0.069530,0.7774233128834355,0.7718260673402315,6.0,0.292434,36.545116279069774,18.534970930232557,0.128834,9.55344,85
322,ASOC. PROD. YAPACANI NO.0322,COOPERATIVA,YAPACANI,76.26,1611,44691.87000000001,28.161228733459364,136.353453,11.413772986683577,1.9655995925103709,45.2,0.072005,0.8083364369956549,0.7941674579936633,5.89,0.292365,36.50627296587926,18.5006743566992,0.139665,7.45368,85
323,ASOC. PROD. SAN JULIAN NO.0323,ASOCIACION,SAN JULIAN,28.46,251,6931.15,27.61414342629482,17.183775,11.343694779116465,1.6939591446914906,15.82,0.055777,0.7661354581673306,0.7613418454135364,4.07,0.274900,36.4968,18.714756097560976,0.131474,0.9464679999999999,82
324,VALERIA MONTAÑO RIVERO,INDIVIDUAL,BUEN RETIRO,146.8,822,22852.870000000003,28.07477886977887,80.770183,11.420172413793104,2.419498826099531,45.2,0.068127,0.8299878345498783,0.7588186374739128,4.37,0.298054,36.480104529616725,18.499333333333333,0.126521,8.411623000000002,85
325,AGROP. COPA HNOS. S.R.L.,EMPRESA AGROPECUARIA,MONTERO,64.47,754,21002.77,28.078569518716577,51.20333900000001,11.348080536912752,1.7076190567475749,17.2,0.058355,0.7720954907161803,0.7605356408406745,6.0,0.274536,36.56330134357006,18.540092081031307,0.155172,1.4195000000000002,85
326,VALERIA SUAREZ VASQUEZ,INDIVIDUAL,LA GUARDIA,31.86,494,13879.25,28.44108606557377,42.129855,11.362208588957053,1.6814842771891558,18.35,0.056680,0.8368825910931175,0.8384216785940578,5.82,0.301619,36.66426086956522,18.364955489614243,0.168016,1.387678,85
327,ASOC. PROD. PORTACHUELO NO.0327,ASOCIACION,PORTACHUELO,49.76,998,27908.629999999997,28.507282941777323,78.105006,11.402400813835198,1.7243825111869346,17.39,0.070140,0.7993086172344689,0.8189729991066182,6.0,0.286573,36.425006954102926,18.460906555090652,0.145291,1.5465,85
328,AGROP. QUISPE HNOS. S.R.L.,EMPRESA AGROPECUARIA,SANTA ROSA,33.01,762,21337.96,28.262198675496688,77.12430600000002,11.486851351351351,2.4790382273529863,45.2,0.068241,0.8001968503937008,0.8227089563764485,6.0,0.274278,36.498079096045196,18.607387218045112,0.161417,8.671171000000001,85
329,ASOC. PROD. CUATRO CANADAS NO.0329,ASOCIACION,CUATRO CANADAS,142.05,812,22544.84,28.11077306733167,64.762612,11.374911616161617,1.7342591673204582,17.68,0.065271,0.8099137931034482,0.7851977485150735,5.54,0.284483,36.44482578397213,18.425869947275924,0.145320,1.6222710000000002,85
330,FELIX CHUQUIMIA SORIA,INDIVIDUAL,ROBORE,118.38,803,22300.259999999995,28.08596977329974,61.97076499999999,11.409606598984771,1.7562904109747735,17.08,0.069738,0.7917808219178082,0.7819323157504012,4.75,0.275218,36.59732394366197,18.53659685863874,0.156912,1.241625,85
331,FELIX LOPEZ LIMA,INDIVIDUAL,LA GUARDIA,128.1,1039,28786.289999999997,28.029493670886072,81.43063699999999,11.357075564278706,2.0367704040859063,45.2,0.059673,0.7828777670837342,0.7546872768342087,6.0,0.280077,36.460719225449516,18.569144460028053,0.147257,8.13072,85
332,ASOC. PROD. PUERTO SUAREZ NO.0332,COOPERATIVA,PUERTO SUAREZ,56.21,559,15652.300000000001,28.458727272727273,61.946704000000004,11.407297794117648,2.70751213596614,45.2,0.064401,0.7876386404293381,0.7534174030135885,5.91,0.300537,36.44121372031662,18.530448548812664,0.152057,10.261680000000002,85
334,ASOC. PROD. MINEROS NO.0334,COOPERATIVA,MINEROS,91.14,792,22217.62,28.2307750952986,82.557391,11.380807692307691,2.1170521658928303,45.2,0.073232,0.8776262626262629,0.8487749313946639,6.0,0.319444,36.51512411347518,18.590162454873646,0.159091,8.765625000000004,85
335,AGROP. CALLISAYA HNOS. S.R.L.,EMPRESA AGROPECUARIA,WARNES,113.1,998,27918.239999999998,28.31464503042596,88.44713200000001,11.47250255362615,2.330168237943404,45.2,0.069138,0.7998897795591182,0.7698771462621565,6.0,0.278557,36.631,18.51259776536313,0.152305,9.444240000000002,85
336,ASOC. PROD. PORTACHUELO NO.0336,ASOCIACION,PORTACHUELO,34.46,1003,28055.26,28.338646464646462,84.42891399999999,11.328933333333334,1.8171753275662894,17.87,0.073779,0.8104486540378865,0.804312415161743,4.99,0.286142,36.39381615598886,18.462217573221757,0.144566,1.3804290000000006,85
338,ASOC. PROD. OKINAWA NO.0338,COOPERATIVA,OKINAWA,79.42,997,27161.39,27.71570408163265,71.76660299999999,11.380423116615068,1.7881055948427733,16.94,0.070211,0.7846238716148445,0.7308748841882613,5.25,0.283852,36.574,18.467259036144583,0.166499,1.0469519999999999,85
339,ALFREDO CHOQUE TICONA,INDIVIDUAL,PAILON,138.47,1296,36260.33,28.306268540202968,105.70776200000002,11.369968774395003,1.9664358619146987,45.2,0.060185,0.8029475308641976,0.7727848354348502,4.77,0.290123,36.454834070796466,18.502910848549945,0.161265,7.915440000000002,85
340,ASOC. PROD. WARNES NO.0340,COOPERATIVA,WARNES,237.26,1273,35373.53999999999,28.186087649402385,95.56734800000001,11.311849757673667,1.692053629256609,16.51,0.052632,0.8071013354281226,0.8077715112632983,6.0,0.287510,36.59426303854875,18.494733861834654,0.142969,1.443015,85
341,VALERIA PEDRAZA MORALES,INDIVIDUAL,LA GUARDIA,43.49,813,22377.660000000003,27.902319201995017,55.069306999999995,11.252154420921544,1.7247079961213911,16.17,0.052891,0.7617958179581795,0.7536564221137684,5.92,0.260763,36.33640211640211,18.482525423728813,0.158672,1.235424,85
342,ASOC. PROD. PORTACHUELO NO.0342,ASOCIACION,PORTACHUELO,32.88,1320,36875.73,28.19245412844037,120.197439,11.427114351496545,1.9792015236568292,45.2,0.063636,0.831719696969697,0.8131758034114693,6.0,0.304545,36.57834070796461,18.51040494938133,0.148485,10.156185,85
343,ASOC. PROD. PUERTO QUIJARRO NO.0343,ASOCIACION,PUERTO QUIJARRO,258.56,498,13673.279999999999,27.847820773930753,55.199934,11.471893004115229,2.778101576240451,45.2,0.056225,0.8045180722891566,0.7467301414160904,4.57,0.283133,36.51158823529411,18.610139275766016,0.164659,10.199280000000002,85
344,ASOC. PROD. PORTACHUELO NO.0344,ASOCIACION,PORTACHUELO,75.96,513,14351.550000000001,28.140294117647063,45.34753599999999,11.24482965931864,1.7890157154038313,16.49,0.064327,0.7526120857699805,0.7600630882083236,5.15,0.253411,36.59065395095368,18.404575342465755,0.146199,9.144546000000002,85
345,ASOC. PROD. SANTA ROSA NO.0345,ASOCIACION,SANTA ROSA,142.9,1082,30211.16,28.15578751164958,80.267693,11.362457466918716,1.6610574451046385,16.45,0.053604,0.8046580406654342,0.792809803968337,4.82,0.279113,36.478982826948474,18.4325125,0.158965,1.1959929999999999,85
346,AGROP. MARCA HNOS. S.R.L.,EMPRESA AGROPECUARIA,YAPACANI,25.92,238,6464.249999999999,27.624999999999996,14.493287,11.143333333333334,1.64664283256136,16.42,0.037815,0.784327731092437,0.6707582535870636,3.9,0.289916,36.42271676300579,18.404848484848483,0.142857,0.7777880000000006,80
347,IVAN TORREZ VASQUEZ,INDIVIDUAL,OKINAWA,138.1,1058,29285.019999999997,28.050785440613023,91.508551,11.259884947267498,1.7075383798919173,16.41,0.055766,0.8496124763705105,0.8416197953694541,6.0,0.299622,36.61043068640646,18.563885941644564,0.149338,4.680000000000002,85
348,ROBERTO MACHACA CHAMBI,INDIVIDUAL,OKINAWA,187.02,775,21467.0,28.098167539267017,86.35421800000002,11.424276315789475,2.7525429138741733,45.2,0.060645,0.8233032258064517,0.8259148429662455,6.0,0.283871,36.424191176470586,18.521712204007287,0.148387,8.707920000000003,85
349,ASOC. PROD. PAILON NO.0349,ASOCIACION,PAILON,183.65,1270,35454.57,28.138547619047618,123.815909,11.35112540192926,2.210907216411284,45.2,0.068504,0.8355826771653544,0.8235718200645831,6.0,0.288976,36.493001107419715,18.46929142857143,0.136220,8.803176000000002,85
350,ASOC. PROD. PAILON NO.0350,ASOCIACION,PAILON,35.37,536,14930.140000000001,28.11702448210923,36.662485000000004,11.458742857142857,1.6556174157282804,16.01,0.063433,0.7832089552238806,0.7187198908404772,4.7,0.292910,36.448672086720876,18.496307277628034,0.166045,0.9475700000000001,85
351,ASOC. PROD. MINEROS NO.0351,ASOCIACION,MINEROS,943.95,258,7230.5,28.244140625,22.256037000000003,11.292845849802372,1.7519115987837175,18.3,0.062016,0.8174418604651164,0.8644602275023936,5.08,0.271318,36.50715053763441,18.58577540106952,0.155039,1.4934400000000003,77
352,ASOC. PROD. LA GUARDIA NO.0352,COOPERATIVA,LA GUARDIA,67.94,1293,35857.299999999996,28.10133228840125,107.261533,11.287563091482651,1.9799999142874412,45.2,0.061098,0.8009667440061873,0.8038165018879772,6.0,0.285383,36.43312087912088,18.471175824175823,0.156226,8.200620000000002,85
353,ASOC. PROD. PUERTO QUIJARRO NO.0353,ASOCIACION,PUERTO QUIJARRO,67.53,267,7316.289999999999,27.92477099236641,22.977763999999997,11.186908396946563,1.7637916269940002,16.34,0.052434,0.8298876404494383,0.9084389167816177,6.0,0.277154,36.49378531073446,18.756256684491976,0.149813,1.2955,81
354,JESSICA CHAMBI SORIA,COMUNIDAD,PORTACHUELO,156.26,1017,27963.64,27.76925521350546,81.15059199999999,11.382815631262522,1.995294964174069,45.2,0.069813,0.7838053097345133,0.7743795925752276,6.0,0.277286,36.41406162464986,18.523929577464784,0.148476,8.988720000000002,85
355,ASOC. PROD. PORTACHUELO NO.0355,ASOCIACION,PORTACHUELO,173.92,1076,29771.120000000003,27.84950420954163,82.367544,11.417870722433461,1.9962590203968904,45.2,0.060409,0.7899721189591077,0.7637105863395117,5.36,0.270446,36.4522148541114,18.462767857142858,0.151487,7.622160000000001,85
356,ASOC. PROD. PORTACHUELO NO.0356,COOPERATIVA,PORTACHUELO,91.09,1335,36904.54,27.91568835098336,96.346875,11.293860711582136,1.7549456760932984,16.37,0.056929,0.785932584269663,0.7722390069839029,5.52,0.275655,36.36663366336634,18.466677524429965,0.152809,2.9282850000000002,85
357,ASOC. PROD. ROBORE NO.0357,ASOCIACION,ROBORE,324.35,735,20305.09,27.968443526170798,64.222109,11.422880886426592,2.1698185073236744,45.2,0.077551,0.7806802721088435,0.8025129637802423,5.98,0.261224,36.56740518962076,18.576457925636007,0.168707,8.626800000000001,85
358,SANDRA ALVARADO SANDOVAL,INDIVIDUAL,WARNES,436.99,778,21543.39,28.12453002610966,68.95449400000001,11.436684210526314,2.164357899594458,45.2,0.084833,0.8037275064267353,0.7703264365388106,5.52,0.281491,36.40992882562277,18.515117967332124,0.174807,7.522320000000002,85
359,MIGUEL GUTIERREZ ANTELO,INDIVIDUAL,WARNES,626.83,249,6799.21,27.751877551020407,18.466902,11.345387755102042,1.7248227375817258,15.83,0.064257,0.8319678714859436,0.7895934431181718,5.64,0.277108,36.4074705882353,18.398160919540228,0.168675,1.269968,84
360,ASOC. PROD. PORTACHUELO NO.0360,ASOCIACION,PORTACHUELO,142.69,1045,29082.07,28.017408477842004,94.692716,11.30102261553589,2.011219792959084,45.2,0.057416,0.8646124401913875,0.8361341255437033,6.0,0.302392,36.602289156626505,18.481230769230773,0.141627,6.912972000000002,85
361,CARLOS CATACORA MARTINEZ,INDIVIDUAL,EL TORNO,63.17,1000,27641.04,27.892068617558024,66.763585,11.343701825557808,1.665967193154395,16.56,0.048000,0.79674,0.7611073885181098,6.0,0.294000,36.43922746781116,18.488587896253602,0.147000,1.4495000000000002,85
362,LORENA ANTELO MERCADO,INDIVIDUAL,PAILON,279.91,497,13762.83,27.85997975708502,38.551505999999996,11.34606490872211,1.6518724076219875,16.16,0.058350,0.8336217303822937,0.8061198393125493,6.0,0.293763,36.41284057971015,18.557732558139534,0.154930,1.2149999999999999,85
363,SANDRA CUELLAR CALLISAYA,INDIVIDUAL,SAN PEDRO,193.53,1046,29325.210000000003,28.30618725868726,92.486332,11.387458617332037,2.012081362749239,45.2,0.057361,0.8231261950286808,0.8038639208213859,5.73,0.304015,36.41630705394191,18.54089531680441,0.170172,8.065036000000003,85
364,ASOC. PROD. ROBORE NO.0364,ASOCIACION,ROBORE,167.92,263,7238.75,27.841346153846153,15.156438999999999,11.39220930232558,1.6691975292995658,15.06,0.057034,0.7703802281368821,0.6611260402784775,3.46,0.281369,36.632291666666674,18.467277486910998,0.148289,0.631025,83
365,AGROP. RODRIGUEZ HNOS. S.R.L.,EMPRESA AGROPECUARIA,SAN PEDRO,125.22,237,6589.01,28.158162393162392,32.946624,11.512770562770564,2.8224864360900432,45.2,0.075949,0.8666666666666667,0.8168544117182097,3.85,0.324895,36.3123163841808,18.468045977011496,0.160338,10.573680000000001,82
366,VIVIANA COLQUE SORIA,INDIVIDUAL,EL TORNO,257.59,513,14392.97,28.221509803921567,40.236951,11.447629482071715,1.7070321147786012,17.43,0.072125,0.8029434697855751,0.7748639691108486,4.04,0.284600,36.43342028985507,18.384222797927464,0.142300,0.9226699999999999,85
367,ASOC. PROD. SANTA ROSA NO.0367,ASOCIACION,SANTA ROSA,146.84,749,20698.69,27.9712027027027,77.97455000000001,11.492277091906722,2.7759910664727587,45.2,0.062750,0.7745126835781042,0.7571335854496992,6.0,0.257677,36.480578034682075,18.437827715355805,0.150868,10.588380000000003,85
368,CAMILA CHAMBI TORREZ,INDIVIDUAL,SAN JULIAN,22.45,520,14579.009999999998,28.308757281553394,40.840001,11.243668639053254,1.7818611624466971,16.29,0.063462,0.8001923076923078,0.7950283629036473,5.35,0.296154,36.62070422535211,18.475606469002695,0.146154,1.3348779999999998,84
369,ASOC. PROD. ROBORE NO.0369,ASOCIACION,ROBORE,129.47,1533,43038.16,28.351884057971017,139.112058,11.33344827586207,2.129597796383935,45.2,0.063275,0.8185909980430528,0.8136656557323713,5.82,0.296151,36.55467771639043,18.533964049195834,0.142857,9.235925,85
370,ASOC. PROD. PUERTO SUAREZ NO.0370,COOPERATIVA,PUERTO SUAREZ,48.86,1010,27946.79,28.030882647943834,83.757341,11.415005035246727,2.028314895547236,45.2,0.074257,0.7902178217821783,0.7631015894082462,4.85,0.275248,36.404271844660194,18.443261802575105,0.165347,9.338160000000002,85
371,ASOC. PROD. BUEN RETIRO NO.0371,ASOCIACION,BUEN RETIRO,164.22,1348,37586.649999999994,28.112677636499622,117.286444,11.418265460030165,1.994916976672818,45.2,0.080119,0.8103857566765579,0.7900785106630404,5.98,0.301187,36.37653887113951,18.57340836012862,0.143175,6.205680000000001,85
372,GABRIELA VACA MONTAÑO,INDIVIDUAL,SAN JULIAN,52.45,502,14044.32,28.20144578313253,33.851623000000004,11.39172131147541,1.6671717090296505,15.75,0.055777,0.7654780876494024,0.7483859348644404,5.08,0.252988,36.60512605042017,18.454065040650402,0.135458,1.2064,85
373,ROSA ANTELO QUISPE,INDIVIDUAL,LA GUARDIA,128.44,529,14668.809999999998,28.155105566218804,48.271781000000004,11.42647509578544,1.7986866151961212,16.01,0.071834,0.846540642722117,0.8514161213515479,6.0,0.293006,36.569307479224385,18.428897849462366,0.141777,1.2659999999999998,85
374,ASOC. PROD. COTOCA NO.0374,COOPERATIVA,COTOCA,91.68,1031,28430.5,28.010344827586206,110.52018500000001,11.457083333333333,2.553093733437531,45.2,0.077595,0.8084966052376333,0.8000684253128849,6.0,0.297769,36.59567750677506,18.42528511821975,0.137730,11.044800000000004,85
375,ASOC. PROD. GENERAL SAAVEDRA NO.0375,ASOCIACION,GENERAL SAAVEDRA,107.52,1309,36665.9,28.247996918335904,104.47940499999999,11.415844357976654,2.004629845352549,45.2,0.081742,0.7821466768525592,0.7406302939335406,5.13,0.278839,36.4698233995585,18.496280814576632,0.147441,7.44744,85
376,RONALD VILLCA NAVIA,INDIVIDUAL,EL TORNO,1204.61,265,7285.530000000001,27.701634980988597,28.072678999999997,11.50103448275862,1.9017947198629712,17.72,0.098113,0.8660754716981132,0.936278332278692,5.19,0.305660,36.42601123595505,18.510494505494506,0.150943,1.2100559999999998,81
377,ASOC. PROD. EL TORNO NO.0377,ASOCIACION,EL TORNO,87.71,1037,28878.72,28.064839650145775,100.469376,11.328397246804325,2.0435574507799092,45.2,0.067502,0.8415525554484089,0.8702967365437684,6.0,0.301832,36.572021419009374,18.59150354609929,0.155256,8.118240000000002,85
378,ASOC. PROD. EL TORNO NO.0378,ASOCIACION,EL TORNO,127.98,1552,43021.740000000005,28.008945312500003,140.98313100000001,11.34168635170604,2.1438045791510447,45.2,0.064433,0.8330090206185566,0.8307219359083389,6.0,0.306057,36.46773897058823,18.461512915129152,0.160438,8.77344,85
379,ALEJANDRA CALLISAYA CONDORI,INDIVIDUAL,GENERAL SAAVEDRA,55.15,812,22541.799999999996,28.03706467661691,71.883792,11.428950695322378,2.095752071612292,45.2,0.060345,0.8001231527093595,0.791835330566481,5.1,0.269704,36.332739726027405,18.50089160839161,0.161330,9.705834000000003,85
380,ASOC. PROD. SAN PEDRO NO.0380,COOPERATIVA,SAN PEDRO,41.52,1321,36835.86,28.14045836516425,99.809011,11.339651162790698,1.7838423028784134,16.19,0.082513,0.7904996214988643,0.7886791173787036,6.0,0.282362,36.499364035087716,18.524282560706403,0.136260,1.4054040000000003,85
381,PAOLA TORREZ VARGAS,INDIVIDUAL,CUATRO CANADAS,32.22,775,21393.39,27.892294654498045,72.38390500000001,11.434947229551453,2.121538021608931,45.2,0.080000,0.8322322580645162,0.8102612573482846,6.0,0.291613,36.39789077212806,18.547781818181818,0.165161,10.074480000000001,85
382,ALBERTO MEDINA SANCHEZ,INDIVIDUAL,PORTACHUELO,92.4,467,12978.880000000001,28.214956521739133,48.181428000000004,11.38165948275862,2.3190968964480705,45.2,0.059957,0.8181798715203427,0.88748445297486,6.0,0.252677,36.47848942598188,18.495481927710845,0.132762,9.49416,85
383,ASOC. PROD. EL TORNO NO.0383,ASOCIACION,EL TORNO,47.64,269,7367.7699999999995,27.802905660377355,28.502992000000003,11.314083969465651,2.7381223326635555,45.2,0.063197,0.8147583643122676,0.7742789358485784,6.0,0.267658,36.56743961352657,18.5647311827957,0.144981,9.147840000000002,83
384,ALBERTO APAZA CALLISAYA,COMUNIDAD,PUERTO SUAREZ,42.07,1029,28489.050000000003,27.98531434184676,93.7616,11.3719881305638,2.3136176087380824,45.2,0.061224,0.7899319727891158,0.7729266827108481,6.0,0.273081,36.446113475177306,18.63945652173913,0.162293,9.341280000000003,85
385,ALBERTO MORALES CALLISAYA,INDIVIDUAL,BUEN RETIRO,469.35,254,7123.719999999999,28.268730158730158,19.348997999999998,10.984556451612903,1.7718625704213682,16.61,0.059055,0.8184251968503937,0.8304405471118993,5.1,0.295276,36.469125683060106,18.360162162162162,0.141732,1.09138,82
386,RICHARD LIMA SUAREZ,INDIVIDUAL,GENERAL SAAVEDRA,54.31,532,14613.91,27.573415094339623,52.27575300000001,11.327257142857144,2.284731785704023,45.2,0.063910,0.8079323308270677,0.8101878668512942,5.54,0.268797,36.587138964577655,18.439224598930483,0.156015,9.295611000000001,85
387,AGROP. VILLCA HNOS. S.R.L.,EMPRESA AGROPECUARIA,COTOCA,36.75,748,20614.76,27.89548037889039,56.47568199999999,11.356533700137552,2.129206342432814,45.2,0.077540,0.8036229946524064,0.768770190631333,5.99,0.299465,36.25764367816092,18.26501945525292,0.161765,1.5244449999999998,85
388,GUSTAVO ALVARADO SORIA,INDIVIDUAL,MONTERO,175.5,1356,37516.06,27.851566443949515,113.80151500000001,11.443176029962546,2.168052092383175,45.2,0.073009,0.7878613569321535,0.7516442973691769,5.51,0.278024,36.42923890063425,18.45067092651757,0.156342,9.873013,85
389,ASOC. PROD. WARNES NO.0389,COOPERATIVA,WARNES,121.31,2875,80884.85,28.330945709281963,263.974552,11.462022711142653,2.235422486257304,45.2,0.077913,0.802744347826087,0.7951183801026447,6.0,0.287304,36.52750371471025,18.468938271604937,0.147130,8.74224,85
390,MIGUEL VARGAS NAVIA,INDIVIDUAL,CUATRO CANADAS,58.32,272,7794.77,28.976840148698887,30.501668000000002,11.414962121212124,2.7307746220774938,45.2,0.069853,0.8211029411764706,0.8487091764066056,5.32,0.286765,36.58021276595745,18.39903225806452,0.198529,9.057260000000001,79
391,ASOC. PROD. MINEROS NO.0391,ASOCIACION,MINEROS,119.85,504,14035.02,28.070040000000002,38.728971,11.418971774193547,1.7563299519770899,16.45,0.079365,0.780138888888889,0.7399316102374488,5.06,0.277778,36.51018018018018,18.574957264957263,0.154762,1.266314,85
392,ANA SORIA MAMANI,INDIVIDUAL,LA GUARDIA,19.06,535,14833.469999999998,27.987679245283015,37.843744,11.312092130518234,1.75582657478647,16.73,0.061682,0.7805794392523365,0.745960809151491,5.01,0.280374,36.42533512064343,18.481912568306015,0.170093,1.300844,85
393,MARIO PUMA FLORES,INDIVIDUAL,EL TORNO,40.47,536,15065.619999999999,28.479432892249527,43.751763,11.275946462715105,1.710284647557926,16.01,0.055970,0.8215485074626866,0.8219700687399208,5.14,0.277985,36.638372703412074,18.536614583333336,0.152985,1.6664240000000006,85
394,PEDRO CHUQUIMIA ROMERO,INDIVIDUAL,CHARAGUA,39.5,1246,35025.65,28.223730862207898,113.132828,11.46251857968621,2.2029511045117136,45.2,0.066613,0.839470304975923,0.8188134477215834,6.0,0.292135,36.45853794642857,18.47645905420992,0.157303,7.144800000000001,85
395,LUIS GARCIA PEREZ,INDIVIDUAL,MONTERO,89.48,1842,51202.29000000001,28.08682940208448,162.000171,11.396824958586418,2.180260900236591,45.2,0.061889,0.786628664495114,0.823300931425636,6.0,0.263301,36.484188679245285,18.46970588235294,0.145494,8.567520000000002,85
396,CAMILA CRUZ CATACORA,COMUNIDAD,CHARAGUA,15.65,1300,36382.66,28.203612403100777,97.50910100000002,11.373197172034564,1.7424954290813386,16.67,0.062308,0.8053846153846154,0.7573314784164136,4.63,0.283077,36.41786975717439,18.475178173719375,0.170769,1.2771359999999998,85
397,ASOC. PROD. MONTERO NO.0397,ASOCIACION,MONTERO,50.29,775,21373.55,28.012516382699868,68.43970300000001,11.439960317460319,2.4325997590699466,45.2,0.076129,0.7804387096774194,0.7105741126434711,5.24,0.285161,36.484296160877506,18.587467652495377,0.136774,9.447360000000002,85
398,ASOC. PROD. OKINAWA NO.0398,ASOCIACION,OKINAWA,65.68,1284,35975.119999999995,28.21578039215686,117.24374900000001,11.3595902285264,1.9504937065939953,45.2,0.062305,0.8465342679127726,0.8294499851457652,6.0,0.310748,36.52408988764045,18.53030634573304,0.150312,9.244560000000002,85
399,ASOC. PROD. YAPACANI NO.0399,ASOCIACION,YAPACANI,14.49,507,14058.21,27.89327380952381,37.60834199999999,11.294598393574297,1.6748377918867874,16.43,0.041420,0.8299408284023668,0.8274228982922124,6.0,0.291913,36.59629943502825,18.514216524216522,0.134122,1.5764399999999998,85
400,MIRIAM COLQUE CALLISAYA,INDIVIDUAL,BUEN RETIRO,287.34,507,14314.519999999997,28.4582902584493,48.80180800000001,11.555263157894737,2.313564076020568,45.2,0.074951,0.8275542406311638,0.7932369359018886,5.84,0.282051,36.399364640883974,18.562969187675073,0.155819,8.445840000000002,85
401,AGROP. ANTELO HNOS. S.R.L.,EMPRESA AGROPECUARIA,GENERAL SAAVEDRA,22.78,1302,36367.18,28.25732711732712,98.452947,11.403798751950077,1.735419644570712,17.0,0.069892,0.7881029185867896,0.7556824517465762,5.52,0.282642,36.5699672489083,18.472220994475137,0.138249,1.268764,85
402,CARMEN HUANCA APAZA,INDIVIDUAL,SAN PEDRO,274.91,1242,34343.48,27.98979625101875,101.107451,11.323508196721312,1.7514496011672862,16.8,0.066023,0.8302576489533012,0.8164735780095395,6.0,0.299517,36.38773220747889,18.47587006960557,0.157810,1.7102800000000002,85
403,ASOC. PROD. GENERAL SAAVEDRA NO.0403,ASOCIACION,GENERAL SAAVEDRA,72.55,267,7414.019999999999,28.083409090909086,38.984194,11.60787878787879,3.387471668463566,45.2,0.059925,0.8447191011235955,0.809489428643082,4.69,0.329588,36.542901554404146,18.590285714285717,0.138577,9.428640000000003,80
404,OSCAR TICONA VILLCA,INDIVIDUAL,WARNES,159.41,542,14984.77,27.956660447761195,61.906684,11.37125475285171,2.7678534821747487,45.2,0.081181,0.8302214022140222,0.8030219879819627,4.81,0.287823,36.44548148148148,18.482334217506633,0.143911,9.934879000000002,85
405,ELIZABETH PINTO MEDINA,INDIVIDUAL,LA GUARDIA,245.66,1523,42234.240000000005,28.006790450928385,120.094884,11.255413028878444,1.734776404626991,16.45,0.055154,0.8382797110965201,0.7988253913153774,5.31,0.299409,36.4541192917055,18.498780260707633,0.147735,1.7703629999999997,85
407,FELIX LOPEZ SANDOVAL,INDIVIDUAL,PUERTO SUAREZ,93.59,1512,41925.96,28.157125587642714,124.35628500000001,11.35108181203516,1.9534233974286335,45.2,0.071429,0.8073743386243386,0.7945732035878882,6.0,0.289683,36.485390625,18.49338388625592,0.162698,6.673680000000001,85
408,AGROP. SANDOVAL HNOS. S.R.L.,EMPRESA AGROPECUARIA,YAPACANI,105.85,503,14054.030000000002,28.220943775100405,46.498494,11.405263157894737,1.85288564804337,17.42,0.081511,0.8294433399602387,0.8539211689723478,6.0,0.292247,36.4059375,18.516334231805928,0.125249,1.723,85
409,ENRIQUE VACA MARTINEZ,INDIVIDUAL,PAILON,21.5,1614,44961.729999999996,28.171510025062656,120.60040300000001,11.395198237885463,1.9249908342473816,45.2,0.071252,0.7785749690210657,0.7467766328598269,6.0,0.264560,36.4943895870736,18.481574318381707,0.137546,7.438080000000002,85
410,ASOC. PROD. OKINAWA NO.0410,ASOCIACION,OKINAWA,78.06,1042,29112.179999999997,28.18216844143272,96.74295000000002,11.363211822660096,2.067096251431127,45.2,0.066219,0.8321017274472169,0.8178486205909898,5.27,0.295585,36.3650894085282,18.57080281690141,0.141075,10.216052000000003,85
411,RENE MAMANI COLQUE,INDIVIDUAL,WARNES,131.21,260,7240.59,28.064302325581394,19.22877,11.313671875,1.7619647549806787,15.36,0.057692,0.8122692307692307,0.8275939941340918,5.12,0.284615,36.53568965517241,18.624444444444446,0.130769,1.1832639999999999,82
412,JORGE MAMANI PINTO,INDIVIDUAL,OKINAWA,73.49,795,22421.85,28.52652671755725,54.051621,11.42777922077922,1.7302153411485564,17.86,0.076730,0.7614716981132076,0.7173557114620778,5.61,0.274214,36.56889692585896,18.447185840707967,0.150943,1.4858030000000002,85
413,ASOC. PROD. LA GUARDIA NO.0413,COOPERATIVA,LA GUARDIA,90.4,1550,42914.7,28.048823529411763,121.17275800000002,11.393193166885675,1.7707540230452186,17.05,0.076129,0.8124,0.8133223640812932,6.0,0.291613,36.46169077757685,18.585929602888086,0.140645,1.909960000000001,85
414,VANESSA SANCHEZ APAZA,INDIVIDUAL,WARNES,34.04,247,6824.7300000000005,27.630485829959515,31.241996,11.406049382716049,2.8099467712139035,45.2,0.064777,0.9165587044534415,0.8524597954394042,5.43,0.344130,36.40893854748604,18.545174418604653,0.174089,8.817120000000003,82
415,AGROP. QUISPE HNOS. S.R.L.,EMPRESA AGROPECUARIA,EL TORNO,349.35,1269,35151.91,28.121528,107.29424,11.298551890587289,1.9552648266136392,45.2,0.052009,0.8144996059889676,0.8065531127573576,6.0,0.297872,36.52139890710383,18.56456,0.148936,8.411520000000001,85
416,ASOC. PROD. GENERAL SAAVEDRA NO.0416,ASOCIACION,GENERAL SAAVEDRA,48.53,811,22663.420000000002,28.223437110834375,83.942369,11.456163522012579,2.463756577255029,45.2,0.073983,0.830604192355117,0.8543362190857074,6.0,0.287300,36.56433628318584,18.634267399267397,0.156597,9.485748000000001,85
417,ASOC. PROD. CUATRO CANADAS NO.0417,COOPERATIVA,CUATRO CANADAS,58.54,1320,37330.53,28.51835752482811,113.49382399999999,11.362675947409127,1.9651757145815458,45.2,0.064394,0.8029015151515151,0.7854830451708839,6.0,0.278788,36.58940659340659,18.52726603575184,0.150000,8.168160000000002,85
418,CHRISTIAN COPA SANDOVAL,COMUNIDAD,OKINAWA,78.0,492,13691.14,28.229154639175256,39.90775,11.390144628099174,1.7991769971957134,16.96,0.067073,0.7890040650406503,0.7936368784852377,4.61,0.268293,36.60244318181818,18.518965517241377,0.130081,1.3283900000000002,83
419,ASOC. PROD. SAN JULIAN NO.0419,ASOCIACION,SAN JULIAN,50.77,745,20565.6,27.79135135135135,54.964806,11.339544827586208,1.6957843203191154,16.6,0.060403,0.8139060402684563,0.7970585485830889,5.15,0.285906,36.41395480225988,18.616724806201553,0.143624,1.2109699999999999,85
420,ASOC. PROD. YAPACANI NO.0420,COOPERATIVA,YAPACANI,58.79,504,13995.3,27.934730538922153,44.19308100000001,11.358530612244898,2.3013075069169404,45.2,0.059524,0.7608730158730159,0.7615206820898095,4.27,0.257937,36.68140762463343,18.582670454545454,0.152778,7.952880000000001,85
421,CHRISTIAN CHAMBI SANCHEZ,INDIVIDUAL,MINEROS,80.81,239,6609.7300000000005,27.88915611814346,18.971102000000002,11.554956896551726,1.7799202272714378,18.2,0.071130,0.81418410041841,0.789778758243745,5.21,0.259414,36.714,18.446724137931035,0.167364,1.248686,80
422,ASOC. PROD. SANTA ROSA NO.0422,COOPERATIVA,SANTA ROSA,78.92,1564,43358.89,28.064006472491908,115.469753,11.372705345501956,1.6749564496321991,16.34,0.053069,0.7988682864450127,0.7992846677381339,6.0,0.283887,36.42477666362807,18.467052919708028,0.144501,1.6674999999999998,85
423,CARMEN NAVIA HUANCA,INDIVIDUAL,MONTERO,86.17,264,7123.5,27.717898832684824,16.029128,11.360269230769232,1.6825429838449526,15.49,0.056818,0.767159090909091,0.704292027333087,3.71,0.303030,36.45197860962566,18.47126373626374,0.128788,0.8758719999999998,80
424,RICARDO FLORES CRUZ,INDIVIDUAL,BUEN RETIRO,66.79,263,7237.61,27.836961538461537,24.183819,11.363410852713178,1.6934005555207987,16.8,0.057034,0.8703041825095059,0.8512800771281236,4.76,0.307985,36.37536842105263,18.35864864864865,0.125475,1.2772719999999997,83
425,LUIS NAVIA VARGAS,COMUNIDAD,PAILON,129.3,251,6891.960000000001,27.790161290322583,25.825984000000002,11.362950819672132,2.69950191672359,45.2,0.039841,0.758605577689243,0.7380358038799777,3.28,0.274900,36.80106145251396,18.507566137566137,0.143426,9.8436,82
426,RICARDO CUELLAR MEDINA,INDIVIDUAL,YAPACANI,61.17,1270,35253.53,28.06809713375796,97.235648,11.320879032258064,1.759226557494255,17.46,0.058268,0.7845118110236222,0.7715993273228064,5.54,0.278740,36.534745575221244,18.45587837837838,0.138583,1.3849959999999992,85
427,AGROP. TORREZ HNOS. S.R.L.,EMPRESA AGROPECUARIA,LA GUARDIA,447.78,1038,28805.25,28.047955209347613,85.986095,11.342827788649707,1.75040617300959,16.93,0.058767,0.8303757225433527,0.8411861679839543,5.59,0.292871,36.609973297730306,18.575745554035567,0.149326,1.404999,85
429,SILVIA FLORES TORREZ,INDIVIDUAL,ROBORE,43.06,516,14272.18,27.92990215264188,49.567536000000004,11.376,2.2920054489367794,45.2,0.054264,0.8437984496124031,0.8576737051707256,6.0,0.302326,36.321813031161476,18.611285714285717,0.145349,7.902960000000002,85
430,CINTHIA COLQUE SANCHEZ,INDIVIDUAL,PORTACHUELO,38.68,796,22276.03,28.304993646759847,67.778914,11.319404145077721,1.7060820194841668,16.85,0.054020,0.8344597989949749,0.8555629782211249,6.0,0.297739,36.530951557093424,18.568301559792026,0.136935,2.9390199999999997,85
431,PATRICIA ANTELO CONDORI,INDIVIDUAL,PORTACHUELO,42.02,252,7057.09,28.11589641434263,25.840875999999998,11.269673469387754,1.7667405084189314,16.63,0.067460,0.903531746031746,0.8634461592389585,4.78,0.341270,36.45068571428571,18.50722543352601,0.198413,1.121904,80
432,ALBERTO SALVATIERRA MAMANI,INDIVIDUAL,MINEROS,99.16,778,21660.67,28.02156532988357,53.653412,11.37266225165563,1.7266362127671733,16.36,0.062982,0.7724678663239075,0.7978706069289082,5.51,0.263496,36.497799227799234,18.574473684210524,0.152956,1.223112,85
433,SANDRA VACA LIMA,COMUNIDAD,CHARAGUA,188.47,504,14040.66,28.307782258064517,34.129383000000004,11.35131313131313,1.7149997028272908,16.41,0.057540,0.7629761904761905,0.7553961420605295,5.1,0.259921,36.49118155619597,18.568238636363635,0.150794,1.7977200000000004,84
434,DIEGO APAZA GUTIERREZ,INDIVIDUAL,COTOCA,166.2,1038,29058.689999999995,28.294732229795517,83.702428,11.422212301587301,1.6857758702079737,16.84,0.065511,0.8205298651252408,0.821503436637436,6.0,0.294798,36.59679296346415,18.50966078697422,0.163776,1.572496,85
435,RENE ALVARADO LOPEZ,INDIVIDUAL,GENERAL SAAVEDRA,68.7,1072,29772.16,28.034048964218456,82.990087,11.302988614800759,1.7270728729044125,16.25,0.054104,0.8277238805970148,0.8245168612016628,6.0,0.294776,36.44331491712707,18.467673202614378,0.149254,1.6807200000000004,85
436,AGROP. PEREZ HNOS. S.R.L.,EMPRESA AGROPECUARIA,BUEN RETIRO,227.54,523,14415.15,28.045038910505834,43.941706,11.47916504854369,2.265388767183301,45.2,0.066922,0.7508221797323135,0.7366229071918939,4.18,0.260038,36.457277628032344,18.551653543307086,0.147228,5.974800000000001,85
437,ANDREA MAMANI SALVATIERRA,INDIVIDUAL,GENERAL SAAVEDRA,27.58,1302,36159.520000000004,28.095975135975138,118.000803,11.35137607505864,2.243970843658467,45.2,0.071429,0.7919508448540705,0.8013148518635594,6.0,0.279570,36.52723756906077,18.523810043668124,0.152842,9.647040000000002,85
438,ANDREA TICONA GUTIERREZ,INDIVIDUAL,ROBORE,160.26,539,15059.28,28.14818691588785,44.937760000000004,11.294923076923078,1.7013738056175023,16.61,0.055659,0.850760667903525,0.865918714178965,5.88,0.282004,36.56002538071066,18.528679245283016,0.159555,1.422032,85
439,ASOC. PROD. SAN JULIAN NO.0439,COOPERATIVA,SAN JULIAN,117.06,805,22418.75,28.12892095357591,56.617355,11.393493064312738,1.7368922613507671,16.6,0.068323,0.7761366459627329,0.7383967142890169,5.56,0.270807,36.55106060606061,18.425222602739726,0.136646,1.6182619999999996,85
440,CAMILA RODRIGUEZ TICONA,INDIVIDUAL,PUERTO QUIJARRO,44.05,808,22663.81,28.47212311557789,54.116113,11.367695214105792,1.6921882242923132,16.23,0.059406,0.7769925742574256,0.7668419539571081,5.36,0.273515,36.44319787985865,18.379762340036567,0.162129,1.128804,85
441,JESSICA CASTRO COPA,INDIVIDUAL,ROBORE,700.33,978,27133.360000000004,28.17586708203531,80.105091,11.467507788161992,2.071130341772539,45.2,0.065440,0.7584662576687117,0.7332442871465575,5.19,0.264826,36.52106128550075,18.582976539589442,0.138037,10.324080000000002,85
442,PATRICIA CHAMBI VILLCA,INDIVIDUAL,MONTERO,40.59,793,22003.18,28.029528662420383,87.167122,11.528501920614596,2.7666602905194817,45.2,0.079445,0.8151954602774275,0.7890527778558233,4.6,0.282472,36.55748592870544,18.543858695652176,0.156368,8.966880000000002,85
443,FREDDY SANCHEZ ANTELO,INDIVIDUAL,YAPACANI,29.39,1064,29583.870000000003,28.175114285714287,89.364508,11.39591817316841,1.749970064767882,16.61,0.084586,0.8126409774436091,0.8478948969135418,6.0,0.283835,36.490705725699065,18.441973856209152,0.147556,1.5615,85
446,ASOC. PROD. YAPACANI NO.0446,ASOCIACION,YAPACANI,165.46,513,14128.079999999998,27.866035502958574,38.218241,11.334604743083005,1.7638636545882485,16.65,0.074074,0.807485380116959,0.7926168783839536,4.7,0.292398,36.49444759206799,18.42278820375335,0.167641,1.179794,85
447,RODRIGO MERCADO MARCA,INDIVIDUAL,PUERTO SUAREZ,50.59,239,6594.97,27.826877637130803,25.24011,11.456695652173911,2.7964925698085032,45.2,0.037657,0.849205020920502,0.7504367046632094,4.25,0.347280,36.47337142857143,18.559649122807016,0.163180,8.567520000000002,81
448,ASOC. PROD. BUEN RETIRO NO.0448,ASOCIACION,BUEN RETIRO,21.29,1060,29597.780000000002,28.18836190476191,92.98378799999999,11.340519730510106,2.0119386253374545,45.2,0.058491,0.8065188679245283,0.8195316695159527,6.0,0.282075,36.496563758389264,18.494266487214,0.146226,8.125000000000002,85
449,ASOC. PROD. PUERTO SUAREZ NO.0449,ASOCIACION,PUERTO SUAREZ,164.52,258,7317.659999999999,28.473385214007777,21.754432,11.430438247011953,1.6934287723938444,16.04,0.065891,0.885077519379845,0.7937715920029295,4.58,0.341085,36.54439306358381,18.463842105263158,0.162791,1.2262560000000002,81
450,MARCO CHUQUIMIA CONDORI,INDIVIDUAL,COTOCA,219.4,793,22162.15,28.23203821656051,59.188562999999995,11.306409266409267,1.691567885012227,16.56,0.045397,0.7965447667087011,0.8334544856332586,5.53,0.272383,36.50016216216216,18.535152057245078,0.151324,1.265049,85
451,VANESSA VILLCA SANCHEZ,INDIVIDUAL,EL TORNO,94.07,966,27025.12,28.477471022128555,80.010937,11.364269067796611,1.7483584470711817,16.29,0.074534,0.822639751552795,0.8129145215269368,6.0,0.292961,36.60403790087464,18.50744557329463,0.141822,1.7642400000000005,85
452,ASOC. PROD. SAN PEDRO NO.0452,ASOCIACION,SAN PEDRO,191.16,517,14533.369999999999,28.275038910505835,66.686721,11.546799204771371,2.7440644915352417,45.2,0.073501,0.8511605415860737,0.8709129395108661,5.6,0.282398,36.5876338028169,18.57053221288515,0.172147,10.395508,85
453,CARLOS GUTIERREZ MARCA,INDIVIDUAL,CHARAGUA,84.28,492,13698.22,28.243752577319587,53.00292600000001,11.503429752066115,2.7872836449145613,45.2,0.075203,0.7996747967479675,0.7344251780083706,4.64,0.276423,36.42953168044077,18.43933908045977,0.144309,10.058880000000002,84
454,RAUL GARCIA GUTIERREZ,INDIVIDUAL,EL TORNO,45.66,262,7260.82,28.034054054054053,16.891367,11.18420233463035,1.6038114532733552,16.19,0.049618,0.7865267175572519,0.7109125841821703,4.15,0.297710,36.44035532994924,18.54679775280899,0.167939,1.0458,82
455,ASOC. PROD. ROBORE NO.0455,COOPERATIVA,ROBORE,49.51,251,6967.279999999999,28.093870967741932,17.574927000000002,11.502,1.7874818811416826,15.73,0.083665,0.7114741035856574,0.7034422636767663,5.44,0.262948,36.540119760479044,18.623850574712645,0.111554,1.2205560000000002,80
456,ASOC. PROD. YAPACANI NO.0456,ASOCIACION,YAPACANI,62.07,509,14112.54,28.056739562624255,44.076806,11.316127744510977,1.7742057872887054,16.44,0.070727,0.8165225933202357,0.823494265370909,5.36,0.282908,36.49843930635839,18.518579234972677,0.143418,1.2926439999999997,85
457,ASOC. PROD. CHARAGUA NO.0457,COOPERATIVA,CHARAGUA,82.91,522,14733.5,28.55329457364341,49.66256800000001,11.5152390438247,2.3568755838173345,45.2,0.105364,0.7729885057471264,0.7399591962748338,5.71,0.281609,36.40950819672131,18.513595505617978,0.164751,8.183760000000001,85
458,WILBER SALVATIERRA SANDOVAL,INDIVIDUAL,COTOCA,479.19,2004,55949.170000000006,28.271435068216274,177.64783400000002,11.353683138053999,2.220516932830443,45.2,0.069361,0.7873652694610778,0.7736165203319934,6.0,0.268962,36.53322466335932,18.524275668073138,0.157685,10.364640000000001,85
459,AGROP. FLORES HNOS. S.R.L.,EMPRESA AGROPECUARIA,EL TORNO,124.33,486,13542.289999999999,28.15444906444906,33.914355,11.43953488372093,1.7890377690649135,15.96,0.080247,0.7561728395061729,0.7562793918377775,5.6,0.248971,36.4756195965418,18.572456647398845,0.162551,1.303688,85
460,ASOC. PROD. CHARAGUA NO.0460,COOPERATIVA,CHARAGUA,538.23,1032,28474.61,27.971129666011787,83.413921,11.413296812749005,1.7854186702467172,16.66,0.076550,0.8113081395348838,0.8081013983655615,6.0,0.275194,36.47080459770115,18.50959239130435,0.127907,1.7618440000000002,85
461,ASOC. PROD. PUERTO SUAREZ NO.0461,COOPERATIVA,PUERTO SUAREZ,111.47,271,7637.7300000000005,28.39304832713755,22.208651,11.19887640449438,1.8724234055038957,15.82,0.070111,0.8337269372693727,0.7717837343245789,3.51,0.298893,36.455721925133695,18.449833333333334,0.132841,0.7460860000000004,83
462,ASOC. PROD. GENERAL SAAVEDRA NO.0462,ASOCIACION,GENERAL SAAVEDRA,43.3,524,14643.53,28.10658349328215,45.405073,11.367295719844359,2.2965351225921617,45.2,0.051527,0.7793320610687023,0.749040260658102,4.85,0.286260,36.53,18.378560411311053,0.129771,8.392800000000003,85
463,MIRIAM MARCA ANTELO,INDIVIDUAL,CHARAGUA,83.24,267,7418.3,27.783895131086144,19.80474,11.341192307692308,1.8208900729741049,15.68,0.074906,0.8089513108614231,0.7757060968873942,5.32,0.310861,36.44762376237623,18.48563535911602,0.123596,1.310256,79
464,ASOC. PROD. BUEN RETIRO NO.0464,COOPERATIVA,BUEN RETIRO,49.79,811,22555.19,28.01886956521739,57.291852999999996,11.252132998745296,1.694991578039771,16.23,0.049322,0.7941800246609123,0.7784142869443057,5.19,0.279901,36.55914855072464,18.40004975124378,0.166461,1.255743,85
465,PATRICIA TORREZ FLORES,INDIVIDUAL,LA GUARDIA,207.38,802,22261.64,27.896791979949874,61.334061,11.337509529860228,1.8071815032243264,17.59,0.071072,0.8073316708229427,0.7482606462497167,5.61,0.296758,36.464432809773115,18.419482439926064,0.137157,1.422646,85
466,RICHARD GUTIERREZ MARTINEZ,INDIVIDUAL,PORTACHUELO,93.94,1287,35857.75,28.19005503144654,123.32498299999999,11.340940239043825,2.389385233626296,45.2,0.059829,0.8076068376068377,0.7905336254421855,6.0,0.295260,36.51707126948775,18.610435729847495,0.178710,9.48168,85
467,RENE NAVIA CHOQUE,INDIVIDUAL,COTOCA,158.45,260,7112.579999999999,27.89247058823529,20.419583,11.484749034749035,1.6027847117193093,15.42,0.042308,0.8275384615384617,0.8467034065991813,4.42,0.276923,36.46707182320442,18.612011494252872,0.219231,1.033298,81
468,ASOC. PROD. COTOCA NO.0468,ASOCIACION,COTOCA,206.47,797,21951.52,27.78673417721519,66.355704,11.364872773536897,1.7659212197868392,17.03,0.069009,0.7970514429109159,0.8251998165899281,6.0,0.278545,36.498221070811745,18.567218181818184,0.146801,1.57638,85
469,YENNY CASTRO SANDOVAL,COMUNIDAD,COTOCA,307.91,1851,51122.65,28.027768640350878,176.29628899999997,11.438540983606556,2.110932024029786,45.2,0.077256,0.82332793084819,0.8207636193751014,5.75,0.278228,36.472142304717714,18.533770239013105,0.145867,10.049520000000003,85
470,AGROP. VASQUEZ HNOS. S.R.L.,EMPRESA AGROPECUARIA,PUERTO QUIJARRO,60.33,1048,29098.34,28.141528046421662,80.800972,11.373140333660452,1.7294711000152978,16.62,0.061069,0.801956106870229,0.7804704884637608,5.7,0.288168,36.49785811732606,18.58325136612022,0.125954,4.966080000000001,85
471,AGROP. VASQUEZ HNOS. S.R.L.,EMPRESA AGROPECUARIA,ROBORE,62.7,270,7479.48,28.118345864661652,23.625986,11.349621212121212,1.7218896708220575,15.64,0.077778,0.8355185185185184,0.8305332129851299,5.49,0.307407,36.755468750000006,18.629787234042553,0.137037,0.8679169999999999,84
472,DIEGO PINTO PEREZ,INDIVIDUAL,LA GUARDIA,631.39,761,20971.719999999998,28.03705882352941,60.666775,11.348368983957219,1.698338825424522,16.41,0.064389,0.8460578186596583,0.8301039673755354,6.0,0.302234,36.491550094517955,18.490919117647056,0.173456,1.3345,85
473,LAURA CHAMBI CRUZ,INDIVIDUAL,LA GUARDIA,328.31,1243,34240.97,27.906251018744907,97.33098300000002,11.466568627450982,1.961880259413758,45.2,0.074014,0.7647948511665326,0.7601446079726074,6.0,0.268705,36.52753472222222,18.464225988700562,0.137570,7.880525000000001,85
474,PAOLA MARCA PEDRAZA,INDIVIDUAL,PORTACHUELO,44.18,253,7029.59,28.23128514056225,24.595661,11.335542168674698,1.616082668916139,15.81,0.051383,0.9041501976284584,0.9104223298123749,4.99,0.355731,36.34915730337079,18.228121546961322,0.114625,1.2998720000000001,81
475,ASOC. PROD. PUERTO SUAREZ NO.0475,ASOCIACION,PUERTO SUAREZ,56.33,780,21788.85,28.29720779220779,65.67378099999999,11.340339425587468,2.0857998925662025,45.2,0.065385,0.8190384615384616,0.7917160793187177,5.56,0.287179,36.554901610017886,18.475657657657656,0.161538,8.739734000000002,85
476,ASOC. PROD. ROBORE NO.0476,COOPERATIVA,ROBORE,76.06,538,15259.400000000001,28.52224299065421,41.43827399999999,11.410509433962263,1.7425176592839777,16.33,0.059480,0.8190520446096656,0.7653662558972681,5.56,0.310409,36.45812664907651,18.488922651933702,0.157993,1.0497119999999998,85
477,GABRIELA VILLCA ANTELO,COMUNIDAD,SAN JULIAN,134.32,487,13608.52,28.001069958847737,37.81445000000001,11.454978902953586,2.3135428337354385,45.2,0.067762,0.7195277207392198,0.710314355980705,6.0,0.238193,36.50160349854227,18.52804804804805,0.151951,8.717228000000002,84
478,ASOC. PROD. MONTERO NO.0478,ASOCIACION,MONTERO,14.84,1571,43535.520000000004,28.069323017408127,128.88316700000001,11.365165262475697,1.927703541053623,45.2,0.066200,0.8079694462126034,0.7840461048989865,6.0,0.285169,36.500602069614295,18.47880373831776,0.149586,7.973204000000002,85
479,ASOC. PROD. LA GUARDIA NO.0479,ASOCIACION,LA GUARDIA,167.3,463,12996.86,28.192754880694146,39.824269,11.338377192982456,1.6748882194112644,15.86,0.056156,0.8399136069114469,0.8397992397489116,4.6,0.295896,36.370460122699384,18.651041009463725,0.168467,1.1025319999999998,85
481,ASOC. PROD. ROBORE NO.0481,COOPERATIVA,ROBORE,125.19,1013,27987.76,27.848517412935323,87.42025000000001,11.43221327967807,2.0513298147413077,45.2,0.067127,0.7902961500493583,0.7874592097817789,5.65,0.265548,36.41324822695036,18.429726775956283,0.139191,10.795200000000003,85
482,DIEGO ROMERO HUANCA,INDIVIDUAL,WARNES,149.83,280,7844.21,28.21658273381295,20.544773,11.335698529411767,1.7794846337961572,16.24,0.057143,0.7516071428571429,0.8076586293710617,4.74,0.250000,36.45969072164949,18.73772972972973,0.160714,0.992596,82
483,RAUL MACHACA SORIA,INDIVIDUAL,LA GUARDIA,60.31,739,20473.44,28.084279835390944,63.685907,11.537306629834255,2.130023619479609,45.2,0.067659,0.8189174560216508,0.7869257995799022,6.0,0.286874,36.579676190476185,18.412019230769232,0.143437,9.215486000000002,85
484,GABRIELA CHOQUE HUANCA,INDIVIDUAL,YAPACANI,83.93,260,7248.34,27.985868725868727,22.213044,11.300790513833991,1.661929985700353,15.84,0.038462,0.845153846153846,0.8710023823073906,5.27,0.284615,36.63025906735751,18.36099476439791,0.161538,1.1733959999999997,82
485,ASOC. PROD. ROBORE NO.0485,COOPERATIVA,ROBORE,95.23,1859,51441.29,28.063987997817787,181.13261599999998,11.443811092806149,2.215280940065028,45.2,0.067778,0.8090693921463152,0.8090902045642738,6.0,0.286175,36.433652509652504,18.534942704354467,0.146853,11.329892000000001,85
486,AGROP. PUMA HNOS. S.R.L.,EMPRESA AGROPECUARIA,GENERAL SAAVEDRA,153.41,263,7203.21,27.811621621621622,17.016616,11.378339768339767,1.8219237491387885,15.87,0.053232,0.7807984790874526,0.754398128026705,4.2,0.281369,36.58358695652174,18.49544943820225,0.197719,0.8835809999999998,80
487,RONALD VILLCA ROMERO,INDIVIDUAL,WARNES,39.47,761,21379.379999999997,28.204986807387858,64.18858800000001,11.356973333333332,1.7458598860192112,16.7,0.064389,0.8419053876478318,0.8049242667774719,4.87,0.310118,36.476440677966096,18.46456978967495,0.140604,1.1794090000000004,85
488,ASOC. PROD. CUATRO CANADAS NO.0488,COOPERATIVA,CUATRO CANADAS,45.16,992,27958.94,28.413556910569103,77.33795899999998,11.386320657759507,1.736600206055975,16.06,0.069556,0.8223185483870968,0.8295147496079038,5.4,0.284274,36.51144906743185,18.372681159420292,0.148185,1.2466489999999997,85
489,PATRICIA SANDOVAL AGUILAR,INDIVIDUAL,PUERTO SUAREZ,40.12,1191,33319.53,28.117746835443036,97.268639,11.375841161400514,1.7556079733087675,16.92,0.073887,0.8088413098236775,0.8104458784243953,6.0,0.287154,36.524625603864735,18.41668618266979,0.144416,1.5985000000000003,85
490,DANIELA MAMANI SALVATIERRA,INDIVIDUAL,SANTA ROSA,74.41,1268,35406.549999999996,28.05590332805071,106.495848,11.394755804643715,2.209960796750343,45.2,0.067035,0.7844794952681389,0.7322353124881905,5.52,0.287855,36.53444564047363,18.53154355016538,0.149842,9.388632000000001,85
491,HUGO YUJRA MARCA,INDIVIDUAL,PAILON,74.76,525,14687.52,28.24523076923077,40.484908,11.409129593810446,2.3172940599554157,45.2,0.066667,0.7515238095238096,0.7325019617413495,5.02,0.268571,36.286016713091925,18.49289972899729,0.165714,7.690800000000001,84
492,ASOC. PROD. SAN PEDRO NO.0492,COOPERATIVA,SAN PEDRO,281.07,764,21842.24,28.702023653088045,72.71955,11.360720961281709,2.12212826109198,45.2,0.068063,0.8182722513089005,0.8068290759269346,5.21,0.295812,36.415375,18.493752345215757,0.145288,6.963840000000001,85
493,ASOC. PROD. ROBORE NO.0493,ASOCIACION,ROBORE,325.54,506,14101.93,28.20386,51.80082999999999,11.370484848484848,1.8039796782186492,17.22,0.075099,0.8919762845849804,0.9044661723150336,6.0,0.302372,36.54681198910082,18.650489913544668,0.179842,1.5835000000000001,85
494,ELIZABETH MACHACA MAMANI,INDIVIDUAL,ROBORE,30.99,268,7376.459999999999,28.154427480916027,18.335698999999998,11.384790874524716,1.6394110414932002,15.7,0.067164,0.7647014925373136,0.7546849334403124,4.85,0.253731,36.43704918032787,18.316021505376344,0.186567,1.0318,81
495,JORGE CATACORA SALVATIERRA,INDIVIDUAL,PORTACHUELO,89.73,542,15099.570000000002,28.11837988826816,42.803309,11.289734345351045,1.7692474194398593,15.95,0.077491,0.8040036900369002,0.7989801863931518,4.89,0.276753,36.581379310344836,18.345172413793104,0.121771,1.171776,85
496,ASOC. PROD. SANTA ROSA NO.0496,ASOCIACION,SANTA ROSA,33.2,1102,30600.579999999998,28.022509157509155,94.36922100000001,11.24987049028677,1.7580802824410624,16.77,0.063521,0.8386025408348459,0.8162398268657006,6.0,0.305808,36.50906649616368,18.403145917001336,0.156987,1.6035000000000001,85
497,YENNY FLORES GARCIA,INDIVIDUAL,CUATRO CANADAS,59.93,257,7125.84,27.8353125,20.399283999999998,11.333577235772358,1.7281050752639877,17.63,0.070039,0.8117120622568094,0.8081094031088836,6.0,0.322957,36.70059459459459,18.46005617977528,0.147860,1.5169839999999999,78
498,ASOC. PROD. MINEROS NO.0498,ASOCIACION,MINEROS,8.73,257,7160.880000000001,28.192440944881895,20.733492000000002,11.25576,1.626753864276871,15.78,0.038911,0.8545136186770428,0.8893891956929599,6.0,0.311284,36.534606741573036,18.53412429378531,0.124514,1.5315000000000003,82
499,HUGO HUANCA MARCA,INDIVIDUAL,SAN PEDRO,707.82,280,7928.02,28.518057553956837,23.241077999999998,11.370253623188404,1.7689268264288325,16.22,0.067857,0.83275,0.8334648982165596,5.42,0.282143,36.56333333333334,18.58071065989848,0.189286,1.390974,83
500,AGROP. CHUQUIMIA HNOS. S.R.L.,EMPRESA AGROPECUARIA,CUATRO CANADAS,68.64,1320,36806.97,28.16141545524101,114.40253299999999,11.390996908809893,2.023749747999283,45.2,0.065909,0.7870909090909091,0.7826513660607428,6.0,0.270455,36.45036996735582,18.45638888888889,0.159848,9.325680000000002,85
501,CINTHIA VILLCA ROMERO,INDIVIDUAL,LA GUARDIA,112.56,773,21427.260000000002,27.972924281984337,70.53317799999999,11.419613333333333,2.143760339920387,45.2,0.059508,0.804954721862872,0.7911748686717122,6.0,0.296248,36.34787072243346,18.533177570093457,0.156533,10.461360000000003,85
502,ASOC. PROD. SANTA ROSA NO.0502,COOPERATIVA,SANTA ROSA,177.31,1569,43676.770000000004,28.08795498392283,117.62584100000001,11.258666232921277,1.7362771411998184,17.24,0.065010,0.8005098789037604,0.7713439074311611,5.05,0.287444,36.476814744801516,18.441764705882356,0.147228,3.399325,85
503,RENE TICONA FLORES,INDIVIDUAL,CUATRO CANADAS,35.53,260,7062.2300000000005,27.804055118110238,23.830817000000003,11.096442687747036,1.8645666316559473,17.73,0.057692,0.8485384615384616,0.9086857678921931,5.55,0.257692,36.68633333333333,18.518453038674036,0.146154,1.3832,78
504,ASOC. PROD. MINEROS NO.0504,ASOCIACION,MINEROS,45.3,512,14434.119999999999,28.469664694280077,52.045874000000005,11.2500998003992,2.2757320997911856,45.2,0.054688,0.8228515625,0.8394465569376653,6.0,0.285156,36.44325714285715,18.55447802197802,0.144531,7.41,85
506,AGROP. MACHACA HNOS. S.R.L.,EMPRESA AGROPECUARIA,SAN PEDRO,118.2,1273,35903.700000000004,28.449841521394614,112.16586299999999,11.450679456434852,1.9975489625963236,45.2,0.065986,0.8199293008641005,0.8001612915418862,5.64,0.289081,36.47614301191766,18.4528,0.148468,9.85005,85
507,ASOC. PROD. PUERTO SUAREZ NO.0507,ASOCIACION,PUERTO SUAREZ,199.33,807,22408.440000000002,28.010550000000002,54.74586,11.345901015228426,1.7340041359321263,16.4,0.066914,0.7614250309789342,0.7162099214830366,4.6,0.267658,36.58579040852576,18.31232558139535,0.146221,2.0123929999999985,85
509,NELSON SANCHEZ AGUILAR,INDIVIDUAL,WARNES,124.33,255,6950.3099999999995,27.6904780876494,21.952286,11.32536,1.8598693843675178,17.58,0.086275,0.7914117647058824,0.8604976855228494,6.0,0.247059,36.587758620689655,18.444880952380952,0.188235,1.482,81
510,DANIEL GUTIERREZ CHOQUE,INDIVIDUAL,PORTACHUELO,55.05,1518,42760.29000000001,28.26192333113021,110.703013,11.30554289544236,1.762746709715312,17.83,0.060606,0.7700527009222662,0.7358280891524274,6.0,0.283267,36.492536162005784,18.52673851921275,0.137681,1.5965,85
511,VANESSA RIVERO GARCIA,INDIVIDUAL,SAN JULIAN,183.0,790,21839.920000000002,27.964046094750323,62.59112,11.343474358974358,1.8325049966875122,16.92,0.068354,0.7916835443037974,0.7824413881166217,5.6,0.278481,36.44824057450628,18.50060885608856,0.155696,1.4048399999999999,85
512,AGROP. COLQUE HNOS. S.R.L.,EMPRESA AGROPECUARIA,ROBORE,74.5,711,19739.38,28.078776671408253,53.185614,11.285092989985694,1.7840700983936455,17.04,0.057665,0.790464135021097,0.7686074355020739,5.07,0.274262,36.4387084148728,18.456832669322708,0.146273,1.560556,85
513,FELIX MAMANI QUISPE,INDIVIDUAL,SAN JULIAN,51.59,1345,37785.36,28.303640449438202,104.94965300000001,11.358261199696281,1.7635304804372034,17.9,0.067658,0.7932936802973978,0.781434649129618,6.0,0.275836,36.40533404029692,18.49463101604278,0.134572,2.695602,85
514,ASOC. PROD. BUEN RETIRO NO.0514,ASOCIACION,BUEN RETIRO,147.19,505,14153.32,28.306639999999998,39.534206000000005,11.259576612903226,2.2616615913338074,45.2,0.051485,0.7645940594059406,0.758812174542871,6.0,0.257426,36.421120448179266,18.606198347107437,0.118812,8.202480000000001,85
515,CAMILA CATACORA LOPEZ,COMUNIDAD,CHARAGUA,23.63,497,13927.500000000002,28.307926829268297,40.505106000000005,11.378930041152262,1.7874513582143339,19.88,0.060362,0.8242253521126759,0.7890842062783351,6.0,0.295775,36.52285714285715,18.40031518624642,0.146881,1.9227599999999998,84
516,ASOC. PROD. COTOCA NO.0516,ASOCIACION,COTOCA,43.17,1332,37232.83,28.142728647014362,134.186679,11.367843438219495,2.527862226222575,45.2,0.054805,0.800337837837838,0.811884094930447,5.28,0.265766,36.421750524109015,18.565437837837838,0.142643,10.648560000000003,85
517,SANDRA VASQUEZ LOPEZ,INDIVIDUAL,CUATRO CANADAS,15.54,279,7692.25,27.76985559566787,22.469604,11.377032967032966,1.6602835697547151,16.38,0.057348,0.8631541218637993,0.7910234340923844,4.79,0.347670,36.370289855072464,18.39980487804878,0.125448,1.232508,83
519,ASOC. PROD. BUEN RETIRO NO.0519,COOPERATIVA,BUEN RETIRO,33.37,1055,29584.62,28.31064114832536,77.25873699999998,11.295556631171346,1.6860256421609667,17.3,0.058768,0.78139336492891,0.7630603840269155,4.98,0.282464,36.45687763713081,18.402809587217043,0.135545,1.102062,85
520,FELIX GUTIERREZ YUJRA,INDIVIDUAL,SAN JULIAN,218.95,527,14582.97,28.152451737451734,41.20744,11.428800773694391,1.7547156047755452,16.66,0.077799,0.7830360531309297,0.7929059782424913,4.49,0.269450,36.59218421052631,18.60777158774373,0.146110,1.131696,85
521,ASOC. PROD. ROBORE NO.0521,ASOCIACION,ROBORE,137.5,794,21714.16,27.838666666666665,68.180482,11.351123882503193,2.1662638322760612,45.2,0.071788,0.7941435768261964,0.7847543752976818,6.0,0.274559,36.51126110124334,18.51958781362007,0.153652,8.308560000000002,85
522,FREDDY PUMA LOPEZ,INDIVIDUAL,PUERTO SUAREZ,141.96,1263,34961.759999999995,28.014230769230764,106.585373,11.350468876313663,1.9794195824880103,45.2,0.060174,0.8248456057007125,0.7980624044156007,5.29,0.297704,36.38535589264878,18.53394883203559,0.134600,8.842080000000001,85
523,JOSE QUISPE CHUQUIMIA,INDIVIDUAL,CUATRO CANADAS,14.37,801,22416.870000000003,28.339911504424784,82.876805,11.404575411913815,2.4602741641730157,45.2,0.079900,0.8098252184769038,0.7857437364772522,5.3,0.290886,36.62028119507909,18.474525547445257,0.144819,10.430160000000003,85
524,AGROP. CALLISAYA HNOS. S.R.L.,EMPRESA AGROPECUARIA,MINEROS,84.35,283,7944.58,28.27252669039146,20.443769999999997,11.263430656934307,1.729986316808916,16.3,0.077739,0.7579505300353356,0.7536431876436174,4.07,0.275618,36.480051546391756,18.61127450980392,0.151943,0.9723400000000002,82
525,ASOC. PROD. ROBORE NO.0525,ASOCIACION,ROBORE,301.3,5523,4381835863.77,801066.8855155394,8019220442.618924,65.0432938344751,46.65719420788556,99.99,0.630092,64.03932283179434,47.907194672874894,99.99,0.666848,35.09386422976501,18.028773796192613,0.013942,3698553.401658,85
526,PATRICIA AGUILAR SANCHEZ,INDIVIDUAL,WARNES,84.89,513,14032.849999999999,27.678205128205125,41.21950700000001,11.298111332007952,2.2944319861296707,45.2,0.064327,0.7349512670565301,0.7343324772019736,4.39,0.255361,36.625742296918766,18.564752747252747,0.126706,9.197448000000001,85
527,ALBERTO SANCHEZ CATACORA,INDIVIDUAL,PUERTO QUIJARRO,196.34,514,14374.33,28.129804305283756,40.442405,11.329644268774704,1.8325945120189313,17.27,0.085603,0.7759727626459144,0.7680815365701957,5.19,0.274319,36.494604904632155,18.587831978319784,0.132296,1.1614680000000002,85
528,ASOC. PROD. MONTERO NO.0528,COOPERATIVA,MONTERO,72.72,737,20580.329999999998,28.000448979591834,74.96178400000001,11.287242339832869,2.1627875176146834,45.2,0.062415,0.8609497964721845,0.8655479659981719,6.0,0.313433,36.5132251908397,18.527272727272727,0.137042,10.377120000000001,85
529,RENE CUELLAR GARCIA,INDIVIDUAL,OKINAWA,58.67,994,27662.18,28.08343147208122,108.48334700000001,11.445930113052414,2.5516628329812328,45.2,0.073441,0.8110764587525152,0.8275285935854698,6.0,0.282696,36.41586455331412,18.405742857142858,0.147887,8.98248,85
530,ASOC. PROD. ROBORE NO.0530,ASOCIACION,ROBORE,178.37,505,14037.789999999999,28.07558,50.133576,11.484616935483869,2.3788670281908706,45.2,0.087129,0.8072475247524753,0.7889573615676814,4.98,0.277228,36.634751381215466,18.509662921348312,0.150495,9.429788,85
531,AGROP. SORIA HNOS. S.R.L.,EMPRESA AGROPECUARIA,YAPACANI,1079.82,736,20891.65,28.61869863013699,70.777583,11.332217573221756,2.17238643268894,45.2,0.066576,0.8308559782608694,0.8618650562285753,6.0,0.274457,36.52852059925094,18.516262626262623,0.148098,9.400560000000002,84
532,ASOC. PROD. MONTERO NO.0532,ASOCIACION,MONTERO,148.78,763,21233.020000000004,28.12320529801325,59.473401,11.274919999999998,1.718202846473279,16.43,0.057667,0.7977719528178244,0.748219244048881,4.3,0.290957,36.658121546961326,18.52772466539197,0.148100,1.0018409999999995,85
533,MARIA COLQUE CHOQUE,INDIVIDUAL,COTOCA,20.02,481,13519.99,28.343794549266246,47.88632400000001,11.447179487179488,2.7658559346479175,45.2,0.058212,0.7353430353430354,0.7532730918011082,5.7,0.234927,36.52837535014006,18.506615384615387,0.135135,9.185280000000002,85
534,BORIS MARCA NAVIA,INDIVIDUAL,MONTERO,55.64,1036,28739.57,28.03860487804878,88.664265,11.358043264503442,1.7150913654459141,17.71,0.063707,0.8442760617760618,0.8495211251486045,6.0,0.304054,36.40888888888889,18.532638121546963,0.142857,1.4615000000000002,85
535,MARIA SUAREZ MORALES,INDIVIDUAL,BUEN RETIRO,41.55,1245,34812.91,28.257232142857145,120.785134,11.402884297520663,2.2121906463016394,45.2,0.068273,0.8037831325301206,0.8063801461277165,5.64,0.285141,36.5031880733945,18.4214011299435,0.142169,9.865440000000001,85
536,ASOC. PROD. YAPACANI NO.0536,ASOCIACION,YAPACANI,158.36,274,7652.189999999999,28.13305147058823,17.813034,11.40243445692884,1.6683167844400286,15.32,0.065693,0.7594525547445257,0.759397336438915,6.0,0.273723,36.56286432160804,18.593541666666663,0.193431,1.3830000000000002,82
537,WILBER QUISPE MARCA,INDIVIDUAL,WARNES,171.7,1044,28999.75,28.07333010648596,92.854118,11.401058823529413,2.266932374606879,45.2,0.066092,0.7892145593869732,0.8044050319076148,6.0,0.274904,36.46304654442877,18.493193277310922,0.137931,7.9840800000000005,85
538,MARCELO SORIA MEDINA,INDIVIDUAL,ROBORE,182.28,791,22048.55,28.0515903307888,58.121756,11.28360824742268,1.7621446965255707,16.39,0.060683,0.7907585335018964,0.7930434445295317,5.6,0.264223,36.63101449275362,18.725678119349002,0.137800,1.530375,85
539,CESAR MEDINA RODRIGUEZ,INDIVIDUAL,PUERTO SUAREZ,227.65,951,26449.54,28.167774227902026,83.037518,11.437264957264956,2.046597070838396,45.2,0.070452,0.8112092534174553,0.8297934488448694,5.81,0.279706,36.41721238938054,18.517040816326528,0.150368,8.127600000000001,85
540,DANIEL MARCA RIVERO,INDIVIDUAL,EL TORNO,212.78,799,22249.030000000002,28.163329113924053,62.959951000000004,11.345204603580564,1.794668272702253,16.54,0.066333,0.7937421777221527,0.7827119416296697,6.0,0.276596,36.56987588652482,18.50752151462995,0.166458,1.46916,85
541,AGROP. APAZA HNOS. S.R.L.,EMPRESA AGROPECUARIA,CHARAGUA,24.24,776,21885.46,28.38581063553826,62.757654,11.386266490765173,2.1812577220247933,45.2,0.067010,0.7553479381443299,0.72419646777938,5.64,0.244845,36.45828846153846,18.463025830258303,0.135309,9.378720000000003,85
542,MARIO MEDINA SORIA,INDIVIDUAL,OKINAWA,195.24,784,21739.48,28.05094193548387,58.085376,11.437473544973544,1.6704555727379546,16.33,0.059949,0.8083801020408163,0.7878486823434004,5.21,0.316327,36.475120593692026,18.500253164556963,0.146684,1.286576,85
543,ASOC. PROD. CHARAGUA NO.0543,COOPERATIVA,CHARAGUA,54.41,517,14171.17,28.006264822134387,39.691230000000004,11.247524557956778,1.8257225303319926,16.79,0.073501,0.8014893617021276,0.7892015310252851,5.28,0.299807,36.62364672364672,18.561718309859156,0.139265,1.3708840000000002,85
544,LORENA ANTELO TICONA,INDIVIDUAL,OKINAWA,60.26,1284,35570.9,27.898745098039218,103.586316,11.26506004803843,1.9897436981611822,45.2,0.054517,0.7867601246105919,0.7748226971994212,6.0,0.281153,36.44796255506608,18.501283422459895,0.154206,9.53472,85
545,NELSON CHOQUE CASTRO,COMUNIDAD,PORTACHUELO,183.66,993,27850.99,28.30385162601626,87.13426,11.472795477903393,2.0961685104440053,45.2,0.085599,0.7900402819738167,0.773702607066939,6.0,0.269889,36.45966954022988,18.54944055944056,0.146022,10.199280000000002,85
546,ASOC. PROD. ROBORE NO.0546,ASOCIACION,ROBORE,87.66,486,13481.289999999999,27.96948132780083,36.020559,11.346361746361746,1.7142809067362015,15.95,0.065844,0.7986213991769546,0.7556464786497522,5.66,0.290123,36.54213296398892,18.55816265060241,0.154321,1.0652760000000001,85
547,DANIELA QUISPE VACA,INDIVIDUAL,CHARAGUA,43.94,1874,52058.95,28.18567948023822,168.242491,11.404368191721131,1.938504798551396,45.2,0.074707,0.8282283884738527,0.8184306855843714,6.0,0.299360,36.47892032762472,18.549394856278365,0.149947,7.341360000000002,85
548,MARIO MONTAÑO GUTIERREZ,INDIVIDUAL,EL TORNO,48.82,1274,35231.25,28.072709163346612,118.118578,11.488693910256412,2.1710500585927455,45.2,0.072214,0.8072998430141289,0.8095556137776299,6.0,0.281790,36.518772727272726,18.441689497716897,0.155416,8.068170000000002,85
549,RICARDO MORALES ANTELO,INDIVIDUAL,PUERTO QUIJARRO,115.82,757,21136.57,28.144567243675098,90.18122199999999,11.499502688172042,2.48427114403514,45.2,0.080581,0.8633025099075297,0.8940953748449262,6.0,0.284016,36.52316633266533,18.61511583011583,0.141347,10.062000000000001,85
550,ASOC. PROD. OKINAWA NO.0550,COOPERATIVA,OKINAWA,285.97,476,13581.28,28.773898305084746,40.947319,11.317194860813705,2.3103496499158362,45.2,0.052521,0.7848949579831933,0.7320973400161588,4.35,0.281513,36.50374269005847,18.52755747126437,0.149160,8.467680000000001,85
551,MARCO QUISPE CHAMBI,INDIVIDUAL,CHARAGUA,35.19,484,13380.500000000002,27.93423799582464,45.663686,11.366405919661732,2.2957363253557945,45.2,0.055785,0.8225413223140496,0.7709978130244707,4.88,0.299587,36.45489425981873,18.593936781609198,0.165289,7.931040000000002,84
552,SUSANA MARTINEZ RODRIGUEZ,INDIVIDUAL,WARNES,334.99,1029,28738.089999999997,28.202247301275758,101.692798,11.38673631840796,2.3463217579770514,45.2,0.074830,0.8132167152575316,0.8046891106859314,5.04,0.281827,36.43568681318681,18.40527815468114,0.158406,8.24928,85
553,ASOC. PROD. ROBORE NO.0553,ASOCIACION,ROBORE,34.86,1075,29951.98,28.097542213883678,92.40237,11.336957345971566,1.7870969996154835,16.65,0.066047,0.8216744186046512,0.816428034557411,5.83,0.293023,36.4595867768595,18.44786279683377,0.174884,1.5504300000000002,85
554,FREDDY CHOQUE QUISPE,INDIVIDUAL,CHARAGUA,156.94,1293,35755.450000000004,27.95578577013292,96.14487899999999,11.314526813880125,1.8020588103252566,17.15,0.068059,0.7845707656612528,0.7887838381484871,6.0,0.268368,36.52099780701754,18.41171772428884,0.146945,1.3882679999999998,85
555,SUSANA VASQUEZ NAVIA,COMUNIDAD,SAN PEDRO,25.88,520,14275.269999999999,27.772898832684824,49.248041,11.260410958904108,2.2770542605066444,45.2,0.051923,0.8262115384615385,0.8024356428683894,5.11,0.305769,36.53078873239436,18.521933701657456,0.148077,10.642320000000002,83
556,LORENA SUAREZ VACA,INDIVIDUAL,ROBORE,30.82,1761,49248.13,28.238606651376145,164.64166600000001,11.388608695652175,2.0675779205584828,45.2,0.065872,0.8218171493469619,0.7945735652773448,5.25,0.290176,36.54116013071896,18.54872564935065,0.153890,9.372480000000003,85
557,ASOC. PROD. LA GUARDIA NO.0557,COOPERATIVA,LA GUARDIA,203.83,778,21622.589999999997,28.08128571428571,57.622299999999996,11.275723684210526,1.7431200359645058,17.47,0.055270,0.7755398457583549,0.7937630293743343,6.0,0.271208,36.505141843971636,18.623151183970855,0.170951,1.3719350000000001,85
558,ASOC. PROD. BUEN RETIRO NO.0558,ASOCIACION,BUEN RETIRO,62.13,767,21098.07,27.870634081902246,53.676431,11.221946308724833,1.7143171145258862,16.13,0.057366,0.7789700130378097,0.7574344203879178,4.77,0.275098,36.57444859813084,18.469441340782122,0.140808,1.0974780000000002,85
559,PEDRO CONDORI MORALES,INDIVIDUAL,WARNES,230.99,512,14203.410000000002,27.95946850393701,44.094164000000006,11.361057884231538,1.6742308916761488,16.99,0.052734,0.8189062500000001,0.8713500193173714,5.93,0.285156,36.57685878962536,18.527950138504153,0.164063,1.4833979999999998,84
560,DANIEL CUELLAR PEREZ,INDIVIDUAL,LA GUARDIA,163.86,793,22480.359999999997,28.60096692111959,71.745858,11.424000000000001,2.124712083492874,45.2,0.066835,0.8023329129886507,0.7469696220742388,4.53,0.305170,36.50304744525547,18.39649737302977,0.138714,8.969779,85
561,LAURA MEDINA SANDOVAL,COMUNIDAD,LA GUARDIA,86.77,281,7687.35,27.954,19.450564,11.418851851851853,1.7895848452898164,16.01,0.092527,0.7378291814946618,0.7644708155709313,5.9,0.256228,36.141718749999995,18.402054054054055,0.149466,1.36563,82
562,LAURA ANTELO PEREZ,INDIVIDUAL,YAPACANI,981.37,776,21221.97,27.74113725490196,53.774678,11.35367105263158,1.7192712468488822,16.21,0.064433,0.7708505154639174,0.7443882430124874,5.33,0.278351,36.41434862385321,18.59419469026549,0.154639,1.297268,85
563,ASOC. PROD. SAN PEDRO NO.0563,ASOCIACION,SAN PEDRO,35.15,743,20486.149999999998,27.948362892223734,64.756303,11.43391724137931,2.154723859400233,45.2,0.076716,0.8347106325706596,0.7663552841499025,6.0,0.304172,36.45050880626223,18.510376647834274,0.158816,7.949760000000003,85
564,ASOC. PROD. ROBORE NO.0564,COOPERATIVA,ROBORE,15.06,272,7482.82,27.714148148148148,29.74135,11.436315789473682,2.6959889070048493,45.2,0.077206,0.8125735294117648,0.8460797344711077,5.84,0.297794,36.63370370370371,18.61941798941799,0.165441,7.697040000000001,80
565,RICHARD CASTRO PINTO,INDIVIDUAL,GENERAL SAAVEDRA,91.25,247,6978.780000000001,28.601557377049183,17.088482,11.338729508196721,1.750199643106642,15.86,0.068826,0.7985425101214574,0.7116677861331719,3.55,0.315789,36.335398773006126,18.615380116959063,0.149798,0.7706099999999999,81
566,AGROP. PINTO HNOS. S.R.L.,EMPRESA AGROPECUARIA,PAILON,142.52,735,20259.22,27.982348066298343,61.670274000000006,11.34765034965035,2.1134128984308997,45.2,0.061224,0.8012244897959183,0.777524628309815,5.49,0.285714,36.52912280701755,18.412050781250002,0.127891,9.2664,85
567,AGROP. CHAMBI HNOS. S.R.L.,EMPRESA AGROPECUARIA,PORTACHUELO,218.6,509,14267.009999999998,28.19567193675889,39.239858,11.27671370967742,1.7591384159176076,17.74,0.056974,0.8127111984282906,0.7755862128197487,4.01,0.292731,36.502155172413794,18.3815988372093,0.127701,1.421376,85
568,GABRIELA QUISPE TICONA,INDIVIDUAL,SAN PEDRO,18.9,1054,29421.689999999995,28.208715244487053,95.495038,11.491090733590735,1.7599006525185767,16.77,0.076850,0.8500189753320683,0.8369901530237843,5.72,0.309298,36.527205882352945,18.5307756232687,0.143264,1.330096,85
569,ASOC. PROD. ROBORE NO.0569,ASOCIACION,ROBORE,39.68,234,6506.67,28.045991379310344,16.638703999999997,11.314155844155843,1.8455412902094253,17.06,0.085470,0.7661965811965813,0.722652229258155,4.08,0.290598,36.56407185628743,18.691927710843373,0.145299,1.1653839999999995,77
570,ASOC. PROD. ROBORE NO.0570,COOPERATIVA,ROBORE,263.89,812,22558.93,27.954064436183394,76.49955899999999,11.41191919191919,2.1121817178306963,45.2,0.067734,0.8285098522167488,0.8218046492509239,4.48,0.291872,36.477155172413795,18.525103092783507,0.153941,7.6168840000000015,85
572,RAUL ANTELO CALLISAYA,INDIVIDUAL,YAPACANI,26.98,489,13573.34,28.10215320910973,37.40426,11.36723849372385,1.7084947184464871,16.79,0.065440,0.819161554192229,0.7923462723078858,4.25,0.294479,36.43109510086455,18.55313725490196,0.134969,0.8902140000000002,85
573,NELSON RIVERO APAZA,INDIVIDUAL,LA GUARDIA,156.38,273,7553.87,27.874059040590407,33.849076000000004,11.357528089887643,2.729746861311414,45.2,0.069597,0.8317948717948719,0.8104810220970552,4.74,0.282051,36.333560209424085,18.484870466321244,0.157509,11.177295,83
574,BEATRIZ VARGAS CATACORA,COMUNIDAD,SAN JULIAN,145.76,1037,28554.72,27.88546875,70.67639199999999,11.258188976377955,1.7150483965988734,16.66,0.062681,0.7630858244937319,0.7550205994285252,5.12,0.268081,36.446779891304345,18.554568245125353,0.149470,1.4445479999999997,85
575,HUGO SANDOVAL CRUZ,INDIVIDUAL,COTOCA,66.53,531,14701.19,28.05570610687023,48.259639,11.406235521235521,1.8453121950572724,16.08,0.084746,0.8306026365348399,0.850006445210091,5.59,0.280603,36.31368421052632,18.621876675603218,0.154426,1.385721,85
576,VALERIA MACHACA CONDORI,INDIVIDUAL,BUEN RETIRO,12.1,2447,68034.88,28.06719471947195,226.68683099999998,11.415211562630915,2.2023978748313313,45.2,0.063343,0.8144666939109113,0.8076907714412003,5.88,0.296690,36.479385705847605,18.526324041811847,0.147528,8.919092000000001,85
577,CINTHIA COLQUE HUANCA,INDIVIDUAL,PUERTO SUAREZ,85.14,535,15183.939999999999,28.487692307692306,50.415037000000005,11.490714285714285,2.2972998344639413,45.2,0.080374,0.79803738317757,0.7843636215013498,5.4,0.291589,36.536249999999995,18.50563157894737,0.175701,9.116640000000002,85
578,JORGE VARGAS SUAREZ,INDIVIDUAL,SANTA ROSA,161.4,547,15171.22,27.83710091743119,52.250629,11.35493457943925,2.256524693907431,45.2,0.065814,0.7843510054844606,0.832625535978153,6.0,0.270567,36.55792650918636,18.545250659630604,0.117002,10.049520000000003,85
580,VALERIA MEDINA HUANCA,INDIVIDUAL,GENERAL SAAVEDRA,49.46,1261,35271.49,28.172116613418527,91.172631,11.399507667473767,1.6941846747561766,17.88,0.062649,0.7842268041237113,0.7664930295782734,5.99,0.279937,36.50157718120805,18.484970963995355,0.130849,1.4710519999999998,85
581,ASOC. PROD. LA GUARDIA NO.0581,COOPERATIVA,LA GUARDIA,99.33,513,14334.24,28.16157170923379,45.03764100000001,11.463053892215568,2.282179146142967,45.2,0.066277,0.8083430799220273,0.775082016348126,6.0,0.270955,36.51572602739726,18.435710227272725,0.138402,7.522992,85
582,VICTOR CATACORA CHUQUIMIA,INDIVIDUAL,CHARAGUA,85.98,817,22726.22,28.196302729528536,56.83580899999999,11.403586550435865,1.7213475810195096,17.63,0.063647,0.772423500611995,0.7323883183522313,4.87,0.268054,36.487465517241375,18.529505119453926,0.140759,1.1812019999999996,85
583,ASOC. PROD. MINEROS NO.0583,ASOCIACION,MINEROS,136.43,275,7537.06,27.709779411764707,20.949019,11.27186567164179,1.7224658606382832,16.33,0.040000,0.8056,0.7832148235663154,4.39,0.250909,36.474788732394366,18.538543689320388,0.138182,1.127175,82
584,ALEJANDRA AGUILAR CHUQUIMIA,INDIVIDUAL,PUERTO SUAREZ,64.7,1041,28983.589999999997,28.13940776699029,91.973313,11.321840311587147,1.7491925237651786,16.68,0.064361,0.8321229586935638,0.8067877951512926,6.0,0.299712,36.650234159779615,18.484019886363637,0.156580,7.457,85
585,SANDRA PEREZ SUAREZ,INDIVIDUAL,SAN PEDRO,86.94,525,14548.089999999998,28.08511583011583,41.302308999999994,11.337134502923977,1.7366852224717577,16.01,0.064762,0.8318476190476191,0.7756574505234423,4.07,0.295238,36.712827225130894,18.432780748663102,0.139048,1.0919999999999999,85
586,ASOC. PROD. MONTERO NO.0586,ASOCIACION,MONTERO,182.18,505,14098.180000000002,28.366559356136825,44.860963,11.41325910931174,1.7777519893297697,17.04,0.073267,0.8292673267326732,0.8419111254028924,6.0,0.291089,36.459197707736394,18.642055555555554,0.152475,1.564,84
587,ASOC. PROD. MONTERO NO.0587,COOPERATIVA,MONTERO,67.03,2328,64861.83999999999,28.139626898047716,221.68340999999998,11.37347216133275,2.1350499090762742,45.2,0.069588,0.8355884879725086,0.8413024245551077,6.0,0.298540,36.45031572556163,18.4619422249539,0.153780,10.024684000000002,85
588,RAUL LIMA PINTO,COMUNIDAD,EL TORNO,74.0,988,27734.79,28.271957186544345,93.57543700000001,11.33614906832298,2.0743437627715937,45.2,0.066802,0.8180465587044534,0.8365833260693424,6.0,0.281377,36.47623167155425,18.542126099706742,0.153846,10.82952,85
589,FERNANDO ANTELO MARCA,INDIVIDUAL,CHARAGUA,54.07,1045,29057.190000000002,28.020433944069435,82.83389,11.348349609375003,1.7667900630580347,17.02,0.067943,0.8246602870813398,0.7580655737982555,5.27,0.297608,36.511757493188014,18.526136662286465,0.143541,1.25229,85
590,ASOC. PROD. GENERAL SAAVEDRA NO.0590,ASOCIACION,GENERAL SAAVEDRA,300.98,503,13985.77,28.140382293762578,33.374679,11.304558232931727,1.7400466891740356,16.61,0.057654,0.7467594433399602,0.7569495000347625,5.69,0.278330,36.466472303207,18.53299711815562,0.166998,1.3352430000000004,85
591,ASOC. PROD. SANTA ROSA NO.0591,COOPERATIVA,SANTA ROSA,546.44,1030,28797.339999999997,28.149892473118275,89.300159,11.254945598417411,2.017513878394084,45.2,0.060194,0.8071844660194173,0.7957656616686956,5.78,0.280583,36.523925619834706,18.3832918395574,0.154369,8.879520000000001,85
592,ASOC. PROD. OKINAWA NO.0592,ASOCIACION,OKINAWA,203.38,1010,28047.620000000003,28.103827655310624,89.951868,11.310010152284265,2.305849115222687,45.2,0.073267,0.8059900990099009,0.7834139538539966,5.72,0.287129,36.501442715700136,18.439004329004327,0.125743,7.00128,85
593,ASOC. PROD. MONTERO NO.0593,ASOCIACION,MONTERO,386.42,562,15500.140000000001,27.82789946140036,47.782970999999996,11.449744990892532,2.248865230591343,45.2,0.065836,0.7848042704626335,0.7771842641976804,4.94,0.272242,36.666994818652846,18.393427835051547,0.120996,8.380320000000001,85
594,ROSA CASTRO SANCHEZ,INDIVIDUAL,CHARAGUA,94.13,268,7374.979999999999,27.830113207547164,29.395443,11.474882812499999,2.7254548794538382,45.2,0.044776,0.8011194029850746,0.8451249584690761,6.0,0.264925,36.52949748743719,18.533711340206185,0.134328,8.48328,81
595,ASOC. PROD. SAN JULIAN NO.0595,COOPERATIVA,SAN JULIAN,202.3,244,6777.570000000001,28.00648760330579,18.693220000000004,11.41028806584362,1.7288816428133482,15.69,0.069672,0.8252868852459015,0.7664354990136373,3.85,0.290984,36.31343558282209,18.640242424242427,0.102459,0.918153,80
596,IVAN COPA CATACORA,INDIVIDUAL,GENERAL SAAVEDRA,88.01,237,6598.0199999999995,27.95771186440678,14.74842,11.4891452991453,1.6793121791693748,15.36,0.046414,0.7621940928270042,0.7149939524211765,3.76,0.253165,36.52884848484849,18.49385620915033,0.156118,0.802608,80
597,ASOC. PROD. CUATRO CANADAS NO.0597,ASOCIACION,CUATRO CANADAS,300.07,761,21244.670000000002,28.32622666666667,74.20320899999999,11.41136546184739,2.1664093565867995,45.2,0.064389,0.8213009198423127,0.8076932814872729,4.74,0.302234,36.55973634651601,18.498021582733813,0.166886,9.08334,85
598,ASOC. PROD. PUERTO SUAREZ NO.0598,ASOCIACION,PUERTO SUAREZ,289.36,529,14971.27,28.408481973434537,47.317606,11.433396946564887,1.7535799784422996,17.05,0.069943,0.8297542533081286,0.8529614942694113,6.0,0.274102,36.42925925925926,18.387277628032347,0.156900,1.1205000000000003,85
599,ASOC. PROD. EL TORNO NO.0599,ASOCIACION,EL TORNO,83.79,1035,28938.58,28.232760975609757,101.102231,11.261390532544379,2.0386292501324728,45.2,0.063768,0.8656038647342996,0.8555477718555652,5.64,0.301449,36.49319001386963,18.524457994579944,0.177778,8.448960000000001,85
600,ASOC. PROD. PUERTO SUAREZ NO.0600,COOPERATIVA,PUERTO SUAREZ,93.94,957,26720.979999999996,28.27616931216931,81.259069,11.377944025834228,2.04925143321134,45.2,0.071055,0.8008672936259142,0.7437765361436708,4.41,0.286311,36.386122754491026,18.464121122599703,0.142111,8.667360000000002,85
601,AGROP. CALLISAYA HNOS. S.R.L.,EMPRESA AGROPECUARIA,PAILON,37.57,1026,28509.71,27.978125613346418,81.20965100000001,11.356283716283716,1.7486521024562252,17.38,0.070175,0.8215789473684211,0.8043511198507372,6.0,0.289474,36.48103734439834,18.48090909090909,0.135478,1.2560000000000002,85
602,SILVIA HUANCA PUMA,INDIVIDUAL,EL TORNO,51.22,1056,29459.46,28.244928092042183,81.552739,11.371081081081082,1.7654554746673778,17.15,0.071023,0.7807765151515151,0.7727656758795692,5.31,0.277462,36.526609724047304,18.456458616010853,0.160038,2.651309999999999,85
603,OSCAR CATACORA CHAMBI,INDIVIDUAL,YAPACANI,32.51,1305,36423.75,28.257370054305664,111.712146,11.356032863849766,2.0316454878035506,45.2,0.065900,0.8036015325670498,0.792734682403114,6.0,0.273563,36.47335903083701,18.425197368421053,0.164751,8.89824,85
605,NELSON RIVERO MARCA,COMUNIDAD,PUERTO SUAREZ,45.8,518,14637.17,28.366608527131785,45.172438,11.382745098039216,1.728642537746301,16.76,0.065637,0.8177413127413127,0.8686801136866863,6.0,0.297297,36.51290410958904,18.496210826210827,0.146718,1.2934999999999999,84
606,EDWIN VACA MERCADO,INDIVIDUAL,COTOCA,107.06,751,20848.629999999997,28.022352150537632,65.27237699999999,11.421277472527473,2.0959695756630867,45.2,0.054594,0.7990412782956059,0.7927071840390773,5.13,0.283622,36.4973786407767,18.348910505836574,0.143808,9.803040000000003,85
607,CHRISTIAN MORALES CALLISAYA,INDIVIDUAL,BUEN RETIRO,91.61,535,14685.45,27.708396226415097,35.812853,11.391240458015266,1.712451025776554,16.77,0.065421,0.7630841121495326,0.7729049381868998,5.78,0.248598,36.53087628865979,18.548831168831168,0.142056,1.165364,85
608,ASOC. PROD. EL TORNO NO.0608,ASOCIACION,EL TORNO,138.52,1287,35713.94,28.076996855345914,95.924049,11.41701185770751,1.9949376011033455,45.2,0.069930,0.7636752136752136,0.7202837246828601,4.85,0.287490,36.472989921612545,18.52340354767184,0.158508,9.207120000000002,85
610,ASOC. PROD. SANTA ROSA NO.0610,COOPERATIVA,SANTA ROSA,272.27,826,22622.78,27.894919852034523,60.503733000000004,11.280814814814814,1.7827527159585017,17.29,0.070218,0.791549636803874,0.7594015318815932,4.28,0.286925,36.42219683655536,18.491996615905247,0.135593,1.1484360000000002,85
611,PEDRO COLQUE LIMA,INDIVIDUAL,PUERTO QUIJARRO,205.84,259,7178.34,27.931284046692607,22.217449,11.49531746031746,1.7038892406009656,15.62,0.073359,0.8299613899613899,0.7986017325210718,3.99,0.301158,36.60335135135136,18.665481927710847,0.173745,0.89846,85
612,PATRICIA VILLCA CALLISAYA,INDIVIDUAL,MONTERO,76.02,510,14257.42,28.23251485148515,46.975689,11.371332007952287,1.7449493466059343,16.38,0.072549,0.8708039215686274,0.8937066259052513,5.38,0.305882,36.4666755319149,18.49755617977528,0.168627,1.602204,84
614,ASOC. PROD. CHARAGUA NO.0614,COOPERATIVA,CHARAGUA,217.79,516,14345.08,28.238346456692913,36.249577,11.376110019646365,1.7487928895523976,16.3,0.065891,0.7576162790697676,0.7523077350396556,4.32,0.275194,36.4636147757256,18.553908355795144,0.145349,1.0630639999999998,83
615,CINTHIA QUISPE GARCIA,INDIVIDUAL,EL TORNO,423.32,1594,44828.83,28.40863751584284,162.28926300000003,11.52360791826309,2.597771066615428,45.2,0.078419,0.7942095357590966,0.7493867985023839,5.05,0.286073,36.51176785714285,18.415819309123115,0.158720,9.422400000000003,85
616,FERNANDO VARGAS HUANCA,INDIVIDUAL,ROBORE,270.8,1505,42496.37,28.387688710754844,145.452983,11.43047393364929,2.278394169593323,45.2,0.061130,0.8122591362126246,0.8127734887248645,6.0,0.285714,36.418285163776495,18.472084980237153,0.150166,9.228960000000002,85
617,SERGIO VACA RODRIGUEZ,INDIVIDUAL,CUATRO CANADAS,25.65,477,13126.02,28.04705128205128,34.241605,11.401673819742491,1.6933096017433082,16.38,0.056604,0.7672955974842768,0.7656820040631248,6.0,0.264151,36.543284883720936,18.47219135802469,0.148847,1.4670000000000003,85
618,ASOC. PROD. PAILON NO.0618,ASOCIACION,PAILON,78.69,1266,35291.46,28.098296178343947,102.120452,11.364739791833468,2.0099903408270903,45.2,0.071090,0.7871327014218009,0.757029085915374,5.07,0.272512,36.59726763717805,18.473639417693168,0.147709,10.21488,85
619,ASOC. PROD. PUERTO QUIJARRO NO.0619,ASOCIACION,PUERTO QUIJARRO,84.48,1774,49383.43,28.13870655270655,148.871886,11.416481481481481,1.9075287109494277,45.2,0.068771,0.8212965050732808,0.7920639284812113,5.12,0.287486,36.63916734693877,18.502504078303424,0.151071,9.591257000000002,85
620,CARMEN CONDORI CONDORI,INDIVIDUAL,PUERTO SUAREZ,19.32,529,14805.43,28.254637404580155,48.738347000000005,11.336763005780348,2.2917342499288,45.2,0.062382,0.8035727788279774,0.7799052334719893,5.72,0.294896,36.50575197889182,18.492140845070423,0.170132,7.850810000000001,85
621,SILVIA MARTINEZ FLORES,INDIVIDUAL,PORTACHUELO,61.93,504,14097.41,28.308052208835342,48.998562,11.388823529411765,2.2958673182884706,45.2,0.057540,0.8477579365079366,0.840260499307405,4.94,0.301587,36.59754237288136,18.509914040114612,0.154762,8.034,85
623,HUGO APAZA ANTELO,INDIVIDUAL,OKINAWA,78.57,1315,36501.34,28.09956889915319,103.92458300000001,11.294585289514865,1.7186979761223997,16.79,0.062357,0.8165855513307986,0.8265800188080712,6.0,0.266160,36.50300111982082,18.51896186440678,0.180228,1.6155000000000002,85
624,ASOC. PROD. SANTA ROSA NO.0624,ASOCIACION,SANTA ROSA,431.85,1287,35733.07000000001,27.938287724784995,118.47205100000001,11.38601105845182,2.176265204834831,45.2,0.062160,0.8045920745920746,0.8031875459281155,6.0,0.290598,36.4712680756396,18.552937915742795,0.141414,10.287550000000001,85
625,AGROP. FLORES HNOS. S.R.L.,EMPRESA AGROPECUARIA,PAILON,36.26,1562,43818.04,28.251476466795616,143.07872200000003,11.443579359895493,2.2757527211414863,45.2,0.064661,0.7878489116517284,0.7535853113538273,5.58,0.272087,36.45324626865671,18.417757847533636,0.162612,10.055760000000001,85
626,AGROP. ANTELO HNOS. S.R.L.,EMPRESA AGROPECUARIA,ROBORE,63.55,1303,36477.649999999994,28.321156832298133,115.00962200000001,11.358891509433963,2.1976349738720886,45.2,0.066769,0.8027858787413659,0.771980310659678,6.0,0.284728,36.41177920685959,18.44497273718648,0.138910,9.5004,85
627,CARLOS ANTELO RIVERO,INDIVIDUAL,SAN JULIAN,273.18,503,13889.269999999999,27.946217303822934,73.85548800000001,11.571448979591837,3.136444743053177,45.2,0.057654,0.8801391650099404,0.8819270938809021,6.0,0.326044,36.604558404558404,18.336918767507004,0.157058,11.102244,84
628,ASOC. PROD. PAILON NO.0628,COOPERATIVA,PAILON,367.61,489,13686.310000000001,28.1611316872428,36.28906,11.23031185031185,1.7763062407366943,16.66,0.069530,0.7757873210633948,0.7728491065921125,4.92,0.271984,36.56332386363636,18.415787965616047,0.171779,1.2765199999999999,85
629,AGROP. VARGAS HNOS. S.R.L.,EMPRESA AGROPECUARIA,OKINAWA,147.31,994,27645.950000000004,28.15269857433809,91.62501800000001,11.355507692307691,2.0768404973491585,45.2,0.067404,0.8122937625754528,0.8363087085600758,5.79,0.272636,36.38972543352602,18.482837273991656,0.148893,8.306760000000002,85
630,AGROP. SANCHEZ HNOS. S.R.L.,EMPRESA AGROPECUARIA,CHARAGUA,59.53,513,14182.53,27.86351669941061,40.41147899999999,11.301431411530816,1.8068952534498564,17.66,0.083821,0.7959844054580896,0.7888180040455056,6.0,0.267057,36.56523035230352,18.413855072463765,0.173489,1.5195,85
631,ASOC. PROD. SANTA ROSA NO.0631,ASOCIACION,SANTA ROSA,33.71,749,20882.32,28.105410497981158,63.52412699999999,11.379712328767122,2.0902538355018043,45.2,0.054740,0.8028704939919894,0.803505129146081,6.0,0.287049,36.5803619047619,18.52938202247191,0.150868,9.612952000000002,85
632,ANDREA MERCADO MARCA,INDIVIDUAL,GENERAL SAAVEDRA,79.8,462,12752.969999999998,27.84491266375545,44.96061100000001,11.459513274336283,2.362067517129329,45.2,0.077922,0.8222943722943724,0.8086103448074655,6.0,0.290043,36.471355421686745,18.488794788273616,0.134199,8.751600000000002,85
633,VIVIANA CRUZ CALLISAYA,INDIVIDUAL,BUEN RETIRO,57.32,254,7108.11,28.20678571428571,27.043752,11.493306451612902,2.721464901363042,45.2,0.066929,0.8409448818897638,0.7933188734012637,4.36,0.299213,36.55966480446927,18.562906976744184,0.122047,8.289840000000002,82
635,MIGUEL SANDOVAL QUISPE,COMUNIDAD,PUERTO SUAREZ,191.63,512,14099.349999999999,27.754625984251966,42.711231,11.371497005988024,1.729499220725756,16.13,0.078125,0.82353515625,0.8238785907070386,4.13,0.281250,36.681916666666666,18.681346153846153,0.164063,0.9120929999999999,85
636,ASOC. PROD. CHARAGUA NO.0636,ASOCIACION,CHARAGUA,127.65,1609,44326.51,27.86078566939032,126.642816,11.37255562619199,1.8968379551186914,45.2,0.059664,0.8021255438160347,0.7886963118264534,6.0,0.293350,36.543554327808465,18.51051121076233,0.153511,8.127600000000001,85
637,RAUL AGUILAR VILLCA,INDIVIDUAL,OKINAWA,345.3,1531,42860.75,28.235013175230566,131.319705,11.420613742494997,2.07594613611513,45.2,0.060091,0.8037883736120184,0.7624504815949338,6.0,0.292619,36.414475655430714,18.44993358633776,0.145003,9.74376,85
638,ASOC. PROD. BUEN RETIRO NO.0638,COOPERATIVA,BUEN RETIRO,75.89,1525,42443.020000000004,28.126587143803846,122.71663000000001,11.37053727333781,1.942440781500944,45.2,0.060328,0.8048786885245903,0.7714780708170256,5.77,0.297705,36.390791168353275,18.527927063339728,0.147541,8.28048,85
639,GABRIELA CONDORI GARCIA,INDIVIDUAL,MONTERO,247.5,724,20005.1,28.018347338935573,67.378066,11.458755304101839,2.1721949789191015,45.2,0.074586,0.8150828729281768,0.8351764086166787,6.0,0.290055,36.450873015873015,18.55549800796813,0.151934,7.721200000000001,85
640,JHONNY RIVERO PEDRAZA,INDIVIDUAL,LA GUARDIA,22.37,521,14582.93,28.593980392156862,38.946591999999995,11.34533203125,1.8197693148327359,16.63,0.086372,0.7795201535508636,0.7391585393051133,4.53,0.274472,36.40330532212886,18.49645892351275,0.126679,1.172320000000001,85
641,ASOC. PROD. CUATRO CANADAS NO.0641,ASOCIACION,CUATRO CANADAS,110.86,1028,28407.36,27.932507374631268,85.63794800000001,11.431228771228772,2.2653614697463555,45.2,0.064202,0.7657295719844358,0.7005662981420916,6.0,0.277237,36.45248256624826,18.445785123966946,0.152724,8.683760000000003,85
642,ASOC. PROD. GENERAL SAAVEDRA NO.0642,ASOCIACION,GENERAL SAAVEDRA,37.37,792,21837.3,27.853698979591837,66.267914,11.367470967741937,2.109715021442761,45.2,0.068182,0.7968434343434342,0.771656818799537,4.46,0.273990,36.562216216216214,18.410833333333333,0.131313,7.640880000000001,85
643,GUSTAVO PEDRAZA ALVARADO,INDIVIDUAL,YAPACANI,192.46,540,14812.710000000001,27.843439849624062,38.896411,11.332457142857145,1.6974895756156592,16.36,0.059259,0.7748703703703703,0.772310331713299,5.81,0.272222,36.446299212598426,18.61667506297229,0.159259,1.5339089999999997,85
644,ASOC. PROD. YAPACANI NO.0644,ASOCIACION,YAPACANI,60.92,1041,28959.51,28.11602912621359,98.11676499999999,11.296879921259842,2.063370433576589,45.2,0.067243,0.8391738712776176,0.8083807946523638,5.84,0.302594,36.540905405405404,18.506367346938774,0.139289,9.491040000000002,85
645,ROSA CHAMBI VACA,INDIVIDUAL,PAILON,261.94,256,7179.3,28.264960629921262,18.122193,11.27936,1.7300371396064487,15.58,0.054688,0.8245312499999999,0.7968529860473318,6.0,0.292969,36.54127071823205,18.42848958333333,0.121094,1.4395000000000002,83
646,DANIEL MARCA CHAMBI,INDIVIDUAL,PORTACHUELO,126.6,1045,29194.43,28.2344584139265,104.544256,11.45763388510224,2.731168938799287,45.2,0.066986,0.7601818181818182,0.7383726186679777,5.06,0.262201,36.5582472826087,18.516500691562932,0.156938,9.756240000000004,85
647,ASOC. PROD. LA GUARDIA NO.0647,ASOCIACION,LA GUARDIA,127.87,1064,30100.62,28.504375,91.13673700000001,11.416567593480346,1.7807729542994861,16.15,0.084586,0.8045206766917293,0.8418923023037893,5.67,0.266917,36.438018867924534,18.45905317769131,0.157895,1.267905,85
648,IVAN QUISPE SANDOVAL,INDIVIDUAL,LA GUARDIA,250.47,804,22388.83,28.16205031446541,76.7352,11.410853199498117,2.429898621617193,45.2,0.063433,0.8048756218905472,0.8043955269880252,6.0,0.266169,36.522772643253234,18.479128205128205,0.146766,9.620468000000002,85
649,ASOC. PROD. COTOCA NO.0649,ASOCIACION,COTOCA,93.26,524,14625.039999999999,27.963747609942637,43.662135,11.44079457364341,1.8397275939263398,16.37,0.095420,0.8022900763358778,0.8223143341019861,6.0,0.288168,36.44358839050132,18.53,0.158397,1.673,85
650,ASOC. PROD. YAPACANI NO.0650,COOPERATIVA,YAPACANI,45.36,1004,28277.98,28.363069207622868,76.794566,11.27970588235294,1.7604251951507979,16.05,0.058765,0.7754282868525896,0.7935463241242191,5.79,0.281873,36.53354411764706,18.51024673439768,0.152390,1.297132,85
651,LAURA MONTAÑO CHUQUIMIA,INDIVIDUAL,SAN PEDRO,42.71,1062,29604.28,28.034356060606058,85.229463,11.317714285714287,1.7616801047585524,17.53,0.064030,0.8257627118644069,0.8258118743643033,6.0,0.306026,36.47958389261745,18.544568393094288,0.131827,1.4410000000000003,85
652,ASOC. PROD. PORTACHUELO NO.0652,COOPERATIVA,PORTACHUELO,189.34,1028,28567.65,27.980068560235065,67.17670299999999,11.269428007889546,1.716843009507202,16.03,0.054475,0.7395622568093385,0.7402246448509776,6.0,0.257782,36.43717032967033,18.369808481532147,0.153696,1.3730000000000002,85
653,DAVID CHUQUIMIA ALVARADO,INDIVIDUAL,COTOCA,31.15,1047,29354.809999999998,28.307434908389585,99.501338,11.3419592628516,2.029412283350676,45.2,0.058262,0.8580515759312323,0.8165470982652331,5.27,0.323782,36.48328190743338,18.495455764075068,0.158548,8.696370000000002,85
654,ASOC. PROD. BUEN RETIRO NO.0654,ASOCIACION,BUEN RETIRO,73.36,570,15951.759999999998,28.233203539823005,59.208881999999996,11.445693950177935,2.648021889553963,45.2,0.066667,0.7829473684210527,0.7809813668019439,5.26,0.252632,36.480411311053984,18.636365914786968,0.166667,10.152480000000002,85
655,ASOC. PROD. MONTERO NO.0655,COOPERATIVA,MONTERO,112.32,276,7619.830000000001,27.911465201465205,23.794096,11.495827067669174,1.6620415589167519,15.69,0.061594,0.8454710144927536,0.9175632527478139,6.0,0.275362,36.49948717948718,18.488167539267014,0.144928,1.4009999999999998,78
656,RAUL HUANCA CRUZ,INDIVIDUAL,GENERAL SAAVEDRA,111.97,522,14311.949999999999,28.007729941291583,38.696844999999996,11.189425742574256,1.7649391449699101,18.48,0.057471,0.816455938697318,0.8339236669599392,6.0,0.275862,36.4185,18.451168478260872,0.114943,1.3675590000000004,85
657,LORENA VARGAS CUELLAR,INDIVIDUAL,WARNES,16.53,992,27955.25,28.352180527383368,77.28207300000001,11.477210256410256,2.0222964084809822,45.2,0.063508,0.7835584677419355,0.7657559521236423,5.02,0.284274,36.479430656934305,18.55401408450705,0.140121,7.608645000000003,85
658,YENNY TORREZ MEDINA,INDIVIDUAL,GENERAL SAAVEDRA,431.6,526,14680.760000000002,28.016717557251912,49.88749200000001,11.303140655105974,2.294385198197297,45.2,0.064639,0.8439353612167301,0.8161070819121733,6.0,0.309886,36.36268421052632,18.596629213483148,0.138783,8.099520000000002,83
659,ASOC. PROD. GENERAL SAAVEDRA NO.0659,COOPERATIVA,GENERAL SAAVEDRA,229.02,255,7117.2300000000005,28.242976190476192,16.649905999999998,11.449760956175298,1.6563902748535675,16.56,0.062745,0.7863921568627452,0.6902198690669358,5.15,0.282353,36.440514285714286,18.50236994219653,0.156863,1.336715,81
660,CLAUDIA MAMANI VASQUEZ,INDIVIDUAL,SAN PEDRO,77.35,780,21659.350000000002,28.092542153047994,60.155026,11.419036939313985,1.6916370554286853,16.7,0.060256,0.8221025641025641,0.8234438404661442,5.09,0.282051,36.541350844277666,18.51516304347826,0.102564,1.21915,85
661,AGROP. CUELLAR HNOS. S.R.L.,EMPRESA AGROPECUARIA,LA GUARDIA,57.18,959,26862.849999999995,28.2172794117647,96.13492600000001,11.4796992481203,2.5858836629000224,45.2,0.065693,0.7940980187695516,0.7688434464047788,5.91,0.288843,36.50756797583081,18.563924242424243,0.140772,9.204000000000002,85
662,FERNANDO TICONA SALVATIERRA,INDIVIDUAL,SAN JULIAN,30.79,1306,36266.56,28.070092879256965,107.91275899999998,11.43898753894081,2.0185950223422595,45.2,0.073507,0.7850612557427259,0.7615399024770679,5.97,0.269525,36.56825678496868,18.4432683982684,0.150077,7.712640000000001,85
663,CESAR HUANCA ANTELO,INDIVIDUAL,PAILON,79.85,249,6895.4400000000005,28.144653061224492,15.734965000000003,11.167405857740587,1.684303950233516,15.66,0.052209,0.7795983935742972,0.7481756301469569,5.5,0.297189,36.49666666666666,18.458639053254437,0.144578,1.1956499999999999,82
664,ASOC. PROD. MONTERO NO.0664,ASOCIACION,MONTERO,96.87,1053,29807.57,28.57868648130393,96.45973599999999,11.331865234375002,2.04823170460285,45.2,0.063628,0.8222032288698954,0.8195612805026055,6.0,0.284900,36.492008196721315,18.483809523809523,0.143400,11.038250000000001,85
666,MIRIAM RIVERO ALVARADO,INDIVIDUAL,CUATRO CANADAS,18.18,1280,35514.33,28.008146687697163,98.491517,11.355232371794871,1.9979688026837061,45.2,0.063281,0.7764765625000001,0.7416696130563112,5.07,0.276563,36.484472252448306,18.53563053097345,0.153906,9.464280000000002,85
667,RICHARD LOPEZ ANTELO,COMUNIDAD,ROBORE,55.73,510,14108.650000000001,28.049005964214714,54.49898600000001,11.444146825396826,2.2576063755641544,45.2,0.068627,0.8536666666666667,0.8746789962214195,6.0,0.319608,36.498211382113816,18.5347397260274,0.152941,9.107280000000003,85
668,EDWIN ROMERO MARCA,INDIVIDUAL,BUEN RETIRO,285.73,1305,36351.21,28.135611455108357,103.87661200000001,11.320609375,1.9521940353738896,45.2,0.058238,0.8045210727969347,0.7872904949044834,6.0,0.282759,36.593431053203034,18.432545045045046,0.151724,8.848320000000001,85
669,ASOC. PROD. ROBORE NO.0669,ASOCIACION,ROBORE,28.48,1591,43999.93,27.954212198221093,123.379479,11.425468549422334,1.9607189721064127,45.2,0.077310,0.7770458830923948,0.7476867956800483,5.14,0.281584,36.45027947598254,18.55364038972542,0.159648,7.556640000000001,85
670,RICARDO RODRIGUEZ NAVIA,INDIVIDUAL,SAN JULIAN,402.32,809,22416.519999999997,27.881243781094522,65.33431700000001,11.283693467336686,1.6662468431770359,16.08,0.058096,0.8404449938195304,0.8131541082203453,5.23,0.291718,36.51064236111111,18.530444444444445,0.142151,1.238544,85
671,SANDRA CONDORI SORIA,INDIVIDUAL,SAN PEDRO,115.88,1263,35473.81,28.401769415532424,108.80378400000001,11.381110217216413,2.164998552936967,45.2,0.060174,0.7977830562153603,0.791983103718005,6.0,0.273951,36.56344243792325,18.52657175398633,0.146477,7.765680000000001,85
672,ASOC. PROD. MINEROS NO.0672,ASOCIACION,MINEROS,131.51,271,7512.17,28.24124060150376,17.923081,11.48281368821293,1.7461717318361958,15.48,0.099631,0.723690036900369,0.7198701270808034,4.72,0.239852,36.50016216216216,18.456231155778895,0.162362,1.2584760000000002,84
673,FELIX ALVARADO SALVATIERRA,COMUNIDAD,PUERTO QUIJARRO,51.02,779,22022.36,28.415948387096776,51.142076,11.348625654450263,1.7462011405467082,17.19,0.069320,0.754801026957638,0.7101432240486303,5.5,0.275995,36.48858181818182,18.581690909090913,0.128370,1.384834,85
674,AGROP. MORALES HNOS. S.R.L.,EMPRESA AGROPECUARIA,BUEN RETIRO,122.66,1321,36460.16,28.024719446579557,115.528785,11.334775541795665,1.9894471856518712,45.2,0.065859,0.8256018168054503,0.7804192475433259,6.0,0.307343,36.55921336206896,18.513253012048192,0.130204,9.8436,85
675,ASOC. PROD. LA GUARDIA NO.0675,COOPERATIVA,LA GUARDIA,109.82,1029,28940.260000000002,28.48450787401575,83.914837,11.399664031620555,2.03739867449247,45.2,0.071914,0.785131195335277,0.7727017556593592,6.0,0.265306,36.551359890109886,18.51036363636364,0.150632,8.82654,85
676,ASOC. PROD. COTOCA NO.0676,ASOCIACION,COTOCA,33.37,1831,51328.450000000004,28.26456497797357,190.217173,11.42977728285078,2.3618627405007078,45.2,0.072092,0.8298798470780994,0.822701126792307,6.0,0.289459,36.564764940239044,18.470602032838155,0.131622,9.890400000000001,85
677,ALBERTO MARCA CALLISAYA,INDIVIDUAL,GENERAL SAAVEDRA,82.88,835,23026.760000000002,27.877433414043587,82.624567,11.501573729863694,2.4213893591263185,45.2,0.080240,0.8294011976047905,0.790927801565182,5.04,0.281437,36.49350515463917,18.511195840554592,0.159281,9.566275000000003,85
678,SUSANA LIMA VILLCA,INDIVIDUAL,COTOCA,58.8,515,14155.769999999999,27.647988281249997,52.697215,11.519921414538311,2.3785290386104063,45.2,0.083495,0.8184660194174759,0.8290661946829279,4.83,0.281553,36.39966480446927,18.57016129032258,0.147573,8.324160000000001,85
679,ASOC. PROD. EL TORNO NO.0679,ASOCIACION,EL TORNO,101.12,1064,29505.869999999995,27.967649289099523,81.267403,11.285416267942583,1.7262131454954956,15.91,0.072368,0.8083082706766916,0.7862235462108634,5.89,0.301692,36.60432214765101,18.58190672153635,0.143797,1.154529,85
680,ASOC. PROD. PUERTO QUIJARRO NO.0680,ASOCIACION,PUERTO QUIJARRO,31.4,776,21680.85,28.193563068920675,56.14750000000001,11.255936675461742,1.7269431017929175,16.63,0.057990,0.7895876288659792,0.7862332150451965,6.0,0.268041,36.50715630885123,18.3880260707635,0.168814,1.6445230000000004,85
681,VALERIA VACA ALVARADO,INDIVIDUAL,YAPACANI,330.7,869,24259.170000000002,28.24117578579744,78.768397,11.360566037735852,2.3727251152654376,45.2,0.059839,0.8026352128883775,0.769991819756121,6.0,0.281933,36.58622641509434,18.511456628477905,0.161105,8.614320000000001,85
682,AGROP. RIVERO HNOS. S.R.L.,EMPRESA AGROPECUARIA,PUERTO QUIJARRO,55.92,523,14536.34,28.008362235067437,47.85128999999999,11.327417475728152,2.269880036444587,45.2,0.057361,0.8049713193116634,0.780976737122688,4.52,0.277247,36.47702412868633,18.564362606232294,0.145315,8.02776,85
683,PATRICIA VASQUEZ CATACORA,INDIVIDUAL,CHARAGUA,46.28,262,7213.119999999999,27.849884169884167,24.497053,11.332286821705429,1.8854067368415766,17.48,0.076336,0.881526717557252,0.8227362750059342,6.0,0.320611,36.385449438202244,18.4254802259887,0.118321,1.5090000000000001,79
684,MARCELO CHAMBI PEREZ,INDIVIDUAL,GENERAL SAAVEDRA,49.33,795,22060.83,27.96049429657795,63.302538000000006,11.301838046272493,1.7373614484516677,16.22,0.066667,0.809622641509434,0.8065525782312348,5.94,0.303145,36.46337591240876,18.466610169491528,0.147170,3.0216549999999995,85
685,FERNANDO HUANCA SUAREZ,INDIVIDUAL,GENERAL SAAVEDRA,28.19,732,20662.8,28.344032921810697,54.910219000000005,11.421456582633052,1.780803073467518,16.55,0.081967,0.7744945355191256,0.7656072516103728,4.67,0.262295,36.563685258964135,18.425722772277222,0.140710,1.023196,85
686,ASOC. PROD. EL TORNO NO.0686,COOPERATIVA,EL TORNO,133.6,1322,37067.5,28.317417876241407,106.82286599999999,11.352904468412943,2.1655302982752165,45.2,0.055219,0.7730030257186081,0.7253719075274772,5.94,0.269289,36.451719260065296,18.495971615720524,0.148260,10.579920000000001,85
687,FERNANDO APAZA SUAREZ,INDIVIDUAL,PORTACHUELO,213.55,511,14167.7,28.16640159045726,43.004675999999996,11.243167330677291,1.7486808623564392,17.27,0.062622,0.8314285714285713,0.8190298626829102,5.17,0.299413,36.448382352941174,18.536637931034484,0.115460,1.3464179999999997,85
688,RAUL HUANCA YUJRA,INDIVIDUAL,ROBORE,468.5,511,13949.34,27.622455445544556,43.282942,11.30089108910891,2.2995878249595507,45.2,0.052838,0.7688845401174169,0.7298225196390477,4.94,0.270059,36.52977715877437,18.525568181818183,0.129159,10.274160000000002,85
689,FREDDY TICONA CHUQUIMIA,INDIVIDUAL,CHARAGUA,132.44,1035,28849.249999999996,28.118177387914226,79.310281,11.374613095238095,1.7592228945639221,16.6,0.073430,0.7995845410628019,0.7606284440742873,6.0,0.294686,36.52051006711409,18.502417437252312,0.160386,1.4775,85
690,AGROP. PEDRAZA HNOS. S.R.L.,EMPRESA AGROPECUARIA,ROBORE,28.65,759,21237.089999999997,28.316119999999994,69.550757,11.32412398921833,1.7574243439439583,18.57,0.071146,0.8580237154150198,0.8772307678241296,6.0,0.303030,36.2569140625,18.536297029702972,0.155468,1.616,85
691,GUSTAVO ROMERO SORIA,COMUNIDAD,MONTERO,115.12,1809,50363.81999999999,28.18344711807498,137.833141,11.328181303116146,1.7091068701638217,17.06,0.061360,0.7933775566611387,0.7891992353939913,6.0,0.273632,36.45722734254992,18.475015527950312,0.148701,1.4090000000000003,85
692,JESSICA SUAREZ MERCADO,INDIVIDUAL,WARNES,46.0,283,8051.880000000001,28.45187279151944,24.038224,11.148489208633093,1.7127636854281516,16.0,0.049470,0.8195759717314488,0.9109241451876458,6.0,0.272085,36.347389162561576,18.511959798994976,0.148410,1.5255,82
694,ASOC. PROD. YAPACANI NO.0694,ASOCIACION,YAPACANI,74.6,240,6655.790000000001,27.965504201680677,19.369417,11.560338983050848,1.793805147132227,16.73,0.091667,0.8000833333333333,0.7376304886570064,3.77,0.275000,36.4332,18.314464285714287,0.170833,0.8839070000000001,79
695,ASOC. PROD. GENERAL SAAVEDRA NO.0695,COOPERATIVA,GENERAL SAAVEDRA,71.06,729,20180.52,28.224503496503498,63.500040000000006,11.45028368794326,2.1511223759296056,45.2,0.078189,0.7980384087791494,0.7638867275903367,4.62,0.285322,36.53627049180328,18.548033707865173,0.135802,7.722000000000001,85
696,ASOC. PROD. MONTERO NO.0696,COOPERATIVA,MONTERO,50.51,239,6785.77,28.511638655462185,20.042714000000004,11.270775862068964,1.7864868670572733,17.31,0.066946,0.8340585774058579,0.796094361145956,5.09,0.305439,36.4362893081761,18.53409937888199,0.104603,1.116979,83
697,ASOC. PROD. MONTERO NO.0697,ASOCIACION,MONTERO,122.14,1268,35675.490000000005,28.313880952380956,120.788891,11.29392943063352,2.260719701345051,45.2,0.067035,0.8077523659305994,0.7913310369109837,5.53,0.268139,36.56151412429379,18.467659340659342,0.152997,10.227360000000003,85
698,ASOC. PROD. COTOCA NO.0698,COOPERATIVA,COTOCA,109.91,1291,36091.55,28.064968895800934,131.08662300000003,11.461931908155185,2.210421090987034,45.2,0.073586,0.8430131680867544,0.8365529025358741,6.0,0.298993,36.542358175750834,18.454261555806088,0.161890,8.804640000000001,85
699,ROSA MARTINEZ RODRIGUEZ,INDIVIDUAL,BUEN RETIRO,60.21,282,7891.7,28.387410071942444,28.446713000000003,11.43231884057971,1.8026553302806396,16.36,0.078014,0.8744326241134753,0.8678593930178533,6.0,0.308511,36.65227027027027,18.468221153846155,0.120567,1.47654,83
700,NATALIA CASTRO ALVARADO,INDIVIDUAL,GENERAL SAAVEDRA,51.24,940,26040.7,27.940665236051505,72.497122,11.344178454842218,1.7421590149807407,17.43,0.069149,0.7936702127659574,0.7549596310261815,6.0,0.281915,36.476253869969035,18.569782945736435,0.145745,1.9152000000000007,85
701,AGROP. PEREZ HNOS. S.R.L.,EMPRESA AGROPECUARIA,OKINAWA,43.99,748,20783.33,28.199905020352784,51.77916100000001,11.402065663474692,1.6664200743436757,16.82,0.066845,0.7852540106951872,0.7338023798781361,4.92,0.268717,36.53381852551984,18.487485265225935,0.155080,2.26708,85
702,AGROP. VASQUEZ HNOS. S.R.L.,EMPRESA AGROPECUARIA,SAN PEDRO,25.44,828,22897.64,28.026487148102813,64.998007,11.391658415841583,1.77617196164304,17.39,0.067633,0.8119323671497586,0.8009629242737376,6.0,0.276570,36.43572413793104,18.574735042735043,0.134058,1.657008,85
703,BEATRIZ COPA TORREZ,INDIVIDUAL,EL TORNO,150.64,495,13674.560000000001,27.793821138211385,41.217009999999995,11.321959183673467,2.3328386208759655,45.2,0.066667,0.7790707070707071,0.746168583980279,5.15,0.264646,36.30403614457831,18.58252225519288,0.141414,8.450838000000001,85
704,ASOC. PROD. PORTACHUELO NO.0704,ASOCIACION,PORTACHUELO,78.19,771,21597.600000000002,28.269109947643983,65.061835,11.353438735177864,2.128702307909872,45.2,0.062257,0.7755252918287937,0.7994646441317061,5.56,0.269780,36.44081439393939,18.531678966789666,0.128405,9.088560000000001,85
705,ASOC. PROD. MINEROS NO.0705,COOPERATIVA,MINEROS,148.95,488,13582.35,28.004845360824742,43.158975000000005,11.357175732217572,1.7393937877685057,16.13,0.063525,0.8411270491803278,0.8691614596626671,5.6,0.288934,36.43012307692309,18.538985074626865,0.165984,1.691852,85
706,ASOC. PROD. COTOCA NO.0706,ASOCIACION,COTOCA,267.56,484,13242.009999999998,27.819348739495794,38.621423,11.200462184873949,1.760406590785997,16.29,0.059917,0.8399380165289255,0.8149532854303607,6.0,0.316116,36.493855072463774,18.55179104477612,0.128099,1.8667430000000007,85
707,AGROP. CHUQUIMIA HNOS. S.R.L.,EMPRESA AGROPECUARIA,SAN JULIAN,45.15,1043,28966.58,28.09561590688652,91.47355300000001,11.331001945525292,2.2920037682361416,45.2,0.063279,0.7930009587727708,0.8061523904216705,5.47,0.273250,36.48781337047354,18.433489655172412,0.142857,9.22272,85
709,SANDRA AGUILAR CUELLAR,INDIVIDUAL,GENERAL SAAVEDRA,60.99,276,7696.2,27.986181818181816,22.567209,11.242629629629628,1.7716038067777837,15.81,0.076087,0.8194927536231884,0.8538045954549709,6.0,0.300725,36.553505154639176,18.30112244897959,0.101449,1.6485,84
710,ASOC. PROD. PUERTO QUIJARRO NO.0710,COOPERATIVA,PUERTO QUIJARRO,103.51,1020,28314.36,28.117537239324726,97.610866,11.418413173652695,2.308859966001293,45.2,0.061765,0.8358039215686275,0.8577268957301015,6.0,0.292157,36.57949790794979,18.481292613636363,0.166667,7.831200000000002,85
711,RONALD CALLISAYA CONDORI,INDIVIDUAL,PUERTO SUAREZ,67.61,1031,28976.000000000004,28.380019588638593,98.952169,11.377895256916995,2.305063238831451,45.2,0.068865,0.8255674102812802,0.8092350715545926,6.0,0.294859,36.51504189944134,18.485582733812947,0.150339,9.106673,85
712,AGROP. ROMERO HNOS. S.R.L.,EMPRESA AGROPECUARIA,YAPACANI,90.6,1048,29100.940000000002,28.17128751210068,103.38259299999999,11.42296692607004,2.2999945918558504,45.2,0.069656,0.8352958015267177,0.8156348909650838,4.9,0.294847,36.54859042553191,18.469526462395542,0.145038,8.570331000000001,85
713,PATRICIA MORALES PINTO,INDIVIDUAL,PORTACHUELO,107.01,769,21638.36,28.322460732984293,61.594080000000005,11.21790513833992,1.7066745307908304,16.34,0.061118,0.8319765929778933,0.7990663461146795,5.98,0.279584,36.47427807486631,18.51307142857143,0.141743,1.5358319999999999,85
714,DANIELA GUTIERREZ ANTELO,INDIVIDUAL,MONTERO,507.42,766,21353.94,27.950183246073298,56.622567,11.405844504021445,1.7376999833585918,16.29,0.069191,0.7994647519582246,0.7843709277827184,5.96,0.279373,36.50818181818182,18.501130268199233,0.152742,1.2528960000000002,85
715,AGROP. MAMANI HNOS. S.R.L.,EMPRESA AGROPECUARIA,GENERAL SAAVEDRA,151.2,2026,56015.26,27.937785536159602,171.621366,11.352868646200303,1.8817596980718216,45.2,0.065647,0.8236969397828233,0.8148342586666341,5.13,0.292695,36.47271356783919,18.52910128388017,0.142152,8.927100000000001,85
716,ASOC. PROD. ROBORE NO.0716,ASOCIACION,ROBORE,108.82,259,7275.98,28.311206225680934,21.277313,11.39607142857143,1.7391475801767196,17.03,0.069498,0.8149420849420849,0.7500694389851598,4.74,0.301158,36.71345549738219,18.655988372093024,0.127413,1.2831090000000005,78
717,ASOC. PROD. YAPACANI NO.0717,ASOCIACION,YAPACANI,215.55,772,21565.53,28.153433420365534,59.329193999999994,11.240264200792604,1.7702376858764197,16.17,0.075130,0.8091321243523316,0.7989559647583703,5.87,0.275907,36.48080882352941,18.59833644859813,0.128238,1.4273969999999998,85
718,ASOC. PROD. LA GUARDIA NO.0718,COOPERATIVA,LA GUARDIA,43.8,791,21811.93,27.96401282051282,66.142594,11.373788659793815,2.1242283642924913,45.2,0.065740,0.7797597977243994,0.7545476089211116,5.19,0.290771,36.48529197080292,18.626229508196722,0.147914,10.622271000000001,85
719,ASOC. PROD. PUERTO QUIJARRO NO.0719,ASOCIACION,PUERTO QUIJARRO,42.35,769,21495.699999999997,28.09895424836601,52.22025000000001,11.328872679045094,1.7455253899105179,16.57,0.067620,0.7757347204161249,0.7545091963997371,5.72,0.265280,36.4854794520548,18.48198501872659,0.169051,1.8516599999999999,85
720,ASOC. PROD. SANTA ROSA NO.0720,ASOCIACION,SANTA ROSA,50.31,770,21599.239999999998,28.23430065359477,57.33939199999999,11.368300395256918,1.7080942286104983,16.32,0.064935,0.7929350649350648,0.7641946445871403,4.92,0.283117,36.61194139194139,18.412737430167596,0.129870,1.16032,85
721,CARLOS RIVERO MORALES,INDIVIDUAL,COTOCA,72.77,538,14873.619999999999,27.90547842401501,31.165576,11.290358490566037,1.6398554686917095,16.49,0.044610,0.7468029739776951,0.6761462453445704,4.31,0.265799,36.475,18.6331043956044,0.161710,0.8702549999999996,85
722,HUGO CALLISAYA NAVIA,INDIVIDUAL,EL TORNO,34.22,1035,28810.39,28.24548039215686,80.570144,11.23617790811339,1.7604066187745997,18.9,0.062802,0.8018067632850242,0.7844244901870909,5.25,0.296618,36.60417808219178,18.50439834024896,0.154589,1.3238750000000001,85
723,DANIEL MORALES MAMANI,INDIVIDUAL,MINEROS,233.57,1028,28419.719999999998,28.027337278106508,82.530912,11.388219584569732,1.771200408307411,16.89,0.065175,0.8059727626459143,0.7902680496510496,5.05,0.270428,36.51733793103449,18.40628491620112,0.132296,1.139379,85
724,AGROP. PINTO HNOS. S.R.L.,EMPRESA AGROPECUARIA,CHARAGUA,79.34,1010,28170.359999999997,28.198558558558556,101.50688000000001,11.375645161290322,2.0572184906718234,45.2,0.073267,0.8554059405940592,0.8190018360766261,4.99,0.306931,36.484872159090905,18.517991689750694,0.165347,9.182160000000001,85
725,MARIA SANDOVAL MERCADO,INDIVIDUAL,EL TORNO,72.87,755,21125.27,28.432395693135938,72.91073,11.307325268817204,2.479854057618331,45.2,0.068874,0.793364238410596,0.7513953905480917,5.92,0.291391,36.43960151802657,18.512185792349726,0.152318,9.593804,85
726,ASOC. PROD. YAPACANI NO.0726,COOPERATIVA,YAPACANI,207.48,498,13856.630000000003,28.049858299595147,52.66935600000001,11.54024742268041,2.737457864240151,45.2,0.054217,0.7981927710843374,0.7846784491749146,5.08,0.269076,36.51103244837758,18.372342857142858,0.154618,8.673600000000002,85
727,PAOLA SUAREZ MAMANI,INDIVIDUAL,GENERAL SAAVEDRA,160.85,514,14483.31,28.232573099415205,39.796282,11.428167330677292,1.744734830463102,16.65,0.073930,0.7943385214007781,0.7685530125717367,5.13,0.262646,36.59737127371273,18.53396501457726,0.132296,1.241065,84
728,AGROP. MARCA HNOS. S.R.L.,EMPRESA AGROPECUARIA,CUATRO CANADAS,62.94,522,14741.09,28.40287090558767,37.938194,11.3202734375,1.746666919094718,17.37,0.047893,0.7621455938697319,0.7666175639250384,5.01,0.277778,36.33234332425068,18.42415300546448,0.151341,1.2184139999999999,85
729,ASOC. PROD. MONTERO NO.0729,ASOCIACION,MONTERO,53.69,252,7056.88,28.340883534136548,15.455062000000002,11.221810699588477,1.7356095498330881,15.53,0.051587,0.7357936507936508,0.7131232613900789,5.12,0.265873,36.50362068965518,18.54522988505747,0.158730,0.950896,81
731,ASOC. PROD. PAILON NO.0731,ASOCIACION,PAILON,26.78,508,14123.4,28.2468,40.601344,11.419252525252526,1.8163427146754283,19.13,0.078740,0.8055708661417323,0.729048628190133,3.76,0.297244,36.52518918918919,18.537929155313353,0.171260,1.4541749999999998,84
732,JESSICA VILLCA MEDINA,INDIVIDUAL,EL TORNO,125.72,514,14352.429999999998,28.25281496062992,43.958521,11.36704,1.7011511010304468,15.64,0.066148,0.8141634241245137,0.8377202544420675,5.49,0.293774,36.5101404494382,18.460054200542007,0.149805,1.594399,85
733,PATRICIA CUELLAR YUJRA,INDIVIDUAL,PAILON,75.12,234,6516.9800000000005,28.212034632034634,17.634494999999998,11.438189655172414,1.7166193491421573,16.15,0.068376,0.8205555555555555,0.7598362930127147,4.18,0.286325,36.597243589743584,18.488703703703703,0.115385,1.023441,77
734,ASOC. PROD. EL TORNO NO.0734,COOPERATIVA,EL TORNO,189.18,1344,37286.630000000005,28.056155003762232,129.602151,11.460258358662614,2.1980012891352816,45.2,0.075893,0.8301116071428571,0.8367068746502955,6.0,0.308780,36.45693514644351,18.599004149377592,0.132440,8.756398,85
735,SERGIO VARGAS VILLCA,INDIVIDUAL,CHARAGUA,285.61,773,21804.79,28.391653645833333,86.47743100000002,11.554993412384716,2.731706478302107,45.2,0.063389,0.8061836998706339,0.7795890723009526,6.0,0.276843,36.30277676950998,18.42379061371841,0.128072,9.799920000000004,85
736,FELIX MACHACA MERCADO,INDIVIDUAL,MONTERO,50.61,1075,29848.03,27.973786316776007,83.72800500000001,11.353893637226971,1.7281364927937939,16.32,0.064186,0.7976744186046512,0.8248894661275671,6.0,0.276279,36.463698453608245,18.475808625336928,0.155349,1.645,85
737,YENNY HUANCA MEDINA,INDIVIDUAL,SAN PEDRO,231.03,1309,36234.19,28.00169242658424,110.080484,11.343752931978107,2.1477475528569943,45.2,0.058824,0.7868983957219251,0.7634957064693414,5.46,0.284186,36.50442953020134,18.445442329227326,0.151261,9.93096,85
738,ENRIQUE SANDOVAL CHAMBI,COMUNIDAD,SAN PEDRO,68.45,1328,36808.39,27.96990121580547,116.00922699999998,11.372356979405033,1.7794780126934027,18.26,0.072289,0.826558734939759,0.8421192689661219,6.0,0.288404,36.479135416666665,18.50640625,0.148343,4.2419400000000005,85
739,AGROP. FLORES HNOS. S.R.L.,EMPRESA AGROPECUARIA,COTOCA,44.14,251,6926.35,27.7054,13.975828,11.293196721311475,1.6655824949732252,14.76,0.043825,0.735418326693227,0.7247698422967039,3.91,0.247012,36.38150289017341,18.500786516853935,0.107570,0.8233600000000001,79
740,RICHARD COPA APAZA,INDIVIDUAL,SAN PEDRO,103.69,747,20491.120000000003,27.993333333333336,54.704741,11.306489795918369,1.7144880884828828,16.41,0.058902,0.8019678714859437,0.7669844569111676,6.0,0.291834,36.669566854990585,18.459732313575525,0.159304,1.2515,85
741,CARMEN MARCA YUJRA,INDIVIDUAL,GENERAL SAAVEDRA,58.93,2108,58880.06,28.280528338136406,163.035067,11.36275012083132,1.916708883933779,45.2,0.069260,0.7956356736242884,0.7724977972752624,6.0,0.273245,36.51498992612492,18.587836021505378,0.155123,7.235280000000001,85
742,ANDREA MARTINEZ VARGAS,INDIVIDUAL,CUATRO CANADAS,91.48,1087,30447.5,28.349627560521416,91.097509,11.316344892221181,1.6874580239598,16.65,0.067157,0.851315547378105,0.8253487564461852,6.0,0.310948,36.50861842105264,18.47381818181818,0.155474,1.7015000000000002,85
744,NATALIA CHAMBI FLORES,INDIVIDUAL,COTOCA,41.16,552,15289.079999999998,28.053357798165134,53.332764000000005,11.431289134438307,2.323489986021038,45.2,0.077899,0.7806884057971014,0.7721365206646403,5.92,0.260870,36.610075949367086,18.445365853658537,0.135870,8.489520000000002,85
745,ASOC. PROD. YAPACANI NO.0745,ASOCIACION,YAPACANI,113.46,1079,30281.6,28.513747645951035,91.35097,11.327438563327032,2.0278673378529017,45.2,0.059314,0.8044578313253012,0.7474135102582963,4.96,0.303985,36.61708724832215,18.542005108556832,0.137164,8.059420000000001,85
746,AGROP. APAZA HNOS. S.R.L.,EMPRESA AGROPECUARIA,SAN PEDRO,159.1,503,13889.52,28.059636363636365,44.331340000000004,11.366767676767678,1.7525390650885897,17.99,0.069583,0.830159045725646,0.8375780718517507,5.21,0.282306,36.4190985915493,18.632182890855457,0.125249,1.6628399999999994,85
747,ASOC. PROD. PUERTO QUIJARRO NO.0747,ASOCIACION,PUERTO QUIJARRO,560.73,793,22050.96,28.16214559386973,76.01412700000002,11.535632183908046,2.4185436271241922,45.2,0.076923,0.8064186633039092,0.7690793960502511,4.87,0.276166,36.53084656084656,18.43178181818182,0.116015,8.580000000000002,85
748,OSCAR CUELLAR PUMA,INDIVIDUAL,PAILON,64.23,264,7365.330000000001,28.219655172413795,28.062042,11.512709923664122,2.735355837067651,45.2,0.075758,0.7609848484848484,0.7357067524666823,3.98,0.257576,36.42549132947977,18.51401069518717,0.159091,8.099520000000002,81
749,CHRISTIAN CUELLAR PINTO,INDIVIDUAL,MINEROS,434.59,769,21178.86,28.01436507936508,60.400569000000004,11.477420634920636,1.748179476987138,16.69,0.081925,0.802405721716515,0.818902537806272,5.91,0.270481,36.49695255474453,18.58816326530612,0.157347,1.247631,85
750,ASOC. PROD. SANTA ROSA NO.0750,ASOCIACION,SANTA ROSA,85.25,803,22478.92,28.169072681704257,51.747367999999994,11.372981132075472,1.7056111408006862,16.6,0.059776,0.7257907845579079,0.7173784819388472,6.0,0.234122,36.433767605633804,18.470285714285716,0.149440,1.407,85
751,DANIEL CATACORA ROMERO,INDIVIDUAL,PORTACHUELO,96.21,823,22908.93,28.006026894865528,63.390275,11.321668742216689,1.6914725850842356,16.5,0.061968,0.8279465370595384,0.7896134057065965,5.96,0.311057,36.51890034364261,18.43730834752981,0.187120,1.3992159999999998,85
752,DAVID CASTRO APAZA,INDIVIDUAL,WARNES,87.36,1508,42129.79,28.142812291249165,129.262599,11.378989145183176,2.141163814502244,45.2,0.067639,0.7966246684350132,0.7776851804695268,6.0,0.293103,36.4482851637765,18.505960637300845,0.151857,8.04336,85
753,IVAN RIVERO COPA,INDIVIDUAL,WARNES,277.81,743,20494.75,27.92200272479564,73.372771,11.346671289875175,2.202284864980407,45.2,0.065949,0.8397981157469717,0.8191640516736537,5.22,0.308210,36.43864814814815,18.5226171875,0.150740,8.408400000000002,85
754,DANIEL SALVATIERRA VARGAS,INDIVIDUAL,PUERTO QUIJARRO,83.05,1076,29886.420000000002,28.009765698219308,87.767371,11.389659413434247,1.7198253185469723,17.68,0.056691,0.8333828996282528,0.816482578600712,5.69,0.294610,36.464614361702125,18.473376792698826,0.151487,1.6643250000000005,85
755,ASOC. PROD. EL TORNO NO.0755,COOPERATIVA,EL TORNO,49.89,525,14793.82,28.17870476190476,36.955068,11.248571428571427,1.7609081658022685,17.35,0.066667,0.7634095238095238,0.7296838656584465,4.16,0.259048,36.494032258064514,18.341259640102827,0.146667,1.1444230000000004,85
756,MONICA TORREZ SALVATIERRA,INDIVIDUAL,EL TORNO,54.61,275,7569.080000000001,28.033629629629633,19.324433999999997,11.257444444444445,1.7467145331939204,15.98,0.043636,0.795709090909091,0.7675093302347182,3.84,0.280000,36.54962765957447,18.498199999999997,0.145455,0.8954519999999999,80
757,WILBER GARCIA SUAREZ,INDIVIDUAL,BUEN RETIRO,55.7,988,27497.92,28.059102040816324,83.656566,11.331170984455959,2.0025407556390484,45.2,0.044534,0.8164372469635628,0.8045499154642096,6.0,0.270243,36.3144245142003,18.54044910179641,0.142713,8.848320000000001,85
758,ASOC. PROD. BUEN RETIRO NO.0758,ASOCIACION,BUEN RETIRO,96.06,503,14017.479999999998,28.14755020080321,48.223248,11.349006085192697,2.306986830861371,45.2,0.061630,0.8307554671968191,0.7713052435514816,4.61,0.310139,36.55976119402985,18.407679083094553,0.137177,7.865520000000002,84
761,YENNY QUISPE MERCADO,INDIVIDUAL,YAPACANI,161.05,767,21427.85,28.231686429512514,58.527946,11.376453333333334,1.789639433020665,16.64,0.073012,0.789452411994785,0.7735555645881368,5.3,0.286832,36.54631768953069,18.463511029411766,0.131682,1.3097799999999997,85
762,VANESSA VILLCA APAZA,INDIVIDUAL,PUERTO QUIJARRO,72.81,772,21400.159999999996,28.04739187418086,88.88965200000001,11.39850331125828,2.5179279745066814,45.2,0.069948,0.8619041450777203,0.8730291503808464,6.0,0.308290,36.43979362101313,18.476355311355313,0.142487,9.668880000000001,85
763,ASOC. PROD. CUATRO CANADAS NO.0763,ASOCIACION,CUATRO CANADAS,104.54,519,14355.189999999999,28.14743137254902,41.087893,11.290294695481336,1.7199606613998861,16.69,0.059730,0.812581888246628,0.8056755004986584,5.88,0.281310,36.56485094850948,18.44731843575419,0.140655,1.6641119999999998,85
764,CARLOS SALVATIERRA ALVARADO,INDIVIDUAL,PUERTO SUAREZ,90.39,550,15231.01,28.10149446494465,51.37660100000001,11.432793296089384,2.316625750851267,45.2,0.080000,0.7684545454545455,0.7999405560379079,5.56,0.256364,36.31765743073048,18.446852791878175,0.185455,8.72976,85
765,ASOC. PROD. MONTERO NO.0765,COOPERATIVA,MONTERO,134.46,781,21595.8,27.793822393822392,64.085159,11.485123859191656,2.1153426116197838,45.2,0.083227,0.7737259923175416,0.7846884547241533,6.0,0.262484,36.6132667876588,18.461989342806394,0.147247,9.569040000000003,85
766,RODRIGO TICONA CHOQUE,INDIVIDUAL,LA GUARDIA,309.0,1058,29222.67,27.88422709923664,99.75441900000001,11.401173076923078,2.0897683209097764,45.2,0.078450,0.8159546313799622,0.8278615039075888,5.79,0.285444,36.4897855227882,18.514512683578104,0.174858,10.096320000000002,85
767,ASOC. PROD. PORTACHUELO NO.0767,COOPERATIVA,PORTACHUELO,68.41,237,6661.13,28.34523404255319,19.851351,11.311623931623933,1.7700245905350065,16.27,0.063291,0.8409704641350211,0.8447090482779147,4.92,0.278481,36.79810126582279,18.429548387096773,0.147679,1.263774,79
768,ASOC. PROD. GENERAL SAAVEDRA NO.0768,ASOCIACION,GENERAL SAAVEDRA,1038.43,1521,42432.07,28.194066445182724,130.147346,11.383008021390374,2.131957987109148,45.2,0.053254,0.7975673898750821,0.7871877824449622,6.0,0.285996,36.49656133828996,18.39838619402985,0.135437,8.5176,85
769,WILBER SORIA AGUILAR,COMUNIDAD,LA GUARDIA,33.32,761,21075.82,28.026356382978722,71.15745,11.333030707610147,2.0983272623349056,45.2,0.051248,0.8338633377135347,0.8555940086364763,6.0,0.290407,36.51452157598499,18.573561643835617,0.141919,8.413012000000002,85
770,OSCAR MEDINA CHOQUE,INDIVIDUAL,OKINAWA,241.13,1081,30270.5,28.31665107577175,86.062961,11.352674199623351,2.0393240100062604,45.2,0.064755,0.7711563367252544,0.7828782688704108,6.0,0.253469,36.54768292682927,18.715032594524114,0.167438,9.163440000000001,85
771,ASOC. PROD. YAPACANI NO.0771,ASOCIACION,YAPACANI,70.36,511,14277.5,28.216403162055336,37.481434,11.309,1.6676059544264268,15.98,0.052838,0.7904892367906066,0.7853933418068392,4.63,0.273973,36.39380952380952,18.515210084033615,0.121331,1.133649,85
772,ASOC. PROD. SANTA ROSA NO.0772,COOPERATIVA,SANTA ROSA,88.48,1752,48878.14000000001,28.09088505747127,164.405604,11.54201754385965,2.2658534959761636,45.2,0.082192,0.7987728310502283,0.771028691829719,6.0,0.281393,36.47781069958848,18.460686661404896,0.143836,10.171200000000002,85
773,ROSA SUAREZ GUTIERREZ,INDIVIDUAL,CHARAGUA,8.52,526,14571.47,27.96827255278311,36.894906000000006,11.398674463937622,1.7663827459379724,17.87,0.064639,0.7565209125475285,0.7469959307213214,4.45,0.249049,36.33522099447514,18.443953488372088,0.144487,1.0555990000000004,85
774,ASOC. PROD. SAN JULIAN NO.0774,ASOCIACION,SAN JULIAN,32.62,229,6357.84,28.008105726872248,13.248854000000001,11.225848214285715,1.709680743857187,15.15,0.039301,0.7457205240174672,0.7637356427959332,5.58,0.266376,36.438496732026145,18.459156626506022,0.126638,1.346062,81
775,PEDRO FLORES LIMA,INDIVIDUAL,PORTACHUELO,59.51,280,7684.1900000000005,27.94250909090909,22.067656999999997,11.356579925650557,1.696168480186332,15.94,0.053571,0.82875,0.8140206475853916,5.64,0.307143,36.43941176470588,18.65994736842105,0.157143,1.1335520000000001,80
776,ASOC. PROD. PUERTO QUIJARRO NO.0776,COOPERATIVA,PUERTO QUIJARRO,69.99,1329,37148.31,28.163995451099314,103.99405999999999,11.301952526799388,1.7298276487258135,16.63,0.058691,0.8123024830699774,0.8068124634673037,5.54,0.283672,36.576043956043954,18.43930510314875,0.161776,1.4033250000000002,85
777,RODRIGO MEDINA SANDOVAL,INDIVIDUAL,SAN JULIAN,45.63,792,21953.51,28.14552564102564,74.56379199999999,11.50175257731959,2.168277632650255,45.2,0.089646,0.81239898989899,0.7696168139749551,4.71,0.286616,36.5155376344086,18.595846702317292,0.148990,10.450830000000002,85
778,SUSANA LIMA MARCA,INDIVIDUAL,GENERAL SAAVEDRA,98.18,993,27527.100000000002,28.11756894790603,83.688796,11.388712667353245,1.7722093761813034,17.98,0.070493,0.8431722054380665,0.8178845817506241,6.0,0.289023,36.563578643578644,18.60935393258427,0.135952,1.495,85
779,ASOC. PROD. BUEN RETIRO NO.0779,COOPERATIVA,BUEN RETIRO,102.09,548,15409.93,28.37924493554328,40.187521000000004,11.179553903345726,1.7440345212833162,17.54,0.056569,0.778978102189781,0.7775057712856528,5.28,0.266423,36.62341085271317,18.489526315789472,0.140511,1.2576749999999999,84
780,DANIEL VACA CHOQUE,INDIVIDUAL,SANTA ROSA,62.42,522,14609.09,28.148535645472062,53.69115500000001,11.554621359223303,2.683523368192691,45.2,0.068966,0.8054980842911876,0.7879428748866347,6.0,0.277778,36.36888888888889,18.525561643835616,0.143678,8.81217,85
781,ALBERTO MORALES COLQUE,INDIVIDUAL,COTOCA,37.13,256,7121.24,28.036377952755906,18.675331,11.19730923694779,1.659724395587868,15.33,0.039063,0.8380078125,0.8136663188126311,4.73,0.273438,36.676607142857144,18.46087912087912,0.101563,0.9269049999999999,81
782,ASOC. PROD. SAN PEDRO NO.0782,COOPERATIVA,SAN PEDRO,217.99,1053,29051.940000000002,27.934557692307695,84.93843,11.386848249027238,2.0271302493993932,45.2,0.063628,0.8047388414055081,0.7735215587709547,5.09,0.288699,36.54320580474934,18.60021592442645,0.133903,7.250880000000002,85
783,ASOC. PROD. MONTERO NO.0783,ASOCIACION,MONTERO,94.14,514,14298.379999999997,28.20193293885601,57.12522400000001,11.51575396825397,2.776094097174285,45.2,0.077821,0.7419844357976653,0.7570834772798499,5.12,0.241245,36.24920903954803,18.426037234042553,0.136187,11.710700000000001,85
784,ASOC. PROD. PORTACHUELO NO.0784,ASOCIACION,PORTACHUELO,406.89,487,13451.7,27.850310559006214,36.859009,11.27887029288703,1.7356178643300073,16.4,0.053388,0.8155852156057496,0.7714485975818564,4.72,0.297741,36.5447891566265,18.432537313432835,0.147844,1.1267700000000003,85
785,ASOC. PROD. PUERTO QUIJARRO NO.0785,COOPERATIVA,PUERTO QUIJARRO,59.92,498,13753.16,28.067673469387756,45.06143,11.496069958847736,2.321962728960857,45.2,0.076305,0.7821686746987951,0.7646790963436627,6.0,0.271084,36.57725714285714,18.518455056179775,0.162651,7.9965600000000014,85
786,OSCAR SUAREZ MERCADO,INDIVIDUAL,LA GUARDIA,45.91,547,15271.080000000002,27.969010989010993,36.926069999999996,11.306879699248121,1.724159458579105,16.25,0.060329,0.7718829981718466,0.7357129562887061,4.44,0.294333,36.5022192513369,18.527007874015748,0.137112,1.05792,85
787,FERNANDO LOPEZ PUMA,INDIVIDUAL,BUEN RETIRO,177.21,998,27754.740000000005,27.978568548387102,85.917899,11.403856410256411,2.0047220692263905,45.2,0.061122,0.8179158316633266,0.7919631822097459,6.0,0.285571,36.44117142857143,18.494047976011995,0.143287,10.573680000000001,85
788,ASOC. PROD. LA GUARDIA NO.0788,ASOCIACION,LA GUARDIA,63.12,539,15166.07,28.29490671641791,69.643579,11.484291115311908,2.6938092464019237,45.2,0.059369,0.8609276437847868,0.8180938678044429,4.49,0.313544,36.377712082262214,18.42109589041096,0.144712,11.141520000000002,85
789,ASOC. PROD. LA GUARDIA NO.0789,COOPERATIVA,LA GUARDIA,102.8,526,14615.79,28.05333973128599,42.82056,11.320254403131115,1.752307871445144,16.5,0.057034,0.8318631178707224,0.8233309513879021,5.66,0.288973,36.55377717391304,18.39165242165242,0.144487,1.4814140000000002,84
790,ALBERTO CASTRO GARCIA,INDIVIDUAL,BUEN RETIRO,21.82,990,27861.920000000002,28.4305306122449,86.819513,11.371958549222796,2.022110201331733,45.2,0.059596,0.8156868686868687,0.8042804362602347,6.0,0.297980,36.57496328928047,18.494778761061944,0.152525,8.454924000000002,85
791,AGROP. MARCA HNOS. S.R.L.,EMPRESA AGROPECUARIA,SAN PEDRO,72.41,266,7394.679999999999,28.223969465648853,18.570832,11.46673076923077,1.786015734876709,16.08,0.075188,0.7527443609022557,0.7461253286815535,5.16,0.255639,36.30405263157895,18.522487046632122,0.165414,1.288352,81
792,ASOC. PROD. SANTA ROSA NO.0792,COOPERATIVA,SANTA ROSA,23.94,1095,30353.5,28.131139944392956,103.93670200000001,11.509174484052531,2.220669203697336,45.2,0.067580,0.8421187214611873,0.7809991517960982,5.45,0.316895,36.52051413881748,18.63007556675063,0.164384,10.030800000000003,85
793,RENE ANTELO MACHACA,INDIVIDUAL,SAN JULIAN,66.67,272,7468.580000000001,27.764237918215617,23.274518,11.51793103448276,1.760427923020008,16.29,0.080882,0.828125,0.787703804237565,4.68,0.301471,36.64283236994219,18.57350785340314,0.169118,1.059104,81
794,ASOC. PROD. SANTA ROSA NO.0794,COOPERATIVA,SANTA ROSA,330.65,778,21755.149999999998,28.216796368352785,67.402922,11.423986842105265,2.158835270034917,45.2,0.077121,0.7866838046272494,0.8047054700055206,5.46,0.264781,36.449892857142856,18.40397338403042,0.142674,7.612800000000001,85
795,ELIZABETH SANCHEZ CUELLAR,INDIVIDUAL,PAILON,288.72,802,22326.34,28.18982323232323,63.847389,11.443070063694266,1.76962087385312,16.34,0.088529,0.7914463840399003,0.8050424126314544,5.22,0.255611,36.48935779816513,18.464052631578948,0.164589,1.258432,85
796,AGROP. MORALES HNOS. S.R.L.,EMPRESA AGROPECUARIA,CUATRO CANADAS,139.12,497,13784.259999999998,27.846989898989897,41.439184999999995,11.389345603271982,1.7830874348712136,16.26,0.076459,0.8496579476861168,0.816304420518397,5.25,0.315895,36.22962643678161,18.505128205128205,0.128773,1.5219500000000001,85
797,DIEGO CHAMBI SANCHEZ,INDIVIDUAL,SAN JULIAN,173.04,540,15164.28,28.397528089887643,53.035905,11.333785310734463,2.2316110144600203,45.2,0.055556,0.8303888888888888,0.8598984044202849,5.34,0.281481,36.5093654822335,18.50194520547945,0.164815,8.639280000000003,85
798,EDWIN CHUQUIMIA PINTO,INDIVIDUAL,SAN PEDRO,59.79,504,14055.109999999999,28.054111776447105,38.070802,11.373142857142856,1.676882002865375,16.72,0.051587,0.8311904761904763,0.7819998903182945,5.5,0.321429,36.54907246376812,18.297361111111112,0.134921,1.24515,85
799,ASOC. PROD. COTOCA NO.0799,ASOCIACION,COTOCA,22.78,744,20487.26,27.873823129251697,62.85443899999999,11.413209876543212,1.752495821854246,16.56,0.063172,0.83002688172043,0.8142858049169966,5.82,0.302419,36.58263653483992,18.42155268022181,0.149194,1.2401860000000002,85
800,ASOC. PROD. PAILON NO.0800,ASOCIACION,PAILON,276.45,255,7056.09,27.889683794466404,31.182181000000003,11.5016,2.6918187518425345,45.2,0.066667,0.8035686274509805,0.9178935413993262,6.0,0.266667,36.50761111111111,18.561685393258426,0.117647,9.618960000000003,81
801,JORGE SANCHEZ RODRIGUEZ,INDIVIDUAL,SAN JULIAN,15.33,263,7334.439999999999,27.88760456273764,33.377465,11.327499999999999,2.7520226854086656,45.2,0.060837,0.8950950570342207,0.8828777820018876,6.0,0.326996,36.53907692307692,18.709999999999997,0.155894,8.916960000000003,82
802,JORGE MORALES VACA,INDIVIDUAL,EL TORNO,265.76,1253,34852.22,28.106629032258066,101.257397,11.393521703521703,2.224105982974733,45.2,0.071030,0.7894014365522747,0.7589370883383171,5.84,0.293695,36.52487005649717,18.495913734392737,0.156425,8.3772,85
803,ASOC. PROD. ROBORE NO.0803,COOPERATIVA,ROBORE,33.09,972,26961.54,28.026548856548857,90.91847100000001,11.368188481675391,2.136574965916833,45.2,0.082305,0.801656378600823,0.8179692981016609,6.0,0.283951,36.476138328530254,18.4013661971831,0.143004,9.001200000000003,85
804,JULIO CHOQUE CONDORI,INDIVIDUAL,OKINAWA,99.43,821,22995.820000000003,28.215730061349696,54.14829399999999,11.397812113720642,1.7458445101909776,16.19,0.071864,0.7370401948842876,0.7150443510665312,4.76,0.236297,36.44189982728843,18.473099824868655,0.159562,1.0558079999999999,85
805,FELIX QUISPE CALLISAYA,INDIVIDUAL,COTOCA,64.8,289,8136.130000000001,28.348885017421605,22.960588,11.45003521126761,1.7253914388133151,15.1,0.051903,0.857370242214533,0.8344617389040271,4.46,0.290657,36.379714285714286,18.325520833333332,0.197232,0.963732,83
806,LAURA RODRIGUEZ RODRIGUEZ,INDIVIDUAL,PUERTO SUAREZ,56.11,286,7939.71,28.055512367491165,24.031577,11.543829787234042,1.730374924742387,15.58,0.083916,0.8165734265734267,0.8567065496034687,5.21,0.269231,36.44776595744681,18.56637755102041,0.111888,1.1310939999999998,84
807,DANIEL CATACORA TICONA,INDIVIDUAL,OKINAWA,403.15,532,14823.199999999997,28.074242424242417,36.425619,11.247980769230768,1.7672038917468478,15.68,0.073308,0.7559022556390977,0.7401843142442853,6.0,0.278195,36.60270718232045,18.460360110803325,0.161654,1.4140000000000001,84
808,JULIO SORIA QUISPE,INDIVIDUAL,OKINAWA,39.28,772,21273.67,27.991671052631578,72.14994900000002,11.472741721854305,2.416976547153571,45.2,0.062176,0.7966062176165803,0.7519288713792618,5.45,0.279793,36.46969754253308,18.571582867783984,0.139896,8.55816,85
809,ASOC. PROD. ROBORE NO.0809,ASOCIACION,ROBORE,148.15,1516,42366.65,28.26327551701134,126.28522000000001,11.313230974632843,1.9566866944819223,45.2,0.065963,0.8118337730870713,0.808209160798057,5.85,0.292876,36.405863678804856,18.48052930056711,0.156992,7.723324,85
810,ASOC. PROD. ROBORE NO.0810,ASOCIACION,ROBORE,146.45,269,7480.319999999999,27.911641791044772,22.713031000000004,11.231766917293234,1.8946481423217583,15.5,0.078067,0.8222304832713755,0.7874506895484238,4.05,0.267658,36.526875,18.407120418848166,0.133829,0.954345,83
811,SUSANA TORREZ CASTRO,INDIVIDUAL,YAPACANI,33.63,499,13757.210000000001,27.961808943089434,41.154083,11.230325865580449,1.764001335011239,16.58,0.066132,0.8385771543086172,0.7682354602912533,5.06,0.302605,36.4017816091954,18.474240687679085,0.142285,1.401918,85
812,MARIA GARCIA LOPEZ,INDIVIDUAL,OKINAWA,212.67,1052,29228.100000000006,28.02310642377757,82.494242,11.265292397660817,1.7662498130856463,17.05,0.071293,0.8134315589353612,0.7860558735961932,5.97,0.286122,36.56779591836735,18.51149025069638,0.159696,1.5958669999999997,85
813,ASOC. PROD. SANTA ROSA NO.0813,COOPERATIVA,SANTA ROSA,28.2,1291,36096.979999999996,28.311356862745093,115.455008,11.3886713836478,2.054060562678743,45.2,0.077459,0.8061967467079783,0.8035380224412457,6.0,0.276530,36.589295478443745,18.510652883569097,0.148722,9.228960000000002,85
815,ASOC. PROD. SAN JULIAN NO.0815,ASOCIACION,SAN JULIAN,120.43,1545,43356.560000000005,28.28216568819309,131.541681,11.379238914626075,2.123066042393757,45.2,0.068608,0.7818187702265371,0.7722428765607009,5.78,0.267961,36.57926711668274,18.51543956043956,0.147573,8.636160000000002,85
816,ASOC. PROD. PAILON NO.0816,ASOCIACION,PAILON,193.67,970,27000.170000000002,28.066704781704782,96.776969,11.469905462184874,2.346474656558487,45.2,0.077320,0.7636701030927835,0.8026160364675188,5.54,0.253608,36.591669150521604,18.535801186943623,0.150515,9.91224,85
817,ASOC. PROD. PORTACHUELO NO.0817,COOPERATIVA,PORTACHUELO,65.5,506,14103.68,28.434838709677418,36.374647,11.064408817635272,1.6374519218554,17.67,0.039526,0.8108498023715416,0.8122306829629717,5.8,0.272727,36.455960451977404,18.590056022408966,0.136364,2.1958130000000002,85
818,ASOC. PROD. GENERAL SAAVEDRA NO.0818,COOPERATIVA,GENERAL SAAVEDRA,233.24,1342,36957.990000000005,27.99847727272728,116.405283,11.33650114591291,1.9688171473425173,45.2,0.063338,0.8231520119225038,0.8049923307028187,5.79,0.296572,36.544609704641346,18.53516411378556,0.165425,8.23992,85
819,ASOC. PROD. SAN PEDRO NO.0819,ASOCIACION,SAN PEDRO,196.45,279,7963.27,28.644856115107917,22.933469000000006,11.24088560885609,1.7313135534037523,16.17,0.068100,0.8203225806451612,0.82078982616312,6.0,0.301075,36.306599999999996,18.4282,0.129032,1.315,82
820,DANIELA MAMANI SORIA,INDIVIDUAL,SAN JULIAN,55.31,1308,36133.13,27.988481797056544,124.472094,11.486162790697675,2.3696324681246748,45.2,0.077217,0.7944877675840979,0.7712328571661553,5.67,0.270642,36.43717294900222,18.476787280701753,0.146024,10.559019000000001,85
822,HUGO GARCIA VACA,INDIVIDUAL,PUERTO SUAREZ,95.83,509,14247.150000000001,28.268154761904764,49.70992499999999,11.3461876247505,2.308557133086928,45.2,0.066798,0.8603143418467584,0.7844873315966541,5.46,0.322200,36.469540229885055,18.5139010989011,0.180747,7.895940000000002,85
823,DANIEL TORREZ ANTELO,INDIVIDUAL,PUERTO QUIJARRO,604.56,272,7470.63,27.875485074626866,18.626883999999997,11.21435606060606,1.773880293253199,16.32,0.069853,0.7678676470588236,0.7761409010516185,4.78,0.261029,36.561329787234044,18.3010152284264,0.147059,1.23417,81
824,ASOC. PROD. LA GUARDIA NO.0824,COOPERATIVA,LA GUARDIA,55.86,1622,44817.66,28.063656856606137,145.14248700000002,11.397440100882724,2.113120408113524,45.2,0.064735,0.8154500616522812,0.8012318636670237,6.0,0.300247,36.50142086330935,18.534866548042704,0.147349,9.412704000000002,85
825,ASOC. PROD. BUEN RETIRO NO.0825,ASOCIACION,BUEN RETIRO,129.73,991,27631.76,28.10962360122075,97.247045,11.46137895812053,2.366778513099194,45.2,0.071645,0.8057618567103937,0.7996088689043465,6.0,0.281534,36.57207468879668,18.482914862914864,0.154390,10.809072000000002,85
826,AGROP. ANTELO HNOS. S.R.L.,EMPRESA AGROPECUARIA,MONTERO,27.96,525,14613.77,27.99572796934866,47.064868,11.351526418786692,2.353805683332618,45.2,0.059048,0.7842857142857143,0.782067695307523,6.0,0.272381,36.51273684210526,18.49603878116344,0.165714,8.543004000000002,85
827,MARIA SORIA APAZA,INDIVIDUAL,COTOCA,388.27,538,14887.819999999998,27.879812734082392,43.892396999999995,11.383075471698112,1.8146527562245196,16.35,0.085502,0.8044795539033456,0.7826021441118826,5.56,0.284387,36.41052341597796,18.62680965147453,0.141264,1.27176,85
828,VALERIA CHOQUE CASTRO,INDIVIDUAL,EL TORNO,94.0,496,13808.310000000003,28.008742393509134,36.101155,11.428796680497925,1.7540279170033861,17.61,0.054435,0.7954032258064516,0.8323535080318984,5.74,0.264113,36.74841954022989,18.36008746355685,0.161290,1.576524,85
829,CINTHIA YUJRA HUANCA,INDIVIDUAL,CUATRO CANADAS,150.87,1098,30551.129999999997,28.105915363385463,104.887198,11.335214953271029,1.9932255474091418,45.2,0.062842,0.8496539162112933,0.8761333946087965,6.0,0.292350,36.45585657370517,18.50275159235669,0.155738,8.580000000000002,85
830,DAVID SORIA ANTELO,INDIVIDUAL,EL TORNO,57.84,1011,28235.51,28.179151696606784,73.937599,11.329563008130082,1.727982762459901,17.36,0.060336,0.7812759643916914,0.7579413585338729,5.73,0.282888,36.486203438395414,18.560112044817927,0.162216,1.3957119999999996,85
831,ASOC. PROD. COTOCA NO.0831,COOPERATIVA,COTOCA,37.42,1075,30050.510000000002,28.216441314553993,114.43753799999999,11.496252354048963,2.700751786349404,45.2,0.073488,0.7903348837209302,0.7300283657162477,4.74,0.288372,36.5392328398385,18.484698795180723,0.160000,8.879520000000001,85
832,DAVID MACHACA CHUQUIMIA,INDIVIDUAL,GENERAL SAAVEDRA,23.65,233,6461.429999999999,28.215851528384277,21.878749999999997,11.158407079646016,1.707913901744436,15.82,0.064378,0.8622317596566522,0.9492021138579991,6.0,0.266094,36.5116339869281,18.575192307692305,0.145923,1.572,79
833,SUSANA PEREZ HUANCA,INDIVIDUAL,EL TORNO,82.21,775,21252.559999999998,27.853944954128437,62.72529399999999,11.402401055408971,1.7332086409232812,17.09,0.063226,0.8188774193548387,0.8088011699421507,6.0,0.296774,36.54920863309353,18.453923357664234,0.157419,1.2065,85
834,ASOC. PROD. OKINAWA NO.0834,ASOCIACION,OKINAWA,47.87,980,26982.21,27.96083937823834,84.049739,11.529190871369295,2.300039001177225,45.2,0.070408,0.7478571428571429,0.7382597625615016,4.72,0.253061,36.51872126436781,18.54712187958884,0.134694,9.238320000000002,85
835,ASOC. PROD. BUEN RETIRO NO.0835,COOPERATIVA,BUEN RETIRO,30.76,1576,43811.47,28.030371081254,145.58723200000003,11.371424853610929,2.291259998894274,45.2,0.067893,0.8081598984771574,0.7969308044709129,6.0,0.281726,36.50453053783045,18.46514932126697,0.149746,9.912240000000002,85
836,ASOC. PROD. LA GUARDIA NO.0836,COOPERATIVA,LA GUARDIA,96.78,255,7301.969999999999,28.74791338582677,20.877664000000003,11.267075098814228,1.8346601644285427,16.71,0.058824,0.8186666666666667,0.7863569611450053,4.22,0.298039,36.794821428571424,18.539058823529412,0.141176,0.9205599999999999,81
837,WILBER SANDOVAL MEDINA,INDIVIDUAL,PUERTO QUIJARRO,95.63,511,14156.14,28.087579365079364,35.999871,11.288132530120484,1.71948389808121,17.14,0.050881,0.7758512720156556,0.7948444226815626,6.0,0.279843,36.50013774104683,18.520783783783784,0.148728,1.6044999999999998,85
838,HUGO FLORES QUISPE,INDIVIDUAL,MINEROS,96.69,1023,28721.95,28.325394477317555,96.592323,11.445566600397616,2.3529937376437644,45.2,0.084066,0.7612023460410556,0.7582309085492507,4.93,0.275660,36.451889985895626,18.46220338983051,0.148583,9.84984,85
839,CARMEN CRUZ SUAREZ,INDIVIDUAL,PORTACHUELO,114.0,497,13682.42,27.697206477732795,42.249101,11.296495901639343,1.7632191881690022,16.2,0.064386,0.854466800804829,0.8675369329571997,5.47,0.303823,36.51539106145251,18.43662686567164,0.158954,1.1899139999999997,85
840,NATALIA MARTINEZ APAZA,INDIVIDUAL,YAPACANI,91.02,739,20820.62,28.48238030095759,59.767267999999994,11.403342465753425,1.7187125706146913,16.99,0.067659,0.7945872801082544,0.8194356154118912,5.47,0.273342,36.59473282442748,18.450111317254176,0.139378,1.6159050000000001,85
841,JULIO YUJRA SALVATIERRA,INDIVIDUAL,PUERTO SUAREZ,58.67,988,27564.93,28.185,76.771063,11.342412008281574,2.012433445627067,45.2,0.057692,0.7817813765182186,0.7868016288869624,6.0,0.248988,36.561617647058824,18.529245562130175,0.146761,7.525440000000001,85
842,ALFREDO CATACORA MONTAÑO,INDIVIDUAL,PUERTO SUAREZ,100.1,1504,42105.26,28.33462987886945,122.45002000000001,11.328458390177353,2.124319817415295,45.2,0.056516,0.7808976063829786,0.7511524471259318,6.0,0.279920,36.490899908172636,18.4584714548803,0.148271,10.149360000000001,85
843,CESAR ROMERO MARTINEZ,INDIVIDUAL,OKINAWA,32.53,511,14294.390000000001,28.30572277227723,37.111022999999996,11.239880239520959,1.7441536588353392,15.94,0.060665,0.7900000000000001,0.794533776228945,6.0,0.275930,36.51417142857143,18.552316715542524,0.150685,1.5965,85
844,VALERIA APAZA ANTELO,INDIVIDUAL,MINEROS,130.37,472,13128.35,28.052029914529914,40.189654,11.336301075268818,1.816649790378555,16.71,0.069915,0.818156779661017,0.8568877874326244,6.0,0.305085,36.49887878787879,18.42804664723032,0.148305,1.589,85
845,ASOC. PROD. PUERTO QUIJARRO NO.0845,ASOCIACION,PUERTO QUIJARRO,110.44,517,14239.87,27.866673189823878,37.089574,11.175546875,1.7292259542724726,16.46,0.054159,0.7874468085106383,0.7502421182670107,4.22,0.276596,36.467453580901854,18.555614525139664,0.150870,0.850194,85
846,VICTOR FLORES TICONA,COMUNIDAD,MINEROS,77.81,1005,27770.050000000003,27.994002016129034,74.176007,11.304247967479675,1.8082500669640216,17.61,0.066667,0.7820199004975124,0.7496680537668894,6.0,0.264677,36.4730242510699,18.603909985935303,0.153234,1.3784279999999998,85
847,FELIX CHUQUIMIA RODRIGUEZ,INDIVIDUAL,YAPACANI,129.19,1277,35657.8,28.099133175728923,98.94952,11.326639935846028,1.7337102008289775,16.08,0.065779,0.824886452623336,0.7888943636724711,6.0,0.293657,36.46714922048997,18.377657952069715,0.137823,1.3370000000000002,85
848,ASOC. PROD. PAILON NO.0848,COOPERATIVA,PAILON,46.61,523,14409.109999999999,27.81681467181467,39.64732500000001,11.413169291338583,1.7652845608432088,16.3,0.074570,0.7792734225621415,0.7625797162030453,5.35,0.288719,36.59284122562675,18.441408839779008,0.156788,1.682145,85
849,ALFREDO PINTO MEDINA,INDIVIDUAL,CUATRO CANADAS,178.74,565,15780.18,28.12866310160428,40.745616999999996,11.155350089766609,1.6567252612444396,15.49,0.042478,0.8160530973451326,0.8162299799409458,6.0,0.281416,36.52042328042328,18.499405684754525,0.161062,1.2272900000000002,85
850,DANIELA CONDORI APAZA,INDIVIDUAL,PAILON,92.25,770,21729.56,28.591526315789476,59.225808,11.324272486772486,1.7182588213968983,16.25,0.057143,0.8445194805194804,0.7974591250885441,4.37,0.307792,36.423140794223826,18.57421150278293,0.145455,1.0149920000000001,85
851,ASOC. PROD. GENERAL SAAVEDRA NO.0851,COOPERATIVA,GENERAL SAAVEDRA,84.05,790,21742.770000000004,27.94700514138818,67.168671,11.41025806451613,1.768388201878044,16.33,0.070886,0.8219873417721519,0.8554532295669052,6.0,0.284810,36.54822695035461,18.401295238095237,0.129114,1.4834080000000003,85
852,FERNANDO GUTIERREZ GUTIERREZ,INDIVIDUAL,COTOCA,186.29,785,21848.94,28.1196138996139,70.57931599999999,11.34076424870466,2.1486605634028937,45.2,0.058599,0.8152866242038217,0.7823598528972787,4.55,0.289172,36.28566071428572,18.499610894941632,0.147771,9.572160000000002,85
853,IVAN MERCADO VARGAS,INDIVIDUAL,LA GUARDIA,166.55,1080,30014.910000000003,28.103848314606743,101.98432299999999,11.397587181903862,2.0276489832394065,45.2,0.062037,0.8482037037037037,0.8405892473977793,6.0,0.303704,36.4378196500673,18.368175853018375,0.138889,9.21648,85
854,ASOC. PROD. MINEROS NO.0854,ASOCIACION,MINEROS,98.4,1010,28351.02,28.49348743718593,85.494569,11.384689725330622,2.07998856342965,45.2,0.072277,0.7594653465346535,0.7540489394327083,5.59,0.259406,36.57972862957937,18.629501347708896,0.139604,10.601760000000002,85
855,WILBER VARGAS NAVIA,INDIVIDUAL,LA GUARDIA,354.62,1860,51844.96000000001,28.130743353228436,155.97808199999997,11.367380033094319,2.0767296649010705,45.2,0.067204,0.7921989247311829,0.7703647956972223,6.0,0.284946,36.60914110429448,18.45288199697428,0.148925,7.91856,85
856,CINTHIA NAVIA CHOQUE,INDIVIDUAL,OKINAWA,41.46,752,20877.699999999997,28.213108108108106,80.18250899999998,11.454877384196184,2.8007082857243915,45.2,0.077128,0.7679122340425533,0.7604913106440965,5.55,0.271277,36.37119460500963,18.54488235294118,0.150266,9.394320000000002,85
857,ASOC. PROD. MINEROS NO.0857,COOPERATIVA,MINEROS,136.83,770,21363.460000000003,28.03603674540683,84.298407,11.306675567423232,2.4875631887179854,45.2,0.074026,0.8326233766233766,0.8300388547309673,6.0,0.298701,36.53204119850187,18.513388888888887,0.146753,9.387800000000002,85
858,ASOC. PROD. CHARAGUA NO.0858,ASOCIACION,CHARAGUA,174.06,532,14941.970000000001,28.299185606060608,26.335373,11.418954372623572,1.7000388370381485,15.37,0.063910,0.677687969924812,0.6619998466710406,4.01,0.203008,36.628042895442356,18.480767045454545,0.152256,0.866042,85
859,ASOC. PROD. OKINAWA NO.0859,COOPERATIVA,OKINAWA,164.55,1057,29232.250000000004,27.89336832061069,105.77595300000002,11.450376084860174,2.513006043724957,45.2,0.054872,0.790491958372753,0.8003647039087385,6.0,0.289499,36.49276455026455,18.441398416886543,0.165563,9.834240000000001,85
860,RENE VILLCA SUAREZ,COMUNIDAD,CHARAGUA,270.4,565,15519.84,27.91338129496403,58.39415600000001,11.465750452079565,2.2415460800343574,45.2,0.063717,0.8506017699115046,0.8953609710259757,6.0,0.300885,36.59909999999999,18.62861460957179,0.180531,7.3160190000000025,85
861,ROSA CONDORI MONTAÑO,INDIVIDUAL,COTOCA,324.39,1570,43483.84,28.0360025789813,136.579283,11.378478543563068,1.9769802159101586,45.2,0.071338,0.8141847133757961,0.811492344783686,5.58,0.292994,36.47094982078853,18.578498201438848,0.152229,8.917968000000002,85
862,RICHARD CUELLAR AGUILAR,INDIVIDUAL,BUEN RETIRO,235.23,1851,51384.9,28.06384489350082,142.16592599999998,11.261556655665567,1.7223152389803704,17.5,0.051324,0.7942517558076716,0.8128920139320369,6.0,0.276607,36.48810999225407,18.46481623277182,0.148568,4.087145,85
863,AGROP. YUJRA HNOS. S.R.L.,EMPRESA AGROPECUARIA,LA GUARDIA,116.96,1247,34709.04,28.03638126009693,91.27032,11.34577522559475,1.7809244528452264,16.43,0.075381,0.7902646351242983,0.7663385736910369,5.44,0.280674,36.47883506343714,18.427741935483873,0.147554,1.2613640000000004,85
864,ROBERTO RODRIGUEZ MEDINA,INDIVIDUAL,WARNES,507.21,811,22310.03,27.887537499999997,60.198848,11.387774968394437,1.68971688286334,16.44,0.054254,0.8087792848335389,0.7848540726926272,5.98,0.286067,36.29717013888889,18.48981132075472,0.123305,1.220598,85
865,ASOC. PROD. SAN PEDRO NO.0865,ASOCIACION,SAN PEDRO,42.73,1039,28877.789999999997,28.009495635305527,83.10651999999999,11.315309126594702,1.7211695827085622,16.63,0.065448,0.8039749759384024,0.807112698955001,5.34,0.269490,36.53655601659751,18.494964639321076,0.157844,1.8874800000000003,85
866,AGROP. LOPEZ HNOS. S.R.L.,EMPRESA AGROPECUARIA,OKINAWA,85.09,1015,28212.370000000003,28.044105367793243,95.884968,11.452578046324268,2.011107462571183,45.2,0.079803,0.8370738916256156,0.8301596822810291,6.0,0.295567,36.46268465909091,18.52527977044476,0.146798,8.71728,85
867,CESAR PEDRAZA SANCHEZ,INDIVIDUAL,BUEN RETIRO,86.91,1498,41772.53,28.167585974376262,118.440607,11.404948805460752,1.7832536537713242,18.18,0.072764,0.8149065420560746,0.7944360779663404,6.0,0.297730,36.423183556405355,18.44531434184676,0.144860,1.7205,85
868,ASOC. PROD. PUERTO SUAREZ NO.0868,ASOCIACION,PUERTO SUAREZ,280.35,507,14134.68,28.156733067729085,54.347308,11.525181451612903,2.3889759370104335,45.2,0.086785,0.8253648915187376,0.7855264435195775,5.65,0.295858,36.39705234159779,18.595674157303375,0.165680,8.716872000000004,85
869,AGROP. GUTIERREZ HNOS. S.R.L.,EMPRESA AGROPECUARIA,YAPACANI,279.74,1506,42360.380000000005,28.315762032085566,117.572472,11.308180583842496,1.9103436130928795,45.2,0.053785,0.7742563081009296,0.7768590037266383,5.15,0.266932,36.47369627507163,18.48346543778802,0.151394,8.530080000000002,85
870,ROBERTO FLORES VILLCA,INDIVIDUAL,LA GUARDIA,260.78,1059,29579.45,28.278632887189293,103.11778899999999,11.376032818532817,2.5103657556103833,45.2,0.062323,0.7910292728989613,0.7961802584014409,6.0,0.283286,36.64595833333334,18.56046296296296,0.159585,9.491040000000002,85
871,ASOC. PROD. MINEROS NO.0871,ASOCIACION,MINEROS,108.75,1511,41914.26,27.94284,126.16837199999998,11.35947261663286,2.005665991159214,45.2,0.076109,0.7953275976174718,0.7884805627957746,6.0,0.278623,36.47114800759013,18.501309963099633,0.152879,9.241407000000002,85
872,ASOC. PROD. GENERAL SAAVEDRA NO.0872,COOPERATIVA,GENERAL SAAVEDRA,240.53,799,22170.249999999996,27.992739898989896,65.12853100000001,11.36111251580278,1.8110862608628573,16.52,0.077597,0.7932916145181477,0.7829097476719592,4.45,0.274093,36.5508014571949,18.5938353765324,0.143930,1.011195,85
873,RODRIGO COPA MACHACA,INDIVIDUAL,SAN PEDRO,237.49,749,20678.62,27.906369770580294,58.88714900000001,11.318616438356164,1.8196124425701266,16.08,0.073431,0.8040587449933244,0.7925532939917287,5.79,0.291055,36.51260952380952,18.53637571157495,0.180240,1.531842,85
874,ASOC. PROD. ROBORE NO.0874,ASOCIACION,ROBORE,294.68,1593,44586.380000000005,28.25499366286439,135.995322,11.392450288646566,1.950228425430988,45.2,0.067797,0.8174199623352166,0.7946527859887278,6.0,0.287508,36.45746389891697,18.517473958333333,0.142498,11.459760000000003,85
875,ASOC. PROD. YAPACANI NO.0875,ASOCIACION,YAPACANI,769.43,991,27446.710000000003,28.092845445240535,94.163412,11.438378099173553,2.0822585268185425,45.2,0.078708,0.8014127144298687,0.801443030735777,6.0,0.287588,36.528632986627045,18.508476052249637,0.142281,9.144720000000003,85
876,ASOC. PROD. OKINAWA NO.0876,COOPERATIVA,OKINAWA,30.93,1787,50137.94,28.326519774011302,167.249974,11.393171705647461,2.248447024348014,45.2,0.068271,0.8033407946278679,0.78721259547096,6.0,0.283156,36.52631537861046,18.43784251968504,0.152210,9.675120000000001,85
877,MIGUEL CONDORI COLQUE,INDIVIDUAL,MINEROS,18.87,225,6384.94,28.377511111111108,21.901680000000002,11.518868778280543,1.735105206653805,15.72,0.084444,0.7556888888888887,0.8427980561748252,6.0,0.275556,36.57167630057804,18.43385135135135,0.151111,5.839092,79
878,ASOC. PROD. SANTA ROSA NO.0878,ASOCIACION,SANTA ROSA,65.61,272,7531.16,27.996877323420073,24.712995000000003,11.371984732824428,1.7559972420087289,17.34,0.058824,0.8541911764705882,0.9024460856397095,6.0,0.297794,36.55274111675127,18.546666666666667,0.132353,1.6255,84
879,CARMEN MAMANI SORIA,INDIVIDUAL,GENERAL SAAVEDRA,143.81,294,8036.58,27.617113402061854,22.772097000000002,11.442431506849314,1.7754805492766161,17.26,0.064626,0.8247959183673469,0.8379679177904618,5.45,0.265306,36.51810945273632,18.4134,0.129252,1.367278,81
880,ASOC. PROD. EL TORNO NO.0880,COOPERATIVA,EL TORNO,172.55,1296,36095.46,28.111728971962616,88.393488,11.322843676355067,1.7703812495569107,17.29,0.070216,0.7642206790123457,0.7301283606858728,4.82,0.264660,36.50389269406393,18.514188596491227,0.157407,1.0376659999999998,85
881,ASOC. PROD. SAN JULIAN NO.0881,COOPERATIVA,SAN JULIAN,195.11,758,20925.91,28.05081769436997,56.235982,11.352640750670242,1.7396191428131274,16.5,0.065963,0.7926253298153035,0.774577121252871,5.31,0.267810,36.61055555555556,18.488518518518518,0.149077,1.432644,85
882,ASOC. PROD. GENERAL SAAVEDRA NO.0882,ASOCIACION,GENERAL SAAVEDRA,74.52,791,22129.29,28.262183908045976,68.73523500000002,11.287278562259306,2.126498331753675,45.2,0.054362,0.796321112515803,0.7934891658049904,6.0,0.281922,36.60253283302063,18.4560777385159,0.176991,8.034020000000002,85
883,AGROP. MORALES HNOS. S.R.L.,EMPRESA AGROPECUARIA,EL TORNO,98.03,1277,36005.670000000006,28.373262411347522,131.573932,11.506910246227164,2.363083035258071,45.2,0.073610,0.8205716523101018,0.8124002146074379,6.0,0.286609,36.47890929965557,18.527408256880733,0.148786,9.716736000000003,85
884,RICHARD PEDRAZA SANCHEZ,INDIVIDUAL,GENERAL SAAVEDRA,36.08,773,21514.949999999997,27.941493506493504,61.628541,11.276102362204723,1.735778528846167,16.24,0.059508,0.8200776196636482,0.8354854901972133,6.0,0.293661,36.45556818181818,18.364412296564197,0.169470,1.54524,85
885,VICTOR CHUQUIMIA SORIA,INDIVIDUAL,COTOCA,125.04,277,7715.68,28.057018181818183,30.694431,11.58851851851852,2.7084638147324926,45.2,0.072202,0.7995306859205775,0.7648255436892786,4.42,0.241877,36.58634146341464,18.584729064039404,0.169675,10.027680000000002,81
886,VIVIANA CONDORI MARTINEZ,INDIVIDUAL,WARNES,111.91,533,14715.67,28.02984761904762,44.470487,11.288236434108526,1.7479586402624172,16.23,0.060038,0.8622889305816135,0.8357611085997687,5.27,0.330206,36.63925333333333,18.372441558441558,0.131332,1.1192299999999997,85
887,ASOC. PROD. COTOCA NO.0887,ASOCIACION,COTOCA,65.14,542,15300.939999999999,28.38764378478664,43.18137600000001,11.310744878957168,1.7139132702244848,16.38,0.049815,0.8494649446494464,0.8161047022842582,6.0,0.304428,36.61957671957672,18.504772117962467,0.156827,1.4285,85
888,WILBER CHOQUE CASTRO,INDIVIDUAL,WARNES,160.71,791,22376.019999999997,28.504484076433116,82.387705,11.4061319534282,2.5016357691370423,45.2,0.073325,0.8235145385587862,0.7814313624084023,5.13,0.305942,36.477016274864376,18.47708561020037,0.150442,8.42712,85
889,AGROP. SANDOVAL HNOS. S.R.L.,EMPRESA AGROPECUARIA,PORTACHUELO,118.28,1079,30394.17,28.299972067039104,101.23697700000001,11.401935176358437,2.2668687359489685,45.2,0.070436,0.8066450417052826,0.7822959021533663,5.66,0.290083,36.49883940620783,18.566413333333337,0.138091,9.556560000000001,85
890,AGROP. RODRIGUEZ HNOS. S.R.L.,EMPRESA AGROPECUARIA,SAN PEDRO,53.44,1025,28496.42,28.102978303747534,78.611783,11.35097512437811,2.0311848749910846,45.2,0.060488,0.7801658536585366,0.7492969828842573,5.84,0.265366,36.52105797101449,18.487708628005656,0.160976,8.551920000000003,85
891,DIEGO FLORES CHAMBI,COMUNIDAD,MONTERO,22.83,1593,44242.43,28.072607868020306,132.778312,11.354885057471263,1.74344349676049,17.16,0.068424,0.8304519774011299,0.8103377586076661,6.0,0.291902,36.61385585585585,18.54844545454545,0.158192,1.6977520000000001,85
892,DAVID CATACORA LIMA,INDIVIDUAL,PUERTO SUAREZ,63.3,476,13156.61,27.933354564755838,41.056463,11.306581196581197,2.334369280036286,45.2,0.048319,0.7956512605042018,0.7423103310600007,5.88,0.294118,36.52648809523809,18.437083333333334,0.157563,8.24086,85
893,SUSANA CATACORA QUISPE,INDIVIDUAL,GENERAL SAAVEDRA,65.06,512,14193.380000000001,28.0501581027668,34.154726,11.17936127744511,1.7235774398667305,16.74,0.046875,0.7622265625,0.7228894804983443,3.9,0.285156,36.33972222222222,18.488005698005697,0.144531,1.0283039999999997,84
894,MARCELO QUISPE LIMA,INDIVIDUAL,LA GUARDIA,470.87,506,14152.56,28.08047619047619,38.082958,11.382951807228915,1.7235026807726619,16.7,0.063241,0.7803162055335968,0.7519792358191797,4.28,0.282609,36.62501400560224,18.490393258426963,0.148221,1.0899899999999998,85
896,JUAN COPA HUANCA,INDIVIDUAL,GENERAL SAAVEDRA,108.17,1012,28263.569999999996,28.150966135458162,78.426383,11.378132530120483,1.7537810199210095,16.49,0.070158,0.8061758893280633,0.7628811419140796,6.0,0.294466,36.4502743484225,18.49869014084507,0.165020,1.848131,85
897,SANDRA VILLCA VARGAS,INDIVIDUAL,EL TORNO,54.39,1557,43129.530000000006,28.060852309694212,130.594033,11.415384114583333,2.124570632747368,45.2,0.071291,0.8078741168914578,0.7731736350939816,5.81,0.291586,36.44071883530483,18.56878760255242,0.165703,8.346000000000002,85
898,ASOC. PROD. COTOCA NO.0898,ASOCIACION,COTOCA,34.3,796,21924.38,27.893613231552163,73.128673,11.357912932138285,2.170756838972971,45.2,0.076633,0.7935427135678393,0.7819779867478123,6.0,0.278894,36.544458041958045,18.48956672443674,0.143216,10.773360000000002,85
899,FELIX MONTAÑO MACHACA,INDIVIDUAL,WARNES,92.49,1034,29197.730000000003,28.56920743639922,94.318982,11.445756676557863,2.0625485283561664,45.2,0.075435,0.8146518375241779,0.7653333048000179,4.97,0.296905,36.416828571428574,18.546093535075656,0.148936,9.434880000000001,85
900,ASOC. PROD. CHARAGUA NO.0900,COOPERATIVA,CHARAGUA,72.58,1052,29288.61,28.13507204610951,87.849535,11.390193986420952,1.7551154530670818,17.56,0.073194,0.8236311787072244,0.7893089926737442,4.37,0.298479,36.515281207133064,18.40739782016349,0.169202,1.1830000000000003,85
901,AGROP. RODRIGUEZ HNOS. S.R.L.,EMPRESA AGROPECUARIA,SAN PEDRO,178.54,743,20865.3,28.34959239130435,60.193659999999994,11.464506849315068,1.745781697269429,17.84,0.064603,0.799528936742934,0.793243992205187,5.14,0.278600,36.56333333333333,18.52735124760077,0.148048,1.3627879999999999,85
902,ASOC. PROD. EL TORNO NO.0902,ASOCIACION,EL TORNO,100.29,1318,36654.57,28.130905602455872,108.32927699999999,11.36649492583919,2.1457831033755514,45.2,0.056904,0.7651669195751138,0.7620233991178409,5.69,0.259484,36.41989955357143,18.5465144766147,0.149469,9.0792,85
903,AGROP. ALVARADO HNOS. S.R.L.,EMPRESA AGROPECUARIA,MONTERO,68.31,524,14718.869999999999,28.251190019193857,37.596841999999995,11.29958904109589,1.681364416588453,16.72,0.051527,0.7960496183206106,0.808023013688317,5.58,0.286260,36.27943977591036,18.556498673740055,0.158397,1.170407,85
904,ASOC. PROD. PUERTO SUAREZ NO.0904,ASOCIACION,PUERTO SUAREZ,58.34,727,20483.66,28.29234806629834,64.317386,11.37904761904762,2.1618559089544487,45.2,0.059147,0.7923796423658871,0.7696134975186945,5.23,0.287483,36.52522157996147,18.52992015968064,0.166437,8.246160000000001,85
905,CAMILA VILLCA MORALES,INDIVIDUAL,MONTERO,187.34,1465,40525.659999999996,27.948731034482755,126.55870900000002,11.454645340751043,2.301020887638158,45.2,0.060751,0.7701160409556315,0.7387318739619038,5.91,0.273038,36.48951783992286,18.462193927522033,0.156314,9.584640000000002,85
906,AGROP. CONDORI HNOS. S.R.L.,EMPRESA AGROPECUARIA,PORTACHUELO,83.2,990,27849.73,28.389123343527014,75.40269099999999,11.29683505154639,1.756540771971967,16.75,0.073737,0.7879090909090909,0.8039061436410372,6.0,0.278788,36.61385507246377,18.513065693430658,0.140404,1.500493,85
907,ASOC. PROD. SAN PEDRO NO.0907,ASOCIACION,SAN PEDRO,90.97,1202,33771.66,28.30818105616094,104.43997700000003,11.34658495350803,1.9913441292146992,45.2,0.064060,0.8115723793677204,0.8075616449084386,5.36,0.282030,36.492371257485026,18.513636363636365,0.155574,9.600240000000003,85
908,ASOC. PROD. CHARAGUA NO.0908,ASOCIACION,CHARAGUA,60.92,1275,35461.67,28.16653693407466,123.155299,11.443389967637541,2.408497994162143,45.2,0.068235,0.8054745098039215,0.7968886651718735,6.0,0.281569,36.449965870307174,18.44743837084673,0.149804,8.063044000000001,85
909,FREDDY CHUQUIMIA PEDRAZA,INDIVIDUAL,ROBORE,47.79,491,13578.51,27.824815573770493,51.100496,11.34657676348548,2.317128147445327,45.2,0.063136,0.8469042769857433,0.8400015725216311,4.76,0.307536,36.48158823529412,18.559703264094956,0.158859,10.055760000000003,84
910,ASOC. PROD. CUATRO CANADAS NO.0910,ASOCIACION,CUATRO CANADAS,60.25,1016,28391.04,28.39104,106.46496200000003,11.37379137412237,2.543476076319374,45.2,0.062008,0.8087106299212599,0.7882063012468989,6.0,0.285433,36.531628895184134,18.553531073446326,0.163386,10.611539000000002,85
911,ASOC. PROD. PUERTO SUAREZ NO.0911,COOPERATIVA,PUERTO SUAREZ,39.0,1333,37452.219999999994,28.372893939393936,98.67422200000001,11.426027713625867,1.9835594111591532,45.2,0.069767,0.7558889722430607,0.7276877648820804,5.82,0.264816,36.57061956521739,18.530859872611465,0.139535,9.837360000000002,85
912,ASOC. PROD. LA GUARDIA NO.0912,ASOCIACION,LA GUARDIA,74.19,1260,34812.18,27.872041633306644,95.154673,11.351034761519806,1.9494991630300185,45.2,0.057937,0.774952380952381,0.7751453255545289,5.9,0.267460,36.5299667405765,18.555494880546075,0.144444,8.214960000000001,85
913,VICTOR CONDORI VARGAS,INDIVIDUAL,PUERTO SUAREZ,75.1,766,21535.0,28.298291721419186,59.444095,11.314645247657298,1.634142165770742,17.14,0.048303,0.8187597911227154,0.7619312594880555,4.68,0.305483,36.49506542056075,18.40767485822306,0.168407,1.9301540000000001,85
914,AGROP. COPA HNOS. S.R.L.,EMPRESA AGROPECUARIA,MINEROS,93.66,1537,42548.39000000001,27.882300131061605,128.395081,11.383603723404255,2.1307500995126016,45.2,0.062459,0.7718867924528302,0.7829285835012076,6.0,0.267404,36.504069548872174,18.50482191780822,0.140534,10.050885000000001,85
915,ASOC. PROD. MINEROS NO.0915,COOPERATIVA,MINEROS,44.07,546,15166.39,27.982269372693725,38.224512,11.336852886405959,1.5730811465451269,15.46,0.040293,0.786978021978022,0.8255183678531138,5.85,0.272894,36.61692708333333,18.363091397849463,0.153846,1.4739149999999999,85
916,LORENA HUANCA CRUZ,COMUNIDAD,GENERAL SAAVEDRA,16.13,268,7520.409999999999,28.272218045112776,27.049257,11.370981132075473,1.7091870131307325,16.72,0.052239,0.8677611940298506,0.9297852370052324,5.82,0.305970,36.34601063829788,18.508704663212438,0.182836,1.2417600000000004,81
917,ASOC. PROD. PUERTO SUAREZ NO.0917,COOPERATIVA,PUERTO SUAREZ,126.28,247,6692.24,27.884333333333334,14.644251,11.153858921161827,1.802736243421963,16.32,0.052632,0.7544939271255061,0.744478624079253,6.0,0.251012,36.51964912280702,18.355058139534883,0.145749,1.3724999999999998,79
918,ASOC. PROD. OKINAWA NO.0918,ASOCIACION,OKINAWA,119.44,1779,49586.54,28.078448471121177,151.29067799999999,11.405816618911176,1.9296813477791448,45.2,0.072513,0.8113378302417088,0.803858249611883,5.58,0.288926,36.48852118305356,18.53635930047695,0.161889,9.431760000000002,85
920,ASOC. PROD. LA GUARDIA NO.0920,ASOCIACION,LA GUARDIA,159.09,999,27364.76,28.008966223132035,97.71738400000001,11.448705402650356,2.566676612374771,45.2,0.065065,0.7768668668668668,0.741722993638378,5.25,0.273273,36.43797619047619,18.58789548022599,0.142142,8.596800000000002,85
921,DANIEL CALLISAYA NAVIA,INDIVIDUAL,CHARAGUA,52.22,275,7654.51,28.03849816849817,28.877646,11.445298507462686,2.694374133353535,45.2,0.054545,0.8035636363636365,0.7875915139419951,5.36,0.305455,36.407313432835814,18.540212765957445,0.127273,7.90608,83
922,RONALD RIVERO CHAMBI,INDIVIDUAL,PORTACHUELO,77.11,784,21947.38,28.24630630630631,73.55701199999999,11.445449804432855,2.4699590962399656,45.2,0.067602,0.7703954081632653,0.7609845889386538,5.62,0.283163,36.558861480075905,18.404903339191563,0.150510,8.60496,85
923,CARLOS CUELLAR PINTO,INDIVIDUAL,SAN JULIAN,102.02,512,14225.27,28.224742063492066,48.127931,11.512749003984062,2.3574565975919826,45.2,0.089844,0.76263671875,0.7485167857380874,5.87,0.279297,36.42617728531856,18.51973607038123,0.171875,9.435076,84
924,ALBERTO LIMA PEREZ,COMUNIDAD,MINEROS,84.47,775,21329.2,27.84490861618799,68.944359,11.404079470198676,2.1258446395119983,45.2,0.067097,0.8066322580645161,0.8077826464263971,5.87,0.265806,36.46538022813689,18.469841549295772,0.147097,10.588578000000002,85
925,ASOC. PROD. EL TORNO NO.0925,ASOCIACION,EL TORNO,75.14,1018,28170.469999999994,27.974647467725912,72.33208299999998,11.35917082917083,1.7441708665690419,17.17,0.073674,0.7971218074656189,0.7456555699535986,5.1,0.294695,36.439757834757835,18.58891461649783,0.162083,1.07046,85
926,AGROP. GARCIA HNOS. S.R.L.,EMPRESA AGROPECUARIA,PAILON,255.12,268,7482.42,28.1293984962406,14.895171999999999,11.273065134099618,1.6504667730124625,14.98,0.048507,0.74705223880597,0.7063106956283574,4.86,0.272388,36.50583783783784,18.379005524861874,0.164179,0.8820099999999998,80
927,ASOC. PROD. MINEROS NO.0927,COOPERATIVA,MINEROS,392.25,493,13783.99,28.188118609406953,58.304585,11.354235537190082,2.730018018107208,45.2,0.044625,0.8867139959432048,0.863621695109071,6.0,0.322515,36.481915492957754,18.567214484679667,0.144016,8.324160000000001,85
928,IVAN HUANCA MARTINEZ,INDIVIDUAL,MINEROS,168.54,1031,28941.64,28.2633203125,85.48731,11.423870646766169,2.0152855726736045,45.2,0.069835,0.7917167798254122,0.7635548322447953,6.0,0.283220,36.46326502732241,18.38099150141643,0.162949,10.183680000000003,85
929,AGROP. YUJRA HNOS. S.R.L.,EMPRESA AGROPECUARIA,PAILON,50.19,1321,36767.2,28.06656488549618,130.383675,11.455660964230173,2.407887458779616,45.2,0.078728,0.7995382286146859,0.7899190686965951,6.0,0.271764,36.49336980306346,18.362539325842693,0.148372,10.289760000000001,85
930,PATRICIA MONTAÑO RODRIGUEZ,INDIVIDUAL,MONTERO,104.7,252,6877.759999999999,27.62152610441767,16.860051,11.368079999999999,1.8038778825799215,16.24,0.095238,0.7180555555555556,0.6908397431287118,3.78,0.242063,36.58194444444444,18.587853107344635,0.150794,1.0171080000000003,79
931,ASOC. PROD. EL TORNO NO.0931,ASOCIACION,EL TORNO,23.43,756,21095.88,28.240803212851407,58.399034,11.289986504723347,1.698118632990511,17.27,0.059524,0.8099338624338626,0.7954595462119766,4.76,0.276455,36.49474285714286,18.491109057301294,0.144180,1.131008,85
932,MARCELO MERCADO CRUZ,INDIVIDUAL,MONTERO,275.16,768,21721.02,28.505275590551182,76.173761,11.439257294429709,2.1012447408467456,45.2,0.065104,0.8640104166666668,0.8335540282512627,6.0,0.307292,36.51709023941068,18.577196261682246,0.152344,9.750000000000002,85
933,ASOC. PROD. SANTA ROSA NO.0933,ASOCIACION,SANTA ROSA,155.71,490,13575.31,27.990329896907216,37.531093,11.396430062630479,1.6902172345633228,16.93,0.061224,0.8370816326530611,0.8086476968476202,4.8,0.304082,36.31215743440233,18.416656804733726,0.140816,0.9629280000000001,85
934,ALEJANDRA HUANCA MEDINA,INDIVIDUAL,SAN PEDRO,101.77,246,6875.94,28.065061224489796,28.621492,11.372845188284519,2.805031542589889,45.2,0.065041,0.8627235772357723,0.7566749907628285,3.51,0.337398,36.80103658536585,18.275260115606937,0.138211,8.494182,80
935,MARCELO CRUZ VILLCA,INDIVIDUAL,SAN PEDRO,160.65,991,27813.08,28.12242669362993,87.961657,11.430246659815007,2.0958880330101683,45.2,0.079717,0.8018264379414732,0.815283797739097,6.0,0.267407,36.449696969696966,18.58488571428571,0.135217,8.35224,85
936,ASOC. PROD. PORTACHUELO NO.0936,COOPERATIVA,PORTACHUELO,130.52,538,14923.880000000001,27.999774859287058,37.102844,11.409168241965975,1.7630034387516347,16.58,0.068773,0.7558364312267658,0.7087919189498553,4.68,0.271375,36.51896907216495,18.539308357348702,0.159851,1.1068049999999998,85
937,ASOC. PROD. PUERTO QUIJARRO NO.0937,COOPERATIVA,PUERTO QUIJARRO,50.84,565,15561.03,27.83726296958855,60.15785800000001,11.461046931407942,2.2324898290592783,45.2,0.074336,0.8371327433628319,0.8875809373185183,5.75,0.279646,36.556649746192896,18.599537712895376,0.180531,9.371768000000003,85
938,DANIEL APAZA SANCHEZ,INDIVIDUAL,PORTACHUELO,28.82,259,7262.97,28.26058365758755,19.532289,11.286746031746032,1.7690546372978826,16.7,0.069498,0.7958687258687258,0.7440911409976341,3.47,0.289575,36.3143956043956,18.425898876404496,0.166023,0.8168489999999999,83
939,CLAUDIA CHAMBI PEREZ,INDIVIDUAL,MONTERO,122.49,499,13798.11,27.818770161290324,38.801465,11.418167006109979,2.2697332174012246,45.2,0.062124,0.723807615230461,0.6811992813455892,3.79,0.264529,36.69812324929973,18.531977715877435,0.124248,9.069840000000001,85
940,ASOC. PROD. PORTACHUELO NO.0940,COOPERATIVA,PORTACHUELO,14.07,811,22423.239999999998,27.924333748443335,65.63384599999999,11.369725685785538,1.813462741737196,18.03,0.085080,0.7998397040690505,0.7922423864985076,5.94,0.287300,36.497230215827344,18.39111524163569,0.140567,1.61291,85
941,ASOC. PROD. CUATRO CANADAS NO.0941,COOPERATIVA,CUATRO CANADAS,110.73,559,15767.87,28.410576576576577,51.743865,11.412057761732852,2.2859270910804064,45.2,0.066190,0.8321645796064401,0.7579422728638661,3.73,0.307692,36.538418367346935,18.481086419753087,0.139535,8.757876,85
942,JESSICA COPA NAVIA,INDIVIDUAL,PORTACHUELO,92.9,496,13826.53,28.159938900203667,31.688159000000002,11.399337474120083,1.7511153458123947,16.09,0.066532,0.7441129032258064,0.7431644184725716,5.65,0.241935,36.45372434017595,18.487422969187676,0.145161,1.2369000000000003,85
943,ASOC. PROD. SAN JULIAN NO.0943,ASOCIACION,SAN JULIAN,38.86,481,13343.3,27.973375262054507,34.848255,11.281549893842886,1.7398128834198907,17.17,0.047817,0.7783991683991685,0.7484415298912626,4.55,0.257796,36.510625,18.51637168141593,0.164241,1.04796,85
944,ASOC. PROD. MONTERO NO.0944,COOPERATIVA,MONTERO,182.93,760,21157.74,28.13529255319149,68.178202,11.38598657718121,2.1159219437074093,45.2,0.064474,0.8159078947368421,0.8179137102135198,6.0,0.284211,36.41128205128205,18.44431067961165,0.155263,9.965280000000002,85
945,CAMILA PEREZ MARCA,INDIVIDUAL,SAN JULIAN,147.31,518,14345.349999999999,27.963645224171536,35.93029,11.378165680473373,1.6095419487384168,15.85,0.042471,0.805888030888031,0.7706629333747276,4.84,0.281853,36.5095251396648,18.456567567567568,0.158301,1.152,85
946,LAURA RIVERO APAZA,INDIVIDUAL,PUERTO SUAREZ,77.5,1340,37103.869999999995,28.15164643399089,134.225727,11.508212121212122,2.361629810232922,45.2,0.073134,0.8163955223880597,0.8174148627130947,6.0,0.285075,36.49148148148148,18.59420560747663,0.162687,8.826480000000002,85
947,CARMEN SANCHEZ COPA,INDIVIDUAL,ROBORE,117.28,791,21685.28,27.766043533930855,75.62025299999999,11.438670143415905,2.4028140170333785,45.2,0.051833,0.8083565107458912,0.7950233365446543,5.58,0.283186,36.482563636363636,18.527673611111112,0.151707,9.074328000000001,85
948,AGROP. CUELLAR HNOS. S.R.L.,EMPRESA AGROPECUARIA,EL TORNO,68.01,265,7354.400000000001,28.07022900763359,22.011231000000002,11.306412213740458,1.776275568306586,16.15,0.075472,0.8187924528301888,0.8496470158000767,5.1,0.260377,36.47727272727273,18.72869565217391,0.128302,1.2308199999999998,83
949,FREDDY SANCHEZ GUTIERREZ,INDIVIDUAL,PUERTO SUAREZ,110.7,1045,29210.34,28.086865384615386,95.77219199999999,11.489389162561576,2.3330936241932694,45.2,0.080383,0.7878086124401914,0.7520415901890205,6.0,0.281340,36.56041193181819,18.457469879518072,0.134928,9.46608,85
950,AGROP. LIMA HNOS. S.R.L.,EMPRESA AGROPECUARIA,CUATRO CANADAS,53.63,808,22518.09,28.112471910112358,66.44218,11.374002525252525,1.7197692683254957,16.71,0.065594,0.8410643564356435,0.819138245654396,5.78,0.306931,36.40455357142858,18.464043321299638,0.146040,1.2346080000000001,85
951,AGROP. VARGAS HNOS. S.R.L.,EMPRESA AGROPECUARIA,WARNES,58.35,1038,28818.809999999998,27.952289039767216,113.082489,11.453326810176126,2.7144305645494744,45.2,0.067437,0.7978034682080924,0.8009489260666521,6.0,0.283237,36.5274,18.466105960264905,0.156069,9.469200000000003,85
952,FELIX PUMA CRUZ,INDIVIDUAL,PAILON,103.1,260,7274.169999999999,28.194457364341083,21.555129,11.326095617529882,1.7590490313861842,16.14,0.061538,0.8676923076923077,0.7982244180443376,5.74,0.346154,36.605326086956524,18.50108695652174,0.161538,1.3727040000000001,83
953,RAUL ROMERO CUELLAR,INDIVIDUAL,SAN JULIAN,35.95,1076,29885.0,28.061032863849764,92.73572899999999,11.496954459203037,2.0031190597502415,45.2,0.065985,0.8283178438661711,0.7644484592098258,5.1,0.302974,36.43739014647137,18.439805950840878,0.133829,9.141264000000003,85
954,ASOC. PROD. OKINAWA NO.0954,ASOCIACION,OKINAWA,133.54,518,14400.289999999999,27.90753875968992,37.148134000000006,11.404570312499999,1.7653674744652303,16.57,0.086873,0.7762162162162162,0.7721088003525066,5.69,0.243243,36.63525568181818,18.46950146627566,0.160232,1.457652,84
955,ENRIQUE PEDRAZA APAZA,INDIVIDUAL,CUATRO CANADAS,103.72,498,14042.140000000001,28.197068273092373,37.745582000000006,11.146680327868852,1.7961055418077259,16.68,0.050201,0.8104216867469881,0.7795502643056702,5.62,0.291165,36.487485549132955,18.607322404371583,0.152610,1.0394999999999999,84
956,ALFREDO MARCA SUAREZ,INDIVIDUAL,PORTACHUELO,55.92,786,21788.399999999998,27.969704749679074,93.16004099999999,11.54680412371134,2.7591047810024785,45.2,0.067430,0.8151781170483461,0.8056254642301642,4.85,0.290076,36.4084267631103,18.452342342342344,0.157761,9.912402000000002,85
957,ASOC. PROD. LA GUARDIA NO.0957,ASOCIACION,LA GUARDIA,55.69,1567,43419.03,27.9942166344294,151.909449,11.436761658031088,2.444872265421168,45.2,0.065731,0.810472239948947,0.7785200004823141,5.88,0.293555,36.579972014925374,18.534728464419477,0.135929,10.140000000000002,85
958,ASOC. PROD. ROBORE NO.0958,ASOCIACION,ROBORE,863.04,231,6263.579999999999,27.714955752212386,24.701507000000003,11.222456140350877,2.8525442886610395,45.2,0.047619,0.7876623376623377,0.7577126266724472,4.35,0.294372,36.606,18.46145569620253,0.181818,9.590880000000002,80
959,MONICA VARGAS CONDORI,INDIVIDUAL,WARNES,136.46,510,14355.679999999998,28.48349206349206,34.466175,11.312743538767394,1.7193851478613704,16.93,0.056863,0.7965294117647059,0.6918818577092177,3.46,0.288235,36.542994186046506,18.55024456521739,0.145098,1.0327799999999998,85
960,AGROP. MACHACA HNOS. S.R.L.,EMPRESA AGROPECUARIA,COTOCA,86.25,1510,42351.74,28.27218958611482,126.381592,11.395496286293046,1.9907054739310122,45.2,0.073510,0.7935033112582782,0.7779439552673915,5.05,0.278146,36.528042870456666,18.545300092336106,0.149007,7.88424,85
961,VANESSA MORALES MORALES,INDIVIDUAL,ROBORE,70.77,1830,51201.119999999995,28.225534729878717,160.364511,11.389972113775796,2.0445087192868057,45.2,0.056284,0.8230601092896174,0.8016958049593598,6.0,0.300546,36.50783216783217,18.477657450076805,0.145902,8.58624,85
963,ASOC. PROD. GENERAL SAAVEDRA NO.0963,COOPERATIVA,GENERAL SAAVEDRA,66.13,250,6798.91,27.864385245901637,22.160242999999998,11.27797520661157,1.7707317425141076,15.9,0.052000,0.84864,0.9261362013515158,6.0,0.260000,36.787573964497035,18.59527272727273,0.136000,1.1048009999999997,78
964,ASOC. PROD. GENERAL SAAVEDRA NO.0964,COOPERATIVA,GENERAL SAAVEDRA,30.03,498,13804.509999999998,27.944352226720646,38.211555999999995,11.26694045174538,1.743161324088081,15.63,0.064257,0.8049799196787149,0.7900911108085356,5.41,0.297189,36.3642061281337,18.534134897360705,0.136546,1.431927,85
965,GUSTAVO CUELLAR CRUZ,INDIVIDUAL,GENERAL SAAVEDRA,55.02,1300,36263.18,28.176519036519036,117.39464000000001,11.340055074744297,1.9953563209006209,45.2,0.065385,0.8346076923076925,0.845898632051593,6.0,0.289231,36.53248606465998,18.456300639658846,0.153846,8.642400000000002,85
966,ASOC. PROD. GENERAL SAAVEDRA NO.0966,COOPERATIVA,GENERAL SAAVEDRA,93.07,230,6185.57,27.49142222222222,20.970726,11.339821428571428,1.8135348047800492,16.14,0.069565,0.9034347826086956,0.8712020168958532,4.82,0.295652,36.565031055900626,18.482974683544306,0.165217,1.2021540000000002,79
967,ASOC. PROD. YAPACANI NO.0967,ASOCIACION,YAPACANI,243.2,1909,53140.229999999996,28.251052631578947,173.5863,11.434679829242263,2.3415374611009763,45.2,0.067575,0.7825615505500262,0.7392792732282221,6.0,0.290728,36.46855982274741,18.480184757505775,0.150340,11.461520000000002,85
968,DANIELA TORREZ QUISPE,INDIVIDUAL,MINEROS,369.09,1339,37500.22,28.34483749055178,99.082727,11.358948580199538,1.7618944165704233,17.06,0.067214,0.7691187453323377,0.7309282957188279,4.54,0.266617,36.531958762886596,18.45422126745435,0.147125,2.806839000000001,85
969,ASOC. PROD. SAN JULIAN NO.0969,ASOCIACION,SAN JULIAN,120.6,1113,30917.41,28.13231119199272,87.16912400000001,11.17927140255009,1.7668605970194615,17.23,0.061995,0.7983468104222822,0.81742816887421,6.0,0.270440,36.44515375153752,18.481869398207426,0.158131,1.598691,85
970,JESSICA ALVARADO ALVARADO,INDIVIDUAL,SAN JULIAN,47.63,521,14641.890000000001,28.37575581395349,42.483148,11.560528375733854,1.779183199540337,17.43,0.092131,0.768982725527831,0.8105726380924143,5.48,0.247601,36.33989159891599,18.529162011173185,0.143954,1.205424,85
971,ASOC. PROD. PUERTO SUAREZ NO.0971,COOPERATIVA,PUERTO SUAREZ,126.03,797,22258.45,28.35471337579618,72.280304,11.39014175257732,2.1026392890556047,45.2,0.060226,0.8312045169385195,0.7931978750124682,5.25,0.299875,36.457643884892086,18.53001788908766,0.151819,8.534710000000002,85
972,CINTHIA AGUILAR MACHACA,INDIVIDUAL,PORTACHUELO,231.78,739,20274.93,27.811975308641976,58.023145,11.33945301542777,1.7531633875109969,16.62,0.071719,0.8037347767253044,0.8255062436393718,5.89,0.278755,36.450526315789475,18.45203592814371,0.163735,1.6425509999999999,85
974,ASOC. PROD. CHARAGUA NO.0974,ASOCIACION,CHARAGUA,78.53,804,22375.49,28.145270440251576,69.488281,11.338836915297092,1.7494997946834876,17.25,0.062189,0.8517910447761196,0.8368133388064427,6.0,0.305970,36.44211243611585,18.576258865248228,0.144279,1.3170000000000002,85
975,BORIS YUJRA SORIA,INDIVIDUAL,MONTERO,275.74,541,15126.18,28.220485074626865,37.526174000000005,11.316266416510318,1.7555668012213235,16.15,0.057301,0.788743068391867,0.7316735576573831,5.5,0.284658,36.46472,18.512533692722375,0.149723,1.1785499999999998,85
976,ASOC. PROD. WARNES NO.0976,ASOCIACION,WARNES,176.95,264,7713.3099999999995,29.328174904942962,19.029262,11.389616858237547,1.6495607360350788,16.19,0.068182,0.796590909090909,0.732759594193635,4.33,0.314394,36.513052631578944,18.739375,0.147727,1.904256,81
977,ASOC. PROD. WARNES NO.0977,ASOCIACION,WARNES,80.74,817,22471.879999999994,27.81173267326732,70.09011699999999,11.340671641791044,1.7646949426852812,17.38,0.072215,0.8319706242350061,0.8326725276792151,5.88,0.280294,36.53478571428572,18.546039783001806,0.144431,1.6664999999999999,85
978,ELIZABETH SANCHEZ HUANCA,INDIVIDUAL,SANTA ROSA,211.12,234,6613.9800000000005,28.38618025751073,30.258902,11.20517391304348,2.778906623480525,45.2,0.042735,0.8671367521367522,0.9563673707013407,5.4,0.282051,36.689518072289154,18.46305389221557,0.149573,7.640880000000002,81
979,ROBERTO ROMERO AGUILAR,INDIVIDUAL,WARNES,90.17,753,20988.460000000003,28.210295698924735,71.413729,11.405060893098783,2.1510893667550635,45.2,0.071713,0.8416733067729085,0.7904773097136705,4.84,0.296149,36.49066176470588,18.465223300970877,0.177955,8.211840000000002,85
981,ASOC. PROD. ROBORE NO.0981,COOPERATIVA,ROBORE,34.31,776,21423.23,28.00422222222222,79.12672599999999,11.46262467191601,2.1420256880272044,45.2,0.083763,0.8589175257731958,0.8743169062439909,6.0,0.302835,36.46427221172022,18.58592391304348,0.140464,10.161840000000002,85
982,JULIO SANDOVAL FLORES,INDIVIDUAL,CUATRO CANADAS,115.77,253,7041.34,28.053147410358566,22.261074,11.424268292682926,1.7547875251259069,17.31,0.086957,0.8126086956521741,0.8614151292174524,6.0,0.272727,36.56978609625668,18.518048780487806,0.166008,1.5535,78
983,JULIO GARCIA PUMA,INDIVIDUAL,EL TORNO,44.61,262,7339.450000000001,28.22865384615385,18.061931,11.253984375,1.6205544148591915,15.12,0.041985,0.8008778625954198,0.7789508074995664,4.3,0.278626,36.390559006211184,18.54858695652174,0.148855,0.95601,84
984,AGROP. CHOQUE HNOS. S.R.L.,EMPRESA AGROPECUARIA,YAPACANI,78.38,1053,29288.600000000002,28.054214559386974,86.39021000000001,11.32966990291262,2.311027413152236,45.2,0.065527,0.7664197530864197,0.7195455648098887,6.0,0.274454,36.491600547195624,18.59553450608931,0.162393,9.8748,85
985,ASOC. PROD. LA GUARDIA NO.0985,ASOCIACION,LA GUARDIA,54.64,792,22328.68,28.335888324873096,65.451536,11.223883870967743,1.741345009260654,17.01,0.069444,0.8247727272727273,0.8238799692034954,5.76,0.300505,36.38206831119545,18.41602131438721,0.152778,1.505588,85
986,AGROP. MORALES HNOS. S.R.L.,EMPRESA AGROPECUARIA,CUATRO CANADAS,44.29,993,27850.530000000002,28.18879554655871,74.060522,11.331738683127572,1.687695569512073,16.79,0.056395,0.7936052366565962,0.7667062021768316,6.0,0.291037,36.55978753541076,18.509369501466274,0.154079,1.6849999999999998,85
987,FREDDY LOPEZ CALLISAYA,INDIVIDUAL,PUERTO QUIJARRO,290.31,482,13192.010000000002,27.8312447257384,53.699949,11.521606765327697,2.7923419711815307,45.2,0.078838,0.8146265560165976,0.7607767433229317,5.48,0.298755,36.49429824561403,18.403040935672514,0.157676,9.322560000000001,85
988,ASOC. PROD. PAILON NO.0988,COOPERATIVA,PAILON,68.81,1043,29048.81,28.23013605442177,81.146947,11.341499513145084,1.7514431506310801,16.92,0.073826,0.7897027804410356,0.8025062755669362,6.0,0.281879,36.489781718963165,18.465544827586207,0.180249,2.104425,85
989,ASOC. PROD. CUATRO CANADAS NO.0989,COOPERATIVA,CUATRO CANADAS,607.54,985,27410.850000000002,28.258608247422682,80.837627,11.341658031088082,2.047339673260831,45.2,0.065990,0.7984162436548224,0.7537305117140483,6.0,0.288325,36.60500729927007,18.54359826589595,0.156345,8.564400000000003,85
990,IVAN PEREZ CHOQUE,COMUNIDAD,MINEROS,78.39,2106,58669.299999999996,28.071435406698562,191.63678800000002,11.386358774914925,2.0495344953141257,45.2,0.067426,0.8266144349477683,0.8498288107398482,6.0,0.290123,36.49401525658807,18.51076124567474,0.150047,8.364408000000003,85
991,ASOC. PROD. GENERAL SAAVEDRA NO.0991,ASOCIACION,GENERAL SAAVEDRA,117.28,775,21801.52,28.424406779661016,61.326452,11.32630118890357,1.743710027638746,17.12,0.058065,0.8216645161290322,0.7911547122895927,5.88,0.291613,36.49940108892922,18.54919540229885,0.136774,1.8693359999999999,85
992,CARLOS MONTAÑO AGUILAR,INDIVIDUAL,OKINAWA,41.96,1016,28210.97,27.90402571711177,95.953648,11.445840000000002,2.3042881413222167,45.2,0.069882,0.8036712598425196,0.8412659977768947,6.0,0.282480,36.586576319543504,18.48863436123348,0.139764,7.96536,85
993,FERNANDO SORIA QUISPE,INDIVIDUAL,GENERAL SAAVEDRA,45.08,1028,28100.480000000003,27.84983151635283,97.68073700000001,11.42708043694141,2.342086378606793,45.2,0.080739,0.7811089494163425,0.7661180333919061,5.84,0.279183,36.37043715846995,18.449874125874125,0.146887,9.466080000000003,85
995,PEDRO CONDORI ANTELO,INDIVIDUAL,BUEN RETIRO,54.58,1296,35619.0,27.936470588235295,101.790612,11.347640984908658,2.019114323167471,45.2,0.066358,0.7870524691358025,0.7628306058045914,6.0,0.277006,36.467135076252724,18.453201803833146,0.165895,7.9781,85
996,ASOC. PROD. SAN PEDRO NO.0996,ASOCIACION,SAN PEDRO,80.31,275,7642.710000000001,27.99527472527473,26.039307,11.313457249070632,1.8446112367569525,17.67,0.069091,0.888909090909091,0.7945624346193911,4.28,0.330909,36.75372340425532,18.506142131979697,0.152727,1.4302730000000006,80
997,DANIELA CATACORA TORREZ,COMUNIDAD,SAN PEDRO,409.73,1246,34357.96,27.93330081300813,95.997969,11.345929565929564,1.7421642536908692,17.15,0.061798,0.8030176565008025,0.7900935095954561,6.0,0.286517,36.60491486946652,18.544086651053863,0.162119,1.3624959999999997,85
998,ASOC. PROD. SANTA ROSA NO.0998,ASOCIACION,SANTA ROSA,50.7,521,14515.579999999998,28.022355212355208,44.289117000000005,11.433599221789885,2.227586234392801,45.2,0.067179,0.7653358925143954,0.7758853085084484,5.65,0.262956,36.5708527131783,18.51174157303371,0.138196,8.664240000000003,85
999,ASOC. PROD. ROBORE NO.0999,ASOCIACION,ROBORE,40.47,507,14382.340000000002,28.59312127236581,45.331199999999995,11.354990059642146,1.7269436044782882,16.18,0.072978,0.8585798816568048,0.8431720381971963,6.0,0.321499,36.53339832869081,18.54792243767313,0.153846,1.41,85
1000,ANDREA CHUQUIMIA HUANCA,COMUNIDAD,ROBORE,80.02,242,6715.700000000001,27.982083333333335,21.468813,11.400333333333332,1.7379215852682066,15.55,0.070248,0.847396694214876,0.8302133403700795,4.43,0.322314,36.59,18.62588957055215,0.177686,1.0814789999999999,80
1002,ASOC. PROD. PUERTO SUAREZ NO.1002,ASOCIACION,PUERTO SUAREZ,264.4,518,14386.61,28.09884765625,38.170296,11.287485148514852,1.827849105766018,16.32,0.069498,0.7845559845559845,0.7663953253589217,6.0,0.266409,36.516994818652854,18.411493333333336,0.113900,1.348768,84
1003,ASOC. PROD. WARNES NO.1003,COOPERATIVA,WARNES,155.8,500,14105.619999999999,28.43875,32.665459000000006,11.35687885010267,1.677252588791967,15.88,0.054000,0.7384200000000001,0.7534025048196595,4.99,0.262000,36.57428160919541,18.532238372093023,0.152000,1.3047300000000002,84
1004,DANIEL GARCIA HUANCA,INDIVIDUAL,CUATRO CANADAS,177.04,1260,34886.270000000004,27.88670663469225,89.019159,11.340056726094003,1.7358705218993182,17.53,0.056349,0.7835555555555556,0.7499002163492343,5.7,0.280159,36.41699882766705,18.46472063854048,0.162698,1.3521900000000002,85
1006,ASOC. PROD. PUERTO QUIJARRO NO.1006,COOPERATIVA,PUERTO QUIJARRO,99.14,1025,28642.949999999997,28.136493123772098,93.82060600000001,11.419165009940357,2.2974532944994372,45.2,0.063415,0.7943317073170733,0.764506687871535,6.0,0.275122,36.47763157894737,18.554458874458874,0.149268,9.085440000000004,85
1007,FERNANDO CUELLAR MAMANI,INDIVIDUAL,PAILON,78.07,253,7090.0199999999995,28.247091633466134,17.464593999999998,11.309112903225808,1.6737794572200184,15.26,0.059289,0.7801976284584978,0.7429480373382987,4.46,0.316206,36.45153846153846,18.590882352941176,0.134387,0.913094,77
1008,ASOC. PROD. SAN PEDRO NO.1008,COOPERATIVA,SAN PEDRO,67.32,1050,29282.44,28.156192307692308,91.73075499999999,11.341242718446601,2.297933877690879,45.2,0.067619,0.7872952380952382,0.7551519386231371,5.34,0.275238,36.45743697478992,18.500946123521686,0.151429,7.51434,85
1009,ASOC. PROD. GENERAL SAAVEDRA NO.1009,ASOCIACION,GENERAL SAAVEDRA,37.01,757,21142.949999999997,28.190599999999996,79.58912500000001,11.398247978436657,2.4719597044711237,45.2,0.068692,0.8069881109643329,0.8123870152561995,4.6,0.265522,36.406832061068705,18.429032258064517,0.138705,10.537680000000003,85
1010,ASOC. PROD. PAILON NO.1010,ASOCIACION,PAILON,38.78,1568,43626.2,28.182299741602066,108.45175699999999,11.322832898172324,1.7427435642625457,16.79,0.066964,0.7623469387755102,0.7397475221100563,5.87,0.262755,36.42306289881494,18.415834092980855,0.142219,2.1808439999999996,85
1011,CHRISTIAN CHOQUE SANDOVAL,INDIVIDUAL,BUEN RETIRO,186.61,763,21033.93,27.712687747035574,68.23006,11.482016348773843,2.2104082255562654,45.2,0.081258,0.7576933158584535,0.7635551433933948,5.1,0.267366,36.48408376963351,18.39451438848921,0.169069,9.306960000000002,85
1012,JULIO MERCADO VASQUEZ,INDIVIDUAL,CUATRO CANADAS,108.61,469,13017.050000000001,28.23655097613883,31.518097,11.274737991266376,1.7707877677773087,16.22,0.053305,0.7733688699360339,0.747085043594223,5.34,0.264392,36.37770149253731,18.457325227963526,0.132196,1.3445320000000003,85
1013,ASOC. PROD. COTOCA NO.1013,COOPERATIVA,COTOCA,50.05,523,14445.529999999999,28.049572815533978,45.2428,11.276842105263158,2.346384554367348,45.2,0.070746,0.7428871892925429,0.714484435325334,4.47,0.265774,36.39608695652174,18.473108108108107,0.152964,10.530000000000001,84
1014,IVAN NAVIA RIVERO,INDIVIDUAL,COTOCA,78.07,1543,42775.93,28.086625082074853,122.293134,11.280794701986755,1.745345803101488,16.99,0.066105,0.8087751134154244,0.8116847640971315,6.0,0.283215,36.58529684601113,18.525004633920297,0.145172,1.3490000000000002,85
1015,AGROP. VILLCA HNOS. S.R.L.,EMPRESA AGROPECUARIA,ROBORE,76.44,1003,27871.140000000007,28.181132457027307,72.270615,11.369250253292806,1.7815306240105568,17.76,0.066800,0.7732901296111665,0.7364771180975823,4.95,0.262213,36.366,18.4908658008658,0.133599,1.073345,85
1016,RICARDO FLORES VACA,INDIVIDUAL,ROBORE,36.21,1070,29705.49,27.944957666980248,94.50327899999999,11.388922495274102,2.0913516498691145,45.2,0.078505,0.8015327102803739,0.8016445248394051,6.0,0.286916,36.49306957708049,18.45574074074074,0.139252,7.81872,85
1017,RAUL PUMA FLORES,INDIVIDUAL,WARNES,59.74,495,13851.609999999999,28.326400817995907,43.983513,11.316940451745381,2.3517233595432057,45.2,0.076768,0.8315151515151515,0.8645393377229122,6.0,0.301010,36.338439306358374,18.709237288135594,0.161616,1.2848400000000002,84
1018,AGROP. VARGAS HNOS. S.R.L.,EMPRESA AGROPECUARIA,CUATRO CANADAS,82.86,1552,43401.969999999994,28.31178734507501,138.372857,11.285692810457517,2.0157039961622587,45.2,0.072165,0.8158054123711341,0.7995870925211698,6.0,0.285438,36.39704007285975,18.4372550831793,0.153351,6.540648,85
1019,MIRIAM GARCIA CRUZ,INDIVIDUAL,SANTA ROSA,102.09,533,14899.8,28.32661596958175,36.880289,11.271194605009633,1.8253548125735777,16.09,0.086304,0.768330206378987,0.7575048250220747,5.22,0.268293,36.532493368700266,18.46759259259259,0.163227,1.104374,85
1020,CLAUDIA AGUILAR PUMA,INDIVIDUAL,SANTA ROSA,102.17,1237,34576.71,28.248946078431374,98.057772,11.342158154859968,1.7488068116094564,16.88,0.067098,0.8241309620048505,0.8082001812650682,6.0,0.287793,36.46668257756563,18.41782412626832,0.145513,1.5805,85
1021,RAUL SANCHEZ CALLISAYA,INDIVIDUAL,OKINAWA,122.14,265,7545.64,28.6906463878327,22.151984,11.321340996168582,1.710706141482271,15.51,0.060377,0.8310943396226416,0.8141531728081617,4.13,0.294340,36.42112994350283,18.369337016574587,0.158491,0.9094800000000002,78
1022,ANDREA MONTAÑO APAZA,INDIVIDUAL,PORTACHUELO,50.51,740,20551.25,28.075478142076502,72.84737600000001,11.42153103448276,2.1894668744085206,45.2,0.068919,0.8239594594594595,0.8274540723971547,5.74,0.298649,36.58172413793103,18.531494252873568,0.155405,8.848320000000001,85
1023,ASOC. PROD. SAN PEDRO NO.1023,COOPERATIVA,SAN PEDRO,573.1,537,14788.880000000001,27.956294896030247,49.595107999999996,11.28842504743833,1.8629791305982055,16.47,0.081937,0.8492551210428304,0.8792312428755815,6.0,0.297952,36.516424870466324,18.492408376963347,0.152700,1.3535000000000004,85
1024,HUGO SORIA APAZA,INDIVIDUAL,SANTA ROSA,370.6,256,7080.15,28.09583333333333,32.692338,11.60244,2.701927774979339,45.2,0.058594,0.8783984375,0.7956924308717336,3.58,0.339844,36.53284153005465,18.672696629213483,0.167969,10.33656,79
1026,ASOC. PROD. YAPACANI NO.1026,ASOCIACION,YAPACANI,100.71,1302,36083.03999999999,27.863351351351348,113.21171500000001,11.44840714840715,1.9957880677554827,45.2,0.072965,0.8081490015360984,0.8338356032771823,6.0,0.277266,36.536930585683294,18.536406593406596,0.151306,8.139976000000003,85
1027,ROBERTO RIVERO TORREZ,INDIVIDUAL,SAN JULIAN,75.53,1023,28570.4,28.231620553359686,100.20656699999999,11.345901803607216,2.309592776824736,45.2,0.072336,0.8105767350928641,0.7709783347715922,4.77,0.296188,36.55789844851904,18.548198324022348,0.157380,9.706320000000002,85
1028,SUSANA ALVARADO HUANCA,INDIVIDUAL,OKINAWA,71.6,741,20614.219999999998,28.00845108695652,58.416832,11.264181568088034,1.7286753029634356,16.59,0.060729,0.8218353576248313,0.8125569451259851,5.98,0.278003,36.52003937007874,18.439799999999995,0.145749,1.636604,85
1029,JORGE TORREZ RODRIGUEZ,INDIVIDUAL,GENERAL SAAVEDRA,216.63,975,27094.059999999998,28.018676318510856,73.06331199999998,11.355115062761506,1.7339502119530552,17.19,0.061538,0.810923076923077,0.7452751715613227,4.87,0.303590,36.46352765321375,18.502867231638415,0.133333,1.18881,85
1030,CAMILA PEDRAZA VACA,INDIVIDUAL,MONTERO,119.53,1549,43148.950000000004,28.14673842139596,142.43274000000002,11.379075297225892,2.095716858492336,45.2,0.057456,0.8390187217559715,0.829053080707853,6.0,0.302130,36.41792870905587,18.457233644859816,0.150420,8.787653000000002,85
1031,FREDDY MERCADO SUAREZ,INDIVIDUAL,LA GUARDIA,39.28,272,7569.259999999999,28.243507462686566,22.126081999999997,11.352878228782288,1.7855862767683632,18.22,0.062500,0.7682720588235294,0.7810530498437891,5.38,0.268382,36.35502702702702,18.537729729729726,0.158088,1.4822099999999996,78
1032,ASOC. PROD. CHARAGUA NO.1032,ASOCIACION,CHARAGUA,105.24,512,14130.05,28.03581349206349,44.631653,11.425069306930693,1.7729452798733256,16.66,0.080078,0.83177734375,0.7983964881461618,4.77,0.302734,36.53590529247911,18.46797222222222,0.125000,1.2103829999999998,85
1033,CARMEN RIVERO CRUZ,INDIVIDUAL,ROBORE,102.58,1855,51599.21000000001,28.104144880174296,148.17588500000002,11.381820187534473,1.7396842272306994,16.98,0.070081,0.7926361185983827,0.7802482833689139,6.0,0.279245,36.472967448902345,18.501919879062733,0.161725,4.484402,85
1034,MARCELO CALLISAYA MARCA,INDIVIDUAL,PORTACHUELO,65.13,220,6094.75,27.95756880733945,23.947910000000004,11.400000000000002,2.8483081214871286,45.2,0.059091,0.7476818181818182,0.7928554191336824,4.44,0.240909,36.600548780487806,18.4110843373494,0.113636,9.02304,81
1035,CESAR QUISPE CHUQUIMIA,INDIVIDUAL,OKINAWA,28.34,1029,28678.38,28.061037181996088,113.85326800000001,11.447161354581672,2.3652329755806827,45.2,0.078717,0.867852283770651,0.8549195888798657,6.0,0.319728,36.610056338028166,18.52946452476573,0.137026,9.053577000000002,85
1036,ASOC. PROD. YAPACANI NO.1036,ASOCIACION,YAPACANI,121.97,1076,30074.0,28.212007504690433,87.727907,11.400359848484847,1.9984346156530626,45.2,0.060409,0.8089776951672862,0.7889036699320544,5.24,0.279740,36.53236559139785,18.52582655826558,0.140335,6.414720000000002,85
1037,ASOC. PROD. PUERTO SUAREZ NO.1037,ASOCIACION,PUERTO SUAREZ,53.15,1804,50115.380000000005,28.075843137254903,160.893741,11.369926387315969,2.056238939945329,45.2,0.062084,0.8219512195121952,0.8181307007023259,5.82,0.284368,36.4927137254902,18.449429241594995,0.155765,7.715760000000002,85
1038,ASOC. PROD. SANTA ROSA NO.1038,ASOCIACION,SANTA ROSA,150.06,508,14099.779999999999,28.031371769383696,49.747163,11.374880000000001,2.3221984835914355,45.2,0.068898,0.8120866141732284,0.7376592706553478,4.06,0.295276,36.59991689750692,18.49916184971098,0.167323,9.1104,84
1039,CAMILA ANTELO MERCADO,COMUNIDAD,WARNES,28.76,244,6792.9000000000015,27.954320987654327,17.356524,11.173472803347282,1.8465393678073145,15.49,0.073770,0.8118852459016394,0.7425108464848686,4.28,0.307377,36.29539772727273,18.44705555555555,0.147541,0.841662,79
1040,ASOC. PROD. ROBORE NO.1040,ASOCIACION,ROBORE,52.75,505,14089.09,28.12193612774451,42.60688199999999,11.312935222672065,1.7298485927994955,16.99,0.061386,0.8521782178217822,0.7932903199128629,4.81,0.308911,36.611277173913045,18.512618384401115,0.134653,1.0679429999999999,85
1041,ASOC. PROD. CHARAGUA NO.1041,ASOCIACION,CHARAGUA,65.94,516,14207.24,27.96700787401575,41.028459,11.299527559055118,1.7228558046160871,17.37,0.067829,0.8184302325581394,0.7854213246780196,5.12,0.300388,36.57,18.45670212765957,0.139535,1.246712,85
1042,ASOC. PROD. EL TORNO NO.1042,ASOCIACION,EL TORNO,103.96,998,28058.97,28.313794147325936,68.828099,11.338843398157625,1.6924656427488227,16.97,0.063126,0.7654008016032064,0.7358805270760655,4.99,0.273547,36.51861581920904,18.502,0.163327,1.5273720000000002,85
1043,ASOC. PROD. YAPACANI NO.1043,ASOCIACION,YAPACANI,108.72,829,22815.02,27.75549878345499,74.198595,11.369467162329615,2.092996851395179,45.2,0.053076,0.8272858866103738,0.8357457785321971,4.89,0.291918,36.56609154929578,18.561199324324324,0.170084,7.569120000000001,85
1044,ALEJANDRA GUTIERREZ VARGAS,INDIVIDUAL,WARNES,30.76,810,22731.129999999997,28.202394540942926,72.454187,11.186502525252525,1.7925222580223839,16.53,0.059259,0.8444814814814816,0.8464918021474692,6.0,0.302469,36.409169675090254,18.4181546572935,0.149383,1.3785,85
1045,AGROP. RODRIGUEZ HNOS. S.R.L.,EMPRESA AGROPECUARIA,SAN JULIAN,93.44,1496,41490.94,27.94002693602694,124.65922099999999,11.353609226594301,1.9440564457598466,45.2,0.064840,0.8004144385026738,0.7996631996085055,5.17,0.270053,36.44635936030103,18.51605461393597,0.151738,9.26016,85
1046,CARLOS CONDORI VASQUEZ,COMUNIDAD,CUATRO CANADAS,107.63,1255,35199.93000000001,28.387040322580653,79.902198,11.252152721364745,1.7477444687015193,16.65,0.062948,0.754183266932271,0.7158926894318604,5.68,0.250199,36.34241379310344,18.444004550625714,0.150598,1.4929199999999998,85
1047,ASOC. PROD. YAPACANI NO.1047,ASOCIACION,YAPACANI,62.21,1030,28884.86,28.263072407045012,74.739882,11.391171797418071,1.7491477667196007,17.4,0.077670,0.7765728155339806,0.7518275770262083,5.23,0.272816,36.68693732193732,18.46566248256625,0.130097,1.2516570000000002,85
1048,ASOC. PROD. MINEROS NO.1048,ASOCIACION,MINEROS,78.67,1047,28894.779999999995,27.99881782945736,80.822708,11.389785783836416,1.9975938627800325,45.2,0.062082,0.7518147086914995,0.7905023888767045,4.9,0.254059,36.438344640434195,18.497579529737205,0.139446,8.377200000000002,85
1049,VALERIA CRUZ CHAMBI,INDIVIDUAL,SAN JULIAN,50.23,1285,35535.51,27.827337509788567,113.99496599999999,11.336883425852498,2.2079068684104994,45.2,0.062257,0.7970505836575876,0.7672691600411188,5.28,0.284825,36.43848115299335,18.522754555198286,0.156420,10.7172,85
1050,OSCAR SALVATIERRA MACHACA,INDIVIDUAL,GENERAL SAAVEDRA,99.34,492,13837.43,28.23965306122449,43.094398000000005,11.306150627615063,1.6571965650613592,15.56,0.058943,0.8701626016260161,0.8750266646991748,5.47,0.313008,36.69609756097561,18.49276536312849,0.152439,1.4321879999999998,85
1051,RAUL AGUILAR COPA,INDIVIDUAL,WARNES,134.73,518,14247.009999999998,27.880645792563598,40.077079,11.270119047619046,1.7612206552658576,16.21,0.067568,0.7979150579150579,0.7965864652624712,4.79,0.293436,36.41816384180791,18.48975675675676,0.083012,1.024437,85
1052,ASOC. PROD. SAN JULIAN NO.1052,ASOCIACION,SAN JULIAN,31.77,483,13423.33,27.96527083333333,45.938881,11.409578947368422,2.335966318444265,45.2,0.060041,0.8174120082815737,0.8299418379490958,6.0,0.289855,36.43612612612613,18.503264094955494,0.149068,6.888960000000001,85
1053,MIRIAM VARGAS VILLCA,INDIVIDUAL,SAN PEDRO,50.28,527,14660.970000000001,28.1400575815739,33.277729,11.3747591522158,1.6167619486606966,16.89,0.056926,0.7803225806451614,0.7255757451180364,4.67,0.273245,36.47218232044199,18.53892857142857,0.146110,1.2145000000000001,84
1054,ENRIQUE CALLISAYA PUMA,INDIVIDUAL,MINEROS,58.12,1019,28725.1,28.384486166007903,94.35219699999999,11.41442,2.282865817331355,45.2,0.069676,0.788135426889107,0.7740301348254898,6.0,0.274779,36.44865277777778,18.46195890410959,0.143278,10.271808000000002,85
1055,AGROP. NAVIA HNOS. S.R.L.,EMPRESA AGROPECUARIA,PUERTO QUIJARRO,240.81,260,7297.54,28.39509727626459,20.198375,11.275905511811025,1.794354499559112,15.75,0.065385,0.794846153846154,0.7772267644783234,3.57,0.280769,36.39115789473684,18.39193717277487,0.173077,0.730715,82
1056,OSCAR PINTO CRUZ,INDIVIDUAL,COTOCA,89.41,519,14628.63,28.460369649805447,42.92708400000001,11.476043737574555,2.2613165730391467,45.2,0.075145,0.7727167630057803,0.6895528590983145,3.88,0.273603,36.483495702005726,18.64127659574468,0.171484,7.5316800000000015,85
1057,CESAR CHAMBI ANTELO,INDIVIDUAL,LA GUARDIA,73.43,766,21275.15,28.104557463672393,51.821835,11.229973226238288,1.707023890367344,16.44,0.054830,0.7892036553524804,0.7272138740432557,4.99,0.289817,36.578295019157096,18.491283422459894,0.133159,1.229718,85
1058,MONICA AGUILAR SORIA,INDIVIDUAL,CUATRO CANADAS,61.09,1320,36752.53,28.18445552147239,110.979228,11.294435857805254,1.9794599828746684,45.2,0.056818,0.7990681818181818,0.7801383762987811,6.0,0.281818,36.57701366982124,18.563658536585365,0.124242,9.965280000000002,85
1059,MARCELO APAZA MORALES,INDIVIDUAL,BUEN RETIRO,20.09,1111,30823.14,28.021036363636362,92.696559,11.366020220588238,2.036944486341501,45.2,0.067507,0.8038343834383438,0.7675034204968548,5.45,0.276328,36.5917310087173,18.50043202033037,0.138614,8.723520000000002,85
1060,ASOC. PROD. CHARAGUA NO.1060,COOPERATIVA,CHARAGUA,95.53,257,7267.449999999999,28.499803921568624,23.526683,11.295254901960785,1.8424702675315088,16.22,0.089494,0.8349805447470816,0.8977450590375113,5.89,0.280156,36.638258426966296,18.547857142857143,0.175097,1.562355,84
1061,CESAR PEREZ MORALES,INDIVIDUAL,GENERAL SAAVEDRA,30.02,793,22181.509999999995,28.1848919949174,69.01277999999999,11.353073929961088,1.7896260999561193,16.55,0.070618,0.8345018915510719,0.8246476353778602,6.0,0.295082,36.38758741258741,18.47922165820643,0.132409,1.6822400000000006,85
1062,ASOC. PROD. OKINAWA NO.1062,ASOCIACION,OKINAWA,263.14,1797,50015.71,28.05143578238923,180.66156600000002,11.43422902494331,2.54390988652552,45.2,0.071786,0.7961157484696716,0.7773472565052048,6.0,0.276572,36.47633836378078,18.562456556082147,0.145799,10.108800000000004,85
1063,LUIS PUMA ROMERO,INDIVIDUAL,PUERTO QUIJARRO,398.72,533,14814.19,27.951301886792454,62.078923999999994,11.381398467432948,2.742603901320248,45.2,0.075047,0.832251407129456,0.8640948786053755,6.0,0.296435,36.508047493403694,18.410213333333335,0.151970,8.720400000000003,84
1064,EDWIN SALVATIERRA VACA,INDIVIDUAL,SANTA ROSA,103.69,1380,38264.49999999999,28.032600732600727,117.09201100000001,11.377439293598233,1.9873988314933217,45.2,0.070290,0.793768115942029,0.8162344809652922,6.0,0.259420,36.6033163265306,18.483358050847457,0.134058,8.252400000000002,85
1065,ELIZABETH CRUZ MARTINEZ,INDIVIDUAL,PUERTO SUAREZ,80.65,1602,44388.97,27.970365469439194,154.769813,11.392439335887612,2.392247580567866,45.2,0.058677,0.8088576779026218,0.7873086888964479,6.0,0.295880,36.47865502183405,18.488176895306857,0.134831,10.052640000000002,85
1066,ASOC. PROD. MINEROS NO.1066,COOPERATIVA,MINEROS,150.7,264,7503.960000000001,28.424090909090914,22.461676000000004,11.305275590551181,1.8272899766943138,16.63,0.087121,0.802159090909091,0.7832472848306642,4.77,0.280303,36.584426229508196,18.513837837837837,0.117424,1.071057,80
1067,AGROP. MAMANI HNOS. S.R.L.,EMPRESA AGROPECUARIA,CUATRO CANADAS,208.02,791,22174.690000000002,28.284043367346943,55.381505000000004,11.315128865979382,1.7412657565647434,16.98,0.060683,0.7898356510745891,0.7652178300233339,5.28,0.276865,36.43422562141491,18.504853479853484,0.156764,1.50951,85
1068,JHONNY CATACORA ALVARADO,INDIVIDUAL,WARNES,76.16,1595,44444.12,28.129189873417722,136.851812,11.364297573435506,1.9369263186269121,45.2,0.060815,0.8223573667711599,0.8082769505535048,6.0,0.297806,36.49629223744292,18.522100538599645,0.148589,8.795280000000002,85
1069,EDWIN PINTO MARTINEZ,INDIVIDUAL,YAPACANI,51.01,492,13803.87,28.228773006134972,54.986605000000004,11.539666666666669,2.7705019203647154,45.2,0.073171,0.8082520325203252,0.7651158302522445,4.85,0.302846,36.46151162790698,18.59953757225433,0.140244,9.675120000000001,84
1070,ANDREA MERCADO PEREZ,INDIVIDUAL,PAILON,81.84,741,20917.98,28.537489768076398,63.527651,11.406363636363636,1.662301520431109,17.05,0.062078,0.866774628879892,0.8358481623420438,5.84,0.299595,36.504543689320386,18.46050847457627,0.148448,1.232748,85
1071,ASOC. PROD. OKINAWA NO.1071,ASOCIACION,OKINAWA,152.64,245,6742.910000000001,27.978879668049796,16.83097,11.076401673640166,1.6466899641342323,15.83,0.040816,0.8063673469387757,0.7810151730720422,3.84,0.269388,36.563273809523814,18.398914285714287,0.126531,0.7528839999999999,84
1072,ASOC. PROD. MINEROS NO.1072,COOPERATIVA,MINEROS,144.45,286,7946.49,28.17904255319149,37.528052,11.555724637681159,2.760507170182169,45.2,0.090909,0.8723076923076923,0.8706534688887358,6.0,0.339161,36.369789473684214,18.68490476190476,0.178322,10.11272,83
1074,CAMILA CALLISAYA MACHACA,INDIVIDUAL,MINEROS,201.71,1857,51718.61,28.184528610354224,148.921934,11.314270776004403,1.750294572246511,17.05,0.065697,0.8102638664512656,0.8158940287272878,5.72,0.273021,36.438269525268,18.48755212355212,0.150781,1.59666,85
1075,AGROP. ANTELO HNOS. S.R.L.,EMPRESA AGROPECUARIA,LA GUARDIA,42.58,776,21724.97,28.214246753246755,60.603002000000004,11.246662269129287,1.7477814794160738,16.79,0.060567,0.8130798969072166,0.82882625055451,6.0,0.278351,36.41035781544256,18.44294776119403,0.118557,1.351,85
1076,AGROP. MARCA HNOS. S.R.L.,EMPRESA AGROPECUARIA,SAN PEDRO,92.87,1023,28399.690000000002,28.11850495049505,91.465288,11.52113567839196,2.3147552283745045,45.2,0.074291,0.781818181818182,0.772663840966308,5.31,0.262952,36.54956164383562,18.534098143236072,0.138807,8.701680000000001,85
1077,AGROP. CALLISAYA HNOS. S.R.L.,EMPRESA AGROPECUARIA,SAN JULIAN,242.44,1527,42720.16,28.216750330250992,124.597593,11.325355704697985,1.768499278703658,17.63,0.069417,0.8076358873608382,0.7985455182151173,6.0,0.288147,36.650450623202296,18.473628884826322,0.151277,1.5645,85
1078,ROSA ALVARADO CATACORA,INDIVIDUAL,CHARAGUA,94.82,536,14900.38,27.955684803001876,46.769238,11.363778195488722,1.681297984047475,16.62,0.061567,0.8264179104477613,0.8768445150248039,6.0,0.300373,36.63230971128609,18.4971581769437,0.145522,1.4365000000000003,85
1079,NELSON FLORES VARGAS,INDIVIDUAL,BUEN RETIRO,75.03,1022,28527.6,28.189328063241106,87.84373400000001,11.43736,2.067446629532658,45.2,0.079256,0.7852152641878669,0.7528480059875113,5.75,0.273973,36.59171428571428,18.548020231213872,0.142857,7.647120000000001,85
1080,JOSE LOPEZ SUAREZ,INDIVIDUAL,COTOCA,149.43,486,13795.050000000003,28.679937629937637,36.413376,11.271178947368423,1.7624608442186562,16.75,0.063786,0.7777366255144033,0.799341107900449,5.99,0.265432,36.33743902439024,18.454112426035504,0.135802,1.369755,85
1081,RODRIGO CALLISAYA MAMANI,INDIVIDUAL,SANTA ROSA,197.45,1336,37306.299999999996,28.219591527987895,120.112237,11.365255530129673,2.012133516846319,45.2,0.071108,0.8320209580838325,0.8201937029884176,6.0,0.304641,36.427250530785564,18.50777656078861,0.139970,10.152912000000002,85
1082,DANIELA SANCHEZ MARCA,INDIVIDUAL,SANTA ROSA,127.81,534,15111.430000000002,28.458436911487762,52.70447299999999,11.408699808795411,2.2364679990695233,45.2,0.065543,0.8431647940074907,0.8273672064857107,5.97,0.297753,36.31489071038252,18.58829268292683,0.174157,7.653360000000002,85
1083,ASOC. PROD. CUATRO CANADAS NO.1083,ASOCIACION,CUATRO CANADAS,1232.04,1593,44410.159999999996,28.107696202531642,128.940593,11.347733077905492,2.136470896811925,45.2,0.062147,0.780225988700565,0.7391033880613461,5.2,0.279975,36.53949468085106,18.534836363636362,0.150659,7.977840000000001,85
1084,ASOC. PROD. EL TORNO NO.1084,COOPERATIVA,EL TORNO,51.77,1066,29895.21,28.444538534728828,99.78530500000001,11.356150907354348,2.085297982328165,45.2,0.069418,0.8138086303939962,0.7752016469217768,6.0,0.296435,36.52457737321196,18.475552447552445,0.152908,9.389996000000004,85
1085,MARCELO MEDINA COPA,INDIVIDUAL,SAN JULIAN,386.86,785,21859.600000000002,28.02512820512821,65.462287,11.474597402597404,1.7703724546947004,16.58,0.077707,0.8255414012738854,0.8375212416621316,6.0,0.287898,36.603777372262776,18.39153429602888,0.164331,1.3452399999999998,85
1086,IVAN ANTELO CONDORI,INDIVIDUAL,MONTERO,61.39,262,7132.929999999999,27.540270270270266,15.986241,11.32278431372549,1.750972421770319,16.03,0.057252,0.718969465648855,0.7252417267935375,4.16,0.229008,36.435730994152046,18.528010204081635,0.122137,0.9180499999999998,80
1087,ASOC. PROD. SAN PEDRO NO.1087,ASOCIACION,SAN PEDRO,96.04,271,7492.969999999999,27.854907063197025,28.150883,11.441235955056179,2.7140416634390157,45.2,0.070111,0.817859778597786,0.7511846413834093,3.92,0.309963,36.45646766169155,18.537292817679557,0.114391,7.804992000000001,82
1088,ASOC. PROD. SANTA ROSA NO.1088,ASOCIACION,SANTA ROSA,498.72,1312,36676.96,28.23476520400308,124.11727800000001,11.370520995334369,2.3649466970956574,45.2,0.063262,0.8063795731707315,0.7868717345285511,5.49,0.291159,36.61645764576458,18.49840728100114,0.163872,8.45832,85
1089,OSCAR MEDINA VASQUEZ,INDIVIDUAL,PUERTO QUIJARRO,160.46,250,7008.950000000001,28.261895161290326,17.866327,11.334754098360657,1.6968851702007663,15.99,0.060000,0.7847600000000001,0.7344441266021545,4.38,0.280000,36.612928176795585,18.579364161849714,0.168000,0.9546899999999999,85
1090,ASOC. PROD. PAILON NO.1090,ASOCIACION,PAILON,131.64,738,20503.28,27.895619047619046,56.491904999999996,11.321864640883977,1.7959813688032198,16.23,0.078591,0.8153116531165311,0.7593514499794324,4.23,0.304878,36.61895953757225,18.428926553672316,0.159892,1.157101,85
1091,ASOC. PROD. PAILON NO.1091,ASOCIACION,PAILON,44.87,503,14157.650000000001,28.372044088176356,36.397345,11.312150101419878,1.7135568490671036,16.24,0.055666,0.8055666003976143,0.7598435222626271,4.52,0.282306,36.208991596638654,18.455054945054943,0.153082,0.9641160000000003,85
1092,AGROP. NAVIA HNOS. S.R.L.,EMPRESA AGROPECUARIA,OKINAWA,345.75,1513,42067.189999999995,28.06350233488992,122.194343,11.350683818551117,1.7418563535681206,17.43,0.058163,0.8143027098479843,0.8097788945394869,5.63,0.288830,36.47346082089552,18.488005644402634,0.151355,1.425577,85
1093,MIRIAM RIVERO PUMA,COMUNIDAD,YAPACANI,608.39,1056,29411.65,28.280432692307695,86.680299,11.39483653846154,1.756549019622388,16.75,0.075758,0.8192045454545455,0.8265751482212881,5.69,0.289773,36.55998673740053,18.447739726027397,0.161932,1.451905,85
1094,ASOC. PROD. EL TORNO NO.1094,ASOCIACION,EL TORNO,78.49,763,20890.16,28.04048322147651,61.84649399999999,11.375542168674697,2.1278571882769803,45.2,0.060288,0.7947706422018348,0.7363182821852896,6.0,0.289646,36.51290676416819,18.4942037037037,0.155963,9.478560000000002,85
1095,ASOC. PROD. ROBORE NO.1095,ASOCIACION,ROBORE,46.27,1263,34877.11,27.924027221777422,103.82585800000001,11.38249396621078,2.0837746911627564,45.2,0.079968,0.7865083135391924,0.7347204809672182,4.83,0.294537,36.580607424071985,18.473866513233602,0.132225,8.701680000000001,85
1096,RONALD COLQUE ANTELO,INDIVIDUAL,YAPACANI,20.66,792,22030.010000000002,27.956865482233503,66.749222,11.414738186462326,1.8017660849056891,17.69,0.080808,0.8101262626262626,0.7833544739293989,5.55,0.285354,36.64187062937062,18.54067615658363,0.147727,2.136401,85
1097,RONALD SANDOVAL CATACORA,INDIVIDUAL,BUEN RETIRO,179.63,1575,43887.88,28.02546615581098,170.331592,11.48,2.5909067534427983,45.2,0.073016,0.8057396825396826,0.7912053569990476,5.59,0.282540,36.512273972602735,18.526126373626376,0.142857,9.87085,85
1098,IVAN MAMANI GARCIA,INDIVIDUAL,PAILON,77.17,1006,27549.21,27.827484848484847,94.096637,11.463542094455853,2.0709319090734497,45.2,0.078529,0.8296421471172961,0.8011493430215387,5.14,0.306163,36.66268221574344,18.43661313868613,0.149105,8.44584,85
1099,ASOC. PROD. YAPACANI NO.1099,COOPERATIVA,YAPACANI,533.75,250,7010.35,28.381983805668018,24.414096,11.20156378600823,1.8076872189785422,16.41,0.064000,0.8987999999999999,0.9320333172251252,6.0,0.316000,36.556625766871164,18.622033898305084,0.168000,1.3925,83
1100,ASOC. PROD. SANTA ROSA NO.1100,COOPERATIVA,SANTA ROSA,49.55,1031,28614.42,28.05335294117647,83.35193399999999,11.232929493545186,2.0008568885016302,45.2,0.049467,0.8206983511154219,0.8268294204205645,6.0,0.284190,36.54209395973155,18.52907042253521,0.136760,8.136960000000002,85
1101,AGROP. APAZA HNOS. S.R.L.,EMPRESA AGROPECUARIA,SAN JULIAN,316.05,1267,35100.72,28.125576923076924,104.486231,11.381472244569592,1.9636583488336152,45.2,0.060773,0.8053433307024466,0.7776681257351844,5.83,0.292818,36.472662983425415,18.526497175141245,0.149961,10.26792,85
1102,ASOC. PROD. SAN JULIAN NO.1102,ASOCIACION,SAN JULIAN,148.34,242,6732.78,28.288991596638656,28.956234,11.328127659574466,2.8114854304288603,45.2,0.057851,0.8548760330578512,0.7784313577697792,3.58,0.347107,36.36805714285714,18.447988505747126,0.152893,8.894587000000001,80
1103,ALBERTO ANTELO PUMA,INDIVIDUAL,ROBORE,118.27,744,20701.67,28.165537414965986,58.860327,11.299240331491713,1.8076890798422243,16.72,0.067204,0.8238037634408604,0.7735645198813059,6.0,0.317204,36.49703422053231,18.603972868217053,0.161290,1.6500000000000001,85
1104,ASOC. PROD. WARNES NO.1104,COOPERATIVA,WARNES,197.98,1822,51013.509999999995,28.309384017758045,163.22886599999998,11.383532699832308,2.210068640726112,45.2,0.063666,0.7936169045005489,0.7764525508721163,6.0,0.282108,36.54523577235773,18.515827974276522,0.147640,11.590800000000003,85
1105,ASOC. PROD. WARNES NO.1105,ASOCIACION,WARNES,30.45,1025,28989.750000000004,28.44921491658489,93.443009,11.27585,2.314805002521742,45.2,0.058537,0.8021170731707317,0.7926317824377772,4.83,0.285854,36.56865357643758,18.53109530583215,0.130732,8.31168,85
1106,PAOLA SALVATIERRA FLORES,INDIVIDUAL,WARNES,109.57,507,14060.25,28.008466135458168,35.945691000000004,11.308790322580643,1.8035696782296564,16.95,0.059172,0.7750887573964497,0.7244213596628725,5.93,0.282051,36.319060773480665,18.499603174603177,0.163708,1.5529499999999998,85
1107,IVAN HUANCA MARCA,INDIVIDUAL,SAN JULIAN,48.25,503,14209.490000000002,28.36225548902196,33.70735500000001,11.349757085020242,1.6979743156397922,16.57,0.061630,0.7656660039761433,0.7042839203159994,4.29,0.274354,36.424969879518066,18.54311111111111,0.141153,1.0307309999999998,85
1108,FERNANDO GARCIA YUJRA,COMUNIDAD,PORTACHUELO,36.8,2298,63777.729999999996,28.09591629955947,175.92506899999998,11.39999556147359,1.8724945486686446,45.2,0.067015,0.793716275021758,0.7652271560479319,6.0,0.280679,36.50151914626491,18.417791878172586,0.152742,7.406880000000002,85
1109,ALBERTO CHOQUE FLORES,INDIVIDUAL,EL TORNO,33.48,532,14862.7,28.256083650190117,56.640938999999996,11.385953757225433,2.2866270209618014,45.2,0.060150,0.8470864661654135,0.8609892090622131,5.36,0.291353,36.55451871657754,18.40488188976378,0.154135,10.639860000000002,85
1110,ASOC. PROD. EL TORNO NO.1110,ASOCIACION,EL TORNO,251.34,756,21175.55,28.271762349799733,54.56625900000001,11.310216216216215,1.7315786931317922,16.16,0.063492,0.7874603174603175,0.7386093284985402,4.5,0.289683,36.37960396039604,18.376108007448792,0.146825,2.47506,85
1111,PATRICIA SANCHEZ HUANCA,INDIVIDUAL,PUERTO QUIJARRO,285.57,798,22342.91,28.318010139416984,70.800039,11.457113665389524,1.7318642576012648,16.99,0.066416,0.8576691729323308,0.8512951713919209,6.0,0.328321,36.428672727272726,18.56345878136201,0.167920,1.447328,85
1113,JULIO SORIA RIVERO,INDIVIDUAL,PUERTO QUIJARRO,99.92,798,22079.480000000003,27.91337547408344,71.156966,11.288796895213453,2.181403675677605,45.2,0.067669,0.7843107769423558,0.7597055585342932,4.89,0.281955,36.32696817420436,18.56685082872928,0.159148,9.6564,85
1114,SUSANA MARTINEZ AGUILAR,INDIVIDUAL,BUEN RETIRO,333.27,1287,35730.64,27.93638780297107,105.81988700000001,11.361169960474308,1.7599115044590419,17.24,0.072261,0.809052059052059,0.8121749707638972,5.8,0.279720,36.426161395856056,18.483273942093543,0.128982,1.4321880000000005,85
1115,EDWIN CHAMBI GARCIA,INDIVIDUAL,MONTERO,257.16,765,21312.17,28.190701058201057,53.539784,11.453911882510013,1.674315024035673,17.7,0.062745,0.7703529411764705,0.7201350628717734,4.32,0.290196,36.4207476635514,18.550112359550564,0.135948,1.4767899999999998,85
1116,ASOC. PROD. YAPACANI NO.1116,ASOCIACION,YAPACANI,56.18,1557,44139.97,28.51419250645995,140.61397100000002,11.409763001974984,2.3211813689902554,45.2,0.071291,0.7613680154142582,0.7819318843761855,6.0,0.257547,36.525669077757684,18.586400367309462,0.148362,9.955920000000003,85
1117,MARIA SALVATIERRA MORALES,INDIVIDUAL,PORTACHUELO,76.18,808,22477.82,28.02720698254364,61.651258000000006,11.40353459119497,1.7517726782089318,16.76,0.074257,0.7949752475247523,0.7520302133330403,4.92,0.285891,36.46732758620689,18.529283154121863,0.158416,1.03425,85
1118,ASOC. PROD. SAN PEDRO NO.1118,ASOCIACION,SAN PEDRO,122.5,1552,43663.8,28.353116883116886,118.44136400000001,11.336417322834643,1.7344880354057441,17.64,0.062500,0.7911920103092784,0.7657423694624872,5.56,0.275773,36.57252543940795,18.527972350230414,0.155284,1.5462959999999997,85
1119,ASOC. PROD. LA GUARDIA NO.1119,ASOCIACION,LA GUARDIA,46.04,1018,28123.629999999997,27.84517821782178,72.811488,11.347858585858587,1.7422533031966116,16.53,0.057957,0.7765422396856582,0.751513732117487,5.26,0.281925,36.48453038674033,18.46656695156695,0.167976,1.96251,85
1120,ASOC. PROD. BUEN RETIRO NO.1120,ASOCIACION,BUEN RETIRO,133.31,520,14574.53,28.19058027079304,51.213959,11.359627450980392,2.3619353013600493,45.2,0.065385,0.7812884615384615,0.7482084404675201,4.28,0.280769,36.415331491712706,18.471194444444443,0.136538,10.314720000000003,84
1121,LUIS PUMA CHUQUIMIA,INDIVIDUAL,PORTACHUELO,121.92,742,20613.440000000002,28.04549659863946,65.154238,11.248936464088398,2.1111913744307302,45.2,0.055256,0.8135175202156336,0.8350769229861184,6.0,0.270889,36.37992633517495,18.606023166023167,0.153639,10.105200000000002,85
1122,DANIEL MERCADO MARCA,INDIVIDUAL,ROBORE,111.32,1332,36938.45,27.96249053747161,130.123738,11.341516079632466,2.357144352921032,45.2,0.057057,0.8267792792792793,0.7955755200137571,6.0,0.298799,36.52526147278548,18.47715800636267,0.179429,9.746250000000003,85
1123,JUAN CHAMBI CATACORA,INDIVIDUAL,GENERAL SAAVEDRA,337.67,498,13856.829999999998,28.164288617886175,40.57758200000001,11.433491735537189,1.8224355185831105,16.95,0.090361,0.7600803212851406,0.8034953780261298,6.0,0.273092,36.47919220055711,18.35260744985673,0.138554,1.979,85
1124,PEDRO PUMA PEDRAZA,INDIVIDUAL,GENERAL SAAVEDRA,128.33,248,7025.379999999999,28.675020408163263,21.567791999999997,11.373102040816326,1.7649565109222032,16.5,0.060484,0.8394354838709677,0.8856752975345552,5.31,0.310484,36.31855555555555,18.36198830409357,0.120968,1.331359,82
1125,CARMEN YUJRA LOPEZ,INDIVIDUAL,YAPACANI,385.36,284,7966.959999999999,28.352170818505336,22.632785,11.447428571428572,1.715006242160729,15.98,0.066901,0.7911971830985915,0.7828808648919356,4.54,0.281690,36.45971698113207,18.481039603960394,0.123239,1.000758,80
1126,AGROP. MARCA HNOS. S.R.L.,EMPRESA AGROPECUARIA,PORTACHUELO,78.48,1511,41936.42,28.069892904953146,132.69409100000001,11.406314727639542,2.1708213064383886,45.2,0.075447,0.794030443414957,0.7563227326305727,4.73,0.285242,36.597956064947475,18.481649387370403,0.142290,10.239840000000003,85
1127,YENNY GUTIERREZ CALLISAYA,INDIVIDUAL,PAILON,132.03,273,7495.12,27.862899628252787,26.640591000000004,11.62266917293233,2.6564078489478606,45.2,0.080586,0.758021978021978,0.7613033808873337,5.53,0.285714,36.43552763819096,18.331894736842106,0.128205,8.196240000000003,83
1128,SILVIA PINTO PEREZ,INDIVIDUAL,SAN PEDRO,117.13,790,22268.25,28.476023017902815,84.878876,11.483556701030928,2.7457889831534135,45.2,0.078481,0.7600759493670887,0.7719432094951844,6.0,0.265823,36.55817699115044,18.545881326352532,0.144304,9.592056000000001,85
1129,ASOC. PROD. PUERTO SUAREZ NO.1129,ASOCIACION,PUERTO SUAREZ,75.83,1263,35300.240000000005,28.217617905675464,114.447907,11.354764227642276,2.2017359970793153,45.2,0.067300,0.7862232779097387,0.7858438916583615,5.91,0.271576,36.647037887485645,18.43107142857143,0.140934,8.186880000000002,85
1130,ASOC. PROD. PORTACHUELO NO.1130,COOPERATIVA,PORTACHUELO,90.39,477,13086.909999999998,27.726504237288133,36.967594,11.40677966101695,1.6685389728110234,17.77,0.052411,0.8188469601677149,0.81474936320867,5.58,0.303983,36.50972972972973,18.448882352941173,0.125786,1.5361820000000002,85
1131,PATRICIA CASTRO RODRIGUEZ,INDIVIDUAL,WARNES,319.75,548,15195.44,28.139703703703706,43.536027000000004,11.447874306839187,1.8152732961533675,16.8,0.078467,0.8214051094890511,0.7769586537667621,5.35,0.301095,36.47706329113924,18.563691460055093,0.147810,1.2519299999999998,85
1132,ASOC. PROD. ROBORE NO.1132,ASOCIACION,ROBORE,606.21,1544,43274.44,28.339515389652917,119.616413,11.420823994726433,2.1038761924091256,45.2,0.056347,0.7686139896373057,0.745324347067575,5.55,0.277850,36.37723720930233,18.491576492537316,0.156736,9.013672,85
1133,ASOC. PROD. PAILON NO.1133,COOPERATIVA,PAILON,92.03,568,15755.410000000002,28.08450980392157,58.35302900000001,11.383392857142857,2.2807032753868604,45.2,0.075704,0.838556338028169,0.8467275070807825,5.12,0.292254,36.3594890510949,18.414647519582243,0.176056,10.018320000000001,85
1134,GUSTAVO CRUZ NAVIA,INDIVIDUAL,SAN JULIAN,58.74,1278,35746.670000000006,28.37037301587302,106.43272400000001,11.41740207833733,2.03516958639905,45.2,0.075900,0.7801408450704225,0.7634964570807471,4.87,0.265258,36.50252985884908,18.546775280898878,0.143975,8.31024,85
1136,ASOC. PROD. LA GUARDIA NO.1136,ASOCIACION,LA GUARDIA,89.99,1020,28144.4,27.921031746031748,92.333763,11.37692152917505,2.2927236317182538,45.2,0.054902,0.7935588235294119,0.7800553448260865,5.48,0.264706,36.430687237026646,18.46140252454418,0.137255,9.294480000000002,85
1137,DIEGO VASQUEZ COPA,COMUNIDAD,COTOCA,102.1,1063,29859.77,28.27629734848485,76.932623,11.324141898370087,1.7434134637994663,17.2,0.061148,0.8010348071495765,0.7660506378605831,5.45,0.285042,36.51786008230452,18.534278002699057,0.153340,1.29851,85
1138,ASOC. PROD. SAN PEDRO NO.1138,ASOCIACION,SAN PEDRO,59.22,778,21524.489999999998,28.099856396866837,80.83076600000001,11.391134289439375,2.1621355586199478,45.2,0.071979,0.8836375321336761,0.8503303966728879,6.0,0.317481,36.50480151228734,18.540715596330273,0.160668,8.885760000000003,83
1139,WILBER VACA LOPEZ,INDIVIDUAL,SAN PEDRO,197.66,1334,37290.09,28.228682816048444,113.93273800000001,11.345895465026903,1.9402236750086328,45.2,0.052474,0.8341379310344827,0.7951105075052798,5.11,0.308846,36.52736501079914,18.490481798715205,0.166417,9.048000000000002,85
1140,RAUL COPA PUMA,INDIVIDUAL,ROBORE,92.54,1291,35863.89,27.974953198127924,96.690428,11.332149606299213,1.740805505330103,16.72,0.062742,0.7829512006196746,0.7821262293914236,6.0,0.272657,36.5315200868621,18.483661202185793,0.150271,1.408,85
1141,GUSTAVO GARCIA MONTAÑO,INDIVIDUAL,MINEROS,79.04,1880,52178.57,28.128609164420485,176.273433,11.385799236224766,2.3865979575957748,45.2,0.068085,0.7762234042553192,0.7631642575258539,6.0,0.277660,36.418017309205354,18.493262578616353,0.140957,11.693528000000002,85
1142,ASOC. PROD. BUEN RETIRO NO.1142,COOPERATIVA,BUEN RETIRO,173.64,257,7130.01,27.8516015625,14.854659,11.258498023715413,1.6080813141420889,15.39,0.046693,0.7306614785992217,0.6914968691988908,4.2,0.256809,36.39123595505618,18.635251396648044,0.140078,1.3949010000000002,82
1143,ASOC. PROD. YAPACANI NO.1143,ASOCIACION,YAPACANI,136.52,782,22084.689999999995,28.49637419354838,58.852773,11.295877763328997,1.7322252940693852,16.56,0.065217,0.7914322250639386,0.7766891846232905,5.87,0.276215,36.56711111111111,18.50528776978417,0.154731,1.4996779999999998,85
1144,ASOC. PROD. YAPACANI NO.1144,COOPERATIVA,YAPACANI,32.9,797,22353.089999999997,28.259279393173195,90.01595300000001,11.438926261319535,2.7112863342930873,45.2,0.069009,0.7957841907151819,0.7880943835531018,5.38,0.273526,36.53366666666667,18.564839857651243,0.146801,10.720320000000001,85
1145,BEATRIZ MERCADO GARCIA,INDIVIDUAL,MINEROS,36.12,1320,36877.02,28.193440366972474,115.224208,11.365231124807396,1.9384525898434037,45.2,0.067424,0.8052045454545456,0.7981555427905538,6.0,0.278788,36.515171673819744,18.56137486573577,0.146212,10.785954000000002,85
1146,IVAN CATACORA SANCHEZ,INDIVIDUAL,PUERTO QUIJARRO,50.89,1040,29210.92,28.30515503875969,98.746203,11.42034347399411,2.018761408036551,45.2,0.057692,0.8350865384615384,0.7956948599287144,4.99,0.302885,36.45087078651686,18.58448611111111,0.156731,9.843904000000002,85
1147,ANDREA RIVERO SALVATIERRA,INDIVIDUAL,LA GUARDIA,659.11,520,14462.240000000002,28.08201941747573,50.58857700000001,11.359548133595286,2.3253434239933934,45.2,0.065385,0.8251923076923078,0.7829625828265471,5.12,0.303846,36.391745152354574,18.600135135135137,0.159615,10.086960000000003,85
1148,VICTOR TICONA CRUZ,INDIVIDUAL,MONTERO,78.43,282,7920.08,28.185338078291814,22.907659000000002,11.363978102189781,1.6564521023211882,16.7,0.049645,0.8405319148936169,0.7668974798037977,3.88,0.312057,36.51205128205128,18.349042553191488,0.127660,0.8537399999999999,83
1149,ASOC. PROD. SAN PEDRO NO.1149,ASOCIACION,SAN PEDRO,88.01,1255,34845.3,27.965730337078654,154.61357800000002,11.454319286871963,2.7618627243569107,45.2,0.068526,0.858199203187251,0.8239764953635785,5.12,0.310757,36.55713789107764,18.511834654586636,0.162550,10.289760000000001,85
1150,AGROP. HUANCA HNOS. S.R.L.,EMPRESA AGROPECUARIA,BUEN RETIRO,77.81,782,21715.129999999997,28.01952258064516,63.658249,11.28632944228275,1.7546722461265696,17.97,0.069054,0.7977877237851663,0.8167922900113326,6.0,0.272379,36.498073394495414,18.521423357664236,0.135550,1.6360000000000001,85
1151,JESSICA SALVATIERRA AGUILAR,INDIVIDUAL,YAPACANI,377.0,1011,28148.63,28.12050949050949,78.40617699999999,11.280342052313884,2.0278848841653185,45.2,0.055391,0.7813847675568744,0.7579106646364882,5.89,0.269041,36.56882102272727,18.469597122302158,0.160237,7.940400000000002,85
1152,ROSA SANDOVAL PEREZ,INDIVIDUAL,PUERTO QUIJARRO,131.45,231,6495.1,28.239565217391306,22.663062000000004,11.305398230088496,1.8729477825779193,15.92,0.086580,0.8418614718614718,0.8924813956582429,5.37,0.281385,36.387388535031846,18.45193939393939,0.186147,1.4729329999999998,78
1153,ASOC. PROD. SANTA ROSA NO.1153,ASOCIACION,SANTA ROSA,143.27,1269,35778.42,28.395571428571426,115.060212,11.32528791565288,1.966603911270136,45.2,0.057526,0.8192434988179668,0.8092867296890763,4.65,0.299448,36.568907284768216,18.468844444444443,0.151300,9.65328,85
1154,JULIO SUAREZ TICONA,INDIVIDUAL,MONTERO,216.88,506,14361.159999999998,28.664990019960076,51.527669,11.487626774847872,2.777588488534492,45.2,0.073123,0.7465217391304348,0.7270227886181001,5.39,0.258893,36.319,18.420734463276837,0.136364,9.793680000000002,85
1155,ASOC. PROD. SANTA ROSA NO.1155,ASOCIACION,SANTA ROSA,205.04,553,15383.550000000001,27.97009090909091,46.685797,11.252798507462686,1.7915230309822625,16.76,0.070524,0.8324773960216998,0.8241419626367258,5.03,0.307414,36.55596858638743,18.530458221024258,0.159132,1.200134,85
1156,ASOC. PROD. GENERAL SAAVEDRA NO.1156,COOPERATIVA,GENERAL SAAVEDRA,130.3,1022,28597.47,28.174847290640397,88.524827,11.428013902681231,2.301460342814548,45.2,0.079256,0.7631604696673189,0.7256794524182636,5.33,0.266145,36.492146974063395,18.519999999999996,0.144814,10.885680000000002,85
1157,OSCAR MARTINEZ SALVATIERRA,INDIVIDUAL,BUEN RETIRO,44.27,1034,28987.309999999998,28.252738791423,77.57528900000001,11.369970208540218,2.0480668524522327,45.2,0.065764,0.7502417794970988,0.7176617401243173,4.93,0.263056,36.4429522431259,18.500512129380052,0.159574,8.53944,85
1158,NELSON ROMERO CUELLAR,INDIVIDUAL,SAN JULIAN,74.94,530,14631.869999999999,27.87022857142857,48.450506,11.523800383877159,1.7535689295964523,17.55,0.075472,0.8765471698113207,0.7947064720938269,4.13,0.315094,36.60704109589041,18.479086021505378,0.169811,1.0206080000000002,85
1159,ASOC. PROD. BUEN RETIRO NO.1159,ASOCIACION,BUEN RETIRO,33.25,502,13888.68,28.001370967741938,46.860302000000004,11.533882113821136,2.281849432658753,45.2,0.085657,0.773207171314741,0.7560158417667991,5.31,0.266932,36.436882022471906,18.580190217391305,0.143426,10.211760000000004,85
1160,RENE MAMANI VILLCA,INDIVIDUAL,CHARAGUA,239.45,769,21292.86,27.98010512483574,63.703841000000004,11.383324503311258,2.0956909673499657,45.2,0.070221,0.7761508452535759,0.7668107370027812,4.24,0.258778,36.46217726396917,18.435698529411766,0.157347,8.174400000000002,85
1161,FELIX NAVIA HUANCA,INDIVIDUAL,LA GUARDIA,177.15,1017,28039.699999999997,27.95583250249252,82.426431,11.413965691220989,2.100118831374181,45.2,0.083579,0.773598820058997,0.7443542280722264,5.71,0.283186,36.51576868829337,18.480624999999996,0.158309,7.65336,85
1162,RICHARD RIVERO LIMA,INDIVIDUAL,SAN PEDRO,50.08,1871,51976.57000000001,28.141077422847864,136.189785,11.328473655621943,1.746930197420287,16.62,0.065206,0.777659005879209,0.7620185501853645,6.0,0.275254,36.57516541353383,18.51305255023184,0.148584,1.4780000000000002,85
1163,AGROP. TICONA HNOS. S.R.L.,EMPRESA AGROPECUARIA,EL TORNO,35.06,471,13077.6,28.123870967741937,45.562677,11.456428571428571,1.7857167740918471,16.55,0.080679,0.8529087048832272,0.867373284723321,6.0,0.312102,36.4846394984326,18.509668674698794,0.169851,1.5505,83
1164,AGROP. TICONA HNOS. S.R.L.,EMPRESA AGROPECUARIA,CHARAGUA,25.72,499,13951.42,28.299026369168356,42.101554,11.33291836734694,1.786458679902605,17.17,0.078156,0.8107815631262525,0.8150573380061752,5.63,0.282565,36.55066282420749,18.519293785310733,0.156313,1.335755,85
1165,ASOC. PROD. PORTACHUELO NO.1165,ASOCIACION,PORTACHUELO,18.85,544,15399.509999999998,28.676927374301673,53.937706,11.465880149812733,2.2703029098959853,45.2,0.068015,0.7773161764705881,0.7515250077231201,3.81,0.279412,36.41590425531915,18.325601023017903,0.154412,12.180480000000001,85
1166,AGROP. RIVERO HNOS. S.R.L.,EMPRESA AGROPECUARIA,CHARAGUA,80.57,1300,36490.64,28.353255633255632,127.20912200000001,11.365364134690681,2.560064463897012,45.2,0.067692,0.8063384615384616,0.7627802409469949,6.0,0.292308,36.52576086956521,18.483329633740293,0.159231,10.199280000000003,85
1167,CLAUDIA CRUZ GUTIERREZ,INDIVIDUAL,SAN JULIAN,87.75,518,14556.899999999998,28.320817120622564,35.775804,11.327563850687621,1.7465832670136041,17.12,0.055985,0.7916795366795367,0.7585456903944762,6.0,0.289575,36.508867924528296,18.584293785310734,0.144788,1.5035,85
1168,ASOC. PROD. ROBORE NO.1168,COOPERATIVA,ROBORE,278.03,293,8184.97,28.030719178082194,29.47486,11.275172413793104,1.8054339751657345,16.53,0.078498,0.8777474402730374,0.8485469314653419,4.44,0.310580,36.4450243902439,18.32851282051282,0.129693,1.008276,85
1169,DIEGO CUELLAR GUTIERREZ,INDIVIDUAL,YAPACANI,298.33,1093,30402.16,28.176237256719183,104.18752400000001,11.386619850187264,2.503522485178622,45.2,0.063129,0.7658279963403477,0.7648660825489662,6.0,0.278134,36.444388961892244,18.58558940397351,0.146386,10.639200000000002,85
1170,MONICA CRUZ AGUILAR,INDIVIDUAL,PUERTO SUAREZ,150.45,785,21497.05,27.738129032258062,57.763366999999995,11.353324607329844,1.7234066493508473,18.22,0.075159,0.7743439490445858,0.7925109340114826,4.97,0.266242,36.50536936936937,18.358584229390683,0.141401,1.3744539999999996,85
1171,MARIA RIVERO MORALES,INDIVIDUAL,PORTACHUELO,271.09,733,20162.06,27.84814917127072,56.650176,11.354581005586592,1.7419397492256723,16.83,0.069577,0.7808458390177353,0.7987838053766361,6.0,0.266030,36.47674089068826,18.44122736418511,0.150068,1.3095,85
1172,DIEGO PUMA CUELLAR,INDIVIDUAL,PORTACHUELO,14.31,489,13562.079999999998,27.905514403292177,37.658672,11.199915966386554,1.770622249611194,16.48,0.065440,0.7815950920245398,0.772300634558717,4.38,0.284254,36.225042253521124,18.54471098265896,0.184049,1.04006,85
1173,ASOC. PROD. SAN PEDRO NO.1173,ASOCIACION,SAN PEDRO,80.06,525,14646.06,28.383837209302325,46.093526000000004,11.413875968992249,2.219256084604127,45.2,0.060952,0.8147428571428571,0.7504335773273814,4.48,0.299048,36.483678474114434,18.563619302949057,0.163810,7.95912,85
1174,LUIS TORREZ CATACORA,INDIVIDUAL,EL TORNO,20.46,740,20427.47,28.05971153846154,61.741086,11.305322359396433,1.8098348344764894,17.01,0.060811,0.8214324324324326,0.8708899851300155,6.0,0.289189,36.53996183206107,18.531022044088175,0.160811,1.282904,85
1175,ASOC. PROD. PORTACHUELO NO.1175,COOPERATIVA,PORTACHUELO,110.84,774,21628.2,28.309162303664923,73.302894,11.416543535620052,2.15143789098423,45.2,0.072351,0.8192894056847545,0.8308149252804308,5.06,0.286822,36.41090073529411,18.460445632798578,0.153747,10.239840000000003,85
1176,ASOC. PROD. SAN JULIAN NO.1176,COOPERATIVA,SAN JULIAN,857.15,737,20213.75,27.881034482758622,53.350863,11.406736111111108,1.7715723942499086,16.76,0.071913,0.7613839891451831,0.7487582005167825,4.63,0.249661,36.557283236994216,18.52610586011342,0.166893,1.169586,85
1177,YENNY MARTINEZ MERCADO,INDIVIDUAL,MONTERO,63.63,261,7176.650000000001,27.924708171206227,27.576859999999996,11.367254901960784,1.815123776642508,16.52,0.099617,0.9118773946360152,0.8736228284841068,6.0,0.344828,36.54157608695652,18.547538461538462,0.118774,1.566,79
1178,CARLOS VARGAS COLQUE,INDIVIDUAL,OKINAWA,384.23,1043,28703.629999999997,27.894684159378034,91.644214,11.35502923976608,2.2644307633643934,45.2,0.058485,0.7923202301054652,0.7652613525204098,6.0,0.268456,36.53147994467497,18.498881215469613,0.156280,9.715520000000001,85
1179,RAUL RODRIGUEZ APAZA,INDIVIDUAL,LA GUARDIA,102.75,804,22288.260000000002,27.860325000000003,73.955959,11.454101265822784,2.101273050033451,45.2,0.067164,0.8082835820895524,0.7910498969131661,6.0,0.289801,36.42605263157895,18.568932384341636,0.148010,10.1712,85
1180,PATRICIA MACHACA CATACORA,INDIVIDUAL,CHARAGUA,136.74,1339,37038.21,27.84827819548872,114.31929200000002,11.302655538694992,1.9482078881396865,45.2,0.066468,0.8136295743091858,0.8126193417097702,6.0,0.283047,36.45915183246074,18.451019108280256,0.158327,10.171200000000002,85
1181,ASOC. PROD. SANTA ROSA NO.1181,COOPERATIVA,SANTA ROSA,90.11,994,27393.750000000004,27.867497456765008,89.278472,11.380327868852458,2.108969731477723,45.2,0.083501,0.8064688128772636,0.7852913363291323,6.0,0.292757,36.46369343065694,18.551362318840578,0.167002,9.946560000000003,85
1182,ASOC. PROD. ROBORE NO.1182,ASOCIACION,ROBORE,109.37,251,6958.16,28.170688259109312,29.808316,11.559271255060729,2.832648986334191,45.2,0.083665,0.7709163346613546,0.7560224579813166,5.04,0.274900,36.43569696969697,18.49186813186813,0.143426,9.940320000000002,80
1183,AGROP. MONTAÑO HNOS. S.R.L.,EMPRESA AGROPECUARIA,MINEROS,50.8,503,14172.800000000001,28.40240480961924,47.314933999999994,11.451431451612903,1.7716667286235928,17.12,0.085487,0.8562027833001987,0.8626578581981172,6.0,0.306163,36.495403225806456,18.47163323782235,0.143141,1.220857,85
1184,ASOC. PROD. LA GUARDIA NO.1184,ASOCIACION,LA GUARDIA,84.58,840,23194.4,28.01256038647343,69.171889,11.404029126213592,1.7214576120856793,17.13,0.064286,0.8,0.8604003004395248,6.0,0.267857,36.49896666666667,18.525221088435373,0.142857,1.6228500000000006,85
1185,ASOC. PROD. PUERTO QUIJARRO NO.1185,ASOCIACION,PUERTO QUIJARRO,41.73,993,27765.829999999998,28.217306910569103,95.521606,11.388045267489712,2.0326714261488514,45.2,0.062437,0.8464853977844915,0.8378540621576409,5.1,0.309164,36.51901849217639,18.458011126564674,0.154079,9.45048,85
1186,ASOC. PROD. SAN JULIAN NO.1186,ASOCIACION,SAN JULIAN,80.41,243,6735.75,27.833677685950413,23.824361,11.239341563786008,1.8256651619830324,15.97,0.082305,0.9340329218106999,0.8664085835345926,4.67,0.316872,36.44415300546448,18.356172839506172,0.164609,1.0514549999999998,81
1187,SILVIA CHAMBI SALVATIERRA,INDIVIDUAL,YAPACANI,83.13,524,14831.43,28.52198076923077,46.617079,11.349419729206963,1.6533296366543144,16.82,0.043893,0.8532824427480916,0.8633701077858288,5.94,0.301527,36.514726775956284,18.556490765171503,0.146947,1.235536,85
1188,CLAUDIA MONTAÑO CHOQUE,INDIVIDUAL,OKINAWA,105.55,242,6818.140000000001,28.291037344398344,16.534907,11.223583333333332,1.690369619075496,15.43,0.045455,0.7426859504132232,0.7805587798797943,5.07,0.231405,36.47888235294118,18.25364161849711,0.136364,1.238094,81
1189,VIVIANA MARCA MERCADO,INDIVIDUAL,PAILON,41.06,1784,50064.149999999994,28.44553977272727,170.924944,11.417591743119266,2.083719324240969,45.2,0.069507,0.8149495515695068,0.8327130298983234,5.58,0.280830,36.532000000000004,18.52655004068348,0.154709,10.949310000000002,85
1190,MARCELO VILLCA RODRIGUEZ,COMUNIDAD,MONTERO,81.6,765,21356.5,28.10065789473684,61.300383,11.301742021276596,1.7553293468126727,17.18,0.061438,0.840326797385621,0.8218375993227259,5.06,0.282353,36.440072859744994,18.45365853658537,0.156863,1.401038,85
1191,AGROP. QUISPE HNOS. S.R.L.,EMPRESA AGROPECUARIA,PAILON,46.9,1005,27926.779999999995,28.038935742971884,70.690233,11.350387359836901,1.73270316498889,17.73,0.064677,0.752955223880597,0.7656556723167871,6.0,0.260697,36.431327561327564,18.506090651558075,0.167164,1.7850000000000004,85
1192,ASOC. PROD. ROBORE NO.1192,COOPERATIVA,ROBORE,99.64,542,15176.220000000001,28.526729323308274,52.619619,11.435912547528519,2.6899287694506695,45.2,0.062731,0.8317527675276752,0.8271741473242312,5.0,0.302583,36.57480106100796,18.579897172236507,0.151292,8.71728,84
1193,ASOC. PROD. YAPACANI NO.1193,ASOCIACION,YAPACANI,228.46,274,7497.450000000001,27.768333333333334,18.555063,11.346133828996283,1.7044644836583742,18.26,0.062044,0.7562408759124087,0.7228571416682334,4.74,0.255474,36.636984924623114,18.63236559139785,0.138686,1.4249700000000003,83
1194,ASOC. PROD. SAN PEDRO NO.1194,ASOCIACION,SAN PEDRO,124.25,263,7210.950000000001,27.949418604651164,23.093778999999998,11.334163424124512,1.9083720208762376,17.43,0.091255,0.805019011406844,0.816063851399418,4.88,0.266160,36.62216374269006,18.645967741935486,0.117871,1.263612,81
1195,ASOC. PROD. MONTERO NO.1195,ASOCIACION,MONTERO,132.58,760,21053.289999999997,28.03367509986684,49.445681,11.304235924932975,1.7711005240845046,17.06,0.068421,0.7381052631578948,0.7207471891337485,6.0,0.243421,36.61302583025831,18.444865384615383,0.169737,1.5210000000000001,85
1196,LUIS GARCIA SANDOVAL,INDIVIDUAL,PORTACHUELO,111.13,775,21745.77,28.4258431372549,77.001794,11.561825396825396,2.124633098345679,45.2,0.081290,0.8395870967741936,0.8330866827779221,5.18,0.296774,36.425531531531526,18.447499999999998,0.160000,9.132240000000003,85
1197,ASOC. PROD. LA GUARDIA NO.1197,COOPERATIVA,LA GUARDIA,27.02,1249,34623.490000000005,28.012532362459552,95.05543,11.360268948655255,1.7273217609767124,18.21,0.060849,0.7693995196156925,0.7765681248904842,5.46,0.263411,36.479588299024925,18.471567944250868,0.164932,1.378586,85
1198,CARMEN SANCHEZ AGUILAR,INDIVIDUAL,EL TORNO,107.28,256,7137.669999999998,27.99086274509803,18.113875,11.557410358565736,1.8830375638664971,18.2,0.093750,0.700078125,0.6862046754559802,3.6,0.246094,36.45771739130435,18.432307692307692,0.160156,1.0907399999999998,83
1199,AGROP. COLQUE HNOS. S.R.L.,EMPRESA AGROPECUARIA,PORTACHUELO,263.77,833,23388.08,28.38359223300971,75.99997400000001,11.342567237163813,2.0628176499730513,45.2,0.057623,0.7877430972388956,0.8335578554273979,6.0,0.262905,36.44663778162912,18.577747899159665,0.145258,9.060480000000002,85
1200,ASOC. PROD. BUEN RETIRO NO.1200,ASOCIACION,BUEN RETIRO,145.5,753,20828.4,27.99516129032258,68.795278,11.324824797843664,2.205944896012271,45.2,0.082337,0.798605577689243,0.7641441428721869,4.56,0.297477,36.64432432432432,18.635714285714286,0.143426,6.338395000000001,85
1201,ASOC. PROD. SAN JULIAN NO.1201,ASOCIACION,SAN JULIAN,116.13,993,27628.52,28.16362895005097,97.338398,11.396127703398557,2.081919772304928,45.2,0.070493,0.8397079556898288,0.8522138007594033,6.0,0.287009,36.56097421203439,18.400945347119645,0.165156,9.72192,85
1202,ASOC. PROD. EL TORNO NO.1202,ASOCIACION,EL TORNO,144.38,1009,28289.479999999996,28.289479999999998,88.403581,11.322180527383368,1.7419642369778217,16.88,0.067393,0.8526065411298316,0.8421956404673742,4.65,0.305253,36.61497214484679,18.5767081604426,0.159564,1.156283,85
1203,ASOC. PROD. ROBORE NO.1203,ASOCIACION,ROBORE,81.33,719,19947.89,28.016699438202245,55.711507999999995,11.2342194092827,1.837379234997558,17.12,0.076495,0.795048678720445,0.7726184301284542,4.97,0.267038,36.611142284569134,18.60875,0.139082,1.2703259999999998,85
1204,ASOC. PROD. PUERTO SUAREZ NO.1204,COOPERATIVA,PUERTO SUAREZ,27.19,740,20619.49,28.130272851296045,58.468942999999996,11.428085399449037,2.134964503849375,45.2,0.059459,0.7772432432432432,0.7229472607564156,4.09,0.274324,36.62313609467456,18.44285992217899,0.128378,8.663574,85
1205,ANDREA PEREZ FLORES,INDIVIDUAL,PUERTO QUIJARRO,36.7,800,21928.02,27.898244274809162,60.795944000000006,11.30308280254777,1.7924270754876241,16.32,0.062500,0.78765,0.7968123146833506,6.0,0.262500,36.529785714285715,18.48437269372694,0.172500,1.7080000000000002,85
1206,ELIZABETH GARCIA COLQUE,INDIVIDUAL,SAN JULIAN,46.6,523,14436.63,27.92384912959381,35.748666,11.361124031007753,1.7640043524493423,16.73,0.066922,0.7929445506692161,0.7314422657375091,5.81,0.296367,36.54643617021276,18.494728260869564,0.124283,1.2881179999999999,85
1207,ASOC. PROD. YAPACANI NO.1207,ASOCIACION,YAPACANI,172.26,517,14307.12,28.053176470588237,40.257315,11.42549902152642,1.716853967175691,16.6,0.079304,0.7868665377176014,0.7330745541353495,4.44,0.288201,36.58268907563025,18.538271954674222,0.137331,1.1226459999999996,85
1208,ALBERTO GARCIA SUAREZ,INDIVIDUAL,OKINAWA,78.7,275,7683.820000000001,27.941163636363637,20.496924,11.421226765799254,1.7117065055295033,16.47,0.072727,0.7814545454545455,0.7717739972643229,4.87,0.276364,36.56945945945946,18.344455445544554,0.120000,1.162161,80
1209,ASOC. PROD. WARNES NO.1209,ASOCIACION,WARNES,89.88,741,20451.190000000002,28.09229395604396,59.453907,11.395631067961165,1.7528337128236764,18.17,0.059379,0.8449932523616734,0.8234198011180729,5.69,0.302294,36.52133603238867,18.559158512720156,0.145749,1.374152,85
1210,ASOC. PROD. PUERTO SUAREZ NO.1210,ASOCIACION,PUERTO SUAREZ,330.26,260,7215.33,27.96639534883721,17.746705,11.514206349206349,1.6927119866064002,16.02,0.084615,0.7718461538461538,0.6837725068360389,4.47,0.296154,36.55867816091954,18.591744186046512,0.150000,1.579056,80
1211,ASOC. PROD. YAPACANI NO.1211,COOPERATIVA,YAPACANI,158.53,705,19560.300000000003,28.02335243553009,48.285557,11.358744588744589,1.7595072089073143,17.17,0.070922,0.7878014184397163,0.7370854884798171,4.53,0.276596,36.601800847457625,18.567320388349515,0.167376,0.8463359999999999,85
1212,MIRIAM GUTIERREZ COPA,INDIVIDUAL,SAN PEDRO,215.2,988,27306.43,27.892165474974465,90.832523,11.445351239669423,2.047195645496415,45.2,0.070850,0.8496558704453443,0.8277217441327633,6.0,0.307692,36.51479889042996,18.503274596182088,0.159919,7.129200000000002,85
1213,ASOC. PROD. SAN PEDRO NO.1213,ASOCIACION,SAN PEDRO,100.16,492,13784.82,28.07498981670061,48.47577,11.551262939958592,2.3053148629723306,45.2,0.073171,0.7976016260162601,0.7521155091752552,5.0,0.292683,36.45126099706745,18.47088319088319,0.144309,8.177520000000001,85
1214,DIEGO SANDOVAL COLQUE,INDIVIDUAL,PUERTO SUAREZ,78.47,502,13873.71,28.084433198380566,37.930645000000005,11.338279352226719,1.747082899030274,16.01,0.069721,0.7962151394422311,0.7892218163350038,5.26,0.294821,36.54008695652174,18.559032258064516,0.133466,1.2724619999999998,85
1215,ASOC. PROD. CUATRO CANADAS NO.1215,ASOCIACION,CUATRO CANADAS,30.26,528,14728.85,28.108492366412214,43.668378000000004,11.374824902723732,1.7206822586311892,17.52,0.062500,0.83875,0.8208756085460708,6.0,0.299242,36.508092783505155,18.49196629213483,0.140152,1.55,85
1216,FERNANDO AGUILAR PUMA,INDIVIDUAL,EL TORNO,148.17,467,12871.5,27.920824295010846,51.81040900000001,11.4778384279476,2.3389423071271533,45.2,0.057816,0.8810278372591005,0.9153923460965214,6.0,0.301927,36.49794366197183,18.519815950920243,0.111349,8.392800000000001,85
1217,ENRIQUE ALVARADO GUTIERREZ,INDIVIDUAL,GENERAL SAAVEDRA,55.17,240,6622.27,27.82466386554622,19.190255000000004,11.34873417721519,1.6087054225885913,15.9,0.045833,0.8216666666666665,0.9093855880968287,6.0,0.245833,36.59075581395348,18.596436781609196,0.195833,1.4605000000000001,80
1218,VIVIANA CHAMBI CALLISAYA,INDIVIDUAL,BUEN RETIRO,59.39,763,21126.55,27.982185430463574,79.771512,11.459128686327078,2.481749797740573,45.2,0.079948,0.817208387942333,0.7956130981352059,5.21,0.294889,36.47400375939849,18.48741573033708,0.162516,10.92312,85
1219,AGROP. GUTIERREZ HNOS. S.R.L.,EMPRESA AGROPECUARIA,PAILON,85.55,1018,28336.899999999998,28.000889328063238,92.613036,11.353746223564956,2.2895854815813457,45.2,0.067780,0.7942829076620824,0.7779579745397837,6.0,0.272102,36.42258620689655,18.466744525547444,0.136542,10.41456,85
1220,CARLOS SANCHEZ PINTO,INDIVIDUAL,EL TORNO,186.57,808,22363.64,28.165793450881612,116.46573000000001,11.61921618204804,3.410786930624307,45.2,0.075495,0.8403341584158416,0.8003642369220259,4.59,0.329208,36.60550724637682,18.53880415944541,0.131188,9.050000000000002,85
1221,VANESSA YUJRA YUJRA,INDIVIDUAL,ROBORE,53.46,783,21588.38,27.92804657179819,86.007679,11.590220492866406,2.6944434556574683,45.2,0.061303,0.7991698595146871,0.7813943864805926,5.58,0.282248,36.50895683453237,18.611601423487542,0.141762,9.778080000000003,85
1222,ASOC. PROD. LA GUARDIA NO.1222,COOPERATIVA,LA GUARDIA,130.75,1261,35019.68,28.060641025641026,106.41703,11.409699431356621,2.0026438599786607,45.2,0.067407,0.8072402854877082,0.7619383157309821,6.0,0.295004,36.45085011185682,18.44527713625866,0.152260,8.505120000000002,85
1223,JESSICA ALVARADO ANTELO,INDIVIDUAL,OKINAWA,335.29,1281,35715.549999999996,28.27834520981789,124.49270800000001,11.365269841269843,1.9664236391775776,45.2,0.060890,0.8723419203747073,0.8477083880227457,5.28,0.316940,36.45117782909931,18.439613196814562,0.158470,7.078918000000001,85
1224,ASOC. PROD. PORTACHUELO NO.1224,COOPERATIVA,PORTACHUELO,369.88,1769,49834.729999999996,28.444480593607302,168.57784700000002,11.43380787037037,2.095631702312897,45.2,0.068966,0.8271905031091011,0.8649713386825816,6.0,0.283211,36.589137380191694,18.571226645004064,0.150367,7.95912,85
1225,ASOC. PROD. SAN JULIAN NO.1225,ASOCIACION,SAN JULIAN,56.61,505,13943.150000000001,27.886300000000002,37.046018,11.356285714285715,1.7684973576133696,15.92,0.081188,0.7813861386138613,0.79647266728251,5.4,0.255446,36.38385756676558,18.5415406162465,0.158416,1.3593280000000003,85
1226,AGROP. CHOQUE HNOS. S.R.L.,EMPRESA AGROPECUARIA,ROBORE,29.48,776,21745.73,28.204578469520104,79.295496,11.432578534031414,2.445021158795295,45.2,0.069588,0.8137371134020619,0.7941843146525704,5.07,0.297680,36.536256781193494,18.379192100538603,0.140464,8.964279000000001,85
1227,ASOC. PROD. MINEROS NO.1227,ASOCIACION,MINEROS,339.5,240,6667.2300000000005,28.131772151898737,18.486204999999998,11.297136752136751,1.6769348975874125,16.05,0.050000,0.8431666666666667,0.7870228669019084,4.66,0.300000,36.43975155279502,18.31972067039106,0.175000,1.88365,81
1229,ASOC. PROD. OKINAWA NO.1229,ASOCIACION,OKINAWA,93.55,283,7847.85,28.128494623655914,20.977326,11.234191176470588,1.6888796501058752,15.54,0.063604,0.8277385159010601,0.8086117879317533,5.32,0.307420,36.653681592039796,18.496499999999997,0.190813,1.099008,80
1230,ASOC. PROD. MONTERO NO.1230,COOPERATIVA,MONTERO,99.14,1295,36126.18000000001,28.11375875486382,103.38190800000001,11.44305164319249,2.350105164109459,45.2,0.061004,0.7387799227799228,0.6931553596492663,6.0,0.252510,36.5074668141593,18.525256124721604,0.149035,9.480458000000004,85
1231,ALBERTO QUISPE CUELLAR,INDIVIDUAL,MONTERO,111.21,540,15196.73,28.458295880149812,53.556352,11.484391634980987,2.283794985095858,45.2,0.072222,0.8388703703703703,0.8176846479762483,6.0,0.294444,36.410695876288656,18.472454308093997,0.125926,7.9528799999999995,85
1232,OSCAR LIMA SANDOVAL,INDIVIDUAL,PUERTO SUAREZ,26.69,252,7065.120000000001,28.260480000000005,20.831901,11.34821138211382,1.8647175340157638,15.71,0.075397,0.8282936507936509,0.8131953751753258,5.3,0.273810,36.75475138121547,18.528913043478266,0.130952,1.2745199999999999,81
1233,ASOC. PROD. MINEROS NO.1233,COOPERATIVA,MINEROS,103.14,524,14711.86,28.346551059730253,46.774273,11.333029126213592,1.820988461728742,17.41,0.080153,0.8626908396946565,0.8049893481903144,4.74,0.333969,36.552936507936515,18.390949720670392,0.164122,1.2128820000000002,84
1234,ASOC. PROD. SAN JULIAN NO.1234,ASOCIACION,SAN JULIAN,151.55,754,20934.26,28.175316285329743,68.019593,11.349102040816327,2.1205607605453705,45.2,0.066313,0.7878116710875331,0.8164402124636043,5.77,0.271883,36.38804832713755,18.388558225508316,0.145889,7.194720000000002,85
1235,ASOC. PROD. COTOCA NO.1235,COOPERATIVA,COTOCA,33.93,1039,28983.820000000003,28.221830574488806,95.58013499999998,11.357890625,2.3144876797462146,45.2,0.068335,0.7976419634263715,0.7816368643293431,5.96,0.283927,36.49282814614343,18.532561307901908,0.130895,8.905512,85
1236,CINTHIA TICONA NAVIA,INDIVIDUAL,LA GUARDIA,121.43,498,13975.070000000002,28.404613821138213,40.735367000000004,11.472622950819673,1.7376067722340596,16.79,0.074297,0.8053012048192771,0.8039369986668777,6.0,0.271084,36.494011461318046,18.5366295264624,0.164659,1.429,85
1237,MARCELO VACA ANTELO,COMUNIDAD,CHARAGUA,68.52,773,21519.469999999998,28.203761467889905,58.290397999999996,11.329367588932806,1.7447340659843311,16.47,0.059508,0.7932212160413971,0.7874482293798379,5.17,0.274256,36.54154128440367,18.464291044776118,0.144890,1.2964529999999999,85
1238,ASOC. PROD. BUEN RETIRO NO.1238,ASOCIACION,BUEN RETIRO,147.11,246,6793.69,27.957572016460905,21.732066999999997,11.442116182572615,1.7275556198799178,18.09,0.069106,0.8432926829268292,0.8017298464196775,3.5,0.317073,36.40179190751445,18.574176470588235,0.178862,1.43892,81
1239,ASOC. PROD. GENERAL SAAVEDRA NO.1239,COOPERATIVA,GENERAL SAAVEDRA,38.0,1293,35984.65,27.981842923794712,98.53895899999999,11.32117415287628,1.7131604969811196,18.18,0.058005,0.8004176334106728,0.7819460395251515,6.0,0.300077,36.498754098360656,18.527098901098903,0.163186,1.75,85
1240,ASOC. PROD. COTOCA NO.1240,COOPERATIVA,COTOCA,185.96,975,26936.95,27.94289419087137,65.533517,11.276687697160884,1.7334934810030345,16.07,0.064615,0.7532102564102564,0.7272600911235985,6.0,0.265641,36.50340909090909,18.503125925925925,0.134359,1.2745000000000002,85
1241,ASOC. PROD. CUATRO CANADAS NO.1241,ASOCIACION,CUATRO CANADAS,77.7,1022,28421.380000000005,28.139980198019806,92.146394,11.395069306930694,1.9974887715867067,45.2,0.065558,0.8116731898238748,0.8198185693348558,5.65,0.297456,36.58575498575498,18.550752089136488,0.154599,9.28719,85
1242,MIGUEL SANCHEZ CUELLAR,INDIVIDUAL,ROBORE,104.25,714,19909.579999999998,28.280653409090906,57.520335,11.285451936872308,1.7537184151553593,17.1,0.061625,0.8281932773109244,0.8158663034738489,6.0,0.294118,36.56750988142292,18.528323699421964,0.140056,1.395,85
1243,AGROP. MORALES HNOS. S.R.L.,EMPRESA AGROPECUARIA,WARNES,127.39,492,13524.46,27.943099173553716,45.660409,11.419182389937104,1.7029450399531545,16.59,0.058943,0.8877235772357723,0.8734931749553003,6.0,0.329268,36.31002915451895,18.405087719298244,0.160569,1.3820000000000001,85
1244,AGROP. CATACORA HNOS. S.R.L.,EMPRESA AGROPECUARIA,MINEROS,492.35,2644,73954.54000000001,28.19463972550515,227.35968,11.357449612403101,1.997652482162974,45.2,0.062027,0.7928366111951589,0.7993390017593598,6.0,0.269667,36.550427892234545,18.462869287991495,0.160741,9.56592,85
1245,LUIS CATACORA LOPEZ,INDIVIDUAL,PORTACHUELO,63.47,753,20777.48,27.926720430107526,56.348533,11.322857142857142,2.1016138464502205,45.2,0.055777,0.7818326693227092,0.7589223453150724,6.0,0.276228,36.53922932330828,18.559119850187265,0.152722,5.640960000000001,84
1246,RICHARD CASTRO VASQUEZ,INDIVIDUAL,WARNES,84.09,777,21563.99,27.93262953367876,61.704956,11.146343381389253,1.6615421867545028,16.45,0.037323,0.8514285714285713,0.8169705434866605,5.37,0.306306,36.437319391634986,18.549457943925237,0.155727,1.274729,85
1247,ASOC. PROD. PUERTO QUIJARRO NO.1247,ASOCIACION,PUERTO QUIJARRO,110.68,756,21110.09,28.259825970548864,71.40617900000001,11.474588394062078,2.4445681096082725,45.2,0.059524,0.7381084656084655,0.7586488469561141,6.0,0.256614,36.45607142857143,18.465980952380953,0.148148,10.785840000000002,85
1248,ALBERTO SALVATIERRA NAVIA,INDIVIDUAL,PAILON,58.91,522,14601.95,28.298352713178296,59.889846,11.40353634577603,2.3481602928632355,45.2,0.072797,0.8775095785440613,0.8812551710438746,5.53,0.304598,36.57484848484849,18.589838274932614,0.157088,9.552183,85
1249,ASOC. PROD. BUEN RETIRO NO.1249,COOPERATIVA,BUEN RETIRO,63.02,769,21265.54,27.9442049934297,63.185753000000005,11.39276964047936,2.1327382208943853,45.2,0.078023,0.7647334200260079,0.7390426753429074,4.13,0.275683,36.44499047619048,18.470131826741994,0.149545,7.834320000000001,85
1250,ASOC. PROD. ROBORE NO.1250,COOPERATIVA,ROBORE,64.13,276,7634.08,27.861605839416058,24.727891000000003,11.421948529411763,1.7535590243711803,16.81,0.065217,0.8599275362318841,0.8616922010064629,4.73,0.315217,36.6053591160221,18.455582524271843,0.126812,1.0820160000000003,81
1251,ASOC. PROD. CHARAGUA NO.1251,ASOCIACION,CHARAGUA,128.92,807,22414.34,28.088145363408522,64.83046300000001,11.441068702290076,1.690624466201716,16.49,0.065675,0.8332218091697645,0.8080104715928319,5.83,0.306072,36.6225,18.516236559139784,0.169765,1.457211,85
1252,ASOC. PROD. ROBORE NO.1252,COOPERATIVA,ROBORE,188.24,514,14194.439999999999,28.052252964426874,37.305779,11.363127490039838,1.7200298179195197,15.71,0.083658,0.7812451361867703,0.767154946357603,4.55,0.282101,36.506918767507,18.473657142857142,0.151751,1.01354,85
1253,NATALIA GARCIA GUTIERREZ,INDIVIDUAL,GENERAL SAAVEDRA,80.05,264,7626.879999999999,28.99954372623574,22.041999000000004,11.300613026819924,1.6426806210437612,16.37,0.060606,0.8303030303030303,0.7983118494449186,3.94,0.287879,36.35778947368421,18.629719101123598,0.140152,1.017408,84
1254,LUIS CHAMBI MONTAÑO,INDIVIDUAL,CUATRO CANADAS,31.5,518,14533.18,28.27466926070039,50.899522,11.373031496062993,2.289763228802587,45.2,0.055985,0.822934362934363,0.8024063660895785,4.24,0.297297,36.683518005540165,18.424269662921347,0.138996,9.927840000000002,85
1255,AGROP. SALVATIERRA HNOS. S.R.L.,EMPRESA AGROPECUARIA,BUEN RETIRO,111.84,738,20482.649999999998,27.905517711171658,55.85805499999999,11.330440165061898,1.7696945539420927,15.93,0.081301,0.8057046070460705,0.7706349772232369,5.86,0.299458,36.45978846153845,18.527868525896412,0.154472,1.1582480000000004,85
1256,ASOC. PROD. MINEROS NO.1256,ASOCIACION,MINEROS,118.47,1051,28981.340000000004,27.86667307692308,113.53214600000001,11.424640077821012,2.764512977497923,45.2,0.073264,0.8203425309229306,0.7709255270615392,4.85,0.295909,36.50526666666667,18.56265560165975,0.153187,8.856684000000003,85
1257,ANDREA QUISPE MORALES,INDIVIDUAL,SAN JULIAN,258.38,1017,28458.270000000004,28.1486350148368,98.176478,11.419332669322708,2.2943251446298265,45.2,0.066863,0.8072173058013765,0.8557594505353298,6.0,0.279253,36.479972752043594,18.499536231884058,0.159292,9.793680000000002,85
1258,VANESSA COPA CUELLAR,COMUNIDAD,WARNES,224.17,1627,45276.34,28.10449410304159,137.337662,11.264095477386935,1.9488363137213724,45.2,0.059619,0.8187645974185617,0.8043991198009471,6.0,0.292563,36.462593582887706,18.472302977232925,0.147511,8.321040000000002,85
1260,JULIO SORIA CONDORI,INDIVIDUAL,SAN JULIAN,424.46,553,15447.490000000002,28.08634545454546,52.543037,11.472403669724772,2.306552985514642,45.2,0.077758,0.8038517179023508,0.7871885119429182,5.22,0.278481,36.636015228426395,18.534656488549622,0.133816,6.93576,85
1261,AGROP. SORIA HNOS. S.R.L.,EMPRESA AGROPECUARIA,CHARAGUA,168.17,1034,29048.52,28.395425219941348,88.16386,11.405542406311637,1.9999231603394492,45.2,0.064797,0.8088781431334623,0.8072255368985409,5.35,0.276596,36.53397202797203,18.449290681502085,0.150870,8.224029999999999,85
1262,ASOC. PROD. CHARAGUA NO.1262,COOPERATIVA,CHARAGUA,69.34,516,14364.910000000002,28.111369863013703,36.688467,11.447918287937743,1.780648015171426,16.58,0.091085,0.7786434108527132,0.7285752160297589,6.0,0.275194,36.385867768595034,18.569864130434784,0.143411,1.5370000000000001,85
1263,ASOC. PROD. BUEN RETIRO NO.1263,ASOCIACION,BUEN RETIRO,194.39,529,14864.19,28.312742857142858,34.799509,11.24448275862069,1.8138716454455384,16.97,0.064272,0.7519659735349715,0.7329071877186798,5.13,0.255198,36.551689373297,18.541618798955614,0.162571,1.1830140000000002,85
1264,DAVID MERCADO CHOQUE,INDIVIDUAL,PAILON,132.66,779,22113.590000000004,28.533664516129036,60.651573,11.306719160104988,1.7284641074366465,16.0,0.061617,0.8330166880616175,0.8068132198350402,6.0,0.302953,36.45729981378027,18.488062730627306,0.138639,1.658,85
1266,ASOC. PROD. EL TORNO NO.1266,ASOCIACION,EL TORNO,100.84,233,6507.109999999999,28.415327510917024,20.074675999999997,11.11227074235808,1.6432213484680902,14.9,0.042918,0.8642489270386267,0.9320285014007955,5.21,0.304721,36.56739644970414,18.448848484848483,0.167382,1.203072,83
1267,DAVID APAZA MORALES,INDIVIDUAL,CUATRO CANADAS,234.86,772,21398.940000000002,27.972470588235296,79.355711,11.494801061007957,2.4781052448314256,45.2,0.085492,0.8185751295336787,0.7857449418696779,5.8,0.303109,36.46288354898336,18.47928443649374,0.136010,9.721920000000003,85
1269,FREDDY MONTAÑO VARGAS,COMUNIDAD,YAPACANI,154.04,537,15029.3,28.250563909774435,59.267761,11.455494296577948,2.222478934061771,45.2,0.067039,0.907262569832402,0.8462488298649882,4.85,0.348231,36.66184415584416,18.51602666666667,0.150838,8.732340000000002,85
1272,AGROP. MEDINA HNOS. S.R.L.,EMPRESA AGROPECUARIA,ROBORE,249.28,779,21282.15,27.7111328125,60.070221000000004,11.35097911227154,1.7751889766532172,17.72,0.059050,0.815250320924262,0.7774144959038348,5.42,0.296534,36.54061482820977,18.567795992714025,0.136072,1.3154049999999997,85
1273,ASOC. PROD. MINEROS NO.1273,ASOCIACION,MINEROS,293.05,1289,35863.1,28.06189358372457,117.28520799999998,11.409099526066353,2.193764136305194,45.2,0.062064,0.8024282389449184,0.7771223692041498,5.66,0.296354,36.53510857142857,18.491973684210528,0.166796,10.054085,85
1274,ASOC. PROD. COTOCA NO.1274,ASOCIACION,COTOCA,58.58,758,21203.58,28.196250000000003,55.402829999999994,11.29345060893099,1.8084446224595851,16.89,0.072559,0.7816622691292876,0.7547173577004804,5.64,0.298153,36.4374378585086,18.51695810564663,0.178100,1.356348,85
1275,AGROP. RODRIGUEZ HNOS. S.R.L.,EMPRESA AGROPECUARIA,COTOCA,81.26,1523,42329.020000000004,28.181770972037285,154.971992,11.478882943143812,2.495124943487027,45.2,0.080105,0.799284307288247,0.785760309545554,6.0,0.277085,36.522620370370376,18.45753176043557,0.145765,11.39837,85
1276,DIEGO NAVIA VASQUEZ,INDIVIDUAL,OKINAWA,45.43,804,22370.11,27.9626375,77.631152,11.375342639593908,2.164503695629915,45.2,0.083333,0.8390174129353234,0.8515087509074721,6.0,0.298507,36.44190812720847,18.384753820033957,0.149254,6.576960000000001,85
1277,VANESSA ROMERO MORALES,INDIVIDUAL,SANTA ROSA,125.68,1254,34840.670000000006,28.119991928974983,91.376194,11.319094616639477,1.681602077472183,16.47,0.051037,0.8156618819776714,0.7870771901805065,6.0,0.292663,36.43907880133185,18.410911161731207,0.139553,1.6515499999999999,85
1278,AGROP. LIMA HNOS. S.R.L.,EMPRESA AGROPECUARIA,PAILON,61.99,519,14272.76,27.82214424951267,42.091509,11.457722772277227,1.7218315052629651,17.81,0.059730,0.8186897880539499,0.8099045525725574,6.0,0.304432,36.59497282608695,18.431070422535214,0.134875,1.609,85
1279,ASOC. PROD. GENERAL SAAVEDRA NO.1279,COOPERATIVA,GENERAL SAAVEDRA,105.84,538,15266.029999999999,28.58807116104869,47.595293,11.473301526717558,1.6840489928283677,17.25,0.068773,0.8572862453531598,0.8518393265217143,6.0,0.304833,36.52944134078213,18.61485013623978,0.131970,1.522,85
1280,SUSANA TICONA ANTELO,COMUNIDAD,COTOCA,82.36,762,21280.03,28.000039473684208,59.788309,11.382651413189771,1.7821649652120133,16.92,0.076115,0.7946981627296589,0.7849912581662349,6.0,0.261155,36.55863970588236,18.44754789272031,0.143045,1.3240000000000003,85
1281,VALERIA SUAREZ GUTIERREZ,INDIVIDUAL,SAN JULIAN,161.3,1715,47624.55999999999,28.09708554572271,172.46697500000002,11.40886904761905,2.2519277495413794,45.2,0.064723,0.8238075801749271,0.8102866357229328,5.43,0.295044,36.436511627906974,18.514257095158598,0.151603,10.299120000000002,85
1282,ASOC. PROD. PUERTO SUAREZ NO.1282,ASOCIACION,PUERTO SUAREZ,123.31,1034,29059.160000000003,28.350400000000004,75.97414799999999,11.281641938674579,1.7594171161202372,16.32,0.060928,0.8121953578336557,0.7514580319633585,6.0,0.305609,36.394295485636114,18.480139082058415,0.159574,1.4435,85
1283,AGROP. SALVATIERRA HNOS. S.R.L.,EMPRESA AGROPECUARIA,ROBORE,22.71,535,15031.1,28.307156308851226,49.878927000000004,11.618396946564886,2.2434175877681173,45.2,0.074766,0.777663551401869,0.7619234228718116,4.66,0.267290,36.66549738219896,18.384547803617572,0.168224,9.434880000000001,85
1284,ASOC. PROD. GENERAL SAAVEDRA NO.1284,ASOCIACION,GENERAL SAAVEDRA,191.77,238,6655.98,28.08430379746835,16.579890999999996,11.462649572649571,1.8112269775561889,15.56,0.088235,0.7258403361344538,0.7881013394452072,5.87,0.239496,36.724871794871795,18.578323353293413,0.163866,1.46491,78
1285,RONALD CHAMBI LOPEZ,INDIVIDUAL,EL TORNO,285.12,750,20919.6,27.967379679144383,60.933685,11.273265582655826,1.7554201505470972,16.83,0.066667,0.8242933333333333,0.8078223835059781,5.74,0.304000,36.44984790874525,18.497743190661478,0.169333,1.8863640000000002,85
1286,AGROP. ROMERO HNOS. S.R.L.,EMPRESA AGROPECUARIA,YAPACANI,94.75,275,7666.21,28.08135531135531,22.611035,11.128308270676692,1.6653577311001675,16.09,0.047273,0.8402181818181819,0.8445993887077123,5.93,0.294545,36.51026178010472,18.443446601941744,0.174545,1.2561639999999998,82
1287,DAVID CHOQUE SORIA,INDIVIDUAL,SANTA ROSA,134.76,263,7435.179999999999,28.818527131782943,21.337263,11.255019455252919,1.6443026933251244,15.72,0.049430,0.7882129277566541,0.7723663946719163,3.88,0.258555,36.33089887640449,18.531176470588235,0.102662,2.5832040000000003,83
1288,MONICA MACHACA CONDORI,INDIVIDUAL,MINEROS,74.66,280,7698.9,27.793862815884474,17.737755999999997,11.332600732600731,1.669143243465149,16.4,0.046429,0.7245714285714286,0.758301130289721,5.52,0.242857,36.55781094527363,18.548445595854925,0.150000,1.3749839999999998,83
1289,ASOC. PROD. CUATRO CANADAS NO.1289,COOPERATIVA,CUATRO CANADAS,81.73,780,21680.53,28.193146944083225,57.421958000000004,11.347630208333333,1.7432129842470254,16.94,0.071795,0.779551282051282,0.785104052651628,6.0,0.261538,36.39180327868852,18.444298724954464,0.146154,1.5419999999999998,85
1290,CARMEN MEDINA TICONA,INDIVIDUAL,PAILON,114.15,783,22083.39,28.384820051413882,74.38418800000001,11.404483660130717,2.4650341482734444,45.2,0.061303,0.7903448275862069,0.7595905200696843,4.71,0.274585,36.380765027322404,18.386131907308375,0.154534,8.704800000000002,85
1291,ASOC. PROD. PAILON NO.1291,ASOCIACION,PAILON,48.64,1281,35590.56,28.090418310970794,119.88293200000001,11.442396166134184,2.038603856724882,45.2,0.078064,0.8202732240437158,0.8226494945694068,5.89,0.281811,36.54570949720671,18.517363737486097,0.149102,6.99192,85
1292,PAOLA SORIA CHUQUIMIA,INDIVIDUAL,PUERTO QUIJARRO,166.62,807,22508.140000000003,28.135175000000004,73.343063,11.336641509433964,2.1418697347745703,45.2,0.068154,0.8075588599752168,0.7928787350715895,5.26,0.286245,36.43577661431065,18.48762831858407,0.152416,9.893520000000002,85
1293,AGROP. SORIA HNOS. S.R.L.,EMPRESA AGROPECUARIA,SAN PEDRO,142.02,804,22265.329999999998,28.112790404040403,77.80428300000001,11.266043256997456,2.1194213230557106,45.2,0.062189,0.8518034825870645,0.8575146433585885,5.87,0.278607,36.39989399293286,18.654217311233886,0.164179,10.21488,85
1294,ROBERTO LOPEZ MEDINA,INDIVIDUAL,WARNES,205.17,711,19783.6,28.061843971631205,64.178174,11.237305475504321,2.1654414322037865,45.2,0.067511,0.8225597749648383,0.823643862947583,6.0,0.281294,36.41989539748955,18.400102880658437,0.133615,7.816242000000001,85
1295,AGROP. COLQUE HNOS. S.R.L.,EMPRESA AGROPECUARIA,PORTACHUELO,133.58,1264,35030.58,27.93507177033493,104.20517200000002,11.337520128824476,1.7385304032229474,17.1,0.071203,0.8362895569620252,0.827701937442676,6.0,0.306962,36.52406494960806,18.50941979522184,0.145570,1.4408799999999997,85
1296,RICARDO PEDRAZA FLORES,INDIVIDUAL,SAN PEDRO,265.63,534,14656.47,27.970362595419846,43.159281,11.425519230769229,2.2485121005447444,45.2,0.063670,0.7879962546816479,0.6993716772577361,4.95,0.299625,36.595159574468084,18.418037135278514,0.176030,9.092864000000002,85
1297,MARIA CUELLAR APAZA,INDIVIDUAL,PORTACHUELO,137.73,279,7778.880000000001,27.88129032258065,19.236581,11.4232,1.5631084321962094,16.2,0.046595,0.7766308243727599,0.765945207610067,5.65,0.279570,36.572380952380946,18.488860103626944,0.186380,1.3791700000000002,83
1298,ASOC. PROD. MONTERO NO.1298,ASOCIACION,MONTERO,48.29,277,7611.879999999999,27.780583941605837,41.995826,11.515410447761194,3.4404244005094426,45.2,0.061372,0.8666425992779784,0.9243551955817724,6.0,0.292419,36.76895287958115,18.616989795918368,0.126354,8.23056,82
1299,ASOC. PROD. PORTACHUELO NO.1299,ASOCIACION,PORTACHUELO,96.12,2500,69776.34999999999,28.226678802588992,209.42494200000002,11.307107404393816,1.7622535630638496,16.89,0.069600,0.8303200000000001,0.8200058911157808,6.0,0.300400,36.50940906483075,18.574667802385008,0.152000,2.85061,85
1300,MIGUEL MORALES CASTRO,INDIVIDUAL,SANTA ROSA,47.34,773,21469.93,28.06526797385621,64.169389,11.408055555555555,1.7229341374360825,16.76,0.072445,0.8134282018111254,0.828695534683051,6.0,0.297542,36.5000936329588,18.530951526032315,0.169470,1.3225,85
1301,ASOC. PROD. OKINAWA NO.1301,COOPERATIVA,OKINAWA,56.29,1004,27671.000000000004,27.838028169014088,91.297071,11.419928425357874,2.08753661150907,45.2,0.076693,0.8120418326693227,0.7687278366123346,5.18,0.286853,36.53947887323943,18.471350974930363,0.173307,7.59408,85
1302,AGROP. YUJRA HNOS. S.R.L.,EMPRESA AGROPECUARIA,LA GUARDIA,64.37,553,15326.990000000002,28.122917431192665,47.33444000000001,11.398957952468008,2.191700255748782,45.2,0.061483,0.7742314647377938,0.8245746580006401,5.72,0.256781,36.51971428571428,18.505948051948053,0.155515,7.440762000000002,85
1303,PAOLA MEDINA CHOQUE,INDIVIDUAL,OKINAWA,34.05,1252,35044.92,28.262032258064515,96.58723800000001,11.311124694376527,2.0108789049996023,45.2,0.058307,0.7834904153354633,0.73205482997431,4.32,0.279553,36.579840728100116,18.495865603644646,0.167732,7.690800000000001,85
1305,ASOC. PROD. BUEN RETIRO NO.1305,COOPERATIVA,BUEN RETIRO,89.52,2099,58640.67999999999,28.16555235350624,170.806,11.429092673459486,1.9174316361402644,45.2,0.073368,0.7796426869938066,0.7657011814931229,5.43,0.273464,36.5020830449827,18.41390560875513,0.134826,9.809280000000001,85
1306,VICTOR NAVIA QUISPE,INDIVIDUAL,YAPACANI,53.15,524,14571.830000000002,28.022750000000002,48.23594,11.520525291828793,2.258011924721734,45.2,0.070611,0.8192557251908398,0.7817275198936833,4.31,0.307252,36.435693215339235,18.63176470588235,0.148855,7.2633600000000005,85
1307,ASOC. PROD. EL TORNO NO.1307,ASOCIACION,EL TORNO,205.03,278,7698.77,27.894094202898554,24.467771999999997,11.381286764705882,1.8003981208269724,17.06,0.093525,0.8094604316546762,0.8111266378417243,5.79,0.302158,36.414191919191914,18.564502617801047,0.118705,1.4657399999999998,81
1308,AGROP. CASTRO HNOS. S.R.L.,EMPRESA AGROPECUARIA,BUEN RETIRO,72.84,778,21578.92,28.09755208333333,73.539264,11.331235216819973,2.1565017477436306,45.2,0.069409,0.8253213367609255,0.8058506857695319,6.0,0.299486,36.40633027522935,18.471056603773583,0.137532,8.979360000000002,85
1309,AGROP. SANCHEZ HNOS. S.R.L.,EMPRESA AGROPECUARIA,OKINAWA,152.5,1529,42469.399999999994,27.958788676761024,130.36192100000002,11.406937958639093,1.7518063622618962,17.3,0.072596,0.8334728580771745,0.8137573071400521,6.0,0.289732,36.43358507734304,18.486678932842683,0.161543,3.004512,85
1310,ENRIQUE TORREZ ANTELO,INDIVIDUAL,SANTA ROSA,158.25,1073,30162.65,28.189392523364486,92.75122300000001,11.401215574548909,2.0453307308453645,45.2,0.075489,0.8197949673811743,0.7637680029956886,5.47,0.302889,36.455213903743314,18.55112328767123,0.163094,8.30544,85
1311,LUIS CHUQUIMIA CATACORA,INDIVIDUAL,SAN JULIAN,28.91,534,14649.150000000001,27.797248576850098,37.087972,11.415363984674329,1.6994544573696353,15.57,0.058052,0.78625468164794,0.7949487686459187,6.0,0.273408,36.39912,18.414179487179485,0.146067,1.745,85
1312,ASOC. PROD. LA GUARDIA NO.1312,ASOCIACION,LA GUARDIA,62.86,283,7974.87,28.686582733812948,26.830604999999995,11.466981818181816,1.8119461599422744,18.42,0.084806,0.8651943462897528,0.8362769238124744,4.68,0.321555,36.80247474747475,18.579607843137254,0.180212,1.2177100000000005,84
1313,ASOC. PROD. PORTACHUELO NO.1313,ASOCIACION,PORTACHUELO,90.1,517,14223.3,27.7798828125,50.52462,11.401660079051384,2.2703130178626116,45.2,0.058027,0.8231721470019343,0.8219833238266233,5.03,0.268859,36.355580736543914,18.52468319559229,0.168279,8.97624,85
1315,AGROP. APAZA HNOS. S.R.L.,EMPRESA AGROPECUARIA,PORTACHUELO,31.2,1269,35250.83,28.155615015974444,128.73989600000002,11.502349155269508,2.4436175600457277,45.2,0.086682,0.7909456264775414,0.7834711373537795,5.6,0.282112,36.50017937219731,18.446355653128432,0.165485,8.591022000000002,85
1316,SANDRA HUANCA AGUILAR,INDIVIDUAL,LA GUARDIA,225.16,242,6651.87,27.949033613445376,21.295317999999998,11.35978448275862,1.7707812363805737,15.49,0.074380,0.8637603305785124,0.8160263961721353,4.61,0.326446,36.51639534883721,18.556312499999997,0.136364,1.136428,80
1317,PATRICIA VASQUEZ SORIA,INDIVIDUAL,SANTA ROSA,60.24,800,22487.340000000004,28.250427135678397,55.642707,11.293711734693877,1.711543297233226,16.18,0.060000,0.7947375,0.7378743146525903,4.28,0.275000,36.49953183520599,18.633978873239435,0.131250,1.176479,85
1318,ASOC. PROD. CUATRO CANADAS NO.1318,COOPERATIVA,CUATRO CANADAS,176.83,492,13765.869999999999,28.093612244897958,29.584716,11.275123966942148,1.6710934745697053,16.5,0.044715,0.7757520325203251,0.6888131735684214,4.79,0.262195,36.578054711246196,18.45795977011494,0.140244,0.911495,84
1319,SILVIA MEDINA CATACORA,INDIVIDUAL,BUEN RETIRO,86.14,779,21784.64,28.32853055916775,75.875923,11.383636363636365,2.143879046559038,45.2,0.068036,0.8174967907573814,0.8121913443727447,5.73,0.284981,36.54604316546762,18.524666666666672,0.165597,10.449688000000004,85
1320,NATALIA MERCADO SANCHEZ,INDIVIDUAL,GENERAL SAAVEDRA,61.45,791,21965.02,28.124225352112678,69.410601,11.362441860465117,2.067887812797848,45.2,0.055626,0.8036915297092289,0.8242848996948035,5.72,0.284450,36.52655303030303,18.50296089385475,0.155499,9.175230000000003,85
1321,FERNANDO CATACORA ROMERO,INDIVIDUAL,SAN PEDRO,14.29,1030,28411.909999999996,27.936981317600782,76.14804,11.327158415841584,1.6927814282941713,16.61,0.054369,0.793990291262136,0.7737805540801647,5.48,0.274757,36.51304469273744,18.48510344827586,0.140777,1.2243840000000004,85
1322,ALEJANDRA CASTRO GARCIA,INDIVIDUAL,WARNES,151.28,783,21821.869999999995,28.120966494845355,61.115612000000006,11.323543307086615,1.7323189144556739,16.09,0.071520,0.7928097062579821,0.7938030596448821,6.0,0.261814,36.436249999999994,18.405149253731338,0.150702,1.4251779999999998,85
1323,NELSON MERCADO MORALES,INDIVIDUAL,COTOCA,65.48,806,22452.75,28.101063829787233,61.654145,11.325992414664983,1.7402864582890982,16.66,0.048387,0.8143796526054591,0.7942070070016773,6.0,0.289082,36.497904599659286,18.358638743455497,0.137717,1.5010000000000003,85
1324,LAURA CUELLAR MACHACA,INDIVIDUAL,ROBORE,48.49,2059,57756.81999999999,28.298294953454185,171.427391,11.381132542037587,2.0157898358423587,45.2,0.062166,0.787887323943662,0.7922266015918391,5.66,0.268091,36.46850566572238,18.429483240223465,0.155415,9.790971000000003,85
1325,SUSANA SALVATIERRA SORIA,INDIVIDUAL,SAN JULIAN,51.7,1509,42539.67,28.322017310252996,168.208224,11.443042005420054,2.4714762542906317,45.2,0.068257,0.828005301524188,0.8301798628890076,6.0,0.300199,36.53193548387097,18.4374302213667,0.159708,9.483799000000001,85
1326,SERGIO ALVARADO CATACORA,INDIVIDUAL,PUERTO SUAREZ,122.36,1047,29038.44,28.029382239382237,76.17958399999999,11.34233075435203,1.7340109240392207,16.77,0.069723,0.7725119388729704,0.7581407099862121,6.0,0.282713,36.60548,18.57639037433155,0.144222,1.493,85
1328,MONICA SORIA MONTAÑO,COMUNIDAD,PUERTO QUIJARRO,15.86,1032,28566.76,27.924496578690125,82.969965,11.402687747035571,2.0103074867354502,45.2,0.067829,0.8255620155038759,0.7643035500479599,5.16,0.289729,36.441398305084746,18.526761517615178,0.168605,8.364564000000003,85
1330,DIEGO TICONA CALLISAYA,INDIVIDUAL,SAN JULIAN,72.39,274,7677.4400000000005,28.019854014598543,22.515311,11.369169811320754,1.7317929679767368,16.02,0.051095,0.8262408759124087,0.8248898874284057,5.71,0.291971,36.44150537634408,18.29127777777778,0.149635,1.1212110000000002,81
1331,AGROP. COPA HNOS. S.R.L.,EMPRESA AGROPECUARIA,BUEN RETIRO,207.92,499,13840.710000000001,27.84851106639839,42.865525000000005,11.37558521560575,1.7769688021730146,17.37,0.078156,0.8222645290581162,0.8263593414545306,5.2,0.282565,36.541030640668524,18.55719298245614,0.134269,1.0158719999999999,85
1332,ASOC. PROD. GENERAL SAAVEDRA NO.1332,COOPERATIVA,GENERAL SAAVEDRA,10.22,768,21105.479999999996,27.95427814569536,70.175092,11.435039893617024,2.1250176779410865,45.2,0.071615,0.8165104166666666,0.7912936019130381,6.0,0.294271,36.482798573975046,18.504746716697934,0.149740,7.974720000000001,85
1333,AGROP. PINTO HNOS. S.R.L.,EMPRESA AGROPECUARIA,PORTACHUELO,28.37,719,20084.62,28.12971988795518,70.123337,11.371353276353277,2.222977920189109,45.2,0.068150,0.8479415855354658,0.8192131845303432,5.24,0.308762,36.59998023715414,18.5101226993865,0.159944,8.010504000000003,85
1334,ASOC. PROD. WARNES NO.1334,ASOCIACION,WARNES,136.75,518,14734.9,28.556007751937983,48.90116499999999,11.372899408284024,2.3196275588120634,45.2,0.073359,0.7805791505791505,0.7499950048251789,4.67,0.289575,36.40657223796033,18.600698324022343,0.119691,10.370918000000001,85
1335,ASOC. PROD. MONTERO NO.1335,COOPERATIVA,MONTERO,30.01,1026,28544.17,28.039459724950884,108.40712,11.557127236580518,2.5393725863002876,45.2,0.074074,0.8392495126705652,0.7827558084942389,5.3,0.311891,36.487314285714284,18.557046703296702,0.148148,9.519120000000001,85
1336,ASOC. PROD. ROBORE NO.1336,COOPERATIVA,ROBORE,49.82,511,14104.56,27.764881889763778,42.608532,11.429920477137177,2.303847897129009,45.2,0.070450,0.7775733855185909,0.7548707083141277,5.21,0.242661,36.5229461756374,18.474431137724547,0.154599,9.22896,85
1337,EDWIN CRUZ MAMANI,INDIVIDUAL,SANTA ROSA,117.52,480,13400.31,28.151911764705883,30.6718,11.412978723404255,1.6586612050535756,16.18,0.058333,0.7317291666666665,0.7252557892902997,4.45,0.241667,36.42287009063444,18.664074074074076,0.150000,1.19821,84
1338,MIGUEL VILLCA ALVARADO,INDIVIDUAL,ROBORE,186.51,489,13543.509999999998,28.09856846473029,47.907902,11.308482328482329,2.3329698491139053,45.2,0.055215,0.8460736196319018,0.8186154611645008,6.0,0.302658,36.534642857142856,18.558290598290597,0.143149,8.586240000000002,85
1340,JORGE CONDORI VILLCA,INDIVIDUAL,PORTACHUELO,132.96,1076,29935.72,28.029700374531835,108.45659,11.50249527410208,2.275405754094781,45.2,0.078067,0.8074535315985131,0.8382922966262216,6.0,0.289033,36.44637107776262,18.520039318479686,0.140335,9.357619000000003,85
1341,SERGIO AGUILAR YUJRA,INDIVIDUAL,MONTERO,17.6,805,22470.980000000003,28.30098236775819,59.707405,11.303106060606062,1.754790286486114,17.27,0.069565,0.7734037267080746,0.7695767346298917,4.91,0.252174,36.67542124542124,18.59066783831283,0.134161,1.3703,85
1342,IVAN PEDRAZA MONTAÑO,INDIVIDUAL,OKINAWA,37.36,516,14218.750000000002,27.934675834970534,48.573297000000004,11.491383399209488,2.269157749980837,45.2,0.065891,0.8043604651162791,0.8151210392619923,5.92,0.255814,36.56475806451613,18.59789173789174,0.129845,8.227440000000001,85
1343,ASOC. PROD. OKINAWA NO.1343,COOPERATIVA,OKINAWA,68.63,1030,28458.269999999997,27.955078585461685,95.898488,11.465956392467788,2.04780435604484,45.2,0.071845,0.8285728155339804,0.8155708929798994,6.0,0.294175,36.421209563994374,18.497118881118883,0.135922,8.246160000000001,85
1344,ASOC. PROD. ROBORE NO.1344,ASOCIACION,ROBORE,44.89,1378,38798.71,28.46567131327953,120.710974,11.327336795252224,1.9111565816684881,45.2,0.052975,0.8271190130624093,0.828298455573,6.0,0.288099,36.50980612244898,18.4978125,0.158200,9.837620000000001,85
1345,NELSON GUTIERREZ PINTO,INDIVIDUAL,ROBORE,145.07,768,21317.799999999996,27.939449541284397,66.086586,11.29699867197875,1.8101428976295388,16.24,0.080729,0.8662760416666666,0.8478891263825513,6.0,0.321615,36.58060952380952,18.42761638733706,0.115885,1.4660000000000002,85
1346,AGROP. TORREZ HNOS. S.R.L.,EMPRESA AGROPECUARIA,EL TORNO,122.32,1330,37021.49,28.196108149276466,116.121111,11.487022256331542,2.1998214294157754,45.2,0.070677,0.7867819548872181,0.7500714923371925,5.79,0.282707,36.531975308641975,18.527993273542602,0.148120,9.62208,85
1347,ASOC. PROD. PAILON NO.1347,ASOCIACION,PAILON,222.42,1521,42631.54,28.27025198938992,111.606414,11.348152610441767,1.720219323779806,16.39,0.055884,0.7957264957264957,0.7712938643255234,5.23,0.280736,36.56035071942446,18.515555555555558,0.147929,1.2316500000000001,85
1348,JULIO MONTAÑO MARCA,COMUNIDAD,PUERTO SUAREZ,108.13,503,14165.469999999998,28.501951710261565,56.225412000000006,11.376666666666669,2.3236333757237353,45.2,0.077535,0.860238568588469,0.8932379562900974,5.82,0.286282,36.53354651162791,18.548448753462605,0.170974,8.879520000000001,84
1349,ASOC. PROD. SAN JULIAN NO.1349,COOPERATIVA,SAN JULIAN,178.18,1577,43950.619999999995,28.10141943734015,120.55508700000001,11.283206205559146,1.7921328539977226,17.14,0.066582,0.7856753329105898,0.7735670007676655,6.0,0.270133,36.55224324324324,18.477644444444447,0.147115,1.4210200000000002,85
1350,ASOC. PROD. WARNES NO.1350,COOPERATIVA,WARNES,306.62,1034,28305.61,27.859852362204727,94.44083499999999,11.435625615763547,2.085044089169596,45.2,0.079304,0.8190425531914893,0.802288807244665,6.0,0.294971,36.436652835408026,18.46913342503439,0.153772,10.149300000000002,85
1351,AGROP. QUISPE HNOS. S.R.L.,EMPRESA AGROPECUARIA,SAN PEDRO,67.36,521,14258.630000000001,27.68666019417476,34.867089,11.294372549019606,1.7538022400156472,16.62,0.072937,0.7501151631477926,0.7121206049137421,4.76,0.266795,36.467939560439554,18.49791237113402,0.134357,1.1347679999999998,85
1352,ASOC. PROD. CHARAGUA NO.1352,COOPERATIVA,CHARAGUA,182.41,765,21339.55,28.11534914361001,66.31624500000001,11.393018617021276,1.6793491731794687,15.72,0.062745,0.837673202614379,0.8338068397076532,5.27,0.292810,36.495085388994305,18.445912547528515,0.135948,1.3478850000000002,85
1353,YENNY CRUZ CONDORI,INDIVIDUAL,SANTA ROSA,208.65,258,7274.51,28.6398031496063,20.107445000000006,11.329610894941634,1.757380375873659,16.45,0.065891,0.7784108527131782,0.7594900205029873,5.61,0.271318,36.23888888888889,18.518531073446326,0.131783,1.4443130000000004,79
1354,AGROP. MONTAÑO HNOS. S.R.L.,EMPRESA AGROPECUARIA,LA GUARDIA,120.02,976,27365.119999999995,28.240577915376672,95.977949,11.34448167539267,2.051276490247903,45.2,0.061475,0.8787397540983608,0.8798355032137692,5.52,0.305328,36.50834319526627,18.47614825581395,0.167008,8.115120000000003,85
1355,NATALIA MAMANI NAVIA,INDIVIDUAL,MINEROS,47.25,745,20696.8,28.082496607869743,51.27430700000001,11.27478021978022,1.7196233572594894,17.48,0.059060,0.7832483221476509,0.7335912355580854,6.0,0.289933,36.428355140186916,18.36437858508604,0.126174,1.3160460000000003,85
1356,ASOC. PROD. EL TORNO NO.1356,ASOCIACION,EL TORNO,36.88,784,22048.6,28.413144329896905,73.214105,11.367783572359844,2.12930290265858,45.2,0.063776,0.8107780612244898,0.8380976645072044,6.0,0.290816,36.55469724770642,18.476429872495444,0.144133,9.681360000000002,85
1357,LUIS ROMERO APAZA,INDIVIDUAL,COTOCA,172.27,1027,28629.45,28.040597453476984,84.62917399999999,11.339258893280634,1.781706620316663,16.46,0.078870,0.8143330087633884,0.8082385355342908,6.0,0.280428,36.57292119565218,18.54156862745098,0.143135,1.701525,85
1358,BEATRIZ MACHACA YUJRA,INDIVIDUAL,LA GUARDIA,18.77,781,21760.26,28.114031007751937,66.080907,11.355058977719528,1.74926361422604,16.77,0.064020,0.8273879641485274,0.8440069809582353,6.0,0.289373,36.50279491833031,18.466169811320754,0.160051,1.2865,85
1359,MIGUEL MORALES MORALES,INDIVIDUAL,PUERTO SUAREZ,31.99,542,15189.269999999999,28.180463821892392,52.903621,11.381999999999998,2.286998379514451,45.2,0.062731,0.8372509225092252,0.8467746830819721,5.56,0.297048,36.61503978779841,18.623427109974426,0.158672,8.829600000000001,85
1360,AGROP. SORIA HNOS. S.R.L.,EMPRESA AGROPECUARIA,OKINAWA,77.86,518,14475.98,28.21828460038986,51.826901,11.433723196881092,2.3165912241465736,45.2,0.071429,0.8124710424710425,0.8953739232350671,6.0,0.249035,36.65002849002849,18.55721448467967,0.138996,7.410000000000001,85
1361,YENNY CRUZ SANCHEZ,INDIVIDUAL,SANTA ROSA,48.8,756,20858.98,27.738005319148936,54.90724899999999,11.341729729729732,1.6460768902086333,17.02,0.050265,0.8122089947089947,0.759709085990293,5.0,0.302910,36.52554511278195,18.50204460966543,0.161376,1.0432,85
1362,ASOC. PROD. MONTERO NO.1362,ASOCIACION,MONTERO,111.31,277,7725.76,28.09367272727273,20.017287,11.35466911764706,1.7410426216517656,16.74,0.061372,0.8012635379061372,0.7213565565969501,4.03,0.296029,36.46931937172774,18.596052631578946,0.155235,0.7507599999999995,82
1363,ASOC. PROD. PUERTO SUAREZ NO.1363,ASOCIACION,PUERTO SUAREZ,76.63,987,27365.43,27.952431052093974,73.406499,11.347515592515592,1.762821372318692,17.24,0.069909,0.7945086119554204,0.7599361005730394,5.8,0.279635,36.58386396526773,18.49743740795287,0.131712,1.5175229999999997,85
1364,ANA PEDRAZA MAMANI,INDIVIDUAL,PUERTO SUAREZ,39.26,548,15128.949999999999,28.225652985074625,49.336481,11.32589552238806,1.7505799146746042,17.68,0.072993,0.8586496350364964,0.7944404636780117,4.24,0.310219,36.554918918918915,18.44291777188329,0.155109,1.0123199999999999,84
1366,ALBERTO MACHACA FLORES,INDIVIDUAL,LA GUARDIA,70.03,1047,29126.739999999998,28.087502410800383,103.342611,11.334424951267057,2.2707013874456345,45.2,0.054441,0.8318051575931233,0.8260661968739146,5.35,0.300860,36.48419753086419,18.481467764060355,0.143266,8.963760000000002,85
1367,ASOC. PROD. CUATRO CANADAS NO.1367,COOPERATIVA,CUATRO CANADAS,83.34,1045,29275.789999999997,28.149798076923073,92.70542499999999,11.47192642787996,2.0993703528207774,45.2,0.077512,0.7758851674641148,0.7498815399552177,6.0,0.278469,36.52878016085791,18.43096899224806,0.146411,8.102057,85
1368,MIRIAM SALVATIERRA NAVIA,INDIVIDUAL,PAILON,24.9,569,15840.92,27.938130511463847,55.91772100000001,11.461752212389381,2.291488786897778,45.2,0.089631,0.8286994727592266,0.7922399133463408,4.32,0.298770,36.49799498746867,18.5060103626943,0.168717,7.229040000000002,85
1369,AGROP. CUELLAR HNOS. S.R.L.,EMPRESA AGROPECUARIA,CHARAGUA,104.5,784,22277.269999999997,28.70782216494845,78.861027,11.316914062500002,2.1434922541153587,45.2,0.065051,0.8492219387755103,0.8340204258478071,6.0,0.304847,36.52056880733945,18.554432624113478,0.161990,8.41464,85
1370,ASOC. PROD. PORTACHUELO NO.1370,COOPERATIVA,PORTACHUELO,36.5,1002,27851.7,27.963554216867472,100.34411800000001,11.404969262295081,2.3405137281961745,45.2,0.062874,0.8295908183632734,0.8483259251963062,6.0,0.282435,36.52293706293707,18.54907647907648,0.150699,9.475440000000003,85
1371,JULIO MACHACA PINTO,INDIVIDUAL,MINEROS,99.66,1250,34831.74,28.15823767178658,99.79379200000001,11.302532573289902,2.0047427107602647,45.2,0.067200,0.8022,0.7479428151695897,5.81,0.291200,36.463267670915414,18.51386946386946,0.148000,7.138560000000001,85
1372,ASOC. PROD. GENERAL SAAVEDRA NO.1372,COOPERATIVA,GENERAL SAAVEDRA,135.41,532,14771.16,28.189236641221374,41.789508,11.356950757575758,1.7765588289479448,16.37,0.073308,0.7922556390977443,0.7934981707319546,6.0,0.270677,36.30285714285715,18.45391304347826,0.146617,1.413,85
1374,ANA CALLISAYA MAMANI,INDIVIDUAL,MONTERO,95.03,248,6869.8,27.9260162601626,28.233860000000004,11.364918032786886,2.7074432523041234,45.2,0.052419,0.7972177419354839,0.7867726838421787,4.98,0.310484,36.405204678362566,18.346420454545456,0.149194,9.902880000000001,78
1375,ASOC. PROD. CUATRO CANADAS NO.1375,COOPERATIVA,CUATRO CANADAS,162.34,1013,28056.870000000003,28.113096192384774,96.81368199999999,11.365721493440969,2.3393985368626113,45.2,0.068115,0.8143237907206319,0.8153071524054489,6.0,0.274432,36.52586158192091,18.52492496589359,0.158934,8.611200000000002,85
1376,MARIO SUAREZ RODRIGUEZ,INDIVIDUAL,PUERTO SUAREZ,28.17,850,23671.149999999998,28.213528009535157,63.96684700000001,11.380457280385079,1.7511636840895388,17.07,0.068235,0.8015058823529413,0.7786839736537489,5.05,0.277647,36.409499192245555,18.59220168067227,0.171765,1.3818600000000003,85
1377,ASOC. PROD. CHARAGUA NO.1377,ASOCIACION,CHARAGUA,110.65,2028,56495.34,28.107134328358207,166.16728300000003,11.424294324460071,2.0229556444618937,45.2,0.068540,0.7869230769230768,0.7678278102070032,6.0,0.278600,36.55179157744469,18.47951422623178,0.141026,8.867040000000003,85
1378,EDWIN PEREZ ROMERO,INDIVIDUAL,PORTACHUELO,52.7,767,21571.44,28.346176084099866,79.54711300000001,11.416529255319148,2.7231416026758932,45.2,0.061278,0.79245110821382,0.7492910416955613,5.81,0.282920,36.480452830188675,18.60520795660036,0.148631,8.981167000000001,85
1379,RAUL LOPEZ MACHACA,INDIVIDUAL,SANTA ROSA,149.62,752,20973.75,28.228465679676987,68.86500000000001,11.389510869565218,2.148445419276369,45.2,0.078457,0.7912101063829787,0.810658687977292,5.59,0.255319,36.49635108481262,18.51222634508349,0.155585,9.431250000000002,85
1380,FREDDY APAZA MACHACA,INDIVIDUAL,CHARAGUA,66.6,1526,42758.119999999995,28.297895433487753,130.37981200000002,11.353371237458195,1.915210239203564,45.2,0.058978,0.832883355176933,0.8124848400047366,6.0,0.296199,36.4733738317757,18.519829867674858,0.157274,8.884818000000001,85
1381,ALBERTO ANTELO TORREZ,INDIVIDUAL,YAPACANI,85.64,1853,51592.12,28.223260393873087,150.38143300000002,11.36798790544255,2.048586708051116,45.2,0.060443,0.7960874257960064,0.7805475641573667,5.26,0.277928,36.57469720496894,18.558892307692307,0.141392,9.785540000000001,85
1382,ASOC. PROD. SAN PEDRO NO.1382,ASOCIACION,SAN PEDRO,164.24,535,14958.300000000001,28.117105263157896,41.988545,11.387227533460804,1.7524830112826475,16.8,0.065421,0.8138504672897198,0.7766692402073343,6.0,0.302804,36.361785714285716,18.4532722513089,0.179439,1.5425000000000002,85
1383,ASOC. PROD. PUERTO SUAREZ NO.1383,COOPERATIVA,PUERTO SUAREZ,262.93,1026,28343.980000000003,27.952642998027617,85.029909,11.427165510406343,1.9987490366893033,45.2,0.063353,0.7896003898635477,0.7794480449587976,5.59,0.277778,36.38059065934066,18.45828080229226,0.147173,8.933568000000001,85
1384,LUIS TICONA MONTAÑO,INDIVIDUAL,WARNES,69.39,749,21029.09,28.41768918918919,76.627026,11.449675236806495,2.491633567514573,45.2,0.080107,0.775981308411215,0.7759372491531898,6.0,0.268358,36.486384615384615,18.53300380228137,0.161549,10.32408,85
1385,ASOC. PROD. YAPACANI NO.1385,ASOCIACION,YAPACANI,105.58,744,20564.36,28.05506139154161,68.64665699999999,11.378201634877385,2.148999521703314,45.2,0.069892,0.8130376344086021,0.7850995727251323,5.92,0.288978,36.41416334661355,18.4334521575985,0.131720,11.10096,85
1386,ASOC. PROD. GENERAL SAAVEDRA NO.1386,ASOCIACION,GENERAL SAAVEDRA,99.68,1572,43439.95,27.935659163987136,158.33730100000005,11.35662329212752,2.6054240766267873,45.2,0.061069,0.8060241730279899,0.7813627338727239,6.0,0.284987,36.46183823529412,18.404830119375575,0.161578,9.091680000000002,85
1387,ELIZABETH PEREZ MORALES,INDIVIDUAL,CUATRO CANADAS,117.54,1035,29467.12,28.66451361867704,72.785737,11.271560353287539,1.6678246655355609,16.48,0.057005,0.7993719806763284,0.738722230370495,6.0,0.287923,36.501582633053225,18.557397260273973,0.135266,1.378725,85
1388,ROSA RODRIGUEZ CHUQUIMIA,INDIVIDUAL,LA GUARDIA,160.88,995,27762.32,28.156511156186614,95.53598600000001,11.50875386199794,2.3455469087633465,45.2,0.075377,0.8004824120603017,0.7655524750101561,6.0,0.301508,36.39939130434782,18.48914985590778,0.149749,9.675120000000001,85
1389,ALBERTO SUAREZ GARCIA,INDIVIDUAL,OKINAWA,48.38,1618,44724.770000000004,28.075812931575648,127.00751600000001,11.381148477157362,1.9292876259528557,45.2,0.069839,0.80061804697157,0.7660984619507033,5.52,0.284302,36.42447319778188,18.473740053050395,0.142151,7.450560000000002,85
1390,LAURA MARTINEZ MACHACA,INDIVIDUAL,CUATRO CANADAS,24.03,1052,29114.82,27.861071770334927,98.35367499999998,11.400776699029125,2.237015395592395,45.2,0.057985,0.8244866920152092,0.7791302714192013,5.55,0.291825,36.367640603566535,18.458,0.141635,9.96216,85
1391,NELSON APAZA PINTO,INDIVIDUAL,MINEROS,300.5,520,14471.94,27.93810810810811,52.982867,11.342176470588235,2.279264299029042,45.2,0.067308,0.8489807692307693,0.8491604828541102,5.28,0.301923,36.358614958448754,18.493873626373624,0.148077,6.2712,84
1392,ASOC. PROD. MINEROS NO.1392,COOPERATIVA,MINEROS,303.86,530,14692.01,27.931577946768062,38.045338,11.45278310940499,1.7369327875992446,16.96,0.071698,0.7756226415094339,0.7307849115916546,3.96,0.286792,36.577789757412404,18.499651474530832,0.158491,0.9383200000000002,85
1393,AGROP. COLQUE HNOS. S.R.L.,EMPRESA AGROPECUARIA,SAN JULIAN,62.51,816,23052.14,28.49461063040791,60.649508999999995,11.335952677459527,1.8280508766806365,17.39,0.072304,0.7876593137254903,0.7789814249887896,6.0,0.280637,36.44543321299639,18.534,0.158088,1.287201,85
1394,ASOC. PROD. SAN PEDRO NO.1394,ASOCIACION,SAN PEDRO,215.43,242,6567.969999999999,27.366541666666663,21.333503,11.573063829787232,1.7847923507300838,17.01,0.082645,0.8186363636363636,0.8149664606290294,5.19,0.305785,36.45865497076022,18.545898876404493,0.132231,1.3018330000000002,79
1395,DANIEL GARCIA PUMA,INDIVIDUAL,SAN JULIAN,79.13,1500,42113.6,28.28314304902619,144.59406900000002,11.429654471544714,2.4653987780410813,45.2,0.064000,0.7721133333333332,0.7856330865741563,6.0,0.268667,36.47446379468378,18.556334622823986,0.152667,8.960640000000001,85
1396,SUSANA LOPEZ SORIA,INDIVIDUAL,YAPACANI,80.12,1279,35573.97,27.988961447678992,105.238382,11.447315329626688,2.017610056102272,45.2,0.078186,0.8139796716184519,0.7810627583301378,6.0,0.297889,36.56110989010989,18.45359170305677,0.161063,2.1320889999999997,85
1397,ASOC. PROD. PAILON NO.1397,ASOCIACION,PAILON,86.19,253,7133.539999999999,28.19581027667984,22.954385000000002,11.312348178137652,1.8839472034192046,17.2,0.071146,0.7934387351778657,0.8784060878433724,5.58,0.264822,36.44303867403315,18.602096774193548,0.154150,1.3784459999999998,82
1398,AGROP. TICONA HNOS. S.R.L.,EMPRESA AGROPECUARIA,BUEN RETIRO,90.79,768,21283.949999999997,28.116182298546892,55.153158,11.388026490066226,1.7255927207843942,16.32,0.076823,0.7858072916666666,0.7545164312016546,5.29,0.287760,36.41625954198473,18.503723404255318,0.156250,1.157013,85
1399,ASOC. PROD. GENERAL SAAVEDRA NO.1399,ASOCIACION,GENERAL SAAVEDRA,147.24,1047,29178.73,28.137637415621985,88.65118700000001,11.448495660559306,2.2764413002459936,45.2,0.071633,0.7925119388729703,0.7978622810382746,5.48,0.276982,36.47336690647482,18.445238764044944,0.152818,8.885188000000001,85
1400,ASOC. PROD. LA GUARDIA NO.1400,ASOCIACION,LA GUARDIA,51.11,1009,28273.400000000005,28.24515484515485,93.18119399999999,11.396848484848485,2.0576872483949016,45.2,0.075322,0.7955004955401387,0.8139815992383143,6.0,0.269574,36.46027700831024,18.502325249643366,0.161546,9.259680000000001,85
1401,JESSICA MACHACA YUJRA,INDIVIDUAL,OKINAWA,99.61,741,20621.24,28.017989130434785,54.268302,11.245398351648353,1.7650725967036283,16.11,0.053981,0.7920917678812417,0.7585742830590998,5.09,0.280702,36.5336037735849,18.53376923076923,0.157895,1.0564470000000001,85
1402,AGROP. MONTAÑO HNOS. S.R.L.,EMPRESA AGROPECUARIA,CHARAGUA,73.07,1315,36388.61,28.01278675904542,95.06053200000001,11.335364341085272,1.742648056505906,16.79,0.058555,0.7965247148288974,0.7699922996446134,5.78,0.268441,36.46146179401993,18.562147368421055,0.145247,1.7457299999999987,85
1403,ASOC. PROD. YAPACANI NO.1403,ASOCIACION,YAPACANI,208.16,741,20497.94,28.00265027322404,64.794186,11.41815934065934,2.158982303147633,45.2,0.064777,0.8106072874493928,0.7660709044883365,4.52,0.292848,36.64853515625,18.488396793587174,0.136302,7.722000000000001,85
1404,MIRIAM ALVARADO CHUQUIMIA,INDIVIDUAL,LA GUARDIA,59.11,792,22020.9,28.12375478927203,76.454059,11.363896774193549,2.0868265386108487,45.2,0.066919,0.8468181818181819,0.8459801441649456,5.36,0.319444,36.50976102941176,18.510623916811095,0.160354,6.389432000000001,85
1405,AGROP. SORIA HNOS. S.R.L.,EMPRESA AGROPECUARIA,CHARAGUA,353.51,532,14727.88,27.946641366223908,41.744385,11.30484375,1.823146989736146,16.33,0.080827,0.8047556390977444,0.778427683018417,6.0,0.296992,36.37474719101124,18.42402777777778,0.150376,1.102114,85
1406,MARIO COPA VACA,INDIVIDUAL,BUEN RETIRO,128.99,510,14345.710000000003,28.29528599605523,53.526467,11.360180360721444,2.2711734152776843,45.2,0.058824,0.8565490196078432,0.8576029167501066,5.22,0.307843,36.539913793103445,18.553013333333332,0.162745,9.778080000000001,85
1407,ASOC. PROD. SANTA ROSA NO.1407,ASOCIACION,SANTA ROSA,121.37,1059,29250.300000000003,28.04439117929051,100.090622,11.420894941634241,2.326365954799703,45.2,0.074599,0.7978281397544853,0.7999560507312546,5.69,0.268178,36.50628686327078,18.517231182795697,0.134089,8.88096,85
1408,HUGO SUAREZ SORIA,INDIVIDUAL,PUERTO SUAREZ,146.92,1268,35321.32,28.144478087649404,120.018464,11.429413654618473,2.0388310502396054,45.2,0.081230,0.8305126182965301,0.8331499772596884,6.0,0.287855,36.41003211991434,18.565411899313503,0.144322,7.837440000000001,85
1409,ASOC. PROD. CUATRO CANADAS NO.1409,COOPERATIVA,CUATRO CANADAS,176.62,489,13812.289999999999,28.420349794238682,58.002393000000005,11.470083333333333,2.374203304091278,45.2,0.087935,0.8749284253578731,0.920335628478492,6.0,0.306748,36.39236526946108,18.545854341736696,0.124744,8.814140000000002,85
1410,ASOC. PROD. SAN PEDRO NO.1410,ASOCIACION,SAN PEDRO,43.51,1276,35648.46,28.15834123222749,106.82872499999999,11.334927884615384,1.7742610405980672,17.92,0.068966,0.7994435736677116,0.8013921734313988,6.0,0.275862,36.43319814600232,18.4959169550173,0.144201,5.572098000000002,85
1411,ASOC. PROD. CUATRO CANADAS NO.1411,COOPERATIVA,CUATRO CANADAS,241.06,280,7854.039999999999,28.150681003584225,27.618750000000002,11.471272727272726,2.6170173406217274,45.2,0.060714,0.7536428571428571,0.7523427788834316,4.38,0.260714,36.60578680203046,18.304126984126984,0.157143,10.689618000000001,80
1412,SANDRA MONTAÑO FLORES,INDIVIDUAL,MINEROS,26.54,261,7268.79,27.956884615384617,20.096948999999995,11.3598828125,1.6811509788428298,16.04,0.065134,0.8388505747126437,0.7549667725047287,4.32,0.298851,36.61304347826087,18.306507936507938,0.153257,1.0939400000000001,77
1413,ASOC. PROD. MINEROS NO.1413,ASOCIACION,MINEROS,70.47,248,6840.570000000001,28.035122950819673,17.024873,11.201528925619836,1.7848806395667023,16.47,0.072581,0.7269354838709676,0.7352354299958774,3.4,0.270161,36.624764705882356,18.57296511627907,0.137097,0.9807119999999996,82
1414,JESSICA MAMANI SUAREZ,INDIVIDUAL,EL TORNO,353.5,525,14564.900000000001,28.00942307692308,38.602617,11.378769230769231,1.7404267256884887,17.04,0.083810,0.7700571428571429,0.8052867990905669,6.0,0.253333,36.48412698412698,18.539162011173186,0.163810,1.6275,85
1415,OSCAR MAMANI MERCADO,INDIVIDUAL,PUERTO SUAREZ,33.5,550,15311.64,28.0432967032967,54.954126,11.43987012987013,2.2841226223883266,45.2,0.078182,0.8407454545454545,0.8570632221619243,5.55,0.289091,36.35304582210242,18.685691489361705,0.127273,9.029280000000004,85
1416,ASOC. PROD. PUERTO SUAREZ NO.1416,COOPERATIVA,PUERTO SUAREZ,74.68,542,15055.850000000002,27.984851301115246,58.951206,11.463130929791271,2.322104859200248,45.2,0.084871,0.8352214022140222,0.8424310427543502,6.0,0.287823,36.68805405405406,18.355464480874314,0.160517,11.172720000000004,85
1417,AGROP. VASQUEZ HNOS. S.R.L.,EMPRESA AGROPECUARIA,ROBORE,313.89,744,20560.480000000003,28.01155313351499,48.789193999999995,11.404618528610355,1.7155596588162452,19.15,0.051075,0.7825672043010753,0.730860585895738,5.29,0.274194,36.41452471482889,18.48578849721707,0.137097,1.2746249999999997,85
1418,PAOLA LIMA SORIA,INDIVIDUAL,CUATRO CANADAS,27.17,524,14509.130000000001,27.902173076923077,45.472479,11.225856031128405,1.838003765714408,17.33,0.068702,0.8470229007633587,0.878305725729551,6.0,0.278626,36.54689008042895,18.482,0.194656,1.3623390000000002,85
1419,ASOC. PROD. OKINAWA NO.1419,COOPERATIVA,OKINAWA,61.86,794,22003.46,28.101481481481482,62.548999,11.315401554404145,1.7652649318248694,16.21,0.073048,0.8258942065491184,0.7913229103473135,5.55,0.289673,36.516839080459775,18.505285714285712,0.158690,1.34316,85
1420,SANDRA CUELLAR VASQUEZ,INDIVIDUAL,PORTACHUELO,63.29,223,6170.74,28.17689497716895,14.891988,11.389454545454544,1.7683107726844995,16.36,0.080717,0.7295515695067264,0.7469932376557243,4.69,0.228700,36.47825806451613,18.59859872611465,0.165919,1.25829,80
1422,ANA LOPEZ AGUILAR,COMUNIDAD,SANTA ROSA,36.49,795,22231.89,28.24890724269377,79.518138,11.44785806451613,2.442343159555439,45.2,0.072956,0.7949685534591195,0.8082374035648219,6.0,0.284277,36.506679104477605,18.517956989247313,0.133333,8.05584,85
1423,ASOC. PROD. SAN PEDRO NO.1423,COOPERATIVA,SAN PEDRO,79.94,1110,30893.61,28.110655141037306,107.86904300000002,11.450194085027727,2.0683690812082287,45.2,0.081081,0.8396396396396396,0.8368666364648571,5.99,0.302703,36.561052631578946,18.528486005089057,0.159459,9.693458000000003,85
1424,AGROP. COLQUE HNOS. S.R.L.,EMPRESA AGROPECUARIA,CUATRO CANADAS,67.19,547,15425.029999999999,28.512070240295746,45.808099,11.406839186691313,2.2251797659420385,45.2,0.058501,0.7993784277879342,0.7698544040379137,4.83,0.308958,36.384046242774566,18.614834605597963,0.127971,7.893600000000002,85
1425,ASOC. PROD. PUERTO QUIJARRO NO.1425,COOPERATIVA,PUERTO QUIJARRO,47.79,279,7762.999999999999,28.02527075812274,25.573579,11.178686131386861,1.7561003323603397,15.65,0.028674,0.8896774193548386,0.9494892056693034,5.64,0.286738,36.44522167487685,18.220645161290324,0.161290,1.289456,85
1426,ASOC. PROD. CHARAGUA NO.1426,COOPERATIVA,CHARAGUA,124.43,532,15182.03,28.753844696969697,45.874877,11.296190476190478,1.760143113625552,17.27,0.071429,0.8367481203007519,0.7790581428373174,5.09,0.308271,36.64068062827224,18.411493333333336,0.131579,1.306755,85
1427,AGROP. MARTINEZ HNOS. S.R.L.,EMPRESA AGROPECUARIA,YAPACANI,95.84,1029,28612.82,28.134532940019664,80.120988,11.289304865938432,1.698309624281335,16.14,0.066084,0.8162779397473275,0.8174472962873047,6.0,0.287658,36.349610570236436,18.48179347826087,0.139942,1.422786,85
1428,AGROP. PINTO HNOS. S.R.L.,EMPRESA AGROPECUARIA,YAPACANI,171.59,2052,56982.340000000004,28.014916420845626,169.260233,11.366783216783219,1.7429762645626015,18.31,0.064327,0.8134502923976609,0.8027929585760335,5.94,0.290936,36.545726435152375,18.505733976567885,0.139864,5.207488,85
1429,SUSANA TICONA VILLCA,INDIVIDUAL,SAN PEDRO,48.65,742,20747.920000000002,28.30548431105048,63.976994999999995,11.39231622746186,1.7439938327729778,16.66,0.064690,0.8428167115902965,0.873194774067354,6.0,0.291105,36.62181297709923,18.422019417475727,0.171159,2.8111379999999997,85
1430,DANIEL MARTINEZ ANTELO,INDIVIDUAL,SAN JULIAN,41.2,1050,29111.18,28.126743961352656,84.709069,11.378381502890175,2.0180206656203024,45.2,0.058095,0.7621904761904763,0.7638743763383312,6.0,0.243810,36.49998664886515,18.602691790040375,0.147619,10.058230000000002,85
1431,FELIX CHAMBI CALLISAYA,INDIVIDUAL,YAPACANI,164.92,1284,35803.899999999994,28.147720125786158,142.948956,11.529252187748607,2.635705089594152,45.2,0.087227,0.7846728971962617,0.7954830405627341,5.97,0.271807,36.59477628635347,18.491739606126917,0.145639,10.873616000000002,85
1432,RAUL CUELLAR PEDRAZA,COMUNIDAD,EL TORNO,194.77,542,15054.14,28.138579439252336,56.056792,11.606419047619047,2.731769505874223,45.2,0.068266,0.7636162361623616,0.7456683441317268,5.13,0.249077,36.582335025380715,18.501486486486485,0.151292,9.409920000000001,85
1434,GABRIELA CRUZ APAZA,INDIVIDUAL,SANTA ROSA,274.86,1017,28269.38,28.12873631840796,77.65916899999999,11.347319277108435,1.7611105285982414,17.15,0.077679,0.7929006882989184,0.788097444268735,6.0,0.278269,36.50980198019802,18.513314917127072,0.158309,1.4125000000000003,85
1435,VICTOR COLQUE PINTO,INDIVIDUAL,PAILON,92.62,994,27872.699999999997,28.239817629179328,74.355201,11.273199588477366,1.7260047594784858,16.29,0.055332,0.8017002012072435,0.8137942332298914,5.74,0.278672,36.51856115107913,18.436030640668527,0.157948,1.419156,85
1436,LORENA AGUILAR PEREZ,INDIVIDUAL,PUERTO QUIJARRO,230.53,764,21356.84,28.138129117259552,51.985527000000005,11.412901069518718,1.7459012259006161,16.33,0.071990,0.7622643979057592,0.7210918823155024,4.61,0.282723,36.623144424131624,18.56608030592734,0.147906,0.9801150000000001,85
1437,ASOC. PROD. BUEN RETIRO NO.1437,ASOCIACION,BUEN RETIRO,242.16,527,14542.990000000002,28.238815533980585,44.977236,11.416203522504892,2.2977434944615753,45.2,0.064516,0.7550664136622391,0.7754767608429384,5.49,0.256167,36.48936170212766,18.550088495575224,0.161290,7.154160000000001,85
1438,AGROP. ROMERO HNOS. S.R.L.,EMPRESA AGROPECUARIA,SAN PEDRO,159.23,1872,52159.479999999996,28.012610096670244,151.733991,11.310016313213705,1.8713997861734852,45.2,0.054487,0.8245299145299145,0.8002023348901502,5.24,0.300748,36.49660674157303,18.513422501966957,0.159188,8.99808,85
1439,ASOC. PROD. MINEROS NO.1439,ASOCIACION,MINEROS,104.74,777,21493.46,27.986276041666667,64.86143999999999,11.391368421052633,2.0979277613290384,45.2,0.056628,0.797078507078507,0.730737930418565,4.44,0.283140,36.58854809437387,18.469871559633027,0.136422,9.466080000000002,85
1440,AGROP. MEDINA HNOS. S.R.L.,EMPRESA AGROPECUARIA,SANTA ROSA,282.17,529,14681.779999999999,28.0186641221374,64.32876800000001,11.465185185185186,2.8007840724906936,45.2,0.090737,0.8217580340264651,0.7979482033822597,4.83,0.298677,36.575844875346256,18.542668539325845,0.141777,10.183680000000003,85
1441,VANESSA SORIA RODRIGUEZ,INDIVIDUAL,SAN PEDRO,65.8,751,20969.29,28.108967828418233,59.458373,11.434932432432433,1.7247644214112867,17.72,0.065246,0.7803328894806923,0.8146171426116933,6.0,0.266312,36.67786948176583,18.476242774566476,0.151798,1.5372749999999997,85
1442,ASOC. PROD. YAPACANI NO.1442,ASOCIACION,YAPACANI,57.03,545,15333.899999999998,28.448794063079774,43.912898999999996,11.341306818181817,1.7788152456002924,16.19,0.077064,0.8133027522935781,0.81699869393601,5.73,0.277064,36.48566298342541,18.55620879120879,0.161468,1.4847469999999998,85
1443,ASOC. PROD. SAN PEDRO NO.1443,COOPERATIVA,SAN PEDRO,47.74,1036,28858.879999999997,28.182499999999997,111.826784,11.44057368941642,2.272204291832478,45.2,0.060811,0.8644208494208494,0.8641445757715621,6.0,0.309846,36.44146306818182,18.452510231923604,0.144788,10.071360000000002,85
1444,OSCAR CHUQUIMIA SUAREZ,INDIVIDUAL,GENERAL SAAVEDRA,84.82,763,21336.050000000003,28.18500660501982,60.87054199999999,11.329448183041723,1.7361544213784756,16.49,0.069463,0.8203276539973787,0.7884322945270255,5.58,0.304063,36.5683141762452,18.459980732177264,0.170380,1.254005,85
1445,CLAUDIA CHOQUE VILLCA,INDIVIDUAL,PUERTO QUIJARRO,161.79,764,21200.309999999998,28.042738095238093,51.651656,11.262332439678286,1.690220247573862,16.44,0.054974,0.8024476439790577,0.7281680661158003,6.0,0.285340,36.63071161048689,18.48922495274102,0.143979,1.5045,85
1446,ASOC. PROD. GENERAL SAAVEDRA NO.1446,COOPERATIVA,GENERAL SAAVEDRA,122.45,244,6733.09,27.822685950413224,16.865976,11.297717842323651,1.7868165882527849,16.65,0.053279,0.7836885245901638,0.6903660397491802,3.81,0.336066,36.336646706586826,18.458950276243094,0.151639,1.0969339999999994,78
1447,VICTOR PEDRAZA VARGAS,INDIVIDUAL,YAPACANI,77.31,514,14307.07,27.998180039138944,40.601983000000004,11.373627450980392,1.7393535761595902,16.12,0.068093,0.8100972762645914,0.8008695263999956,6.0,0.276265,36.40561827956989,18.39594366197183,0.140078,1.6125,84
1448,ASOC. PROD. PAILON NO.1448,ASOCIACION,PAILON,62.47,1030,28860.269999999997,28.26666993143976,86.49798200000001,11.451572700296737,2.054529504426969,45.2,0.070874,0.7964174757281552,0.7661335539152602,4.73,0.271845,36.573860845839015,18.45564493758668,0.135922,8.480160000000001,85
1449,AGROP. HUANCA HNOS. S.R.L.,EMPRESA AGROPECUARIA,PORTACHUELO,148.42,1026,28465.89,28.072869822485206,93.370362,11.377393034825872,2.017042124997678,45.2,0.062378,0.8188986354775829,0.8153697084283463,5.96,0.267057,36.505722300140256,18.462310984308132,0.153996,9.941288000000002,85
1450,CESAR CALLISAYA VARGAS,INDIVIDUAL,CUATRO CANADAS,754.05,475,13229.720000000001,28.088577494692146,31.450386,11.38530042918455,1.6577053760693663,16.26,0.061053,0.7734736842105263,0.7618414959972436,5.81,0.244211,36.464853801169596,18.43755627009646,0.143158,1.417026,85
1451,ASOC. PROD. EL TORNO NO.1451,ASOCIACION,EL TORNO,159.0,1263,35317.22,28.29905448717949,116.42536,11.317934959349593,2.2214087326201537,45.2,0.063341,0.801076801266825,0.8280258995305673,6.0,0.269200,36.44941309255079,18.451542730299668,0.156770,9.97464,85
1452,ASOC. PROD. LA GUARDIA NO.1452,ASOCIACION,LA GUARDIA,275.8,1000,27786.11,28.06677777777778,85.56976700000001,11.452971602434078,2.0071098480999883,45.2,0.058000,0.8083600000000001,0.8054947126655344,4.81,0.290000,36.49850274725275,18.5069578313253,0.148000,10.111920000000003,85
1453,ASOC. PROD. MONTERO NO.1453,ASOCIACION,MONTERO,50.52,1032,28914.07,28.29165362035225,91.34604499999999,11.402524654832346,2.04665087386448,45.2,0.069767,0.8071124031007753,0.7825265572269798,5.73,0.283915,36.48709459459459,18.489367816091953,0.146318,10.308480000000003,85
1454,JOSE FLORES CHOQUE,INDIVIDUAL,MONTERO,53.16,541,14775.329999999998,27.8254802259887,48.244619,11.40001876172608,2.294863052170803,45.2,0.070240,0.7653234750462107,0.7597912339874672,5.35,0.268022,36.57373983739837,18.469973958333338,0.168207,9.837360000000002,85
1455,ASOC. PROD. PORTACHUELO NO.1455,COOPERATIVA,PORTACHUELO,68.39,1077,30073.810000000005,28.185388940955956,86.13856399999999,11.349686013320648,1.785537879846318,17.9,0.074280,0.8080501392757661,0.7800988316071206,5.21,0.301764,36.55976964769648,18.405828804347824,0.141133,1.333536,85
1456,GUSTAVO VARGAS CHOQUE,INDIVIDUAL,PUERTO SUAREZ,71.33,225,6190.6900000000005,27.760941704035876,26.987492,11.405272727272727,2.8123458120181635,45.2,0.040000,0.8258666666666666,0.8564801723999721,5.48,0.284444,36.74092024539877,18.537499999999998,0.142222,8.695440000000001,81
1457,JUAN CALLISAYA CHOQUE,INDIVIDUAL,SAN JULIAN,11.39,771,21747.969999999998,28.39160574412532,60.22775300000001,11.330224274406332,1.757296869573144,16.72,0.054475,0.8115045395590142,0.7881275316522047,6.0,0.298314,36.50934186471664,18.58748214285714,0.151751,1.5930179999999998,85
1458,MIGUEL MARCA CRUZ,INDIVIDUAL,PORTACHUELO,26.06,1309,36503.82000000001,28.079861538461543,103.678233,11.382773892773894,2.0019777929241425,45.2,0.072574,0.7860427807486632,0.7851553254092857,5.12,0.281131,36.55057939914163,18.485799573560765,0.149733,1.179144,85
1459,RENE NAVIA AGUILAR,COMUNIDAD,SAN PEDRO,31.96,1020,28161.809999999998,27.91061446977205,112.879039,11.43518444666002,2.5443032215345567,45.2,0.072549,0.8619019607843137,0.8703110507288101,6.0,0.308824,36.4854432132964,18.480292887029286,0.172549,9.519120000000001,85
1460,ASOC. PROD. GENERAL SAAVEDRA NO.1460,COOPERATIVA,GENERAL SAAVEDRA,141.07,1024,28665.899999999998,28.18672566371681,73.064168,11.3343184079602,1.7358573257867347,16.42,0.069336,0.78236328125,0.7562695144937839,5.91,0.268555,36.44830294530155,18.549533898305086,0.164063,1.3754189999999997,85
1461,ELIZABETH CHAMBI YUJRA,INDIVIDUAL,CUATRO CANADAS,200.95,251,6850.05,27.62116935483871,17.707976,11.27788617886179,1.7139934284314358,16.0,0.067729,0.8084860557768926,0.7517862055164224,4.3,0.278884,36.64055248618785,18.701169590643275,0.151394,0.825792,83
1462,ENRIQUE SALVATIERRA SANCHEZ,INDIVIDUAL,CHARAGUA,138.08,756,21441.690000000002,28.703734939759038,58.883262,11.380362903225807,2.0748287000644687,45.2,0.054233,0.77244708994709,0.7518129724480611,5.5,0.268519,36.380057803468205,18.621523437500002,0.157407,9.08544,85
1463,RENE MACHACA CHUQUIMIA,INDIVIDUAL,PUERTO QUIJARRO,240.0,1222,34081.95,28.236909693454844,107.044551,11.360606816292602,2.02740719006556,45.2,0.070376,0.8179950900163666,0.816116926055764,6.0,0.279869,36.46449648711944,18.46694541231127,0.146481,9.503520000000002,85
1464,SANDRA MEDINA SUAREZ,INDIVIDUAL,CUATRO CANADAS,17.13,799,22309.309999999998,28.026771356783918,77.49201599999999,11.314302030456853,2.1344393656145497,45.2,0.075094,0.8300000000000001,0.8131724131041238,5.8,0.287860,36.42449826989619,18.440462633451954,0.153942,10.288922000000001,85
1465,DANIEL SORIA CALLISAYA,INDIVIDUAL,GENERAL SAAVEDRA,329.98,511,14195.670000000002,28.11023762376238,44.358473,11.452820512820512,1.6770360562980926,15.8,0.060665,0.8655381604696673,0.8337891620057063,5.76,0.309198,36.36609756097561,18.59938888888889,0.142857,1.38992,84
1466,SANDRA PUMA HUANCA,INDIVIDUAL,PUERTO SUAREZ,38.0,769,21422.2,28.07627785058978,59.02275,11.365761589403974,1.7244541046372146,17.46,0.063719,0.7792847854356306,0.813562531714928,6.0,0.250975,36.500418250950574,18.586854990583806,0.135241,1.3775,85
1467,ASOC. PROD. PUERTO QUIJARRO NO.1467,COOPERATIVA,PUERTO QUIJARRO,318.4,260,7262.289999999999,28.148410852713173,19.084594000000003,11.396937984496125,1.6381059113145988,16.52,0.050000,0.7846538461538461,0.7844523674389139,5.6,0.261538,36.56032608695652,18.495744680851065,0.150000,1.1063000000000003,84
1468,FERNANDO VILLCA COLQUE,INDIVIDUAL,GENERAL SAAVEDRA,76.98,534,14865.27,28.207343453510436,40.587445,11.351660305343513,1.729959081476735,16.2,0.078652,0.765749063670412,0.8047773052352034,5.87,0.252809,36.32415300546448,18.38209809264305,0.174157,1.3962290000000002,85
1469,ASOC. PROD. EL TORNO NO.1469,ASOCIACION,EL TORNO,20.8,252,6989.549999999999,27.958199999999998,28.375842000000006,11.280806451612902,2.751113163521399,45.2,0.039683,0.8331349206349206,0.8187319498030358,5.4,0.297619,36.524245810055874,18.348011695906433,0.130952,10.121280000000004,81
1470,ASOC. PROD. CUATRO CANADAS NO.1470,COOPERATIVA,CUATRO CANADAS,124.34,1556,43387.850000000006,28.302576647097197,146.47398400000003,11.453204708960108,2.1192275920706214,45.2,0.069409,0.830404884318766,0.8445453674989339,6.0,0.289846,36.52518953068592,18.569577205882354,0.138817,7.332000000000002,85
1471,LUIS VILLCA AGUILAR,INDIVIDUAL,PORTACHUELO,61.21,476,12937.899999999998,27.823440860215047,39.06439900000001,11.464796573875802,1.790144247954928,16.53,0.067227,0.8159243697478992,0.7919700861938648,6.0,0.304622,36.65217791411043,18.538362573099416,0.119748,1.2585000000000002,84
1472,ASOC. PROD. YAPACANI NO.1472,ASOCIACION,YAPACANI,45.33,1279,35687.93,28.14505520504732,108.70071700000001,11.203319903303788,1.9846195137896876,45.2,0.058640,0.8323690383111807,0.8150279245837319,6.0,0.288507,36.46671840354767,18.508812095032397,0.150899,9.01992,85
1473,ASOC. PROD. BUEN RETIRO NO.1473,ASOCIACION,BUEN RETIRO,162.93,809,22316.72,27.86107365792759,93.20454099999999,11.475188442211055,2.9315046197326797,45.2,0.059333,0.7996415327564894,0.7927302707941026,6.0,0.274413,36.50129729729729,18.433041958041958,0.153276,10.769404000000002,85
1474,ASOC. PROD. BUEN RETIRO NO.1474,ASOCIACION,BUEN RETIRO,106.58,1044,29164.229999999996,28.150801158301153,111.96165200000002,11.39590597453477,2.5828789012653095,45.2,0.075670,0.8318582375478928,0.7944985785949602,5.11,0.295977,36.36611731843575,18.363236842105266,0.152299,9.138480000000003,85
1475,ASOC. PROD. LA GUARDIA NO.1475,COOPERATIVA,LA GUARDIA,271.37,776,21698.38,28.2163589076723,62.1885,11.438815789473685,1.6858225900977712,16.8,0.070876,0.8090077319587629,0.836280656666369,6.0,0.270619,36.47806691449814,18.391940298507464,0.126289,1.4995000000000003,85
1476,VIVIANA AGUILAR LOPEZ,INDIVIDUAL,SANTA ROSA,81.54,768,21195.18,27.8151968503937,63.889722000000006,11.404361702127659,2.1719120582651517,45.2,0.074219,0.7782161458333334,0.7315498150078771,4.98,0.273438,36.40095588235294,18.397872763419485,0.148438,9.612720000000003,85
1477,ASOC. PROD. EL TORNO NO.1477,ASOCIACION,EL TORNO,59.54,764,21382.879999999997,28.172437417654805,61.518170000000005,11.383026666666668,1.6611577788329206,15.93,0.060209,0.8362303664921468,0.8086374665858077,6.0,0.303665,36.547648183556404,18.512557251908397,0.137435,1.2755000000000003,85
1478,ASOC. PROD. OKINAWA NO.1478,COOPERATIVA,OKINAWA,29.79,1017,28378.870000000003,28.153640873015874,69.45014400000001,11.32531594784353,1.7330642435193018,16.79,0.063913,0.7764110127826942,0.7890705188119289,5.92,0.285152,36.462785923753664,18.471854493580597,0.144543,1.424832,85
1479,DANIELA PEDRAZA VARGAS,INDIVIDUAL,CHARAGUA,59.29,265,7512.9800000000005,28.675496183206107,20.097384,11.312256809338521,1.7148654865371658,17.02,0.037736,0.8152075471698114,0.8176903299540728,5.39,0.256604,36.48591397849462,18.433298429319372,0.169811,1.119944,81
1480,ASOC. PROD. YAPACANI NO.1480,ASOCIACION,YAPACANI,72.83,529,14695.400000000001,28.09827915869981,40.823663999999994,11.356970873786407,1.7936786290865596,16.95,0.066163,0.7917958412098298,0.7717406952237843,4.58,0.287335,36.50020942408377,18.522206703910616,0.166352,1.3511069999999998,85
1482,AGROP. TORREZ HNOS. S.R.L.,EMPRESA AGROPECUARIA,SAN PEDRO,30.49,1052,29068.469999999998,27.95045192307692,84.481076,11.294853801169591,1.7453405644521482,16.87,0.067490,0.8192775665399239,0.8115206684896512,6.0,0.285171,36.48969374167777,18.540230664857532,0.142586,1.348,85
1483,ASOC. PROD. PUERTO SUAREZ NO.1483,ASOCIACION,PUERTO SUAREZ,101.6,765,21278.319999999996,28.14592592592592,61.030846999999994,11.405706666666667,1.7005739922625374,16.27,0.064052,0.8154117647058823,0.8373094807867264,6.0,0.273203,36.568361266294225,18.560142857142857,0.169935,1.4250249999999995,85
1484,MIRIAM VACA NAVIA,COMUNIDAD,PAILON,215.2,1544,42858.67,28.085629095674967,136.435722,11.34535878867676,2.1125912722773323,45.2,0.062176,0.8038665803108809,0.7971863257251908,6.0,0.288860,36.540855018587365,18.480623255813953,0.146373,9.975192000000003,85
1485,MARCELO TORREZ RIVERO,COMUNIDAD,CHARAGUA,78.74,1649,46076.21,28.232971813725488,150.85188599999998,11.391128236744757,2.258034422731935,45.2,0.058824,0.8070042449969679,0.7890815913898376,6.0,0.283808,36.50548611111111,18.50921212121212,0.151607,10.134462,85
1486,AGROP. CHAMBI HNOS. S.R.L.,EMPRESA AGROPECUARIA,SAN JULIAN,85.7,1083,30045.34,27.949153488372094,103.766671,11.473311506080448,2.289809225585666,45.2,0.076639,0.8500369344413665,0.8531311246373411,6.0,0.288089,36.462866492146595,18.50808567603748,0.148661,7.837440000000002,85
1487,ASOC. PROD. WARNES NO.1487,COOPERATIVA,WARNES,151.36,1019,28444.760000000002,28.19104063429138,91.769058,11.31988,2.0802547549387973,45.2,0.069676,0.8250441609421001,0.7934243959664291,5.69,0.305201,36.6533986013986,18.489901547116737,0.155054,9.717,85
1488,ASOC. PROD. PORTACHUELO NO.1488,ASOCIACION,PORTACHUELO,112.12,1340,37055.56,27.966460377358487,112.32042799999999,11.32381679389313,2.1792669333322774,45.2,0.062687,0.7798059701492538,0.7457648156310327,6.0,0.271642,36.45563714902808,18.517270765911544,0.161194,10.197936,85
1489,HUGO CHOQUE SALVATIERRA,INDIVIDUAL,BUEN RETIRO,41.47,756,21032.129999999997,28.080280373831773,68.534676,11.428308724832215,2.1640572797264914,45.2,0.070106,0.8133597883597885,0.7781942641558007,5.25,0.276455,36.48115163147792,18.472287968441815,0.136243,7.63152,85
1490,GABRIELA SANCHEZ CATACORA,INDIVIDUAL,COTOCA,151.17,805,22756.69,28.481464330413015,70.286401,11.321368821292776,2.1512980149972822,45.2,0.070807,0.7886211180124223,0.7773470074242809,5.76,0.284472,36.47014260249554,18.456578014184398,0.146584,10.187903000000002,85
1491,JESSICA MARCA FLORES,INDIVIDUAL,BUEN RETIRO,30.65,778,21567.000000000004,28.045513654096233,59.815186000000004,11.416005221932116,2.166019624646046,45.2,0.080977,0.793611825192802,0.7889400793906935,4.92,0.291774,36.47075091575091,18.570054151624547,0.129820,2.53657,85
1492,ASOC. PROD. YAPACANI NO.1492,ASOCIACION,YAPACANI,218.69,802,22255.18,27.99393710691824,73.03430999999999,11.317979539641943,2.1118373791791187,45.2,0.059850,0.8468453865336658,0.8171952877751806,5.09,0.306733,36.42263736263737,18.416549912434327,0.150873,7.868190000000001,85
1493,CINTHIA CONDORI SANCHEZ,INDIVIDUAL,PORTACHUELO,33.55,295,8164.35,27.96010273972603,27.067402,11.58157894736842,1.692558890183241,17.01,0.077966,0.8757966101694916,0.810803724448961,4.53,0.332203,36.510154639175255,18.510518867924524,0.135593,0.9617069999999999,83
1494,ASOC. PROD. MINEROS NO.1494,ASOCIACION,MINEROS,112.36,267,7633.939999999999,28.807320754716976,25.064182000000002,11.32573076923077,1.724980175761919,16.96,0.074906,0.8405617977528089,0.8633359319042947,4.7,0.265918,36.406165803108806,18.500285714285717,0.123596,1.7229420000000002,82
1495,VICTOR COLQUE MORALES,COMUNIDAD,YAPACANI,175.07,279,7797.98,28.459781021897808,31.362341999999998,11.49941605839416,2.594308299951846,45.2,0.057348,0.8292114695340501,0.7770739863742908,4.2,0.286738,36.79945544554455,18.4963184079602,0.143369,10.093200000000003,80
1496,DIEGO GARCIA PINTO,INDIVIDUAL,MINEROS,104.11,1601,43981.47,27.960247933884297,126.369414,11.360205523442518,1.740052767540544,17.39,0.058089,0.8440724547158026,0.8221323067165243,6.0,0.305434,36.454719999999995,18.47763736263736,0.161774,1.6251750000000003,85
1497,CINTHIA LIMA TICONA,INDIVIDUAL,OKINAWA,107.75,1074,30011.030000000006,28.232389463781754,110.79175500000001,11.50155303030303,2.334869868204752,45.2,0.077281,0.8317039106145251,0.7733479712672454,5.22,0.301676,36.433984375,18.51312162162162,0.171322,10.403148000000002,85
1498,WILBER RODRIGUEZ RODRIGUEZ,INDIVIDUAL,PAILON,147.69,509,14239.170000000002,28.140652173913047,40.052273,11.417353535353536,1.774993888984926,17.0,0.062868,0.803909626719057,0.7622742596563935,5.4,0.288802,36.60192200557103,18.415096418732784,0.155206,1.4246849999999998,84
1499,CAMILA YUJRA PUMA,INDIVIDUAL,PAILON,109.79,1040,28982.870000000003,28.16605442176871,76.57198,11.248930323846908,1.716928750998397,17.38,0.049038,0.8139326923076923,0.8048553425992462,5.69,0.266346,36.458013888888885,18.524588744588748,0.158654,1.28506,85
1500,HUGO CRUZ COLQUE,INDIVIDUAL,PAILON,58.38,765,21249.79,28.14541721854305,60.61668100000001,11.38,1.7055879855182203,17.19,0.057516,0.811673202614379,0.7863379053820604,4.5,0.298039,36.42038961038962,18.4380380952381,0.130719,1.2217869999999997,85
1501,ASOC. PROD. BUEN RETIRO NO.1501,ASOCIACION,BUEN RETIRO,35.48,820,22664.85,28.01588380716934,67.84226399999999,11.296703980099501,2.1161078741236503,45.2,0.067073,0.783780487804878,0.7801847566851486,6.0,0.254878,36.48998296422487,18.352328519855597,0.164634,8.626800000000001,85
1502,ASOC. PROD. YAPACANI NO.1502,ASOCIACION,YAPACANI,39.64,547,15042.72,27.80539741219963,48.366595000000004,11.360056390977444,1.745447399899509,16.64,0.073126,0.8340402193784279,0.8608899168470318,5.59,0.272395,36.428909090909094,18.46388174807198,0.160878,1.43835,85
1503,ASOC. PROD. SAN PEDRO NO.1503,COOPERATIVA,SAN PEDRO,68.98,1013,28245.989999999998,28.24599,83.602622,11.377785571142283,1.7597969946842615,16.0,0.069102,0.8159723593287266,0.8155423080087472,6.0,0.282330,36.60887955182073,18.46949784791966,0.157947,1.6844760000000003,85
1504,JUAN CASTRO CHOQUE,INDIVIDUAL,PAILON,177.76,768,21117.45,27.896235138705418,53.597451000000014,11.280531914893617,1.7548050780156892,15.97,0.070313,0.7725651041666667,0.7455233164111205,5.79,0.283854,36.4208592321755,18.492518656716417,0.158854,1.362755,85
1506,ASOC. PROD. WARNES NO.1506,COOPERATIVA,WARNES,36.51,834,23356.380000000005,28.106353790613724,74.963524,11.455225885225886,2.157460426734002,45.2,0.092326,0.7775419664268586,0.7518708646810784,6.0,0.278177,36.486559865092744,18.49076923076923,0.160671,8.002800000000002,85
1507,ASOC. PROD. WARNES NO.1507,ASOCIACION,WARNES,93.47,471,13144.680000000002,28.08692307692308,36.259524,11.30862660944206,1.8169993703610814,16.44,0.067941,0.8066454352441613,0.759046013501222,4.25,0.273885,36.31934911242604,18.458482142857143,0.140127,1.240104,84
1508,ALEJANDRA MARCA PEREZ,INDIVIDUAL,BUEN RETIRO,247.3,502,14224.93,28.50687374749499,42.678338000000004,11.407110187110188,1.7097439398684249,17.87,0.047809,0.8411752988047808,0.8179866800443333,4.87,0.268924,36.506340782122905,18.427577464788733,0.137450,2.317224,85
1509,AGROP. VASQUEZ HNOS. S.R.L.,EMPRESA AGROPECUARIA,SANTA ROSA,119.91,724,20090.04,28.058715083798884,56.182249,11.286657263751763,1.7316848600134591,16.34,0.064917,0.8159668508287292,0.7849684149405285,5.39,0.284530,36.450417536534445,18.523666666666664,0.122928,1.3639729999999997,85
1510,ASOC. PROD. PAILON NO.1510,ASOCIACION,PAILON,153.73,1304,36553.24,28.20466049382716,119.281971,11.38634433962264,1.9612754767787601,45.2,0.062117,0.8375766871165646,0.8225029385402574,5.76,0.300613,36.42122494432071,18.477165948275864,0.140337,10.13688,85
1511,DIEGO CATACORA GUTIERREZ,INDIVIDUAL,MONTERO,536.03,1557,43559.21,28.248514915693903,147.141052,11.376710439921208,2.1294701794747013,45.2,0.066153,0.8274438021836865,0.8422638373331172,5.89,0.288375,36.51963800904977,18.52189387008234,0.140013,8.321412,85
1512,ASOC. PROD. WARNES NO.1512,ASOCIACION,WARNES,223.08,762,21163.97,27.92080474934037,59.107428,11.317305630026809,1.7610028733331888,17.1,0.069554,0.8114566929133857,0.7435779212220229,5.02,0.301837,36.476407407407414,18.39762172284644,0.153543,1.4592920000000003,85
1513,ASOC. PROD. MONTERO NO.1513,COOPERATIVA,MONTERO,43.22,1279,35765.58,28.139716758457908,116.03526500000001,11.426108022239873,2.1827872908648995,45.2,0.073495,0.7979202501954653,0.7852802037042751,6.0,0.279124,36.48680803571428,18.552805836139168,0.139171,8.854560000000003,85
1514,ASOC. PROD. YAPACANI NO.1514,COOPERATIVA,YAPACANI,60.47,757,21069.84,28.09312,63.158331999999994,11.305935828877002,1.7480888186716799,16.44,0.062087,0.8298678996036987,0.8176846480059438,5.04,0.306473,36.53751445086706,18.424288389513112,0.157199,1.1591710000000004,85
1515,CLAUDIA CRUZ RIVERO,INDIVIDUAL,EL TORNO,108.79,513,14118.6,27.73791748526523,38.875741999999995,11.422664015904573,1.892859422478149,16.79,0.087719,0.787037037037037,0.7344533153670857,4.61,0.288499,36.54888888888888,18.450985074626868,0.191033,1.0390910000000002,85
1516,JOSE SANDOVAL YUJRA,COMUNIDAD,WARNES,520.63,457,12767.94,28.061406593406595,54.882442999999995,11.449594594594595,2.8386876307674798,45.2,0.059081,0.8307439824945296,0.8291217439730078,4.54,0.306346,36.39341614906832,18.52965732087227,0.113786,8.892000000000001,84
1517,MARCELO AGUILAR TORREZ,INDIVIDUAL,WARNES,353.62,539,14953.87,28.26818525519849,41.720696999999994,11.392948960302457,1.7240429929987784,16.15,0.063080,0.7922448979591837,0.785199266345112,4.25,0.259740,36.480051546391756,18.431432225063936,0.146568,1.1108500000000003,85
1518,ASOC. PROD. LA GUARDIA NO.1518,ASOCIACION,LA GUARDIA,153.46,502,14134.619999999999,28.439879275653922,37.523834,11.344426559356137,1.7869992314391576,16.82,0.073705,0.7789043824701195,0.7877876465574843,5.36,0.264940,36.42418128654971,18.425801749271137,0.119522,1.099156,85
1521,AGROP. COLQUE HNOS. S.R.L.,EMPRESA AGROPECUARIA,PORTACHUELO,64.73,1232,34097.240000000005,28.017452752670504,82.19067,11.202390766694148,1.7476350041989415,16.76,0.059253,0.7854788961038961,0.7486386873525122,6.0,0.273539,36.54207746478873,18.471616972477065,0.167208,1.3755,85
1522,NELSON HUANCA VARGAS,INDIVIDUAL,COTOCA,95.69,961,27067.0,28.55168776371308,73.73391099999999,11.29344680851064,1.7965158660636882,16.77,0.069719,0.8055150884495317,0.7798250137792785,5.25,0.285120,36.41987933634993,18.539520348837208,0.140479,1.1360249999999998,85
1523,RICARDO APAZA RODRIGUEZ,INDIVIDUAL,GENERAL SAAVEDRA,121.83,522,14457.32,28.018062015503876,50.108892,11.430923379174853,2.2499324863063297,45.2,0.051724,0.8482183908045978,0.805092289870021,5.3,0.308429,36.434211956521736,18.491787709497206,0.170498,10.633604000000002,85
1524,MARIA VILLCA VARGAS,COMUNIDAD,SAN JULIAN,34.28,1064,29723.88,28.06787535410765,83.513471,11.342195589645254,2.011406215469008,45.2,0.060150,0.8011936090225563,0.7512577000020448,6.0,0.276316,36.51903846153846,18.418584779706272,0.152256,8.034,85
1525,NELSON GUTIERREZ SORIA,INDIVIDUAL,EL TORNO,81.38,507,14069.579999999998,28.25216867469879,62.243641000000004,11.36662,2.784741270475048,45.2,0.069034,0.8678303747534517,0.8629355329433724,5.77,0.319527,36.42481375358166,18.616267806267803,0.155819,8.717280000000002,85
1526,ASOC. PROD. ROBORE NO.1526,ASOCIACION,ROBORE,207.25,1314,36664.0,28.116564417177916,103.201958,11.296803723816913,1.7892216183271517,17.8,0.064688,0.7957838660578387,0.7827407287552942,5.21,0.288432,36.54227173913044,18.527063236870312,0.143836,1.345516,85
1527,ENRIQUE CHAMBI GUTIERREZ,INDIVIDUAL,COTOCA,125.67,525,14690.77,28.14323754789272,35.632362,11.195501930501932,1.8443355801221655,16.65,0.074286,0.7541904761904762,0.7102746229350025,4.45,0.253333,36.397863013698625,18.50254742547425,0.135238,1.0489390000000003,85
1528,ALBERTO GUTIERREZ FLORES,INDIVIDUAL,MONTERO,240.88,1524,42859.69,28.402710404241223,133.33239300000002,11.381523489932887,2.1199120009230064,45.2,0.060367,0.80498687664042,0.8227824211175282,6.0,0.271654,36.506422535211264,18.477945075757578,0.154199,9.01992,85
1529,IVAN SORIA CONDORI,INDIVIDUAL,PUERTO SUAREZ,100.94,1255,34937.05,28.039365971107546,104.684861,11.451347402597404,1.7367992922993891,16.7,0.070916,0.8181752988047808,0.8082296607752208,6.0,0.282869,36.44560726447219,18.525640138408303,0.138645,1.588,85
1530,LUIS AGUILAR GARCIA,INDIVIDUAL,MINEROS,927.16,238,6458.82,27.60179487179487,19.897151,11.50291304347826,1.7692874102315301,16.05,0.079832,0.821638655462185,0.8471138912971292,6.0,0.285714,36.53909638554217,18.520887573964494,0.172269,1.8689440000000002,79
1531,SERGIO COPA CHUQUIMIA,INDIVIDUAL,PUERTO QUIJARRO,69.35,784,21505.86,27.929688311688313,56.235952,11.389194805194805,1.7724520718250838,16.91,0.072704,0.7770153061224491,0.7375635702769291,4.55,0.276786,36.41066914498142,18.63726605504587,0.153061,1.588167,85
1532,ASOC. PROD. SANTA ROSA NO.1532,COOPERATIVA,SANTA ROSA,164.8,817,22698.489999999998,28.022827160493826,69.705628,11.443712499999998,2.0613607404993073,45.2,0.063647,0.8223378212974295,0.7650681075997914,4.77,0.315789,36.415559502664294,18.431340206185567,0.164015,8.199360000000002,85
1533,ASOC. PROD. LA GUARDIA NO.1533,ASOCIACION,LA GUARDIA,99.67,512,14388.469999999998,28.268113948919446,37.412498,11.414282868525895,1.82168589626644,15.83,0.091797,0.7755859375,0.7446634988069976,4.88,0.259766,36.35180592991914,18.567067039106146,0.156250,0.9653440000000001,85
1534,MARCO SANCHEZ NAVIA,INDIVIDUAL,CHARAGUA,47.97,487,13450.130000000003,27.789524793388434,44.860164,11.441167728237794,1.7639589526689559,16.78,0.069815,0.8298973305954824,0.8516281850484938,4.62,0.295688,36.41846625766871,18.506239316239316,0.127310,1.066824,85
1535,CARMEN MEDINA RODRIGUEZ,INDIVIDUAL,CUATRO CANADAS,160.92,517,14304.740000000002,27.993620352250492,36.197066,11.502455445544554,1.719981286378179,16.24,0.073501,0.7873114119922631,0.7154081651456817,5.69,0.307544,36.344849315068494,18.497700534759357,0.143133,1.140894,85
1536,ASOC. PROD. LA GUARDIA NO.1536,ASOCIACION,LA GUARDIA,44.74,1252,34913.17,28.110442834138485,110.630735,11.259326845093268,1.9721087956016727,45.2,0.059105,0.8291613418530352,0.8295461277739007,5.97,0.291534,36.558795321637426,18.539823113207547,0.143770,10.451948000000002,85
1537,ASOC. PROD. COTOCA NO.1537,ASOCIACION,COTOCA,31.81,526,14696.970000000001,28.155114942528737,46.42964400000001,11.361375968992247,1.730823320032686,16.64,0.062738,0.8512167300380228,0.833121063966297,4.71,0.307985,36.573571428571434,18.58421787709497,0.140684,1.8591450000000005,85
1538,RAUL GARCIA HUANCA,INDIVIDUAL,COTOCA,169.42,1094,30590.75,28.272412199630313,82.968847,11.35486359360301,1.7632700946712185,16.93,0.056673,0.7825502742230347,0.7762396659348502,6.0,0.273309,36.592053915276,18.47991967871486,0.149909,1.69,85
1539,ASOC. PROD. SAN JULIAN NO.1539,COOPERATIVA,SAN JULIAN,51.68,233,6457.6900000000005,27.955367965367966,13.364149,11.156008771929825,1.687416329115055,15.68,0.047210,0.7426180257510729,0.6597697580513895,3.16,0.266094,36.34173913043479,18.51969879518072,0.188841,0.7542679999999999,81
1540,MARCO YUJRA MACHACA,INDIVIDUAL,PUERTO SUAREZ,84.43,1095,30061.910000000003,27.80935245143386,85.648738,11.323966323666978,1.7619465908837948,16.81,0.063014,0.8304566210045662,0.8063294923126745,5.3,0.307763,36.38829236739974,18.535239999999998,0.141553,1.2254999999999998,85
1541,ASOC. PROD. PAILON NO.1541,COOPERATIVA,PAILON,68.68,972,27177.980000000003,28.251538461538466,84.82271700000001,11.36297071129707,1.989961130715653,45.2,0.059671,0.7772016460905349,0.8012296088990248,5.51,0.269547,36.553601823708206,18.485650154798762,0.159465,9.338160000000002,85
1542,DANIELA QUISPE ALVARADO,COMUNIDAD,PORTACHUELO,110.06,1059,29161.140000000003,27.825515267175575,110.09073400000001,11.434888673765732,2.5437987395474253,45.2,0.066100,0.8105949008498584,0.8189284374382486,6.0,0.283286,36.46115646258504,18.539272237196766,0.167139,9.987120000000003,85
1543,ROSA MARCA MARTINEZ,INDIVIDUAL,SAN JULIAN,27.74,280,7740.589999999999,27.843848920863305,25.053708000000004,11.351875,1.8178885036282146,17.14,0.060714,0.8360714285714287,0.8367381595026273,5.74,0.325000,36.71386138613862,18.4392972972973,0.110714,1.0411119999999996,80
1544,ASOC. PROD. MINEROS NO.1544,ASOCIACION,MINEROS,113.06,536,14905.72,27.86115887850467,41.816218,11.333193916349808,1.787299444211084,16.01,0.063433,0.8208768656716418,0.7578112702105948,4.43,0.305970,36.618020833333325,18.444552845528456,0.125000,1.1312139999999997,85
1545,GABRIELA MACHACA SALVATIERRA,COMUNIDAD,COTOCA,48.44,249,7083.76,28.79577235772358,21.398785,11.400204081632653,1.7378157689193015,15.76,0.080321,0.825020080321285,0.8312539713696023,4.92,0.293173,36.505917159763314,18.615738636363634,0.144578,0.8686720000000001,77
1546,LAURA VASQUEZ RIVERO,INDIVIDUAL,GENERAL SAAVEDRA,170.82,1046,29041.989999999998,27.978795761078995,106.910556,11.519544131910767,2.7156833761964077,45.2,0.074570,0.7689388145315488,0.729473902372927,5.16,0.278203,36.4113422818792,18.535957727873186,0.133843,9.21024,85
1547,CINTHIA CHOQUE VACA,INDIVIDUAL,SANTA ROSA,105.93,1529,42443.78,28.052729676140117,123.56582,11.428724252491694,1.9818237474778218,45.2,0.075213,0.7802550686723349,0.7845640236135627,6.0,0.267495,36.5020452403393,18.52733705772812,0.158927,9.877920000000001,85
1548,JHONNY CATACORA MACHACA,INDIVIDUAL,MONTERO,51.84,963,26877.49,27.968251821019773,92.69458200000001,11.338890063424948,2.0776743038235965,45.2,0.064382,0.8450882658359293,0.8707610523492436,6.0,0.289720,36.42618127786033,18.46544655929722,0.153686,7.874880000000001,85
1549,ASOC. PROD. SANTA ROSA NO.1549,COOPERATIVA,SANTA ROSA,132.51,1275,35309.770000000004,28.023626984126988,105.937758,11.374102976669349,2.0099485806745636,45.2,0.058824,0.8098980392156861,0.8129257424582238,5.91,0.283137,36.50532497149372,18.487909292035397,0.150588,9.044880000000001,85
1550,VICTOR VACA GUTIERREZ,INDIVIDUAL,COTOCA,50.98,533,14733.4,28.063619047619046,62.07466900000001,11.504856596558318,2.734165511196144,45.2,0.069418,0.832607879924953,0.818422831144937,5.73,0.294559,36.4729916897507,18.387303370786515,0.146341,8.79054,85
1551,ASOC. PROD. MINEROS NO.1551,ASOCIACION,MINEROS,39.29,540,14978.220000000001,27.996672897196262,40.997488,11.282765151515152,1.632333031279832,15.72,0.040741,0.8337962962962963,0.8803582480355462,6.0,0.272222,36.33126684636119,18.57672131147541,0.142593,1.4992840000000003,84
1552,ASOC. PROD. SANTA ROSA NO.1552,ASOCIACION,SANTA ROSA,149.49,501,14024.98,28.21927565392354,40.404115000000004,11.19622950819672,1.7171173866985525,15.48,0.053892,0.8355888223552894,0.8997654708838355,6.0,0.285429,36.47944927536232,18.583213296398892,0.153693,1.6345390000000004,85
1553,VALERIA PUMA RODRIGUEZ,INDIVIDUAL,ROBORE,181.87,1014,27960.260000000002,27.932327672327673,85.020867,11.430599400599402,2.0086682753405616,45.2,0.065089,0.7970118343195267,0.7835259900953977,4.91,0.276134,36.42384827586208,18.529027576197386,0.148915,6.717360000000001,85
1554,SILVIA SANDOVAL TORREZ,INDIVIDUAL,SAN PEDRO,102.24,1598,43795.799999999996,27.87765754296626,135.242867,11.355422535211268,1.9104705544317804,45.2,0.060701,0.80819774718398,0.7995397899491251,6.0,0.282854,36.40714924039321,18.50932849364791,0.154568,10.367824,85
1555,ANA VACA GUTIERREZ,INDIVIDUAL,CHARAGUA,80.58,526,14631.580000000002,28.08364683301344,40.036258999999994,11.234893203883495,1.7582718728469704,16.66,0.070342,0.8007984790874526,0.7803811823642075,4.75,0.279468,36.31626016260163,18.470342105263157,0.134981,1.076878,85
1556,ASOC. PROD. PORTACHUELO NO.1556,COOPERATIVA,PORTACHUELO,15.27,813,22639.68,28.054126394052044,70.45795500000001,11.458042659974906,2.112092768440695,45.2,0.075031,0.7876998769987701,0.7881874189253477,5.7,0.266913,36.431580756013744,18.52280821917808,0.154982,7.915440000000003,85
1557,ALEJANDRA PEDRAZA CUELLAR,INDIVIDUAL,BUEN RETIRO,216.06,518,14549.91,28.473405088062623,49.628527000000005,11.381512770137526,2.216170854921332,45.2,0.052124,0.8569305019305019,0.8195689524914599,6.0,0.320463,36.58105555555555,18.456437659033078,0.158301,8.214960000000001,85
1558,AGROP. GARCIA HNOS. S.R.L.,EMPRESA AGROPECUARIA,COTOCA,78.65,499,14092.109999999997,28.468909090909087,48.151048,11.33491836734694,1.7119877149275124,16.97,0.064128,0.8872344689378759,0.8821885249244072,5.72,0.316633,36.7078787878788,18.554454277286137,0.184369,1.4896319999999998,85
1559,PAOLA COPA PEREZ,COMUNIDAD,WARNES,122.36,1570,43748.83,28.080121951219514,141.469849,11.34228183581125,1.9439790359762987,45.2,0.070064,0.84228025477707,0.8136040713314581,6.0,0.300000,36.4835831809872,18.531602160216025,0.156688,8.167152,85
1560,AGROP. CATACORA HNOS. S.R.L.,EMPRESA AGROPECUARIA,CHARAGUA,65.86,788,22228.280000000002,28.388607918263094,66.37344100000001,11.398738738738738,2.081053944656917,45.2,0.064721,0.7618654822335025,0.7632130950053833,4.64,0.261421,36.46456400742115,18.49969696969697,0.161168,9.750000000000002,85
1561,ASOC. PROD. PORTACHUELO NO.1561,ASOCIACION,PORTACHUELO,14.38,542,15274.36,28.285851851851852,40.726001000000004,11.444382022471908,1.7000222634385003,15.85,0.066421,0.7881549815498156,0.7936196062650771,5.55,0.284133,36.54303523035231,18.636382428940568,0.178967,1.5084350000000002,85
1562,ASOC. PROD. PUERTO SUAREZ NO.1562,ASOCIACION,PUERTO SUAREZ,105.71,536,15058.73,28.305883458646615,43.411806999999996,11.354488636363637,2.24854887294589,45.2,0.052239,0.7104850746268657,0.713288912484985,4.26,0.255597,36.44621333333333,18.575498652291106,0.110075,9.550320000000001,85
1563,VALERIA CHUQUIMIA COPA,INDIVIDUAL,COTOCA,295.23,1016,28255.059999999998,28.03081349206349,90.651033,11.35409,2.035872035970541,45.2,0.062008,0.8361614173228346,0.7867468903562822,4.92,0.307087,36.3978825136612,18.499416785206257,0.147638,8.302356000000001,85
1564,RICARDO COLQUE CASTRO,INDIVIDUAL,CHARAGUA,102.07,801,22301.72,28.017236180904526,61.740621999999995,11.289974457215836,1.806323433710825,16.47,0.071161,0.788039950062422,0.7447528304088528,4.63,0.284644,36.50836555360281,18.406411657559197,0.151061,1.169475,85
1565,AGROP. RIVERO HNOS. S.R.L.,EMPRESA AGROPECUARIA,ROBORE,17.35,748,20621.32,27.904357239512855,51.654853,11.289346938775507,1.639973867726702,16.93,0.052139,0.7659491978609626,0.7640342672543208,5.18,0.272727,36.70402805611223,18.512397660818714,0.132353,1.0817839999999999,85
1566,ELIZABETH CASTRO MARTINEZ,INDIVIDUAL,SAN PEDRO,181.06,508,14168.609999999999,28.168210735586477,43.617706,11.238909090909091,1.762141576906609,16.65,0.055118,0.8380905511811022,0.8027313430664791,5.04,0.311024,36.338168604651166,18.441858407079643,0.131890,4.253106000000001,85
1567,FREDDY CHAMBI SANCHEZ,INDIVIDUAL,PORTACHUELO,68.6,562,15497.32,27.923099099099097,61.003499,11.446050724637683,2.2602441890546947,45.2,0.067616,0.8457829181494663,0.843443524801416,6.0,0.307829,36.554923857868026,18.470947630922694,0.169039,9.990240000000004,85
1568,ASOC. PROD. PAILON NO.1568,ASOCIACION,PAILON,29.13,790,21852.79,27.98052496798976,59.571284,11.341181818181816,1.714124003168559,16.22,0.069620,0.8212405063291139,0.7857015822205821,5.59,0.289873,36.57098939929329,18.499029304029303,0.131646,1.3209000000000002,85
1569,WILBER CATACORA GARCIA,INDIVIDUAL,PUERTO SUAREZ,86.89,529,14656.42,27.916990476190477,47.686344,11.341596153846154,2.2707084170378993,45.2,0.054820,0.820945179584121,0.8106959311741754,6.0,0.277883,36.68846774193548,18.44994638069705,0.122873,8.79216,85
1570,AGROP. VACA HNOS. S.R.L.,EMPRESA AGROPECUARIA,ROBORE,32.41,519,14246.14,27.77025341130604,36.92457900000001,11.45492125984252,1.7457806541507646,17.53,0.069364,0.7836608863198459,0.7812133473298554,6.0,0.277457,36.55727528089888,18.497021857923496,0.173410,1.4325,85
1571,AGROP. CRUZ HNOS. S.R.L.,EMPRESA AGROPECUARIA,MINEROS,183.27,1020,28614.49,28.247275419545904,88.06096899999999,11.317142857142857,2.076951171524397,45.2,0.064706,0.806313725490196,0.775732861007292,5.53,0.303922,36.47127777777778,18.51700557103064,0.150000,8.80776,85
1572,LUIS PINTO CASTRO,INDIVIDUAL,CUATRO CANADAS,32.76,266,7604.22,28.695169811320756,19.760888,11.250115384615384,1.702638307660271,15.94,0.052632,0.7901127819548873,0.7436577033051305,4.05,0.296992,36.28985294117647,18.383135135135134,0.157895,1.9330360000000002,81
1573,VANESSA SUAREZ ALVARADO,INDIVIDUAL,PAILON,595.16,532,14903.23,28.06634651600753,42.563199999999995,11.305733333333334,1.6971517690608793,16.07,0.065789,0.8541541353383458,0.7598690532458835,4.68,0.330827,36.44970822281167,18.608347578347576,0.148496,1.06352,85
1574,HUGO CHAMBI LIMA,INDIVIDUAL,OKINAWA,46.85,533,15064.169999999998,28.262983114446527,48.612807999999994,11.279026717557251,2.2404308533098423,45.2,0.056285,0.8080675422138837,0.7524535176217557,4.64,0.287054,36.509124668435014,18.51371191135734,0.159475,9.453600000000003,85
1575,AGROP. CATACORA HNOS. S.R.L.,EMPRESA AGROPECUARIA,CHARAGUA,82.46,1046,29456.629999999997,28.405621986499515,100.06204899999999,11.337725490196078,2.094962021511912,45.2,0.085086,0.8110133843212236,0.7865700027325472,4.91,0.275335,36.448873626373626,18.473119891008174,0.170172,9.512880000000003,85
1576,ASOC. PROD. BUEN RETIRO NO.1576,ASOCIACION,BUEN RETIRO,89.08,802,22105.57,27.840768261964737,79.44351999999999,11.355556962025316,2.461692387477807,45.2,0.068579,0.8007605985037407,0.7770449128254787,4.46,0.284289,36.57238181818182,18.580284697508898,0.149626,9.634560000000002,85
1577,FREDDY CASTRO PINTO,INDIVIDUAL,BUEN RETIRO,43.7,511,14256.84,28.064645669291338,40.213717,11.336706349206349,1.7542557922865047,16.63,0.064579,0.8296868884540117,0.7618948899536957,4.53,0.307241,36.561052631578946,18.48724867724868,0.138943,1.153125,84
1578,ASOC. PROD. COTOCA NO.1578,ASOCIACION,COTOCA,72.71,504,14124.05,28.304709418837675,65.13626500000001,11.541633064516128,3.0981216131283227,45.2,0.055556,0.8630952380952381,0.8245629861619146,5.03,0.321429,36.53393678160919,18.498393351800555,0.146825,9.205518000000003,85
1579,ASOC. PROD. EL TORNO NO.1579,COOPERATIVA,EL TORNO,36.32,517,14275.960000000001,28.047072691552064,42.551029,11.472792079207922,1.7925615501422107,16.82,0.077369,0.7958220502901354,0.7801174822435335,4.35,0.292070,36.41245810055865,18.54635820895522,0.147002,1.1443599999999998,85
1580,HUGO ANTELO MACHACA,INDIVIDUAL,CUATRO CANADAS,80.65,1001,27757.249999999996,28.037626262626258,80.978959,11.357908629441626,2.068162525402759,45.2,0.067932,0.7646053946053946,0.7742419964913224,6.0,0.275724,36.536203966005665,18.471656976744185,0.146853,9.49416,85
1581,ASOC. PROD. PUERTO SUAREZ NO.1581,COOPERATIVA,PUERTO SUAREZ,39.39,483,13378.46,27.988410041841004,41.48201,11.403354700854702,1.7524405943308787,16.77,0.082816,0.8524223602484472,0.8047644250014689,5.61,0.329193,36.592579617834396,18.45449541284404,0.157350,1.15711,84
1582,HUGO FLORES PEDRAZA,INDIVIDUAL,SAN JULIAN,227.34,264,7351.660000000001,27.847196969696974,36.01092900000001,11.540115830115832,3.5161691278106315,45.2,0.083333,0.7563257575757575,0.7694339828307464,6.0,0.284091,36.31522988505748,18.532349726775955,0.162879,9.74064,81
1584,ASOC. PROD. SANTA ROSA NO.1584,COOPERATIVA,SANTA ROSA,106.71,1303,35789.0,27.80808080808081,107.38796900000001,11.3660773480663,2.0098913390142314,45.2,0.070606,0.7929470452801228,0.7922440291023523,5.08,0.287030,36.45035791757049,18.560167410714286,0.160399,7.762560000000002,85
1585,ANA TICONA CALLISAYA,COMUNIDAD,OKINAWA,25.67,794,22073.039999999997,27.869999999999997,60.578571999999994,11.400661577608142,1.7169637903284038,16.8,0.069270,0.802984886649874,0.7614080884773876,5.86,0.290932,36.64289520426288,18.50620503597122,0.161209,1.4328090000000002,85
1586,RONALD GUTIERREZ ROMERO,INDIVIDUAL,LA GUARDIA,125.73,784,21880.280000000002,28.087650834403085,61.357468999999995,11.380314136125653,1.7468784834442586,17.72,0.068878,0.802563775510204,0.7727044830656233,4.94,0.285714,36.48045197740114,18.395322283609573,0.145408,1.1804240000000001,85
1587,VALERIA SALVATIERRA PUMA,INDIVIDUAL,PUERTO QUIJARRO,50.42,521,14318.99,27.803864077669903,43.66413,11.350736434108526,1.7955944577247143,16.14,0.082534,0.8255278310940499,0.8796757267994239,6.0,0.280230,36.66446524064171,18.347210526315784,0.155470,1.4820000000000002,84
1588,ASOC. PROD. GENERAL SAAVEDRA NO.1588,COOPERATIVA,GENERAL SAAVEDRA,49.88,480,13626.099999999999,28.566247379454925,41.173351999999994,11.34883474576271,1.7406994342515851,15.8,0.068750,0.8493750000000001,0.8801051043942384,6.0,0.297917,36.44905604719764,18.431860465116277,0.135417,1.399734,85
1589,CINTHIA APAZA MAMANI,INDIVIDUAL,EL TORNO,162.3,494,13781.390000000001,28.240553278688527,54.744336000000004,11.40201646090535,2.7387318247641397,45.2,0.052632,0.8351619433198382,0.7975908667729995,5.53,0.309717,36.507432024169184,18.536793002915452,0.165992,9.10416,85
1590,ASOC. PROD. BUEN RETIRO NO.1590,COOPERATIVA,BUEN RETIRO,38.84,1234,34052.759999999995,27.820882352941172,86.989645,11.376930693069307,1.7464085081313354,18.29,0.070502,0.7672933549432739,0.7194849016954064,4.82,0.270665,36.52924418604651,18.503899082568807,0.141005,1.737909,85
1591,ASOC. PROD. CUATRO CANADAS NO.1591,ASOCIACION,CUATRO CANADAS,15.51,244,6771.85,27.982851239669422,25.618546,11.495477178423236,2.7557155529647868,45.2,0.057377,0.7766803278688524,0.7094233764254053,3.69,0.270492,36.62142857142858,18.425389221556888,0.151639,9.815520000000001,77
1592,DANIEL CHAMBI AGUILAR,INDIVIDUAL,MONTERO,68.02,728,20429.84,28.179089655172415,55.31186999999999,11.277482614742697,1.757443360024605,16.29,0.065934,0.8015521978021978,0.7800620244944866,4.73,0.278846,36.63702594810379,18.5271992481203,0.151099,1.1197169999999999,85
1593,ASOC. PROD. ROBORE NO.1593,COOPERATIVA,ROBORE,71.07,1017,28371.13,28.118067393458873,75.605742,11.33296,1.7203368266700636,16.09,0.059980,0.8191150442477876,0.7930259522641064,6.0,0.291052,36.57452091767881,18.552594752186593,0.145526,1.3090000000000002,85
1594,AGROP. CASTRO HNOS. S.R.L.,EMPRESA AGROPECUARIA,SANTA ROSA,119.82,1042,28943.739999999998,27.93797297297297,93.286482,11.362801175318316,2.0471901806916146,45.2,0.059501,0.8114203454894434,0.8214774873001078,6.0,0.277351,36.51725784447476,18.420604026845638,0.136276,8.735700000000001,85
1595,ANA VASQUEZ SANDOVAL,INDIVIDUAL,BUEN RETIRO,286.2,517,14358.23,28.31998027613412,42.10454,11.288937007874015,1.7717176646417656,16.38,0.061896,0.8263249516441006,0.7870234098742951,5.31,0.282398,36.38104109589041,18.350972972972972,0.147002,1.279208,85
1596,ASOC. PROD. MONTERO NO.1596,COOPERATIVA,MONTERO,163.54,244,6718.75,27.994791666666668,17.046457,11.291659574468085,1.7265499079001254,15.3,0.057377,0.8047131147540983,0.7684029719064749,4.41,0.295082,36.765028901734105,18.39964912280702,0.155738,0.9541179999999998,81
1597,VIVIANA VASQUEZ MONTAÑO,INDIVIDUAL,YAPACANI,81.04,525,14594.12,28.011746641074858,42.734066999999996,11.475401174168296,1.732497286736012,17.1,0.074286,0.8202666666666667,0.7958647448605568,5.76,0.299048,36.46728232189973,18.588177083333335,0.142857,1.3035100000000002,85
1598,ASOC. PROD. EL TORNO NO.1598,ASOCIACION,EL TORNO,158.93,475,13245.23,28.121507430997877,44.345496999999995,11.385511982570808,2.338047348374357,45.2,0.052632,0.7724421052631578,0.7359238391012918,4.23,0.277895,36.63708860759493,18.53968944099379,0.170526,9.877920000000001,85
1599,SILVIA SALVATIERRA PEDRAZA,INDIVIDUAL,BUEN RETIRO,88.8,1054,29147.42,28.02636538461538,83.525679,11.271751684311837,1.7227006992971612,16.9,0.055977,0.8215180265654649,0.8295801356584563,5.95,0.278937,36.48084124830393,18.46339726027397,0.147059,1.200375,85
1600,ASOC. PROD. PAILON NO.1600,COOPERATIVA,PAILON,140.08,1810,50260.85999999999,28.000479108635094,138.56130000000002,11.313229461756373,1.906562391906845,45.2,0.065746,0.7748618784530387,0.7628485992215133,6.0,0.265193,36.491139854486654,18.472023437499995,0.144751,6.0528,85
1601,ROBERTO COLQUE CONDORI,INDIVIDUAL,BUEN RETIRO,128.75,980,27537.36,28.272443531827516,96.780839,11.434116424116425,2.286673398859011,45.2,0.057143,0.8253775510204082,0.828188863097208,6.0,0.284694,36.58961595273264,18.490794117647063,0.157143,10.230480000000004,85
1602,ASOC. PROD. PUERTO SUAREZ NO.1602,ASOCIACION,PUERTO SUAREZ,44.53,545,15121.850000000002,27.8487108655617,56.81815400000001,11.400112570356471,1.7890629468818633,16.92,0.066055,0.9123853211009174,0.8823938645169034,4.89,0.333945,36.57960422163589,18.46347150259067,0.155963,1.385496,85
1603,FELIX CRUZ SALVATIERRA,INDIVIDUAL,CUATRO CANADAS,357.58,1003,27994.280000000002,28.220040322580648,88.23241700000001,11.299959595959596,2.074870443988384,45.2,0.069791,0.7897706879361914,0.8144586922217445,6.0,0.273180,36.465366197183094,18.467450980392158,0.146560,8.589360000000001,85
1604,ASOC. PROD. MONTERO NO.1604,ASOCIACION,MONTERO,195.76,834,23070.64,28.13492682926829,64.886314,11.338075980392158,1.692075242090227,16.46,0.057554,0.838021582733813,0.8005382610073972,6.0,0.312950,36.59772727272727,18.50746140651801,0.158273,1.4103019999999995,85
1605,FELIX LOPEZ MEDINA,INDIVIDUAL,EL TORNO,79.25,815,22787.120000000003,28.201881188118815,63.92398000000001,11.45464330413016,2.083663173891766,45.2,0.069939,0.7695460122699387,0.7565107507502213,6.0,0.269939,36.52019264448336,18.49384210526316,0.154601,7.759440000000003,85
1606,ASOC. PROD. SAN PEDRO NO.1606,COOPERATIVA,SAN PEDRO,228.46,1305,36184.88,28.05029457364341,117.152876,11.510236593059936,2.0512581329989286,45.2,0.083525,0.8213716475095785,0.7922350560354365,5.93,0.300383,36.392073170731706,18.3882104121475,0.136398,9.02616,85
1607,ASOC. PROD. CUATRO CANADAS NO.1607,COOPERATIVA,CUATRO CANADAS,148.69,285,7943.4,28.16808510638298,23.845608000000002,11.305815602836878,1.7647973908200871,16.64,0.073684,0.8463157894736841,0.7954824729147734,6.0,0.280702,36.27166666666667,18.428029556650248,0.133333,1.6660000000000001,83
1608,ASOC. PROD. PORTACHUELO NO.1608,COOPERATIVA,PORTACHUELO,92.72,516,14329.11,28.09629411764706,45.108666,11.222800788954636,1.7002841095304848,16.56,0.052326,0.8433720930232558,0.8640389830271329,4.95,0.294574,36.53147138964577,18.63738292011019,0.135659,1.22134,85
1609,AGROP. TORREZ HNOS. S.R.L.,EMPRESA AGROPECUARIA,MONTERO,156.53,798,22290.15,28.10863808322825,77.57397,11.437278562259307,2.4499541547969153,45.2,0.071429,0.8220426065162907,0.7671917296228691,5.44,0.291980,36.55424954792044,18.466869409660106,0.155388,10.068240000000003,85
1610,MIRIAM COPA RIVERO,INDIVIDUAL,PUERTO QUIJARRO,110.54,537,14982.340000000002,28.16229323308271,42.590719,11.312030360531308,1.6614329833044277,16.61,0.061453,0.8116573556797021,0.811383360072596,4.99,0.301676,36.403796791443845,18.451066666666666,0.148976,1.1291700000000002,84
1611,ASOC. PROD. COTOCA NO.1611,COOPERATIVA,COTOCA,626.35,509,14212.469999999998,28.25540755467196,45.782067999999995,11.387911646586346,2.332972140915235,45.2,0.066798,0.7787819253438114,0.7235855667635784,5.16,0.308448,36.578547486033514,18.621843575418993,0.151277,8.848320000000001,85
1612,AGROP. VILLCA HNOS. S.R.L.,EMPRESA AGROPECUARIA,BUEN RETIRO,100.33,793,21945.179999999997,27.99130102040816,66.22655499999999,11.265486381322955,1.7228245053147593,16.08,0.051702,0.8460151324085751,0.8571950438523687,6.0,0.307692,36.4939928057554,18.538308550185874,0.141236,1.4402599999999999,85
1613,RONALD MARCA ANTELO,INDIVIDUAL,PUERTO SUAREZ,56.55,495,13801.869999999999,27.882565656565653,49.369062,11.455503080082137,2.354726029578211,45.2,0.082828,0.8076767676767677,0.837283331430135,6.0,0.292929,36.47956011730205,18.41880733944954,0.121212,8.445840000000002,84
1615,ASOC. PROD. PORTACHUELO NO.1615,ASOCIACION,PORTACHUELO,117.97,250,7150.73,29.0680081300813,22.825315,11.255755102040816,1.7419451456916957,15.95,0.068000,0.89904,0.846699639493293,4.44,0.336000,36.265220125786165,18.505833333333335,0.164000,0.9842079999999995,83
1616,AGROP. GUTIERREZ HNOS. S.R.L.,EMPRESA AGROPECUARIA,EL TORNO,348.17,1540,43221.96,28.286623036649214,143.47254999999998,11.403695652173914,2.1614003626386684,45.2,0.077922,0.8130909090909092,0.8009973831695875,5.88,0.279221,36.52617486338798,18.55818348623853,0.153247,8.768000000000002,85
1617,RICARDO VILLCA LOPEZ,INDIVIDUAL,COTOCA,26.82,770,21339.85,28.04185282522996,66.08490800000001,11.318686327077748,1.8367153029693568,17.03,0.072727,0.8578181818181818,0.8908006469726463,6.0,0.285714,36.48331491712707,18.525092936802974,0.140260,1.5140000000000002,85
1618,MONICA MONTAÑO CONDORI,INDIVIDUAL,PUERTO SUAREZ,70.72,508,14041.68,28.08336,50.300692,11.444151696606788,2.294507687706037,45.2,0.070866,0.8196062992125984,0.8369489075715978,5.49,0.281496,36.412364130434774,18.433444444444447,0.133858,9.353760000000003,85
1620,ASOC. PROD. GENERAL SAAVEDRA NO.1620,ASOCIACION,GENERAL SAAVEDRA,404.06,554,15593.880000000001,28.301052631578948,37.889053000000004,11.415661764705883,1.777532982065066,15.94,0.061372,0.7681227436823105,0.7421344609594908,6.0,0.288809,36.49178756476684,18.435038363171355,0.129964,1.42,84
1621,RICHARD GARCIA HUANCA,INDIVIDUAL,COTOCA,216.81,1204,33437.56,27.981221757322174,98.53552199999999,11.350862944162438,1.728106480111096,17.05,0.063123,0.8285299003322258,0.8302659580120934,5.78,0.291528,36.46503640776699,18.412777115613828,0.146179,1.4987800000000004,85
1622,ASOC. PROD. OKINAWA NO.1622,COOPERATIVA,OKINAWA,57.2,267,7422.76,28.22342205323194,34.109947000000005,11.451842105263157,2.6670687728527183,45.2,0.048689,0.9238202247191012,0.8956824242739905,4.23,0.329588,36.532316384180795,18.41641304347826,0.149813,9.048000000000002,82
1623,ASOC. PROD. CHARAGUA NO.1623,ASOCIACION,CHARAGUA,187.13,505,13921.480000000001,27.78738522954092,36.011081999999995,11.38798780487805,1.7169694017457606,16.04,0.065347,0.778970297029703,0.7590740293624139,5.93,0.267327,36.33711484593838,18.55624641833811,0.162376,1.399134,85
1624,ASOC. PROD. PAILON NO.1624,COOPERATIVA,PAILON,175.69,783,21701.06,28.11018134715026,69.292126,11.324356306892067,2.129875016619932,45.2,0.065134,0.8072541507024266,0.8282031488621492,6.0,0.279693,36.59148897058823,18.580689655172414,0.140485,9.528480000000002,85
1625,AGROP. MERCADO HNOS. S.R.L.,EMPRESA AGROPECUARIA,WARNES,56.05,518,14627.05,28.512768031189083,53.07752400000001,11.46939453125,2.246332306303293,45.2,0.073359,0.8124710424710425,0.8418385482538703,6.0,0.295367,36.50578947368421,18.543641160949868,0.183398,8.570640000000001,85
1626,ASOC. PROD. BUEN RETIRO NO.1626,ASOCIACION,BUEN RETIRO,216.2,754,20825.88,27.95420134228188,60.740348999999995,11.453378016085793,1.6977043668774368,16.37,0.067639,0.7965915119363395,0.8250268136699987,6.0,0.265252,36.48748603351955,18.42855238095238,0.163130,1.6225000000000003,85
1627,PEDRO SALVATIERRA RODRIGUEZ,INDIVIDUAL,MONTERO,79.8,518,14425.4,28.229745596868884,34.08596000000001,11.304604743083006,1.6797472528810922,16.71,0.069498,0.7584555984555985,0.7519642421212227,6.0,0.262548,36.406729729729726,18.550849315068493,0.166023,1.54,85
1628,ASOC. PROD. WARNES NO.1628,ASOCIACION,WARNES,271.14,1523,42366.42,28.131752988047808,163.18954600000004,11.49012760241773,2.607706691845532,45.2,0.065003,0.819527248850952,0.8265346732653371,6.0,0.290873,36.607640552995385,18.500738636363636,0.147078,9.341280000000001,85
1629,AGROP. MACHACA HNOS. S.R.L.,EMPRESA AGROPECUARIA,PUERTO QUIJARRO,91.88,738,20575.82,28.109043715846994,44.033207999999995,11.336267217630855,1.7135630892704314,17.54,0.052846,0.7181029810298103,0.7258586308169104,5.48,0.238482,36.54032504780115,18.408810916179338,0.155827,1.357122,85
1630,ASOC. PROD. SAN PEDRO NO.1630,ASOCIACION,SAN PEDRO,54.39,500,14203.43,28.520943775100402,36.617281,11.390573770491802,1.6543882529402465,16.02,0.058000,0.78762,0.7750809225319288,6.0,0.288000,36.26902857142857,18.615664739884394,0.110000,1.353,85
1631,ASOC. PROD. OKINAWA NO.1631,COOPERATIVA,OKINAWA,75.78,784,21758.13,28.111279069767445,72.29469000000002,11.439527559055119,2.4255775772667754,45.2,0.053571,0.7845408163265305,0.7740687435802058,5.35,0.271684,36.541506129597195,18.38492727272727,0.146684,7.828080000000003,85
1632,ASOC. PROD. CHARAGUA NO.1632,COOPERATIVA,CHARAGUA,128.78,520,14492.460000000001,28.086162790697678,53.049706,11.37396449704142,2.320832416495511,45.2,0.075000,0.8392884615384615,0.8147794679356481,4.32,0.326923,36.34766853932584,18.50192,0.130769,7.884240000000003,85
1633,AGROP. MAMANI HNOS. S.R.L.,EMPRESA AGROPECUARIA,ROBORE,142.12,753,20837.78,28.0077688172043,61.09009,11.319756756756759,1.778578272517065,16.62,0.065073,0.8112084993359893,0.8039670591934043,4.9,0.292165,36.396377079482434,18.53287619047619,0.142098,1.2109500000000004,85
1634,CAMILA SORIA RIVERO,INDIVIDUAL,PUERTO QUIJARRO,174.5,490,13670.26,28.302815734989647,34.238220999999996,11.204812500000001,1.7666467907736119,16.56,0.061224,0.7747142857142856,0.7477155529058226,4.6,0.281633,36.55768115942029,18.339244186046514,0.185714,1.2506650000000001,84
1635,ASOC. PROD. YAPACANI NO.1635,ASOCIACION,YAPACANI,44.43,787,21774.76,27.91635897435897,63.66175100000001,11.418949416342413,1.7375916490926153,17.56,0.062262,0.8359466327827192,0.7851631244578209,5.12,0.298602,36.617777777777775,18.525427046263346,0.137230,1.3538480000000002,85
1636,ALBERTO MARCA SUAREZ,INDIVIDUAL,SANTA ROSA,27.1,986,27451.58,28.011816326530614,80.992186,11.397176835573939,1.8079841882064311,17.77,0.080122,0.8058012170385396,0.7699345459941829,4.96,0.293103,36.542941176470585,18.507605042016806,0.135903,1.1302459999999999,85
1637,ASOC. PROD. LA GUARDIA NO.1637,ASOCIACION,LA GUARDIA,47.08,1263,35212.0,28.147082334132694,128.84764,11.45692989524577,2.4046377573919364,45.2,0.065717,0.8068487727632622,0.8379687623559181,6.0,0.284244,36.57467741935484,18.45978260869565,0.161520,10.761825000000002,85
1638,CARLOS ANTELO ANTELO,INDIVIDUAL,CHARAGUA,126.66,977,27536.45,28.358856848609683,75.779532,11.323392484342381,1.6876529535313431,17.28,0.058342,0.8039303991811668,0.806318482456382,5.84,0.279427,36.51329376854599,18.518415545590432,0.133060,1.475716,85
1641,CHRISTIAN LOPEZ MEDINA,INDIVIDUAL,CHARAGUA,40.51,268,7302.89,27.662462121212123,20.661539,11.303346153846155,1.7559839104087651,16.37,0.059701,0.8591044776119403,0.7528163975162796,3.44,0.343284,36.573815028901734,18.439027027027027,0.160448,0.7780889999999996,83
1642,AGROP. COPA HNOS. S.R.L.,EMPRESA AGROPECUARIA,EL TORNO,40.6,1093,30775.179999999997,28.364221198156677,88.77652400000001,11.374749070631971,1.9840584275551414,45.2,0.060384,0.7906953339432754,0.7808039622230812,5.62,0.278134,36.52646074646075,18.487477360931436,0.137237,8.50824,85
1643,OSCAR MEDINA MERCADO,INDIVIDUAL,PUERTO SUAREZ,29.8,1253,34699.86,27.916218825422366,136.644168,11.517983606557376,2.6273362336630544,45.2,0.076616,0.8087869114126097,0.7671461553878217,4.73,0.288907,36.41722471910113,18.500437284234753,0.139665,9.91224,85
1644,CARLOS FLORES CHOQUE,INDIVIDUAL,BUEN RETIRO,265.71,731,20487.34,28.180660247592847,66.09469,11.40672752808989,1.7597266262326925,17.87,0.073871,0.8631463748290013,0.8640928122222176,6.0,0.316005,36.51348927875244,18.45458661417323,0.136799,1.5015,85
1645,AGROP. PEDRAZA HNOS. S.R.L.,EMPRESA AGROPECUARIA,BUEN RETIRO,64.9,750,20842.32,28.013870967741934,65.86462,11.32500683994528,2.0850659051263283,45.2,0.058667,0.7997066666666668,0.8023198469467324,5.54,0.293333,36.562382812500005,18.441111111111113,0.178667,9.500664000000002,85
1646,MONICA CHOQUE VASQUEZ,INDIVIDUAL,GENERAL SAAVEDRA,63.13,260,7332.640000000001,28.421085271317835,16.891736,11.476823529411766,1.6616009819045672,15.89,0.061538,0.7581153846153846,0.7089428111032016,4.19,0.265385,36.60607954545454,18.587405405405406,0.123077,1.5538280000000004,81
1647,YENNY VASQUEZ CRUZ,INDIVIDUAL,CHARAGUA,98.02,1325,36960.89,28.14995430312262,109.271285,11.330925784238715,1.736672854401988,15.9,0.065660,0.830377358490566,0.8097381301174652,5.67,0.301887,36.556387377584336,18.481133689839574,0.162264,1.439294,85
1648,OSCAR COLQUE COLQUE,INDIVIDUAL,SAN PEDRO,55.58,258,7243.0199999999995,28.51582677165354,19.116162999999997,11.276877470355732,1.7809851398201517,17.3,0.069767,0.7610077519379844,0.7495543111138269,4.57,0.248062,36.35970588235294,18.610331491712707,0.151163,1.1756010000000001,83
1649,CINTHIA MERCADO MERCADO,INDIVIDUAL,CHARAGUA,84.57,531,14580.240000000002,27.771885714285716,41.210772999999996,11.393518164435948,1.7403920852214831,16.44,0.067797,0.8065160075329567,0.7984237473946105,4.57,0.271186,36.53952879581151,18.51275132275132,0.137476,1.047904,85
1650,ASOC. PROD. COTOCA NO.1650,ASOCIACION,COTOCA,109.68,1058,29164.470000000005,27.90858373205742,80.652515,11.282230769230772,1.7231267952385396,16.77,0.062382,0.8119943289224955,0.7899409531877389,6.0,0.300567,36.530977961432505,18.506689560439558,0.152174,1.5415,85
1651,VICTOR PUMA COPA,INDIVIDUAL,SAN PEDRO,42.57,1279,35479.229999999996,28.046822134387348,108.679379,11.320158982511924,1.988381840952183,45.2,0.071931,0.8257466770914778,0.797388667433266,6.0,0.306489,36.59919010123735,18.495767077267633,0.161063,9.428640000000003,85
1652,ASOC. PROD. LA GUARDIA NO.1652,ASOCIACION,LA GUARDIA,48.34,1062,29502.27,28.17790830945559,97.01759799999999,11.40602294455067,2.2751621332308116,45.2,0.070621,0.7942749529190207,0.795362614599701,5.68,0.275895,36.49825459317585,18.52907754010695,0.161959,7.934160000000001,85
1653,CESAR TICONA TICONA,INDIVIDUAL,WARNES,34.32,553,15425.320000000002,28.148394160583944,58.491092,11.293659889094272,2.2696999938071376,45.2,0.057866,0.8569439421338156,0.8746870405769549,5.08,0.291139,36.41029100529101,18.549646464646464,0.130199,9.4068,85
1654,BORIS VILLCA COLQUE,INDIVIDUAL,WARNES,33.28,813,22463.430000000004,27.93958955223881,97.09778200000001,11.489027431421448,2.960654059691733,45.2,0.079951,0.8053259532595326,0.8327509744788952,6.0,0.287823,36.50484230055659,18.60903339191564,0.142681,10.888800000000003,85
1655,ASOC. PROD. PUERTO SUAREZ NO.1655,ASOCIACION,PUERTO SUAREZ,20.71,481,13540.87,28.269039665970773,49.72076000000001,11.371787234042555,2.3393878241399633,45.2,0.060291,0.8564864864864865,0.7603784175250096,6.0,0.311850,36.418338368580066,18.47752265861027,0.128898,8.78592,85
1656,ASOC. PROD. MINEROS NO.1656,COOPERATIVA,MINEROS,69.57,526,14682.210000000001,28.180825335892518,34.971126999999996,11.37532945736434,1.7305324642125886,16.19,0.079848,0.738745247148289,0.7184854067684827,5.63,0.252852,36.46909560723515,18.603397260273976,0.152091,1.691802,85
1657,ASOC. PROD. SAN PEDRO NO.1657,ASOCIACION,SAN PEDRO,95.65,550,15345.689999999999,28.157229357798162,50.244759,11.422402234636872,1.8164382079439338,17.42,0.087273,0.8232727272727273,0.8480307297278065,6.0,0.287273,36.418373333333335,18.554254742547425,0.109091,1.5620670000000003,85
1658,RENE SANCHEZ VARGAS,INDIVIDUAL,PUERTO SUAREZ,69.61,1119,31295.4,28.29602169981917,120.11390100000001,11.445981735159817,2.6818307547469686,45.2,0.072386,0.8071313672922252,0.7779472160245838,5.55,0.288651,36.37464751958225,18.476194029850745,0.136729,9.924720000000002,85
1659,RICARDO MAMANI SALVATIERRA,INDIVIDUAL,GENERAL SAAVEDRA,77.52,965,27082.100000000006,28.21052083333334,95.821185,11.355168421052632,2.298588957152576,45.2,0.059067,0.8284145077720207,0.8187516267741536,5.26,0.293264,36.612526475037825,18.469016393442622,0.131606,9.924720000000002,85
1660,SILVIA CATACORA FLORES,INDIVIDUAL,EL TORNO,213.22,1054,29573.079999999998,28.2995980861244,79.585212,11.357374031007753,1.7123741986895025,17.25,0.058824,0.8011954459203036,0.7805835191256717,5.05,0.293169,36.51909217877095,18.51706434316354,0.144213,1.2041279999999999,85
1661,ASOC. PROD. ROBORE NO.1661,COOPERATIVA,ROBORE,70.2,520,14470.619999999999,28.09829126213592,35.194953,11.415245579567781,1.7030451503292856,15.83,0.071154,0.7806153846153845,0.7143945293049319,4.66,0.300000,36.70742705570292,18.578802228412258,0.128846,1.1979180000000003,85
1662,AGROP. PEREZ HNOS. S.R.L.,EMPRESA AGROPECUARIA,PUERTO SUAREZ,92.3,538,15049.84,28.18322097378277,41.692264,11.394332061068702,1.845709233340137,16.94,0.085502,0.7642379182156134,0.7459171769771928,4.77,0.262082,36.61804232804233,18.527579787234043,0.139405,1.1732139999999998,85
1663,ASOC. PROD. BUEN RETIRO NO.1663,ASOCIACION,BUEN RETIRO,102.86,261,7265.21,28.05100386100386,20.395317,11.2615625,1.66733222985279,16.39,0.053640,0.8298467432950192,0.8127881592436376,5.02,0.295019,36.47260115606936,18.84935135135135,0.145594,1.2534359999999998,81
1664,ASOC. PROD. LA GUARDIA NO.1664,ASOCIACION,LA GUARDIA,142.43,250,6935.53,28.19321138211382,22.976649999999996,11.365510204081634,1.7728679890667909,16.31,0.064000,0.9041199999999999,0.8428795937965009,6.0,0.348000,36.3478612716763,18.63683908045977,0.176000,1.4955000000000003,83
1665,ASOC. PROD. PUERTO SUAREZ NO.1665,ASOCIACION,PUERTO SUAREZ,45.14,985,27381.429999999997,28.083517948717944,92.923041,11.396611570247934,2.030245981283937,45.2,0.058883,0.8441624365482232,0.8360500031301328,6.0,0.316751,36.54721649484536,18.491811697574892,0.175635,8.789040000000002,85
1666,BEATRIZ NAVIA CHOQUE,COMUNIDAD,PAILON,102.96,263,7265.099999999999,27.729389312977098,16.560200000000002,11.227354085603114,1.761989510266695,16.04,0.068441,0.7704942965779468,0.6680009934554163,4.25,0.266160,36.34538011695906,18.422865168539328,0.178707,1.0497500000000002,83
1668,SILVIA FLORES ALVARADO,INDIVIDUAL,CHARAGUA,116.67,797,22229.83,28.174689480354882,60.663945000000005,11.317944162436547,1.7274873489306968,15.91,0.060226,0.8122961104140527,0.7847706336149114,6.0,0.276035,36.500805008944546,18.432293577981653,0.156838,1.7909600000000006,85
1670,ASOC. PROD. ROBORE NO.1670,COOPERATIVA,ROBORE,111.78,269,7531.109999999999,28.101156716417904,24.830542000000005,11.404600760456272,1.6417268104505454,16.37,0.074349,0.8272490706319704,0.8973330392082584,4.98,0.293680,36.592032967032964,18.64130208333333,0.167286,1.88658,83
1671,AGROP. MARTINEZ HNOS. S.R.L.,EMPRESA AGROPECUARIA,EL TORNO,199.58,1099,30534.74,28.039247015610652,111.69992099999999,11.336586493987049,2.2712454374610873,45.2,0.062784,0.834385805277525,0.8375488243488195,6.0,0.291174,36.592418725617684,18.479081632653063,0.134668,11.275544000000004,85
1672,ASOC. PROD. PORTACHUELO NO.1672,ASOCIACION,PORTACHUELO,115.64,780,21929.09,28.332157622739018,57.127534000000004,11.245953307392998,1.810838427580977,16.49,0.070513,0.7948461538461539,0.7669271509493173,4.14,0.276923,36.416325411334554,18.514650283553877,0.125641,1.102494,85
1673,FERNANDO MARCA PUMA,INDIVIDUAL,BUEN RETIRO,21.95,771,21750.53,28.544002624671915,63.189564999999995,11.373629139072849,2.1158621773467323,45.2,0.067445,0.7779377431906614,0.722068476275446,5.48,0.278859,36.37840148698885,18.503815789473684,0.140078,8.770260000000002,85
1674,ASOC. PROD. OKINAWA NO.1674,ASOCIACION,OKINAWA,220.38,799,22040.29,27.93446134347275,64.18111400000001,11.353882503192848,2.1190503582877556,45.2,0.062578,0.7844180225281602,0.7786775502695766,5.38,0.264080,36.52422413793103,18.510559440559444,0.148936,8.863920000000002,85
1675,RENE MEDINA MONTAÑO,INDIVIDUAL,PAILON,20.02,791,21962.81,28.15744871794872,70.766637,11.385361757105944,2.156564828888879,45.2,0.065740,0.8116182048040453,0.8191180257593297,5.68,0.285714,36.50958333333333,18.50524680073126,0.142857,8.013600000000002,85
1676,ASOC. PROD. OKINAWA NO.1676,ASOCIACION,OKINAWA,40.57,1812,50006.79,27.952370039128006,163.70623700000002,11.427987633501967,2.086477593697893,45.2,0.070640,0.8100220750551876,0.7674511224530844,5.11,0.284768,36.50173344235486,18.476133122028525,0.167770,11.150271000000004,85
1677,AGROP. ROMERO HNOS. S.R.L.,EMPRESA AGROPECUARIA,CUATRO CANADAS,223.94,812,22535.969999999998,28.02981343283582,69.868388,11.295193992490614,2.080244691401522,45.2,0.060345,0.8353571428571428,0.7909940026589213,6.0,0.309113,36.5097094017094,18.496285714285715,0.155172,7.779384000000002,85
1678,ASOC. PROD. PORTACHUELO NO.1678,ASOCIACION,PORTACHUELO,66.17,527,14497.050000000001,27.932658959537573,41.949251000000004,11.266789883268485,1.7895529641548287,16.7,0.074004,0.8311005692599621,0.7734522895688003,4.5,0.311195,36.758418079096046,18.554015748031492,0.165085,1.0514400000000002,85
1679,AGROP. CATACORA HNOS. S.R.L.,EMPRESA AGROPECUARIA,GENERAL SAAVEDRA,19.25,772,21460.739999999998,28.237815789473682,69.211902,11.329302949061661,1.8157805049969193,18.75,0.075130,0.8326554404145079,0.8283589455081097,5.81,0.288860,36.5199446494465,18.54913200723327,0.143782,1.4769999999999999,85
1680,ASOC. PROD. PORTACHUELO NO.1680,COOPERATIVA,PORTACHUELO,70.48,1538,42704.06,28.16890501319261,160.269266,11.484256578947369,2.42063119967258,45.2,0.069571,0.8127373211963589,0.8172312205520534,5.73,0.292588,36.53267938237965,18.501202590194264,0.148895,10.198224,85
1681,RODRIGO CHAMBI MERCADO,INDIVIDUAL,COTOCA,156.72,986,27328.499999999996,28.029230769230765,85.557592,11.428879753340187,2.056546477602241,45.2,0.069980,0.791896551724138,0.750073941159384,5.21,0.277890,36.43620839363241,18.529926900584798,0.156187,8.2056,85
1682,DANIELA CHAMBI TICONA,INDIVIDUAL,OKINAWA,250.49,526,14586.51,27.99714011516315,53.241175,11.5075,2.251420037324445,45.2,0.066540,0.8437832699619773,0.865650728304904,5.3,0.304183,36.76160664819945,18.434934036939314,0.157795,8.570640000000003,85
1683,ASOC. PROD. PUERTO QUIJARRO NO.1683,ASOCIACION,PUERTO QUIJARRO,124.16,240,6512.27,27.47793248945148,19.505918,11.38793991416309,1.6060094730133452,15.13,0.062500,0.8588749999999999,0.8643119406517176,5.71,0.316667,36.41176829268292,18.323823529411765,0.129167,1.2928950000000001,78
1685,AGROP. GARCIA HNOS. S.R.L.,EMPRESA AGROPECUARIA,MINEROS,22.22,275,7586.639999999999,27.78989010989011,20.871653,11.527769516728624,1.6236191167362888,16.65,0.054545,0.830690909090909,0.791657617708677,4.39,0.287273,36.65497354497355,18.448265306122448,0.120000,1.4085959999999997,83
1687,MARCELO VILLCA SANDOVAL,INDIVIDUAL,ROBORE,140.87,510,14083.619999999999,27.943690476190476,49.494775,11.329118236472945,2.3563363316128743,45.2,0.056863,0.8204901960784313,0.8276572108344897,4.97,0.294118,36.48043715846995,18.52481049562682,0.186275,9.456720000000002,85
1688,ASOC. PROD. PAILON NO.1688,COOPERATIVA,PAILON,41.44,812,22621.13,27.99644801980198,68.755704,11.411161048689138,1.7312092667499472,16.81,0.064039,0.8548522167487684,0.8290415203704592,5.28,0.309113,36.410448028673834,18.473123909249562,0.150246,1.307112,85
1689,ASOC. PROD. EL TORNO NO.1689,ASOCIACION,EL TORNO,104.75,797,21829.82,27.773307888040712,78.087617,11.360395408163264,2.1108153586211453,45.2,0.058971,0.859460476787955,0.8561213722518585,6.0,0.313676,36.45308664259928,18.546156583629894,0.154329,9.453600000000002,85
1690,MONICA SUAREZ QUISPE,INDIVIDUAL,YAPACANI,39.22,1269,35482.75,28.273107569721116,105.40870299999999,11.291988773055333,2.01502790405678,45.2,0.063830,0.8060362490149724,0.7919292032993134,6.0,0.274232,36.45552747252747,18.472040358744398,0.148936,9.721635000000001,85
1691,AGROP. ROMERO HNOS. S.R.L.,EMPRESA AGROPECUARIA,GENERAL SAAVEDRA,50.03,1021,28280.559999999998,27.97285855588526,86.5262,11.39947,2.060720259299418,45.2,0.061704,0.8086777668952009,0.7820032815394945,5.84,0.297747,36.487789017341036,18.54431179775281,0.156709,7.764614000000002,85
1692,OSCAR SANCHEZ SANDOVAL,INDIVIDUAL,PUERTO SUAREZ,74.45,495,13700.78,27.960775510204083,44.30751,11.477597535934292,2.3244362514536907,45.2,0.084848,0.7827474747474749,0.744571261349386,5.19,0.266667,36.48534435261708,18.469352112676056,0.145455,8.252400000000002,85
1693,ASOC. PROD. CHARAGUA NO.1693,COOPERATIVA,CHARAGUA,40.76,786,21690.91,28.024431524547804,79.908771,11.329317010309277,2.103054840453633,45.2,0.059796,0.8391475826972011,0.8375727205849259,5.46,0.286260,36.63785585585586,18.468872458410353,0.131043,9.400560000000002,85
1694,ASOC. PROD. PAILON NO.1694,ASOCIACION,PAILON,60.0,241,6678.85,27.94497907949791,16.403223,11.364936170212767,1.6751875440899582,15.6,0.062241,0.7758091286307054,0.8139975102846779,5.66,0.269710,36.51651162790698,18.46550632911392,0.170124,1.3574580000000003,80
1695,ASOC. PROD. LA GUARDIA NO.1695,ASOCIACION,LA GUARDIA,113.31,1045,29046.719999999998,28.091605415860734,92.723471,11.42346640701071,2.0179628668920118,45.2,0.072727,0.8058947368421053,0.8229747511414514,5.77,0.272727,36.3858573388203,18.555672043010752,0.163636,9.154080000000002,85
1696,ASOC. PROD. WARNES NO.1696,ASOCIACION,WARNES,16.77,555,15404.2,28.161243144424134,47.858214000000004,11.3942700729927,2.1679047450476254,45.2,0.043243,0.7974234234234234,0.7927284778046989,6.0,0.268468,36.49951219512195,18.50781914893617,0.131532,8.330400000000003,85
1698,AGROP. PINTO HNOS. S.R.L.,EMPRESA AGROPECUARIA,MONTERO,356.03,237,6439.550000000001,27.637553648068675,28.736523000000002,11.514808510638296,2.851845905727164,45.2,0.088608,0.8021518987341772,0.7986381484021684,5.17,0.248945,36.37337662337662,18.53440476190476,0.135021,9.110400000000002,80
1699,MARIO SANCHEZ CUELLAR,COMUNIDAD,OKINAWA,76.6,543,15030.75,27.886363636363637,44.38901599999999,11.375188679245284,1.8192622110867493,16.64,0.079190,0.83548802946593,0.7897776856515514,5.62,0.314917,36.46330788804071,18.555751295336787,0.173112,1.6238860000000002,85
1700,AGROP. SALVATIERRA HNOS. S.R.L.,EMPRESA AGROPECUARIA,MONTERO,54.05,758,21070.75,27.94529177718833,59.338517,11.351881720430107,1.7353861127769623,16.36,0.075198,0.8069788918205806,0.7763588944394572,5.18,0.273087,36.46290502793296,18.61770137524558,0.162269,1.08053,85
1701,ASOC. PROD. GENERAL SAAVEDRA NO.1701,ASOCIACION,GENERAL SAAVEDRA,114.12,525,14972.31,28.792903846153845,47.955996,11.301334622823985,1.7817825861541587,16.6,0.060952,0.836247619047619,0.8164785536951535,6.0,0.291429,36.471589041095896,18.543946666666667,0.182857,3.197265,85
1702,SILVIA CUELLAR MORALES,INDIVIDUAL,MONTERO,104.31,1072,29749.67,28.11878071833648,97.37116700000001,11.40477142857143,2.0556856436092303,45.2,0.081157,0.7967070895522389,0.8311678733191227,5.3,0.263993,36.44928381962865,18.542084432717676,0.152985,7.313280000000001,85
1703,YENNY VASQUEZ VILLCA,COMUNIDAD,COTOCA,153.73,783,22107.18,28.378921694480102,69.180111,11.455111402359108,2.1337734942686835,45.2,0.074074,0.7755555555555556,0.7899704851663321,6.0,0.260536,36.46191176470588,18.50346863468635,0.141762,9.560424000000001,85
1704,ENRIQUE PEDRAZA HUANCA,INDIVIDUAL,SAN PEDRO,124.57,761,21286.22,28.193668874172186,62.370746000000004,11.31542395693136,2.1448846692879755,45.2,0.059133,0.796149802890933,0.7898377739184888,6.0,0.283837,36.52267289719626,18.469495327102806,0.165572,8.469576000000004,85
1705,CAMILA QUISPE MARCA,INDIVIDUAL,ROBORE,24.85,238,6613.7300000000005,28.26380341880342,16.009335,11.549220779220779,1.8397701412904142,15.7,0.079832,0.6837394957983193,0.7572005175872135,4.91,0.214286,36.310764331210194,18.544699453551914,0.172269,1.182291,78
1706,MARIA ANTELO COPA,INDIVIDUAL,COTOCA,197.74,1059,29380.11,27.981057142857143,87.90895900000001,11.388748796920115,1.749274546422887,16.96,0.062323,0.8046081208687441,0.8378850368298988,6.0,0.273843,36.59043835616438,18.40247579529737,0.147309,1.5355,85
1708,ASOC. PROD. PUERTO SUAREZ NO.1708,COOPERATIVA,PUERTO SUAREZ,80.55,1888,52485.31999999999,27.992170666666663,152.47815,11.348034557235422,1.9274379618006159,45.2,0.068856,0.7799576271186441,0.773081294682318,6.0,0.268008,36.43922146636432,18.473935926773457,0.155191,10.827120000000003,85
1709,MARCO LOPEZ CALLISAYA,INDIVIDUAL,CUATRO CANADAS,104.17,253,7022.57,27.97836653386454,18.325533,11.244549180327871,1.657432506008794,15.59,0.051383,0.7981818181818182,0.7859151061740411,4.18,0.276680,36.424082840236686,18.41110465116279,0.154150,0.9830519999999999,83
1710,JHONNY MORALES CALLISAYA,COMUNIDAD,SAN PEDRO,25.53,1251,34429.86,27.855873786407766,105.78954099999999,11.318213703099511,2.0125578785967515,45.2,0.059153,0.8114948041566746,0.7792561092304516,6.0,0.289369,36.56291053227633,18.525235849056607,0.151878,9.160320000000002,85
1711,ASOC. PROD. LA GUARDIA NO.1711,ASOCIACION,LA GUARDIA,98.68,788,22134.99,28.2334056122449,72.560074,11.297545219638241,2.182469830568561,45.2,0.077411,0.7995431472081218,0.7943477545685199,4.55,0.279188,36.4576334519573,18.54129798903108,0.159898,8.839490000000001,85
1712,ASOC. PROD. SAN PEDRO NO.1712,ASOCIACION,SAN PEDRO,38.39,526,14786.68,28.326973180076628,37.598565,11.323544061302682,1.719017564962583,16.64,0.070342,0.7616730038022813,0.7019672055243905,4.13,0.273764,36.49828080229227,18.685326370757178,0.142586,0.978438,83
1713,AGROP. SORIA HNOS. S.R.L.,EMPRESA AGROPECUARIA,PORTACHUELO,410.05,445,12445.5,28.285227272727273,28.561236000000005,11.409748858447488,1.665091906792258,16.72,0.060674,0.6988988764044943,0.7189045728022821,5.85,0.231461,36.492397260273975,18.60812080536913,0.139326,3.2615180000000015,85
1714,ASOC. PROD. ROBORE NO.1714,COOPERATIVA,ROBORE,73.76,522,14388.49,27.93881553398058,51.718692000000004,11.46365234375,2.343576251795281,45.2,0.080460,0.8074329501915709,0.7662543943360222,4.55,0.285441,36.55610215053763,18.45639037433155,0.162835,8.892000000000001,84
1715,ROSA MONTAÑO MEDINA,COMUNIDAD,BUEN RETIRO,319.01,263,7475.259999999998,28.750999999999994,29.774171000000003,11.345,2.7406860877634687,45.2,0.057034,0.8654372623574145,0.793214362974548,4.03,0.338403,36.41201117318436,18.508043478260873,0.163498,8.021520000000002,78
1716,OSCAR GARCIA TICONA,INDIVIDUAL,GENERAL SAAVEDRA,83.11,1020,28167.129999999997,27.86066271018793,93.590974,11.396500000000001,2.3279593950378263,45.2,0.076471,0.775843137254902,0.7389426807796943,6.0,0.280392,36.4027207977208,18.483457142857144,0.163725,9.359910000000001,85
1717,PAOLA MAMANI PINTO,INDIVIDUAL,OKINAWA,119.5,478,13618.130000000001,28.60951680672269,36.627306,11.268497854077253,1.759463718698041,16.35,0.075314,0.7687029288702929,0.7199341861020686,4.23,0.259414,36.508851963746224,18.42707831325301,0.133891,1.2232500000000002,85
1718,DIEGO AGUILAR RODRIGUEZ,INDIVIDUAL,SANTA ROSA,108.83,258,7181.759999999999,27.83627906976744,16.536706,11.296470588235296,1.7069921323426058,15.65,0.042636,0.7514728682170543,0.7485858010913862,4.86,0.248062,36.33644970414201,18.730228571428572,0.147287,1.30592,83
1719,AGROP. QUISPE HNOS. S.R.L.,EMPRESA AGROPECUARIA,PUERTO QUIJARRO,185.3,783,21801.82,27.98693196405648,59.87677699999999,11.379010416666667,1.755332812549178,16.55,0.068966,0.7880715197956578,0.7927649080792855,5.35,0.266922,36.42503484320558,18.479870370370367,0.172414,1.183896,85
1720,ASOC. PROD. SAN PEDRO NO.1720,ASOCIACION,SAN PEDRO,13.97,243,6741.32,28.324873949579832,16.73096,11.398916666666668,1.6812009036346998,15.56,0.061728,0.7987654320987655,0.7483122321709376,4.92,0.308642,36.602130177514795,18.7725,0.144033,1.0956399999999997,80
1721,RICHARD LIMA CRUZ,INDIVIDUAL,MONTERO,116.24,1069,29742.0,28.298763082778308,93.15292299999999,11.360986590038316,1.9957627895109247,45.2,0.059869,0.8308793264733397,0.8039490391322344,5.11,0.302152,36.47302387267904,18.562762803234502,0.145931,8.314800000000002,85
1722,ASOC. PROD. EL TORNO NO.1722,ASOCIACION,EL TORNO,103.37,1259,35219.020000000004,28.175216000000002,111.59572100000001,11.295951417004046,1.8351232756574893,17.51,0.078634,0.8467513899920571,0.822041070029253,5.54,0.302621,36.46134104046243,18.45808724832215,0.157268,1.24271,85
1724,ASOC. PROD. WARNES NO.1724,ASOCIACION,WARNES,53.89,530,14999.01,28.46111954459203,48.72536099999999,11.314557692307691,2.3097143006891017,45.2,0.069811,0.7720566037735849,0.7475617054171603,4.22,0.269811,36.416541554959785,18.46335180055402,0.147170,11.05728,85
1725,PEDRO PEREZ MORALES,INDIVIDUAL,EL TORNO,83.04,261,7196.24,27.677846153846154,25.871069000000002,11.4064453125,2.717576389412384,45.2,0.053640,0.7897318007662835,0.777960551763524,4.67,0.279693,36.65587912087912,18.508324324324324,0.191571,8.739120000000002,82
1726,ASOC. PROD. MINEROS NO.1726,ASOCIACION,MINEROS,146.24,757,21130.67,28.287376171352072,81.14682099999999,11.460365358592695,2.52182801415934,45.2,0.084544,0.8154821664464993,0.8474634959668519,6.0,0.287979,36.4847866419295,18.443752380952382,0.147952,9.021252,85
1727,LAURA NAVIA CHOQUE,INDIVIDUAL,SAN PEDRO,29.11,1299,36323.58,28.17965865011637,89.239133,11.22345640219953,1.7440737913871867,16.75,0.056967,0.7803541185527327,0.7414522859746894,5.06,0.284065,36.52945770065076,18.437907227615963,0.144727,1.184302,85
1728,AGROP. MACHACA HNOS. S.R.L.,EMPRESA AGROPECUARIA,PORTACHUELO,141.62,511,14323.690000000002,28.085666666666672,45.975404000000005,11.465251509054324,1.742217021013528,16.5,0.080235,0.8263992172211352,0.856063235890038,6.0,0.311155,36.5913597733711,18.361117478510028,0.146771,1.6085000000000003,85
1729,JUAN MARTINEZ MERCADO,INDIVIDUAL,SAN JULIAN,122.29,1543,42937.350000000006,28.063627450980395,120.472083,11.402835426305355,1.7779840659123756,16.87,0.077122,0.8065780946208684,0.772693224983168,6.0,0.287103,36.484415341440595,18.50993642143506,0.142579,1.6729500000000002,85
1730,MIGUEL LOPEZ SALVATIERRA,INDIVIDUAL,BUEN RETIRO,151.57,849,23357.229999999996,27.773162901307963,64.07103500000001,11.308756038647346,1.698328368942316,16.32,0.065960,0.835594817432273,0.7748010430995843,4.89,0.307420,36.49746268656717,18.42840197693575,0.150766,1.185283,85
1731,JUAN CATACORA RIVERO,INDIVIDUAL,PUERTO QUIJARRO,427.16,494,13678.949999999999,27.916224489795916,45.616252,11.357568134171908,2.3191857719968993,45.2,0.066802,0.8150000000000001,0.7827415153924467,4.89,0.289474,36.624112676056335,18.500735294117646,0.165992,8.402976000000002,85
1732,FREDDY RIVERO MONTAÑO,INDIVIDUAL,MONTERO,196.9,1302,36634.020000000004,28.310680061823806,116.01261399999999,11.414400630914825,2.1723557431340104,45.2,0.064516,0.7957373271889402,0.7756433654792085,5.28,0.285714,36.52710065645514,18.575475923852185,0.141321,10.199280000000003,85
1733,ASOC. PROD. PAILON NO.1733,COOPERATIVA,PAILON,104.82,1314,36518.8,28.221638330757344,117.342597,11.456240310077519,2.2124526732266077,45.2,0.070776,0.8039269406392695,0.7885192660241844,6.0,0.291476,36.55721132897603,18.438949079089927,0.146880,7.138294000000002,85
1734,MIRIAM CRUZ QUISPE,INDIVIDUAL,ROBORE,28.73,783,22016.409999999996,28.22616666666666,64.31868999999999,11.28348623853211,1.7516940906295164,16.55,0.067688,0.8420306513409961,0.7916778382465958,6.0,0.306513,36.47035971223022,18.362513863216265,0.137931,1.4940000000000002,85
1735,ASOC. PROD. PUERTO SUAREZ NO.1735,ASOCIACION,PUERTO SUAREZ,62.85,1049,29327.010000000002,28.22618864292589,81.280098,11.327402723735409,2.0192019221482966,45.2,0.057197,0.773860819828408,0.800446001439874,6.0,0.265968,36.38328729281768,18.533224932249322,0.152526,7.9353120000000015,85
1736,AGROP. MONTAÑO HNOS. S.R.L.,EMPRESA AGROPECUARIA,GENERAL SAAVEDRA,62.34,1592,44143.85,27.97455640050697,131.64434400000002,11.301759436980168,1.9576480671705152,45.2,0.065955,0.802286432160804,0.7909381795619098,6.0,0.279523,36.5537037037037,18.50673214285714,0.159548,8.380320000000001,85
1737,AGROP. VARGAS HNOS. S.R.L.,EMPRESA AGROPECUARIA,LA GUARDIA,65.18,545,14905.43,27.808638059701494,40.373389,11.339405204460965,1.7397219376192292,16.25,0.064220,0.7938715596330275,0.7861591421004028,4.66,0.288073,36.45462162162162,18.418915343915344,0.159633,1.1598929999999998,85
1738,BORIS SORIA VACA,INDIVIDUAL,OKINAWA,30.39,518,14291.289999999999,28.02213725490196,51.813526,11.344633663366336,2.25684125600736,45.2,0.059846,0.8486100386100386,0.8683640315845124,5.85,0.301158,36.38156593406594,18.515234375,0.140927,8.49576,85
1740,ASOC. PROD. MINEROS NO.1740,COOPERATIVA,MINEROS,139.0,223,6302.13,28.516425339366517,27.753835000000002,11.576529680365296,2.8779007405190664,45.2,0.067265,0.9023766816143498,0.8560290692387329,6.0,0.336323,36.34622516556292,18.528627450980395,0.130045,7.587840000000002,75
1742,ASOC. PROD. YAPACANI NO.1742,COOPERATIVA,YAPACANI,15.9,248,7060.620000000001,28.701707317073176,19.63597,11.445061224489796,1.8703816609750066,16.86,0.088710,0.726532258064516,0.7267976951280622,4.51,0.213710,36.41395209580838,18.568045977011494,0.129032,3.31875,78
1743,MARIO MARTINEZ PUMA,INDIVIDUAL,SAN PEDRO,39.36,1524,42271.75,28.031664456233422,118.74966599999999,11.407060402684564,1.7784376985975578,17.01,0.078084,0.7774606299212597,0.7840021710601629,6.0,0.271654,36.48098302055407,18.483484119345526,0.158793,1.517718,85
1744,ASOC. PROD. PAILON NO.1744,ASOCIACION,PAILON,35.97,499,13712.24,27.757570850202427,47.934091,11.428525252525253,2.3456600563742303,45.2,0.072144,0.839559118236473,0.7772246255015135,4.44,0.320641,36.485432835820895,18.462954545454547,0.106212,8.851440000000004,85
1745,ASOC. PROD. SAN JULIAN NO.1745,ASOCIACION,SAN JULIAN,51.11,438,12263.48,28.322124711316395,36.260951,11.355291375291376,1.658841426977078,16.22,0.068493,0.8281735159817352,0.8746652040931004,5.78,0.283105,36.445615141955834,18.556262295081968,0.159817,1.325016,85
1746,AGROP. LIMA HNOS. S.R.L.,EMPRESA AGROPECUARIA,EL TORNO,58.63,773,21668.57,28.177594278283486,84.228503,11.391567852437419,2.779932003651925,45.2,0.068564,0.7831435963777489,0.7621986035270962,5.88,0.269082,36.59015957446808,18.47054511278196,0.164295,9.687600000000002,85
1747,ASOC. PROD. MONTERO NO.1747,ASOCIACION,MONTERO,53.58,780,21691.84,28.0256330749354,55.724405000000004,11.35779527559055,1.6974275566871893,17.52,0.060256,0.7902692307692308,0.7796581353631334,5.32,0.264103,36.53814814814815,18.43932971014493,0.151282,1.21176,85
1748,PAOLA ALVARADO AGUILAR,INDIVIDUAL,GENERAL SAAVEDRA,252.62,535,15030.210000000001,28.305480225988703,52.570310000000006,11.488084291187741,1.7271344047289479,17.42,0.071028,0.9086915887850466,0.870315371949712,4.89,0.338318,36.56225201072386,18.441755319148932,0.147664,1.146383,85
1749,BORIS CRUZ MACHACA,COMUNIDAD,PUERTO SUAREZ,59.75,533,14708.11,27.856268939393942,52.35865400000001,11.410597302504815,2.2705837167437304,45.2,0.056285,0.8215572232645404,0.8213694409140524,5.37,0.296435,36.407120418848166,18.349318801089918,0.166979,8.277360000000002,85
1750,PAOLA TORREZ COLQUE,COMUNIDAD,PAILON,278.07,232,6408.49,27.863,17.8157,11.402610619469026,1.6874495676210683,15.71,0.064655,0.8178017241379311,0.7800460050793827,4.0,0.288793,36.565862068965515,18.6025,0.176724,0.8972999999999999,78
1751,FERNANDO PEDRAZA VACA,COMUNIDAD,YAPACANI,49.14,804,22424.4,28.277931904161413,62.90734800000001,11.262386363636363,1.7942277125313801,16.66,0.069652,0.788955223880597,0.8278379787365879,5.48,0.259950,36.391801470588234,18.426943462897526,0.138060,1.8496740000000003,85
1752,ASOC. PROD. MINEROS NO.1752,COOPERATIVA,MINEROS,22.74,502,13937.79,28.15715151515152,59.862941,11.38821862348178,2.779634000594137,45.2,0.051793,0.8583864541832669,0.893131467600901,6.0,0.296813,36.50303468208093,18.51835260115607,0.153386,9.269520000000002,85
1753,AGROP. NAVIA HNOS. S.R.L.,EMPRESA AGROPECUARIA,OKINAWA,38.03,742,20832.52,28.420900409276946,68.502505,11.384398907103824,2.2040202154584057,45.2,0.076819,0.8412129380053909,0.7880402487681296,4.84,0.296496,36.45818691588785,18.560248565965583,0.169811,8.381908000000001,85
1754,JULIO COLQUE SUAREZ,INDIVIDUAL,EL TORNO,193.0,1018,28618.07,28.44738568588469,80.15503799999999,11.372764883955602,2.0677470353600684,45.2,0.067780,0.7659823182711198,0.7275276134958362,5.03,0.280943,36.470316091954025,18.574295676429564,0.158153,7.662720000000002,85
1755,VANESSA MEDINA SUAREZ,INDIVIDUAL,SAN PEDRO,264.44,532,14800.990000000002,28.085370018975336,50.830938999999994,11.355536398467434,2.2890084098997954,45.2,0.065789,0.8308270676691729,0.8452232414300568,6.0,0.281955,36.6696174863388,18.4287397260274,0.163534,7.40688,85
1756,ANDREA PINTO SUAREZ,INDIVIDUAL,BUEN RETIRO,183.64,1017,28273.24,28.021050545094155,98.99796400000001,11.339758793969851,2.345583276619241,45.2,0.072763,0.8076204523107178,0.7825214403584486,5.48,0.273353,36.565841313269495,18.458008595988538,0.167158,8.779680000000003,85
1757,ASOC. PROD. OKINAWA NO.1757,ASOCIACION,OKINAWA,129.97,1825,50797.6,28.049475427940365,158.78792900000002,11.348875838926174,2.226518990742423,45.2,0.053151,0.798958904109589,0.75102007454343,5.11,0.290959,36.574106728538275,18.535195007800308,0.143562,8.796293000000002,85
1758,ASOC. PROD. SAN JULIAN NO.1758,ASOCIACION,SAN JULIAN,81.7,236,6583.05,28.25343347639485,18.594768000000002,11.344137931034483,1.7001416131317342,16.05,0.055085,0.7988983050847457,0.8305386961390475,4.2,0.275424,36.33993788819877,18.59055214723926,0.173729,0.9816159999999999,77
1759,ALFREDO HUANCA VARGAS,INDIVIDUAL,OKINAWA,53.69,1035,28734.539999999997,28.226463654223966,80.382585,11.457360157016682,1.7397685184704537,18.87,0.056039,0.8126666666666666,0.7975785646136317,6.0,0.285990,36.44037483266399,18.550403768506058,0.147826,1.5905000000000002,85
1760,ASOC. PROD. ROBORE NO.1760,COOPERATIVA,ROBORE,140.99,1015,28161.310000000005,28.07707876370888,89.20649099999999,11.396710393541877,2.034754117595961,45.2,0.067980,0.7858522167487685,0.7710165411573076,4.71,0.282759,36.582233285917496,18.37460905349794,0.158621,11.692464000000001,85
1761,RONALD TORREZ SALVATIERRA,INDIVIDUAL,SAN PEDRO,67.64,531,14675.0,28.059273422562143,48.381800000000005,11.4504990403071,1.691926229439247,16.47,0.065913,0.8742184557438796,0.8761786139297167,6.0,0.316384,36.57165789473684,18.5328418230563,0.152542,1.4454450000000003,85
1762,JUAN HUANCA YUJRA,INDIVIDUAL,YAPACANI,66.07,821,22682.01,27.967953144266335,92.48000100000002,11.544993757802748,2.7200739937014515,45.2,0.073082,0.8414859926918392,0.8012086807495498,6.0,0.309379,36.415395683453234,18.475087108013934,0.153471,8.8764,85
1763,ASOC. PROD. SAN PEDRO NO.1763,COOPERATIVA,SAN PEDRO,99.98,1248,34650.94,28.080178282009726,112.765395,11.404987755102042,2.0257506929402584,45.2,0.072115,0.8272756410256411,0.8204028863270381,6.0,0.282051,36.6819930875576,18.415023364485982,0.150641,7.475520000000001,85
1764,WILBER PUMA APAZA,INDIVIDUAL,COTOCA,22.52,502,14132.02,28.377550200803213,38.46864,11.237261663286002,1.8006408091758874,16.4,0.067729,0.7462350597609562,0.7766327649685218,5.2,0.258964,36.49628491620111,18.4394301994302,0.175299,1.4446079999999997,85
1765,ASOC. PROD. BUEN RETIRO NO.1765,ASOCIACION,BUEN RETIRO,185.28,1245,34789.850000000006,28.238514610389615,96.79799599999998,11.358468543046358,1.7321402698692163,16.74,0.061044,0.8229638554216867,0.7762094407821902,5.69,0.296386,36.49069119286511,18.478994082840238,0.167068,1.3624450000000004,85
1766,CARMEN MACHACA SANCHEZ,INDIVIDUAL,SAN PEDRO,28.53,771,21545.510000000002,28.274947506561684,57.955289,11.32358839050132,1.7079018467313791,17.09,0.066148,0.8104280155642024,0.7743229625492141,6.0,0.289235,36.48366972477064,18.437140151515152,0.137484,1.4560000000000004,85
1767,DANIELA MAMANI CHOQUE,INDIVIDUAL,EL TORNO,216.25,1603,44512.00000000001,28.11876184459887,134.78259400000002,11.424812460267006,1.935222086142707,45.2,0.074860,0.8051403618215845,0.8035397824060938,6.0,0.271366,36.50437556973564,18.51380127620784,0.154710,10.174320000000002,85
1768,AGROP. MONTAÑO HNOS. S.R.L.,EMPRESA AGROPECUARIA,MONTERO,60.8,266,7574.36,28.47503759398496,25.687821,11.383576923076923,1.7544315356733073,16.62,0.071429,0.8078195488721805,0.8354132077552228,4.62,0.285714,36.74311827956989,18.43605555555556,0.157895,4.083807,79
1769,AGROP. CHUQUIMIA HNOS. S.R.L.,EMPRESA AGROPECUARIA,OKINAWA,30.32,1223,34045.98,28.230497512437815,110.762202,11.357525,2.0022621796120803,45.2,0.069501,0.8500245298446443,0.8218964832538393,6.0,0.298446,36.49183082271147,18.473855140186913,0.143091,10.573680000000001,85
1770,CARLOS MARCA GARCIA,COMUNIDAD,WARNES,131.07,1550,43215.229999999996,28.06183766233766,126.868721,11.344816272965879,1.6890764198341257,17.96,0.054839,0.8305032258064514,0.8255115625394326,6.0,0.290323,36.48922365988909,18.500491510277033,0.142581,4.367776,85
1771,AGROP. CATACORA HNOS. S.R.L.,EMPRESA AGROPECUARIA,PORTACHUELO,145.53,781,21555.940000000002,28.067630208333338,54.77434600000001,11.285026041666667,1.7270081746492387,16.51,0.056338,0.788258642765685,0.7299620922315614,6.0,0.286812,36.53967272727272,18.429463601532568,0.139565,2.929479,85
1772,RENE MORALES SUAREZ,INDIVIDUAL,MINEROS,69.25,536,14702.98,28.05912213740458,31.564528000000003,11.319444444444443,1.6475448720301906,16.7,0.052239,0.7689738805970149,0.6669628969129826,3.75,0.291045,36.46750684931507,18.523722222222222,0.138060,0.7827820000000003,85
1773,ASOC. PROD. PUERTO SUAREZ NO.1773,ASOCIACION,PUERTO SUAREZ,58.2,760,21102.54,28.024621513944226,72.13773,11.523373493975903,2.4644246534190577,45.2,0.072368,0.7835921052631578,0.7647963325229937,5.44,0.273684,36.52112840466926,18.570305755395683,0.146053,8.210160000000004,85
1774,AGROP. CHOQUE HNOS. S.R.L.,EMPRESA AGROPECUARIA,COTOCA,37.98,535,14705.04,27.850454545454546,50.028853,11.595847619047618,2.203725743441828,45.2,0.072897,0.8111028037383179,0.7882986103942005,6.0,0.289720,36.46934837092732,18.650054644808744,0.170093,9.24577,85
1775,FELIX NAVIA TORREZ,INDIVIDUAL,PAILON,44.75,762,21298.57,28.210026490066223,60.265618,11.28745283018868,1.721098606341817,17.2,0.060367,0.8043963254593175,0.8095510446958136,4.54,0.278215,36.405116279069766,18.488756957328384,0.148294,1.0917399999999997,85
1776,FREDDY CHAMBI LIMA,INDIVIDUAL,MINEROS,70.05,1060,29611.08,28.147414448669203,85.36135999999999,11.325814176245212,2.06108382809936,45.2,0.067925,0.7955754716981134,0.7287890462928707,5.96,0.295283,36.51546666666667,18.361163101604276,0.149057,9.900406000000002,85
1777,AGROP. TORREZ HNOS. S.R.L.,EMPRESA AGROPECUARIA,YAPACANI,56.55,1794,50244.47,28.211381246490735,162.541043,11.345608375778156,2.0799864318362435,45.2,0.064660,0.8293032329988853,0.7872196617817951,6.0,0.309365,36.44946740858505,18.40037690457097,0.156633,10.080141000000003,85
1778,OSCAR GARCIA MEDINA,INDIVIDUAL,YAPACANI,333.38,255,7043.299999999999,27.839130434782607,26.217354999999998,11.476666666666665,2.793926537689925,45.2,0.090196,0.748470588235294,0.7044769756144714,4.14,0.243137,36.54781609195402,18.402342857142855,0.141176,7.59408,83
1779,ASOC. PROD. GENERAL SAAVEDRA NO.1779,COOPERATIVA,GENERAL SAAVEDRA,129.38,240,6583.64,28.01548936170213,27.169774,11.57199152542373,2.8334781002521847,45.2,0.079167,0.8335416666666667,0.8095721520570801,6.0,0.287500,36.384678362573105,18.399640718562875,0.158333,6.93576,81
1780,AGROP. QUISPE HNOS. S.R.L.,EMPRESA AGROPECUARIA,BUEN RETIRO,104.9,1236,34454.03,28.079894050529745,93.396483,11.283278688524591,1.7169007135204066,17.87,0.061489,0.7941181229773463,0.7876774339041447,6.0,0.288026,36.55217798594848,18.456501182033097,0.144822,1.7170000000000003,85
1781,ASOC. PROD. PUERTO QUIJARRO NO.1781,ASOCIACION,PUERTO QUIJARRO,19.02,249,6885.35,27.989227642276425,24.829574,11.442571428571428,1.7465170023060972,16.87,0.068273,0.8593172690763051,0.884984927736933,4.35,0.285141,36.59111111111111,18.429888268156425,0.132530,0.9941940000000001,76
1782,MARCELO FLORES COLQUE,COMUNIDAD,MONTERO,24.26,1030,28618.440000000002,28.14005899705015,93.605557,11.33177339901478,2.2847937010359654,45.2,0.061165,0.7854854368932039,0.800087645394235,6.0,0.280583,36.602365887207704,18.58362637362637,0.126214,9.811150000000001,85
1783,ASOC. PROD. CHARAGUA NO.1783,COOPERATIVA,CHARAGUA,123.44,1259,34893.21,28.071769911504425,109.789532,11.388453441295546,2.026946619453556,45.2,0.069897,0.8202621127879269,0.7553152478343813,5.09,0.307387,36.489736540664374,18.530201793721975,0.146942,10.567491000000002,85
1785,AGROP. CUELLAR HNOS. S.R.L.,EMPRESA AGROPECUARIA,ROBORE,43.36,260,7307.0599999999995,28.32193798449612,23.77565,11.4590625,1.7889990354999221,16.64,0.092308,0.8221538461538461,0.7967200955184388,4.31,0.319231,36.61662790697674,18.538299999999996,0.165385,0.96039,85
1786,ASOC. PROD. CHARAGUA NO.1786,ASOCIACION,CHARAGUA,80.28,1026,28523.62,28.10208866995074,74.989567,11.342254220456804,1.738918502280685,16.63,0.068226,0.7824756335282651,0.7642025729977802,5.15,0.269981,36.447974860335194,18.516367346938775,0.156920,1.157435,85
1787,CAMILA MONTAÑO CUELLAR,INDIVIDUAL,SAN PEDRO,51.6,812,22572.24,28.00526054590571,69.760031,11.339610062893081,2.170116533081355,45.2,0.075123,0.7950615763546799,0.7769767335892792,6.0,0.280788,36.45195578231292,18.478480138169257,0.152709,8.929440000000003,85
1788,ASOC. PROD. OKINAWA NO.1788,ASOCIACION,OKINAWA,225.4,488,13671.0,28.24586776859504,51.015276,11.470273109243697,2.2737337086576086,45.2,0.071721,0.8395081967213115,0.9089397234565307,6.0,0.272541,36.55375,18.45771875,0.157787,8.513968000000002,85
1789,CAMILA CHOQUE PEDRAZA,INDIVIDUAL,SAN PEDRO,228.17,801,22234.11,28.073371212121213,66.387042,11.302352941176471,2.078719525647975,45.2,0.051186,0.8073782771535579,0.8020049052078972,6.0,0.287141,36.41368948247079,18.527366548042703,0.166042,8.726640000000002,85
1790,ASOC. PROD. CHARAGUA NO.1790,COOPERATIVA,CHARAGUA,91.85,275,7656.41,27.943102189781023,28.519280000000002,11.471115241635689,2.699810707452064,45.2,0.061818,0.8056000000000001,0.804622085658806,4.55,0.265455,36.520260416666666,18.55021739130435,0.141818,8.68608,83
1791,MIGUEL MORALES SALVATIERRA,INDIVIDUAL,PORTACHUELO,38.65,1032,28747.639999999996,28.073867187499996,77.38685899999999,11.30352766798419,1.7422866343818109,16.27,0.064922,0.7859593023255813,0.790266717177231,5.55,0.276163,36.51683687943262,18.46175,0.141473,1.2660719999999999,85
1792,LAURA VASQUEZ AGUILAR,INDIVIDUAL,COTOCA,405.98,1265,35187.34,27.970858505564387,122.65068299999999,11.291338709677419,2.0098948486065535,45.2,0.063241,0.8423320158102766,0.8616745823574132,6.0,0.292490,36.61756756756757,18.497399553571427,0.145455,9.177786000000001,85
1793,ASOC. PROD. SAN JULIAN NO.1793,COOPERATIVA,SAN JULIAN,123.12,511,14146.41,28.06827380952381,44.164581,11.38208,2.3012581889271413,45.2,0.070450,0.7464774951076322,0.7162969308324499,4.49,0.268102,36.43311239193084,18.575298913043476,0.156556,9.912296000000001,84
1794,ASOC. PROD. LA GUARDIA NO.1794,COOPERATIVA,LA GUARDIA,103.7,771,21600.71,28.310235910878113,66.63897899999999,11.324959999999999,1.8645966389279016,17.06,0.079118,0.820479896238651,0.7820938616058484,5.87,0.284047,36.49908752327747,18.564258188824663,0.143969,4.033216,85
1795,ASOC. PROD. SANTA ROSA NO.1795,ASOCIACION,SANTA ROSA,70.78,762,21307.85,28.147754293262878,70.77103799999999,11.378061497326204,2.145240330716879,45.2,0.072178,0.8191863517060368,0.812146371472857,6.0,0.282152,36.55021072796935,18.568354898336413,0.145669,9.799920000000002,85
1796,ASOC. PROD. EL TORNO NO.1796,ASOCIACION,EL TORNO,303.42,783,22055.95,28.422615979381444,63.235983,11.21963730569948,1.77659655766953,16.32,0.062580,0.8308429118773946,0.8331377258152918,6.0,0.305236,36.35970588235294,18.529701754385965,0.148148,1.5872320000000002,85
1797,ASOC. PROD. MONTERO NO.1797,COOPERATIVA,MONTERO,82.35,772,21383.149999999998,27.878943937418512,78.20106000000001,11.385350993377484,2.4900648692419276,45.2,0.058290,0.8049870466321244,0.8126526195045669,5.17,0.279793,36.496512915129145,18.629566854990586,0.154145,8.248890000000001,85
1799,ASOC. PROD. OKINAWA NO.1799,COOPERATIVA,OKINAWA,38.57,287,8131.4,28.43146853146853,24.208478,11.181474820143887,1.7126940537487483,16.09,0.052265,0.8642160278745644,0.8118600731305905,4.48,0.334495,36.50317307692308,18.25004854368932,0.139373,0.920112,83
1800,CARMEN TORREZ MARTINEZ,INDIVIDUAL,CHARAGUA,18.0,515,14217.259999999998,27.87698039215686,47.798660000000005,11.327972166998013,1.7502936188570837,16.67,0.067961,0.8553009708737864,0.8252001624290832,4.66,0.310680,36.596592797783934,18.508637602179835,0.172816,1.2030420000000002,85
1801,VICTOR TICONA VACA,INDIVIDUAL,EL TORNO,49.36,1060,29446.079999999998,28.04388571428571,87.382019,11.402041984732826,2.0564353832157147,45.2,0.074528,0.7793490566037736,0.7343370143606476,5.28,0.276415,36.54382749326146,18.52269230769231,0.160377,9.631440000000001,85
1802,ALFREDO HUANCA MERCADO,INDIVIDUAL,WARNES,130.57,507,14306.2,28.32910891089109,41.28321400000001,11.397291242362527,1.6434115197259704,15.98,0.057199,0.8624457593688362,0.8469302476498025,5.32,0.311637,36.44468493150685,18.43215083798883,0.114398,1.161216,85
1804,ASOC. PROD. GENERAL SAAVEDRA NO.1804,ASOCIACION,GENERAL SAAVEDRA,31.53,532,14720.29,27.985342205323196,52.589676,11.488104448742748,2.322434794922384,45.2,0.075188,0.7714097744360902,0.7758075103801744,5.22,0.285714,36.612060439560445,18.54681233933162,0.142857,9.359879000000001,84
1805,CHRISTIAN PEDRAZA ALVARADO,COMUNIDAD,CHARAGUA,114.42,485,13489.89,28.39976842105263,35.376799999999996,11.40293501048218,1.7548266517523263,17.07,0.063918,0.7598144329896909,0.7365037511181411,3.89,0.255670,36.43038011695907,18.595323529411765,0.164948,1.19535,85
1806,ASOC. PROD. OKINAWA NO.1806,ASOCIACION,OKINAWA,298.12,542,15150.22,28.108014842300555,38.018660999999994,11.36734962406015,1.7351884699676565,16.35,0.066421,0.7634132841328413,0.7317676487294907,4.68,0.278598,36.41692506459948,18.59779840848806,0.130996,1.1017919999999999,85
1807,ASOC. PROD. EL TORNO NO.1807,ASOCIACION,EL TORNO,26.38,256,7066.539999999999,28.04182539682539,18.228356,11.385674603174603,1.6900717650401293,16.43,0.050781,0.8116406249999999,0.836533723374699,5.92,0.261719,36.54195121951219,18.498461538461537,0.171875,1.21565,80
1808,ASOC. PROD. ROBORE NO.1808,COOPERATIVA,ROBORE,53.76,753,21097.98,28.319436241610738,50.27424500000001,11.457611940298507,1.722437367533175,16.16,0.070385,0.7756706507304117,0.7180129998687766,4.71,0.284197,36.60907918968692,18.52629558541267,0.147410,1.0755290000000002,85
1809,RENE MERCADO PUMA,INDIVIDUAL,COTOCA,60.5,278,7713.6,28.049454545454548,31.354566,11.320149812734082,2.7321462782476513,45.2,0.071942,0.7885611510791368,0.8347334135508828,6.0,0.258993,36.4759375,18.577409326424867,0.154676,9.030528,81
1811,GABRIELA FLORES SALVATIERRA,INDIVIDUAL,BUEN RETIRO,24.57,536,15050.880000000001,28.238048780487805,57.859903,11.472811320754715,2.3344644391468066,45.2,0.076493,0.8523880597014926,0.8332938170758194,6.0,0.315299,36.40720744680851,18.554693333333333,0.115672,7.634640000000002,85
1812,BEATRIZ COLQUE LIMA,INDIVIDUAL,WARNES,224.38,1521,42292.14,28.045185676392574,146.65529,11.441036339165546,2.4658211496604734,45.2,0.072321,0.7704996712689021,0.778713184586325,6.0,0.261670,36.53862230552952,18.432220131702724,0.161078,8.95926,85
1813,ASOC. PROD. OKINAWA NO.1813,ASOCIACION,OKINAWA,50.8,1305,36134.259999999995,27.989357087529044,120.697174,11.475995316159251,2.020258560952791,45.2,0.078161,0.8069578544061304,0.8254157823262068,6.0,0.272797,36.47780941949616,18.50771523178808,0.136398,10.071082000000002,85
1814,ASOC. PROD. EL TORNO NO.1814,ASOCIACION,EL TORNO,168.52,1249,34729.259999999995,28.07539207760711,97.15957100000001,11.38999184339315,1.9941018539721145,45.2,0.070456,0.7724019215372298,0.7526127536252503,4.74,0.259408,36.48453394706559,18.562875,0.137710,9.862965,85
1815,ASOC. PROD. LA GUARDIA NO.1815,COOPERATIVA,LA GUARDIA,15.53,752,20979.420000000002,28.122546916890084,69.16366500000001,11.47386301369863,2.4889114048533347,45.2,0.081117,0.7487765957446808,0.7291007124023946,5.05,0.267287,36.5355722326454,18.440839843750002,0.158245,9.282000000000002,85
1816,CLAUDIA YUJRA PUMA,COMUNIDAD,PORTACHUELO,65.19,477,13319.53,28.100274261603378,47.600058000000004,11.349232409381663,2.35126876263881,45.2,0.077568,0.810461215932914,0.8068731775490486,5.62,0.270440,36.56902077151335,18.49547619047619,0.119497,10.826400000000001,85
1817,RICARDO CONDORI VARGAS,INDIVIDUAL,CUATRO CANADAS,64.08,787,22039.480000000003,28.255743589743595,58.497837,11.341979301423027,1.6861414975707296,15.86,0.059720,0.788284625158831,0.7971815685504751,5.93,0.265565,36.46003590664273,18.510452961672474,0.162643,1.363044,85
1819,ASOC. PROD. SAN PEDRO NO.1819,ASOCIACION,SAN PEDRO,154.21,2250,62984.9,28.2064039408867,175.56323500000002,11.31144018058691,1.8557065124269265,45.2,0.062222,0.8021022222222223,0.7915698998811824,6.0,0.272444,36.48084669660039,18.571253918495298,0.158222,6.124560000000002,85
1820,ALEJANDRA CALLISAYA MAMANI,INDIVIDUAL,MINEROS,173.13,1045,29130.920000000002,28.17303675048356,83.52073100000001,11.386491739552964,2.020689348411047,45.2,0.066986,0.7748612440191389,0.7523594463256658,5.99,0.263158,36.550213371266004,18.4016338028169,0.141627,10.062000000000001,85
1821,ELIZABETH TICONA MEDINA,INDIVIDUAL,SAN PEDRO,163.84,1576,43815.59,28.06892376681614,136.693171,11.353436893203884,2.0928567830388163,45.2,0.059645,0.7976649746192893,0.7996839086279501,6.0,0.270939,36.4958945386064,18.455706666666664,0.143401,7.3039200000000015,85
1822,RICARDO MAMANI SORIA,INDIVIDUAL,SAN PEDRO,55.87,564,15619.96,27.992759856630823,43.88628500000001,11.300436363636363,1.7640131093734563,16.04,0.072695,0.8076950354609929,0.8079590799414639,6.0,0.265957,36.56492537313433,18.502713936430318,0.152482,1.5805000000000002,85
1823,ASOC. PROD. BUEN RETIRO NO.1823,ASOCIACION,BUEN RETIRO,50.42,1371,38798.97,28.549646799117,101.332363,11.29760029717682,1.7056098886215063,16.41,0.054705,0.8010795040116703,0.7833305285970683,6.0,0.279358,36.37278876170656,18.52915522703273,0.161926,1.2874999999999999,85
1824,ASOC. PROD. WARNES NO.1824,COOPERATIVA,WARNES,52.96,237,6555.22,27.77635593220339,19.307624,11.642918454935623,1.7574428124440902,17.17,0.084388,0.8253164556962025,0.7779370297863502,5.28,0.308017,36.328322981366455,18.552545454545456,0.151899,0.7966969999999997,77
1825,CLAUDIA CRUZ MORALES,COMUNIDAD,OKINAWA,75.36,786,21846.33,28.116254826254828,58.025332,11.269639175257732,1.7358311568586986,16.79,0.048346,0.797735368956743,0.7976675943196502,6.0,0.287532,36.46981481481482,18.63070143884892,0.143766,1.3575,85
1826,ROBERTO MACHACA NAVIA,COMUNIDAD,CHARAGUA,172.76,1344,37593.869999999995,28.351334841628955,128.64300100000003,11.402276853252648,2.3914409021966723,45.2,0.073661,0.784233630952381,0.783827033247167,6.0,0.276786,36.53176282051282,18.515209003215436,0.135417,9.135360000000002,85
1827,DIEGO CRUZ ROMERO,INDIVIDUAL,PUERTO QUIJARRO,54.84,785,21749.58,28.06397419354839,65.396188,11.370901960784314,1.7571563763511928,16.43,0.061146,0.8732738853503185,0.819153126426306,6.0,0.337580,36.45833955223881,18.560284280936454,0.164331,1.2159250000000001,85
1828,AGROP. YUJRA HNOS. S.R.L.,EMPRESA AGROPECUARIA,PUERTO QUIJARRO,85.63,1054,29337.03,28.127545541706613,81.203396,11.402541222114452,2.029868316068966,45.2,0.068311,0.7800000000000001,0.7228806991635423,4.6,0.289374,36.62482071713148,18.479753424657535,0.148008,6.882720000000002,85
1829,SANDRA VARGAS NAVIA,INDIVIDUAL,SANTA ROSA,338.25,1259,35004.52,28.183993558776166,110.526367,11.435089141004863,2.0070446977208105,45.2,0.078634,0.8097378872120731,0.8203434919323656,5.91,0.285147,36.465062146892656,18.533395565927655,0.142176,8.405205,85
1830,ASOC. PROD. SAN JULIAN NO.1830,COOPERATIVA,SAN JULIAN,67.25,529,14792.12,28.283212237093693,43.06899799999999,11.32998076923077,1.8040425060932759,16.31,0.066163,0.832930056710775,0.800090854703695,5.37,0.300567,36.478698060941824,18.40696721311475,0.153119,1.3088150000000003,85
1831,PATRICIA NAVIA MERCADO,INDIVIDUAL,SAN JULIAN,222.55,979,27041.51,27.99328157349896,75.86375699999999,11.433423517169613,1.7187611928812976,17.57,0.078652,0.8063840653728293,0.7628332183443718,4.85,0.289070,36.567647928994084,18.456617862371886,0.154239,1.4017519999999999,85
1832,VALERIA SORIA VARGAS,INDIVIDUAL,YAPACANI,77.67,518,14479.95,28.226023391812866,53.873491,11.363187250996015,2.314637489409962,45.2,0.057915,0.8559073359073359,0.8343840586649557,5.78,0.314672,36.45227390180879,18.500354223433245,0.169884,9.2664,85
1833,AGROP. SALVATIERRA HNOS. S.R.L.,EMPRESA AGROPECUARIA,SAN PEDRO,72.25,492,13450.79,27.8484265010352,45.349464,11.442536382536382,2.279064914980357,45.2,0.063008,0.8088821138211383,0.7863181950034515,4.58,0.294715,36.533564954682774,18.64537142857143,0.144309,9.263280000000002,84
1834,ASOC. PROD. PUERTO QUIJARRO NO.1834,ASOCIACION,PUERTO QUIJARRO,35.11,756,20958.519999999997,28.170053763440855,69.74010200000001,11.422824324324324,2.1320070010961167,45.2,0.062169,0.8312566137566139,0.8171641369868063,5.48,0.293651,36.53509293680297,18.513670411985018,0.164021,8.243040000000002,85
1835,YENNY CATACORA VASQUEZ,INDIVIDUAL,EL TORNO,62.41,230,6327.84,27.753684210526316,18.376075,11.12128888888889,1.6893277485625744,16.47,0.047826,0.8615217391304347,0.7909514678007598,4.24,0.339130,36.357707006369424,18.44654970760234,0.173913,0.9039600000000001,78
1836,JESSICA SORIA VILLCA,INDIVIDUAL,LA GUARDIA,55.4,494,13873.57,28.429446721311475,54.404595,11.539751037344399,2.771458471359598,45.2,0.066802,0.7585425101214575,0.7213216833049296,3.95,0.269231,36.56743093922652,18.42008982035928,0.141700,10.289760000000001,85
1837,AGROP. PINTO HNOS. S.R.L.,EMPRESA AGROPECUARIA,EL TORNO,205.47,1010,28436.149999999998,28.37939121756487,87.98706599999998,11.357935548841892,2.0388614756303634,45.2,0.069307,0.8060594059405941,0.80099412738589,6.0,0.297030,36.52487591240875,18.473134751773053,0.172277,10.436020000000001,85
1838,AGROP. MERCADO HNOS. S.R.L.,EMPRESA AGROPECUARIA,MINEROS,124.51,993,27523.550000000003,28.20035860655738,65.18461200000002,11.320422245108135,1.7088730014039488,16.27,0.063444,0.7614501510574018,0.7396588902827246,5.47,0.255791,36.44869565217391,18.43554112554112,0.152064,1.1877119999999999,85
1839,SILVIA PUMA FLORES,INDIVIDUAL,CHARAGUA,118.88,483,13190.56,27.7696,40.954339,11.328315789473685,1.7660537026538419,17.29,0.066253,0.8626293995859214,0.8338832827052987,6.0,0.308489,36.65616766467066,18.59505988023952,0.151139,1.2125000000000001,85
1840,JHONNY MONTAÑO VACA,INDIVIDUAL,GENERAL SAAVEDRA,391.72,807,22390.850000000002,27.988562500000004,65.837679,11.382692793931732,2.094942240933328,45.2,0.064436,0.774076827757125,0.748226760021822,5.77,0.268897,36.42481149012567,18.521836007130126,0.151177,7.774765,85
1841,NELSON AGUILAR CHAMBI,INDIVIDUAL,CHARAGUA,125.31,786,21840.37,28.108584298584297,70.666392,11.366228868660599,2.1165346283412374,45.2,0.063613,0.8260687022900763,0.7771558076821597,5.27,0.314249,36.47252767527675,18.512965009208102,0.139949,8.08392,85
1842,ASOC. PROD. EL TORNO NO.1842,ASOCIACION,EL TORNO,17.84,520,14383.18,28.147123287671235,48.75844300000001,11.3833203125,2.2434791594054064,45.2,0.051923,0.807826923076923,0.7917143716563686,4.61,0.273077,36.52717032967033,18.484906666666664,0.128846,9.238950000000003,85
1843,LAURA PINTO CRUZ,INDIVIDUAL,EL TORNO,19.75,1060,29594.760000000002,28.158667935299718,84.144599,11.343720038350911,2.0076520998857874,45.2,0.054717,0.7749433962264152,0.7857470276781069,6.0,0.262264,36.4682689747004,18.45964332892999,0.151887,9.36312,85
1844,CESAR SORIA MACHACA,INDIVIDUAL,OKINAWA,56.67,971,26894.24,28.014833333333335,78.05571300000001,11.438124341412014,1.9781991824939993,45.2,0.070031,0.7978475798146242,0.7802917782588533,5.52,0.281153,36.533970149253726,18.53903039073806,0.152420,8.885760000000001,85
1845,ASOC. PROD. BUEN RETIRO NO.1845,ASOCIACION,BUEN RETIRO,103.36,752,20863.72,27.93001338688086,68.29410800000001,11.404103260869565,2.122205504084742,45.2,0.081117,0.8185239361702127,0.7526098944481378,4.6,0.303191,36.47780392156863,18.511950286806883,0.155585,8.682960000000003,85
1846,SILVIA CHUQUIMIA FLORES,INDIVIDUAL,WARNES,116.9,1607,44774.509999999995,28.07179310344827,141.862864,11.382988505747127,1.9534673054867835,45.2,0.067828,0.8306347230864967,0.8047185536257205,5.07,0.291848,36.38600358422939,18.463026315789474,0.155569,6.757920000000002,85
1847,CHRISTIAN APAZA ANTELO,INDIVIDUAL,CUATRO CANADAS,51.82,777,21718.96,28.24312093628088,63.443772,11.396888888888888,1.7454489797125448,17.26,0.074646,0.8225225225225226,0.8024393029169207,4.76,0.277992,36.57575868372944,18.42983576642336,0.160875,0.9647300000000001,85
1848,ASOC. PROD. MINEROS NO.1848,ASOCIACION,MINEROS,142.17,1952,54583.91,28.23792550439731,162.738558,11.336946764091858,1.8924976849401687,45.2,0.055840,0.8200870901639346,0.7891509640602539,6.0,0.299180,36.44183479532164,18.521365606936413,0.160348,9.725040000000002,85
1849,ASOC. PROD. CUATRO CANADAS NO.1849,COOPERATIVA,CUATRO CANADAS,78.07,478,13292.89,27.926239495798317,35.491062,11.26566596194503,1.6895999270850857,16.06,0.050209,0.8198535564853556,0.8243880771698349,4.95,0.288703,36.4425730994152,18.483804034582132,0.156904,1.3572000000000002,84
1850,ASOC. PROD. WARNES NO.1850,ASOCIACION,WARNES,18.31,534,15087.680000000002,28.413709981167614,38.362387,11.288148854961833,1.722396449828295,16.1,0.071161,0.7873970037453184,0.7492316036703689,4.94,0.277154,36.409105691056915,18.440108991825614,0.125468,1.1666219999999998,85
1851,ASOC. PROD. CUATRO CANADAS NO.1851,ASOCIACION,CUATRO CANADAS,42.51,248,6985.589999999999,28.512612244897955,21.671858000000004,11.39767634854772,1.7338400286108453,18.16,0.056452,0.8306048387096774,0.788675436684783,3.84,0.274194,36.741436781609195,18.655284090909092,0.137097,1.374048,80
1852,AGROP. ROMERO HNOS. S.R.L.,EMPRESA AGROPECUARIA,OKINAWA,87.52,492,13564.32,28.083478260869565,44.33167099999999,11.412640332640335,2.3268832636067502,45.2,0.065041,0.8482723577235772,0.784876177534541,5.52,0.310976,36.48811594202899,18.453687315634216,0.168699,7.248942000000002,85
1853,ASOC. PROD. ROBORE NO.1853,ASOCIACION,ROBORE,145.99,977,27171.42,28.12776397515528,87.62517100000001,11.354665970772443,2.09340059803576,45.2,0.069601,0.8102251791197542,0.7913025877045934,4.83,0.282497,36.44014556040757,18.412712609970672,0.149437,8.970627000000002,85
1854,ASOC. PROD. ROBORE NO.1854,ASOCIACION,ROBORE,41.41,1811,50283.880000000005,27.982125765164167,165.639789,11.467419536984753,2.051711936048052,45.2,0.066814,0.8231750414135837,0.8164274837328813,6.0,0.296521,36.48579273008508,18.51332028191073,0.151850,9.050327000000001,85
1855,ASOC. PROD. BUEN RETIRO NO.1855,COOPERATIVA,BUEN RETIRO,62.32,523,14438.720000000001,27.9278916827853,42.009677999999994,11.273268101761253,1.7351593938592895,15.7,0.057361,0.8689483747609943,0.8365349092643125,5.5,0.321224,36.456968911917095,18.556149870801033,0.172084,1.2106050000000002,85
1856,ASOC. PROD. PUERTO QUIJARRO NO.1856,COOPERATIVA,PUERTO QUIJARRO,64.15,261,7384.3200000000015,28.510888030888037,22.533050000000003,11.371361867704282,1.7068646138304115,16.4,0.065134,0.8706513409961686,0.7966477584517964,5.38,0.329502,36.672290502793295,18.357166666666668,0.126437,1.04249,81
1857,ASOC. PROD. MINEROS NO.1857,COOPERATIVA,MINEROS,121.6,487,13620.900000000001,28.026543209876547,35.453362999999996,11.400607966457024,1.7043020970484055,16.91,0.069815,0.7641889117043121,0.7783490687865643,6.0,0.268994,36.57628242074928,18.419660493827163,0.139630,1.6640000000000001,85
1858,VIVIANA SORIA PUMA,INDIVIDUAL,SAN PEDRO,304.63,1042,28844.13,28.08581304771178,92.423157,11.430204878048778,2.0648949298366945,45.2,0.071977,0.8206909788867561,0.8331372502229915,6.0,0.287908,36.553930069930075,18.555958333333333,0.143954,8.249280000000002,85
1859,ASOC. PROD. PUERTO SUAREZ NO.1859,ASOCIACION,PUERTO SUAREZ,153.38,518,14160.12,27.874251968503938,52.53388300000001,11.27828402366864,2.325103086286474,45.2,0.067568,0.8338416988416988,0.8539837864859386,5.5,0.270270,36.619005376344084,18.530544959128065,0.171815,9.282000000000002,85
1860,AGROP. MACHACA HNOS. S.R.L.,EMPRESA AGROPECUARIA,OKINAWA,276.41,484,13521.170000000002,28.05221991701245,41.834186,11.313050847457628,1.7191087941841565,16.4,0.057851,0.8464462809917357,0.8650323269768121,5.42,0.280992,36.31878260869565,18.62997175141243,0.171488,1.9389879999999997,85
1861,PATRICIA LOPEZ CRUZ,INDIVIDUAL,SANTA ROSA,159.03,746,20783.66,28.04812415654521,66.195239,11.46172602739726,2.445731654690777,45.2,0.058981,0.7914343163538875,0.7740762542267523,5.83,0.266756,36.54770992366412,18.438908045977012,0.170241,7.606924000000001,85
1862,ASOC. PROD. LA GUARDIA NO.1862,COOPERATIVA,LA GUARDIA,56.73,271,7524.57,27.868777777777776,33.412038,11.573639846743294,2.7226938315866485,45.2,0.088561,0.8280442804428044,0.8492603829403444,5.29,0.287823,36.646358695652175,18.672134831460674,0.140221,8.926320000000002,82
1863,ASOC. PROD. WARNES NO.1863,ASOCIACION,WARNES,54.01,1268,35200.26,28.04801593625498,103.162415,11.338056680161943,2.032421118903358,45.2,0.064669,0.7768454258675078,0.7624846093927076,4.86,0.270505,36.47415263748597,18.573661814109744,0.139590,10.05888,85
1864,ROBERTO RIVERO MONTAÑO,COMUNIDAD,ROBORE,167.94,512,14179.400000000001,28.133730158730163,49.946937999999996,11.477281746031744,2.316725930652483,45.2,0.064453,0.8184179687500001,0.8277664505067329,6.0,0.271484,36.35697740112994,18.53977207977208,0.162109,9.058148000000003,85
1865,MARIO AGUILAR CUELLAR,INDIVIDUAL,PORTACHUELO,62.82,1247,34958.969999999994,28.306858299595138,95.91861300000001,11.29357670221493,1.9901477789148758,45.2,0.055333,0.7768243785084202,0.7776302771526693,6.0,0.267041,36.508886227544906,18.47605747126437,0.145148,7.915440000000002,85
1866,LAURA GUTIERREZ CUELLAR,INDIVIDUAL,LA GUARDIA,36.01,530,14546.719999999998,27.867279693486584,36.479144,11.239574468085106,1.6657439537176368,16.3,0.052830,0.7893018867924531,0.7558555808913995,4.79,0.294340,36.41664835164835,18.470188679245286,0.160377,1.124172,85
1867,ASOC. PROD. OKINAWA NO.1867,ASOCIACION,OKINAWA,200.75,1062,29489.78,28.192906309751432,106.850289,11.45705938697318,2.253210444692404,45.2,0.066855,0.825969868173258,0.8060055866362011,5.35,0.304143,36.53782432432432,18.5222691292876,0.154426,9.815520000000001,85
1868,ALFREDO PUMA YUJRA,INDIVIDUAL,PAILON,332.62,773,21530.36,28.10751958224543,52.793835,11.265219123505975,1.6890022819907564,17.05,0.049159,0.8001681759379042,0.7687327892147547,5.66,0.278137,36.54621129326047,18.41547709923664,0.138422,1.305266,85
1869,RICHARD CRUZ MAMANI,INDIVIDUAL,PAILON,118.36,1016,28135.75,28.10764235764236,77.83989199999999,11.428382204246715,1.6967765973702533,16.54,0.064961,0.7934350393700788,0.7742822589118352,6.0,0.282480,36.43310294117647,18.40180706521739,0.138780,1.4864079999999997,85
1870,ASOC. PROD. CUATRO CANADAS NO.1870,ASOCIACION,CUATRO CANADAS,100.05,504,14008.100000000002,28.016200000000005,41.645301,11.321232323232321,1.687455591428172,16.53,0.067460,0.8291865079365079,0.8319592512629066,5.34,0.281746,36.47266862170088,18.519279778393354,0.156746,1.3651999999999993,85
1871,ANA TORREZ COPA,INDIVIDUAL,WARNES,57.41,994,27671.57,28.06447261663286,78.773401,11.364407826982493,2.0167409492014823,45.2,0.058350,0.7846680080482897,0.7393337822211222,5.01,0.281690,36.47884561891516,18.474598540145987,0.163984,7.834320000000001,85
1872,ASOC. PROD. LA GUARDIA NO.1872,ASOCIACION,LA GUARDIA,408.72,1037,28948.160000000003,28.187108081791628,105.16306900000002,11.457788746298124,2.537812043313197,45.2,0.078110,0.7897782063645129,0.7656254219051484,5.26,0.277724,36.43591530054645,18.501481994459834,0.187078,9.350640000000002,85
1873,ASOC. PROD. GENERAL SAAVEDRA NO.1873,COOPERATIVA,GENERAL SAAVEDRA,223.69,1555,43332.07,28.13770779220779,126.982605,11.379868421052633,2.288916503104854,45.2,0.057878,0.7787909967845659,0.8083916882732106,6.0,0.269453,36.51677092916284,18.579682107175294,0.158842,8.873280000000003,85
1874,ANDREA SANDOVAL CHAMBI,INDIVIDUAL,EL TORNO,105.02,266,7372.99,28.357653846153845,28.747493000000006,11.528479087452471,2.688792821751328,45.2,0.056391,0.8113909774436091,0.7479914875369376,5.5,0.274436,36.54483516483516,18.285200000000003,0.142857,8.74848,83
1875,SANDRA MONTAÑO ALVARADO,INDIVIDUAL,OKINAWA,109.26,550,15143.670000000002,28.043833333333335,65.850536,11.380296846011131,2.678228258227538,45.2,0.061818,0.8894,0.8106754722522913,5.76,0.327273,36.27389610389611,18.515000000000004,0.161818,9.706320000000003,85
1877,MARIA ALVARADO YUJRA,INDIVIDUAL,CHARAGUA,144.37,995,27758.03,28.066764408493427,90.19734399999999,11.413197556008145,2.3087026244249587,45.2,0.071357,0.8072763819095478,0.725155723923218,4.89,0.303518,36.62823529411765,18.543487698986976,0.155779,8.976240000000002,85
1878,RAUL ALVARADO CHUQUIMIA,INDIVIDUAL,EL TORNO,51.57,262,7136.260000000001,27.553127413127417,19.406654000000003,11.204357976653696,1.8107630891704587,17.84,0.076336,0.7629007633587787,0.7402241439035919,4.47,0.274809,36.50843575418995,18.356971428571423,0.125954,0.9389610000000002,82
1879,FERNANDO ANTELO VASQUEZ,INDIVIDUAL,OKINAWA,133.25,1051,29554.71,28.363445297504796,86.05678400000001,11.352460784313726,1.786154449316164,17.14,0.071361,0.8181065651760229,0.802536889562865,6.0,0.294006,36.563059805285114,18.467997347480104,0.149382,1.3202219999999998,85
1880,CHRISTIAN CRUZ SANCHEZ,INDIVIDUAL,GENERAL SAAVEDRA,47.08,504,14099.96,28.19992,50.754136,11.485685483870968,2.3570676727686553,45.2,0.087302,0.813670634920635,0.739345136768488,5.32,0.307540,36.55005714285714,18.58538888888889,0.146825,9.881352000000001,85
1881,ASOC. PROD. EL TORNO NO.1881,ASOCIACION,EL TORNO,102.38,807,22571.18,28.320175658720203,52.573782,11.271800766283524,1.6618784094280756,16.15,0.053284,0.7598636926889716,0.7475193757550871,5.78,0.270136,36.46861261261262,18.409119266055043,0.143742,1.4655480000000003,85
1882,ASOC. PROD. SAN PEDRO NO.1882,ASOCIACION,SAN PEDRO,75.92,1261,35036.76,28.05184947958367,118.448267,11.346871463217461,1.9920232499363402,45.2,0.068993,0.8434417129262489,0.8393831176685083,6.0,0.300555,36.473455797933404,18.49421460176991,0.147502,8.661120000000004,85
1883,LORENA CUELLAR MACHACA,INDIVIDUAL,PUERTO QUIJARRO,143.28,1521,42080.14,27.9788164893617,134.46828299999999,11.404086311530682,1.97772894144385,45.2,0.081525,0.8117751479289941,0.7844908703892438,5.45,0.287968,36.447220113852,18.522923649906893,0.149901,9.449352000000001,85
1884,ASOC. PROD. CUATRO CANADAS NO.1884,ASOCIACION,CUATRO CANADAS,277.86,805,22456.579999999998,28.105857321652064,68.06643600000001,11.348631178707226,2.1206948990637353,45.2,0.059627,0.7962732919254658,0.7729632358816281,4.97,0.280745,36.46486988847584,18.44246017699115,0.156522,8.09328,85
1885,AGROP. ALVARADO HNOS. S.R.L.,EMPRESA AGROPECUARIA,CUATRO CANADAS,63.68,768,21238.28,27.981923583662713,65.24638300000001,11.44445623342175,1.784926269883053,17.3,0.087240,0.8117317708333335,0.8018199610842881,6.0,0.299479,36.4651145038168,18.36529636711281,0.178385,1.5982049999999997,85
1886,ASOC. PROD. SANTA ROSA NO.1886,ASOCIACION,SANTA ROSA,35.03,236,6626.22,28.438712446351932,22.402807999999997,11.456814159292035,1.8326826799284628,16.78,0.097458,0.853050847457627,0.8082242247071872,4.03,0.292373,36.41636363636364,18.458355263157895,0.114407,0.825543,76
1887,SERGIO MAMANI ALVARADO,COMUNIDAD,LA GUARDIA,25.86,1358,38101.990000000005,28.244618235730176,125.812238,11.395388093443858,2.1866717091848877,45.2,0.072901,0.8012371134020619,0.7998713610878267,5.44,0.265832,36.47778238341969,18.417773152965665,0.159794,10.5144,85
1888,LORENA PUMA CUELLAR,COMUNIDAD,SAN PEDRO,46.47,1040,28587.85,27.836270691333983,108.894501,11.461072124756333,2.356629345870366,45.2,0.084615,0.8386057692307692,0.8764394887526628,6.0,0.292308,36.468920000000004,18.430659488559893,0.151923,7.594080000000003,85
1889,HUGO PUMA PINTO,INDIVIDUAL,SANTA ROSA,30.26,498,13863.09,28.062935222672063,49.017258,11.45,2.3441256806347983,45.2,0.086345,0.8162650602409639,0.800822832641387,4.86,0.281124,36.64404011461318,18.34014619883041,0.166667,9.122880000000002,85
1890,JESSICA SANCHEZ GUTIERREZ,INDIVIDUAL,WARNES,64.31,268,7359.38,27.771245283018867,21.040039999999998,11.591811320754717,1.7281814432023492,16.3,0.082090,0.8290298507462687,0.86627003548922,6.0,0.283582,36.31005235602094,18.29610256410256,0.160448,1.366952,82
1891,MARIO AGUILAR MERCADO,INDIVIDUAL,COTOCA,201.62,1078,29882.86,27.954031805425632,95.35451499999999,11.322734153263955,2.0185915240116334,45.2,0.065863,0.8181632653061225,0.8124758196617937,5.95,0.289425,36.56087365591398,18.476548556430448,0.149351,9.066720000000002,85
1894,ASOC. PROD. SAN PEDRO NO.1894,ASOCIACION,SAN PEDRO,254.87,277,7762.39,28.538198529411765,19.664561,11.088864468864468,1.7210779667386444,14.89,0.064982,0.7608664259927798,0.8207927240548952,5.36,0.249097,36.75833333333333,18.505578947368424,0.148014,2.59035,82
1895,ASOC. PROD. BUEN RETIRO NO.1895,COOPERATIVA,BUEN RETIRO,39.27,843,23481.879999999997,28.1220119760479,73.66736,11.303607748184017,1.7030145994535848,16.88,0.062871,0.86644128113879,0.8917037282676533,6.0,0.302491,36.41436573311367,18.517693602693605,0.151839,1.5805,85
1896,ASOC. PROD. PAILON NO.1896,COOPERATIVA,PAILON,31.74,794,22225.54,28.13359493670886,80.540741,11.38157014157014,2.137594479863858,45.2,0.074307,0.8683375314861461,0.8567887828032089,5.15,0.312343,36.51396933560476,18.427469879518075,0.164987,8.723520000000002,85
1897,AGROP. GARCIA HNOS. S.R.L.,EMPRESA AGROPECUARIA,PAILON,124.75,786,22084.14,28.313,64.76383600000001,11.308311688311688,1.7419079883234974,16.36,0.057252,0.8336132315521629,0.7930496955716955,6.0,0.290076,36.546800000000005,18.532045454545454,0.136132,1.3490880000000003,85
1898,ALFREDO CASTRO AGUILAR,INDIVIDUAL,PUERTO SUAREZ,15.75,500,13761.529999999999,27.85734817813765,45.228982,11.306064908722108,1.6504628359990676,16.42,0.062000,0.87146,0.9249878233504986,6.0,0.308000,36.53123209169054,18.39385915492958,0.142000,1.4200000000000004,85
1899,ELIZABETH YUJRA RODRIGUEZ,INDIVIDUAL,OKINAWA,185.89,1038,28872.77,28.08635214007782,89.461469,11.440450097847359,2.035569547309629,45.2,0.075145,0.7618015414258189,0.7775789709372992,5.8,0.277457,36.54384297520661,18.55028610354223,0.143545,9.959111000000002,85
1900,OSCAR RODRIGUEZ APAZA,INDIVIDUAL,ROBORE,67.34,1333,37213.53,28.170726722180166,96.816574,11.39990045941807,1.7218211171410174,17.35,0.060765,0.7980495123780945,0.7771152132108475,5.72,0.273068,36.447519042437435,18.57404612159329,0.146287,1.571132,85
1901,AGROP. CASTRO HNOS. S.R.L.,EMPRESA AGROPECUARIA,GENERAL SAAVEDRA,81.49,524,14554.260000000002,28.097027027027032,43.105771000000004,11.426628131021195,2.247528457750046,45.2,0.055344,0.7400954198473282,0.7372348928562433,5.11,0.251908,36.464120879120884,18.49174647887324,0.139313,8.264880000000002,85
1902,ASOC. PROD. MONTERO NO.1902,COOPERATIVA,MONTERO,200.19,801,21939.239999999998,27.666128625472886,82.05292200000001,11.310535714285713,2.7275389884635524,45.2,0.066167,0.812047440699126,0.7641166813691264,5.85,0.294632,36.565027624309394,18.604664246823955,0.148564,9.144720000000003,85
1903,ASOC. PROD. SANTA ROSA NO.1903,ASOCIACION,SANTA ROSA,157.63,263,7617.15,29.18448275862069,33.55989,11.551992187500002,2.8090046272687257,45.2,0.076046,0.8225855513307984,0.7477835999201394,4.51,0.311787,36.691005586592176,18.262590673575126,0.182510,9.282000000000004,82
1904,ASOC. PROD. ROBORE NO.1904,ASOCIACION,ROBORE,62.63,509,14091.390000000001,28.014691848906562,49.013591,11.3785306122449,2.332679608412325,45.2,0.072692,0.7717485265225933,0.8111673126288738,5.69,0.269155,36.55543010752688,18.601011560693642,0.131631,8.99496,85
1906,VANESSA RIVERO FLORES,INDIVIDUAL,CHARAGUA,76.02,508,14199.579999999998,27.951929133858265,49.751923000000005,11.444808853118712,2.7986435391013527,45.2,0.074803,0.7161417322834647,0.6642672369768503,4.91,0.259843,36.466504065040645,18.538352272727273,0.153543,11.15088,85
1907,RONALD CATACORA CATACORA,INDIVIDUAL,PAILON,142.85,799,21935.36,27.76627848101266,61.722443,11.362820838627702,1.746518069210616,18.59,0.070088,0.7826408010012514,0.7659465354221351,5.41,0.277847,36.55343205574913,18.412495479204342,0.143930,1.8959460000000001,85
1908,ASOC. PROD. WARNES NO.1908,ASOCIACION,WARNES,144.11,501,14030.869999999999,28.174437751004014,37.530812,11.296081632653062,1.7849500784863919,16.5,0.077844,0.779181636726547,0.7562025713670351,5.06,0.275449,36.52696378830084,18.50135294117647,0.145709,1.2899829999999997,85
1909,ASOC. PROD. PAILON NO.1909,COOPERATIVA,PAILON,109.0,247,6965.670000000001,28.20109311740891,28.939255000000003,11.404135021097046,2.78817611522097,45.2,0.052632,0.807246963562753,0.8236127235757496,6.0,0.295547,36.55455056179775,18.474497041420115,0.170040,9.540960000000002,81
1910,ASOC. PROD. LA GUARDIA NO.1910,ASOCIACION,LA GUARDIA,29.97,260,7187.5599999999995,27.75119691119691,19.584971,11.350470588235293,1.8278081012076242,17.43,0.103846,0.7565769230769231,0.7591461711145682,5.21,0.261538,36.61461111111111,18.26347826086956,0.180769,1.169959,79
1911,BORIS NAVIA SALVATIERRA,INDIVIDUAL,GENERAL SAAVEDRA,329.36,763,21114.120000000003,27.92873015873016,58.984131000000005,11.4755764075067,1.7055932472387973,16.94,0.064220,0.8052293577981651,0.8086882502986608,5.05,0.288336,36.553455598455606,18.364864864864863,0.167759,1.110915,85
1914,VALERIA MORALES CHOQUE,INDIVIDUAL,CHARAGUA,47.49,1037,29000.399999999998,28.155728155339805,87.12365500000001,11.443646245059288,2.0584341098334775,45.2,0.073288,0.7967116682738669,0.7846797337418543,5.28,0.271938,36.47061643835616,18.594287671232877,0.149470,7.772121000000002,85
1915,ASOC. PROD. WARNES NO.1915,COOPERATIVA,WARNES,27.96,779,21826.8,28.38335500650195,53.513940999999996,11.25717847769029,1.719444885563396,16.58,0.057766,0.7721437740693197,0.7373993067919195,6.0,0.284981,36.4138419117647,18.488149466192173,0.150193,1.4364999999999999,85
1916,MARCO VILLCA APAZA,INDIVIDUAL,PORTACHUELO,70.52,774,21553.2,28.174117647058825,71.202442,11.440490066225165,2.4820217006265928,45.2,0.058140,0.8051937984496125,0.7452357701286313,4.34,0.281654,36.425200000000004,18.466346153846153,0.158915,8.492640000000002,85
1917,SERGIO MONTAÑO QUISPE,COMUNIDAD,COTOCA,90.53,732,20621.68,28.326483516483517,46.768003,11.359486111111112,1.7354388084698142,17.33,0.056011,0.7281420765027322,0.7011812129041572,4.56,0.240437,36.51302912621359,18.519099999999998,0.144809,1.0719269999999996,85
1918,ROBERTO ANTELO RIVERO,INDIVIDUAL,SANTA ROSA,233.83,806,22308.19,27.92013767209011,64.12625700000001,11.366372924648786,1.7472421451951907,16.32,0.065757,0.8270719602977668,0.7831981653731411,4.63,0.284119,36.57278350515464,18.487206132879045,0.140199,1.1358549999999998,85
1919,AGROP. MACHACA HNOS. S.R.L.,EMPRESA AGROPECUARIA,PUERTO QUIJARRO,103.2,1338,36830.630000000005,27.859780635400913,107.90176099999998,11.346554105909439,1.9544879285712002,45.2,0.057549,0.8217264573991031,0.7968089460761919,5.88,0.299701,36.51192096597146,18.51050793650794,0.170404,7.3070400000000015,85
1920,RONALD MACHACA PEDRAZA,INDIVIDUAL,ROBORE,286.36,761,21051.62,28.031451398135818,61.55332899999999,11.277539893617023,2.139271485440697,45.2,0.063075,0.772496714848883,0.7409793095358643,5.17,0.266754,36.55111940298508,18.4721978021978,0.139290,8.221200000000001,85
1921,ASOC. PROD. COTOCA NO.1921,ASOCIACION,COTOCA,142.18,1254,34818.5,28.01166532582462,109.22901099999999,11.412876935615325,2.2146885346245417,45.2,0.064593,0.798086124401914,0.7590624108558357,5.29,0.282297,36.5522569027611,18.511699196326063,0.141946,9.984000000000002,85
1922,ASOC. PROD. GENERAL SAAVEDRA NO.1922,ASOCIACION,GENERAL SAAVEDRA,404.33,1043,28966.339999999997,28.068158914728677,92.424624,11.402341463414636,2.0454553236248167,45.2,0.076702,0.8378331735378716,0.8279854972513329,5.61,0.295302,36.44285522788204,18.549810554803788,0.146692,8.198836000000002,85
1923,ASOC. PROD. COTOCA NO.1923,COOPERATIVA,COTOCA,126.06,754,20977.579999999998,28.12008042895442,62.116412,11.308571428571428,1.7681491828117648,18.75,0.059682,0.8371750663129973,0.8193289798848886,6.0,0.298408,36.477162162162166,18.59026565464896,0.151194,1.4815000000000003,85
1924,PATRICIA CUELLAR ANTELO,COMUNIDAD,CHARAGUA,67.25,769,21387.619999999995,28.17868247694334,60.894498,11.390131926121372,2.103611283415702,45.2,0.066320,0.7654096228868661,0.7404998100670673,5.07,0.254876,36.36980620155039,18.520037950664136,0.145644,8.441363,85
1926,ASOC. PROD. SANTA ROSA NO.1926,ASOCIACION,SANTA ROSA,24.31,245,6811.07,27.91422131147541,19.518252999999998,11.390871369294604,1.7682495075314453,15.89,0.073469,0.8062448979591836,0.7802924664648592,4.04,0.265306,36.21172972972973,18.47345029239766,0.163265,0.8274320000000002,81
1927,ASOC. PROD. LA GUARDIA NO.1927,COOPERATIVA,LA GUARDIA,198.7,1833,50840.39,28.05761037527594,142.81074,11.357846410684473,1.7361247526598065,17.47,0.067649,0.8154391707583197,0.7730571758215999,6.0,0.295145,36.604700389105055,18.458835562549176,0.147845,1.313668,85
1928,ALFREDO AGUILAR VASQUEZ,INDIVIDUAL,SAN PEDRO,22.18,1755,48827.68,28.078021851638873,166.92190599999998,11.319121582315299,2.2389709476232844,45.2,0.062108,0.8364729344729345,0.8165220439579817,6.0,0.294017,36.53046586345381,18.498995098039213,0.160684,10.115040000000002,85
1929,ASOC. PROD. YAPACANI NO.1929,ASOCIACION,YAPACANI,38.3,1055,29701.96,28.368634192932188,83.401839,11.276419634263714,1.6915656350629467,16.74,0.053081,0.8253744075829385,0.7792110464708064,4.54,0.299526,36.483532763532764,18.530065789473685,0.147867,1.8316040000000002,85
1931,ASOC. PROD. WARNES NO.1931,COOPERATIVA,WARNES,65.11,1309,36755.479999999996,28.31701078582434,109.83291500000001,11.376656200941914,2.013678159317788,45.2,0.073338,0.8032238349885409,0.8045952671351545,6.0,0.279603,36.398560606060606,18.503178378378376,0.144385,8.205600000000002,85
1932,IVAN VACA MORALES,INDIVIDUAL,SAN PEDRO,16.44,733,20667.62,28.38958791208791,77.128875,11.594804469273742,2.4744866169891435,45.2,0.075034,0.7892769440654842,0.7571590169986374,6.0,0.282401,36.46498039215686,18.500569744597247,0.147340,10.623888,85
1933,ASOC. PROD. BUEN RETIRO NO.1933,ASOCIACION,BUEN RETIRO,139.76,523,14548.150000000001,28.13955512572534,45.580176,11.298410852713177,1.764172732719864,16.22,0.061185,0.8561185468451243,0.8296320338500807,5.36,0.307839,36.53369565217391,18.48925824175824,0.139579,1.2303899999999999,84
1935,ASOC. PROD. BUEN RETIRO NO.1935,ASOCIACION,BUEN RETIRO,193.76,1802,50162.20999999999,28.070626748740903,185.84430899999998,11.503516110797062,2.63255039203882,45.2,0.072142,0.775527192008879,0.7845798534605553,6.0,0.268036,36.47537313432836,18.54340293890178,0.158158,8.64864,85
1937,LAURA GARCIA CHOQUE,INDIVIDUAL,PAILON,62.97,263,7177.26,27.39412213740458,21.015652,11.428392156862744,1.6626658235746512,15.92,0.060837,0.8276425855513307,0.8278467848873069,6.0,0.300380,36.485280898876404,18.731968085106384,0.155894,1.1375,79
1938,RODRIGO GARCIA RODRIGUEZ,INDIVIDUAL,SANTA ROSA,94.14,1560,43713.98000000001,28.385701298701306,122.23815699999999,11.325498034076015,1.7609232622138808,18.94,0.069231,0.7850641025641026,0.7652187358239639,5.49,0.277564,36.51426199261993,18.47033488372093,0.141026,1.6408210000000003,85
1939,ASOC. PROD. BUEN RETIRO NO.1939,ASOCIACION,BUEN RETIRO,108.92,266,7536.47,28.547234848484848,31.183275000000005,11.49376923076923,2.8353182808090165,45.2,0.105263,0.7721428571428572,0.7852168996620136,5.05,0.270677,36.54746113989637,18.376507936507938,0.165414,8.520720000000003,83
1940,VIVIANA ALVARADO MAMANI,INDIVIDUAL,PORTACHUELO,121.27,1042,28856.23,27.934394966118102,94.901361,11.467116324535679,1.8251490015461167,18.88,0.073896,0.8405758157389637,0.8369512938695133,6.0,0.295585,36.57775372124493,18.465415512465373,0.157390,1.4885000000000002,85
1941,ASOC. PROD. PAILON NO.1941,COOPERATIVA,PAILON,136.17,569,15746.75,27.870353982300884,39.736906,11.376535714285714,1.6991170385549992,16.71,0.054482,0.7695254833040422,0.7161978686882154,5.09,0.272408,36.56601485148514,18.495452127659576,0.131810,1.1615600000000001,85
1942,HUGO QUISPE CHAMBI,INDIVIDUAL,BUEN RETIRO,37.56,1825,50646.619999999995,28.028013281682345,167.64463800000001,11.436586726157278,2.3759151797306646,45.2,0.078356,0.7761808219178082,0.7600348706251642,6.0,0.267945,36.47391891891892,18.469617737003055,0.142466,8.380320000000001,85
1943,ASOC. PROD. CHARAGUA NO.1943,COOPERATIVA,CHARAGUA,102.35,1006,28402.949999999997,28.431381381381378,92.02470100000001,11.334513184584178,2.057053290492866,45.2,0.066600,0.8194632206759443,0.807431841855986,6.0,0.303181,36.48132637853949,18.510028011204483,0.146123,9.615840000000002,85
1944,RICARDO CHAMBI CATACORA,INDIVIDUAL,GENERAL SAAVEDRA,23.63,540,15084.07,28.19452336448598,46.376196,11.41731939163498,1.7637366828316883,16.79,0.075926,0.8636111111111111,0.8381723849036603,5.43,0.285185,36.52221333333334,18.396075268817206,0.131481,1.311723,84
1945,ASOC. PROD. PUERTO SUAREZ NO.1945,ASOCIACION,PUERTO SUAREZ,46.39,783,21707.7,27.973840206185567,85.58112799999999,11.496078431372549,2.731755815729585,45.2,0.067688,0.8004469987228607,0.7710271021591905,5.39,0.286079,36.517952029520295,18.441341681574237,0.149425,10.16496,85
1946,NATALIA VASQUEZ CHOQUE,INDIVIDUAL,COTOCA,49.74,509,14064.320000000002,27.795098814229252,49.279715,11.43114228456914,2.3055856084272257,45.2,0.055010,0.8098231827111982,0.7998475298682289,4.92,0.284872,36.54610027855153,18.522692307692306,0.149312,10.508160000000002,84
1947,ASOC. PROD. WARNES NO.1947,COOPERATIVA,WARNES,47.3,1246,34450.98,28.05454397394137,111.75011199999999,11.390885972108286,2.0022478835426765,45.2,0.077849,0.831187800963082,0.8162543711597565,6.0,0.299358,36.56989795918367,18.46807692307692,0.139647,7.5067200000000005,85
1949,MARCELO APAZA VASQUEZ,INDIVIDUAL,SAN JULIAN,70.12,1493,42020.57000000001,28.469220867208676,130.35871500000002,11.356668941979523,1.9778359566295318,45.2,0.066309,0.814715338245144,0.8272380497156115,6.0,0.287341,36.52926141885326,18.507342007434946,0.153382,9.591480000000002,85
1950,VANESSA GUTIERREZ ALVARADO,INDIVIDUAL,CHARAGUA,339.56,760,21229.7,28.193492695883133,74.07092899999999,11.385409395973156,2.189297679197001,45.2,0.075000,0.8175657894736842,0.822656928824837,5.22,0.277632,36.58434782608696,18.536621880998077,0.153947,9.1728,85
1951,ASOC. PROD. ROBORE NO.1951,ASOCIACION,ROBORE,143.0,1051,29228.9,27.997030651340996,91.46277700000002,11.338660801564027,2.318413458399561,45.2,0.061846,0.7693529971455757,0.7732002512982488,6.0,0.260704,36.43936085219707,18.615489932885907,0.147479,9.179040000000002,85
1952,RICARDO FLORES CHOQUE,INDIVIDUAL,CHARAGUA,151.45,781,21883.36,28.456905071521458,72.90087199999999,11.443184796854524,2.094269760085838,45.2,0.064020,0.8272471190781049,0.8016657188325477,5.22,0.298335,36.50730038022814,18.527442273534636,0.169014,11.135280000000002,85
1953,AGROP. CATACORA HNOS. S.R.L.,EMPRESA AGROPECUARIA,EL TORNO,69.39,515,14329.9,27.933528265107213,39.856815999999995,11.506883629191321,1.775015268059998,17.19,0.079612,0.7803300970873787,0.7954660478212581,5.27,0.264078,36.42986111111111,18.666914893617022,0.145631,1.3339479999999997,85
1954,CARMEN HUANCA MONTAÑO,INDIVIDUAL,MINEROS,44.27,788,21840.690000000002,28.10899613899614,59.21831300000001,11.213178294573643,1.7020520988537946,16.2,0.048223,0.8095177664974621,0.780949977614799,5.39,0.284264,36.61556537102474,18.43268077601411,0.189086,1.245882,85
1955,AGROP. GUTIERREZ HNOS. S.R.L.,EMPRESA AGROPECUARIA,ROBORE,100.21,1026,28363.489999999998,27.94432512315271,99.34005900000001,11.501012024048094,2.355506125054931,45.2,0.082846,0.7958479532163742,0.7680642200542309,4.5,0.285575,36.58291381668947,18.454229137199434,0.148148,8.885760000000003,85
1956,HUGO MONTAÑO NAVIA,INDIVIDUAL,COTOCA,106.59,549,15228.68,28.14913123844732,40.971209,11.229443413729129,1.711939503708321,15.85,0.056466,0.8242440801457195,0.8035409901168207,5.7,0.302368,36.45636363636363,18.419735449735448,0.174863,1.31271,85
1957,ALFREDO YUJRA MORALES,INDIVIDUAL,WARNES,435.16,1341,36908.299999999996,27.96083333333333,110.747617,11.394724111866967,1.9766219472794093,45.2,0.068606,0.8167188665175242,0.7996997398336814,5.36,0.302013,36.44993630573248,18.412950643776824,0.146160,8.29608,85
1958,MARIA TORREZ CHUQUIMIA,INDIVIDUAL,COTOCA,295.1,242,6743.07,28.096124999999997,17.059390999999998,11.237372881355933,1.7476602853912386,16.74,0.053719,0.8172727272727273,0.7212213016648246,4.13,0.297521,36.363764705882346,18.337716049382717,0.111570,1.053871,83
1959,FELIX CONDORI VILLCA,INDIVIDUAL,BUEN RETIRO,569.99,760,20810.97,27.785006675567423,78.307117,11.451380697050938,2.465966975584601,45.2,0.061842,0.8325263157894737,0.8355656131655503,5.91,0.290789,36.472268431001886,18.565483271375463,0.165789,8.94192,85
1960,ASOC. PROD. PAILON NO.1960,ASOCIACION,PAILON,84.64,265,7202.13,27.80745173745174,19.746325,11.20253787878788,1.7755087094314475,15.95,0.056604,0.8589433962264151,0.7767080497272765,4.61,0.301887,36.60271739130435,18.420729166666664,0.147170,0.9237990000000001,81
1961,ASOC. PROD. PUERTO SUAREZ NO.1961,ASOCIACION,PUERTO SUAREZ,177.37,789,22131.8,28.157506361323154,81.157115,11.39469151670951,2.4582546507393483,45.2,0.070976,0.8054499366286438,0.7896746143435924,6.0,0.281369,36.4244014084507,18.41862745098039,0.135615,10.227360000000003,85
1962,RICHARD SANDOVAL CHUQUIMIA,INDIVIDUAL,CHARAGUA,78.28,816,22691.739999999998,28.118636926889714,63.795880999999994,11.398172715894868,1.7575443295639803,17.3,0.067402,0.8032230392156862,0.7780682571401799,6.0,0.290441,36.48871376811594,18.53568695652174,0.162990,1.4075,85
1963,ASOC. PROD. OKINAWA NO.1963,ASOCIACION,OKINAWA,216.51,268,7497.549999999999,28.399810606060605,28.320731999999996,11.35651515151515,2.7198512553962577,45.2,0.048507,0.7807089552238806,0.7233328120051301,4.39,0.272388,36.53529411764706,18.43934673366834,0.186567,9.97776,80
1964,ASOC. PROD. MINEROS NO.1964,ASOCIACION,MINEROS,125.61,1050,29143.86,28.104011571841852,72.474166,11.330994208494209,1.7951402663334814,16.64,0.074286,0.7372761904761904,0.7245896310116845,4.71,0.246667,36.36116666666667,18.520013698630134,0.141905,2.2622579999999997,85
1965,DAVID MEDINA YUJRA,COMUNIDAD,PUERTO SUAREZ,348.06,510,14224.180000000002,28.000354330708667,43.51505199999999,11.503535353535353,1.7231488413412297,17.04,0.078431,0.8438235294117646,0.7809020074383922,4.38,0.321569,36.5618156424581,18.554225352112677,0.139216,1.011346,85
1966,ASOC. PROD. GENERAL SAAVEDRA NO.1966,ASOCIACION,GENERAL SAAVEDRA,77.94,772,21563.34,28.261258191349935,67.574565,11.354906914893617,1.7443888332145132,17.27,0.068653,0.8383419689119171,0.8404833685224916,6.0,0.281088,36.416666666666664,18.50168855534709,0.129534,2.203278,85
1967,CAMILA MARTINEZ NAVIA,COMUNIDAD,MINEROS,50.27,507,13984.150000000001,27.801491053677935,34.831061000000005,11.196374745417515,1.7482007934963588,16.23,0.047337,0.8014792899408284,0.7477875014317361,4.49,0.270217,36.654481792717085,18.413011363636365,0.136095,1.03632,85
1968,ASOC. PROD. CHARAGUA NO.1968,COOPERATIVA,CHARAGUA,57.09,785,21928.219999999998,28.041202046035803,65.65806599999999,11.323454545454545,1.7830280678971742,16.37,0.072611,0.8376687898089171,0.8022220685712548,6.0,0.309554,36.55683615819209,18.542076124567473,0.159236,1.5581280000000002,85
1969,JOSE CATACORA SANDOVAL,INDIVIDUAL,MINEROS,408.25,979,26935.72,27.970633437175493,77.000384,11.388185610010428,1.8027252748137759,17.47,0.079673,0.7921348314606743,0.768911028624865,5.28,0.295199,36.44145506419401,18.483171806167398,0.144025,1.3000900000000002,85
1970,NATALIA MERCADO COPA,INDIVIDUAL,CUATRO CANADAS,88.03,1034,28773.760000000002,28.126842619745847,93.551734,11.376247544204322,2.043342708746449,45.2,0.076402,0.8259477756286266,0.8091877545119938,5.97,0.292070,36.487023319615915,18.478362892223736,0.147002,9.138480000000001,85
1971,AGROP. GUTIERREZ HNOS. S.R.L.,EMPRESA AGROPECUARIA,COTOCA,149.92,760,21157.81,28.17284953395473,73.56985800000001,11.392318059299193,2.4181093128804507,45.2,0.047368,0.8334736842105263,0.8198073534698703,5.62,0.303947,36.677976190476194,18.501285988483687,0.161842,9.335040000000001,85
1972,ASOC. PROD. MONTERO NO.1972,ASOCIACION,MONTERO,78.94,762,21240.42,28.09579365079365,61.919346000000004,11.298954423592495,1.7337905032988856,17.54,0.060367,0.8228346456692913,0.8191749937517095,5.24,0.292651,36.45130841121495,18.478199233716477,0.139108,1.235412,85
1973,CARMEN CHUQUIMIA CALLISAYA,INDIVIDUAL,SAN JULIAN,31.18,250,6961.47,28.184089068825912,27.309652,11.623264462809917,2.629943060673246,45.2,0.056000,0.83488,0.81566797324051,4.76,0.292000,36.48760869565217,18.505030303030303,0.168000,8.713920000000002,78
1974,ASOC. PROD. ROBORE NO.1974,COOPERATIVA,ROBORE,549.4,534,14758.460000000001,27.84615094339623,35.813033000000004,11.43388888888889,1.612293228305999,15.67,0.058052,0.7946067415730337,0.7396691459246425,6.0,0.297753,36.492063492063494,18.480027624309393,0.147940,1.4910000000000003,85
1975,FELIX AGUILAR CHOQUE,INDIVIDUAL,OKINAWA,215.54,1780,49567.55,28.147387847813743,150.936693,11.375761741122565,1.933650768195606,45.2,0.073596,0.803308988764045,0.8069729871208611,6.0,0.287640,36.61653029110936,18.481906274821288,0.155618,8.985600000000002,85
1976,OSCAR COPA COPA,INDIVIDUAL,SANTA ROSA,65.69,284,7912.34,28.461654676258995,26.477141,11.128576512455517,1.7321003255801655,15.8,0.066901,0.8602816901408451,0.9090347022977645,6.0,0.295775,36.35509345794393,18.61585492227979,0.140845,1.3825,83
1977,ANDREA CUELLAR MACHACA,INDIVIDUAL,OKINAWA,146.83,756,21127.02,28.206969292389854,60.63498300000001,11.31421476510067,2.114628315048108,45.2,0.059524,0.7885978835978836,0.726216279386414,4.89,0.297619,36.552704761904764,18.509439252336445,0.164021,8.183760000000001,85
1978,ASOC. PROD. GENERAL SAAVEDRA NO.1978,ASOCIACION,GENERAL SAAVEDRA,173.6,790,21994.579999999998,28.270668380462723,63.804983,11.319818887451486,2.135019983477923,45.2,0.072152,0.7884810126582278,0.752322957050315,5.96,0.268354,36.58855311355311,18.4934,0.134177,8.45832,85
1979,ASOC. PROD. PAILON NO.1979,COOPERATIVA,PAILON,266.62,794,22000.809999999998,28.206166666666665,73.368163,11.29002583979328,1.7435707808676733,16.93,0.060453,0.8803274559193955,0.9122975961750145,6.0,0.306045,36.52246402877697,18.445442804428044,0.152393,1.616624,85
1980,ASOC. PROD. PORTACHUELO NO.1980,ASOCIACION,PORTACHUELO,55.99,246,6843.290000000001,28.161687242798358,18.220665,11.31744769874477,1.685602581698778,16.69,0.056911,0.8217886178861789,0.8263097531776141,4.9,0.300813,36.55821839080459,18.45712643678161,0.174797,1.1969100000000001,82
1981,GUSTAVO COPA MORALES,INDIVIDUAL,SAN JULIAN,33.75,777,21834.620000000003,28.31987029831388,54.408956,11.378789473684211,1.7717541854604586,16.61,0.073359,0.7646589446589448,0.7574536277700968,5.5,0.259974,36.52766478342748,18.46953982300885,0.158301,1.2487200000000003,85
1982,DANIELA CONDORI TORREZ,INDIVIDUAL,CUATRO CANADAS,88.25,766,21299.06,28.025078947368424,70.193467,11.331936339522544,2.4061939144583735,45.2,0.041775,0.7770626631853786,0.8055286827998679,5.62,0.267624,36.583952641165766,18.40067698259188,0.167102,8.6736,85
1983,ELIZABETH MONTAÑO FLORES,INDIVIDUAL,OKINAWA,42.53,260,7287.26,28.35509727626459,18.721613,11.346666666666668,1.6920670239822972,16.1,0.057692,0.8207307692307692,0.7714684417256202,4.54,0.292308,36.332131147540984,18.580154639175255,0.111538,1.004652,81
1984,ASOC. PROD. BUEN RETIRO NO.1984,COOPERATIVA,BUEN RETIRO,52.51,791,22114.839999999997,28.171770700636937,55.448206,11.424085051546392,1.652472458561804,16.4,0.063211,0.781921618204804,0.7187974126489297,3.97,0.290771,36.65822222222223,18.48371376811594,0.128951,0.9548420000000001,85
1985,VICTOR SANCHEZ PINTO,INDIVIDUAL,SAN PEDRO,52.07,1543,42923.030000000006,28.109384413883436,118.98882100000002,11.358769128409849,1.9348315132362752,45.2,0.068049,0.7735255994815297,0.7482770615155961,5.5,0.272197,36.44411439114392,18.50168421052631,0.138043,9.492104000000003,85
1986,AGROP. VASQUEZ HNOS. S.R.L.,EMPRESA AGROPECUARIA,COTOCA,53.13,484,13299.869999999999,27.82399581589958,44.035436000000004,11.483860759493671,2.3519137252131297,45.2,0.076446,0.8204545454545455,0.7406383291293862,6.0,0.318182,36.50073313782991,18.513660714285713,0.159091,8.898240000000003,85
1987,ASOC. PROD. ROBORE NO.1987,ASOCIACION,ROBORE,153.07,526,14584.93,27.940478927203067,45.752258000000005,11.339844054580897,2.3380936693989733,45.2,0.066540,0.807167300380228,0.7339034311426704,5.14,0.283270,36.561994535519126,18.600057306590255,0.138783,9.238320000000002,85
1988,ASOC. PROD. MONTERO NO.1988,COOPERATIVA,MONTERO,72.53,257,7220.01,28.537588932806326,17.860643,11.430317460317461,1.7497553324732602,17.16,0.062257,0.7488715953307394,0.7370289087641578,5.01,0.260700,36.291069518716576,18.62712643678161,0.175097,1.948806,83
1989,MARIA TORREZ QUISPE,INDIVIDUAL,PUERTO SUAREZ,294.89,1057,29563.440000000002,28.128867745004758,111.76020100000002,11.450931134820564,2.3142385998843604,45.2,0.066225,0.8386376537369914,0.8198420245909568,5.48,0.286660,36.49127891156462,18.407402422611035,0.153264,9.884160000000003,85
1990,AGROP. PUMA HNOS. S.R.L.,EMPRESA AGROPECUARIA,EL TORNO,148.32,274,7383.130000000001,27.652172284644198,19.774601999999998,11.454188679245283,1.6756930390841343,16.02,0.069343,0.7532116788321168,0.8193443589060486,5.67,0.262774,36.42569832402235,18.390144230769234,0.138686,1.412928,78
1991,AGROP. PINTO HNOS. S.R.L.,EMPRESA AGROPECUARIA,PUERTO SUAREZ,81.83,761,21171.469999999998,28.07887267904509,68.93123,11.467924528301886,2.15864942649868,45.2,0.068331,0.8014586070959264,0.7869296438709081,5.21,0.278581,36.61113461538461,18.396062378167642,0.151117,10.0776,85
1992,YENNY YUJRA LOPEZ,INDIVIDUAL,MONTERO,54.89,1012,27947.14,27.94714,91.201807,11.406093117408908,2.0731146558561138,45.2,0.076087,0.8297035573122532,0.7545909019756368,5.57,0.294466,36.41984679665738,18.34847619047619,0.145257,9.993360000000003,85
1993,ASOC. PROD. EL TORNO NO.1993,ASOCIACION,EL TORNO,98.71,542,15151.510000000002,28.058351851851857,37.759291999999995,11.23908918406072,1.7017579608834856,16.57,0.057196,0.7793726937269372,0.7965811729472548,6.0,0.260148,36.54613989637306,18.696649874055414,0.151292,1.5910000000000002,83
1994,ASOC. PROD. OKINAWA NO.1994,ASOCIACION,OKINAWA,98.36,771,21443.079999999998,28.103643512450848,54.242441,11.359446640316206,1.7753105817650074,17.35,0.068742,0.75905317769131,0.727595764054299,5.49,0.281453,36.55617590822179,18.543358348968106,0.137484,1.2693230000000002,85
1995,ASOC. PROD. PUERTO QUIJARRO NO.1995,ASOCIACION,PUERTO QUIJARRO,118.03,250,6873.150000000001,27.939634146341465,21.058497,11.32711382113821,1.7459116685384815,16.2,0.068000,0.81508,0.8106575455917865,5.88,0.304000,36.360114285714296,18.463662790697672,0.148000,1.378112,79
1996,DANIEL MACHACA SUAREZ,INDIVIDUAL,PORTACHUELO,181.7,797,22053.339999999997,28.02203303684879,72.898403,11.382436224489796,2.2255348050168227,45.2,0.081556,0.8061982434127981,0.7988944785050496,5.84,0.259724,36.578980667838316,18.567704918032792,0.140527,9.302040000000003,85
1997,LUIS COPA SUAREZ,INDIVIDUAL,GENERAL SAAVEDRA,171.64,2037,56578.780000000006,28.050956866633616,160.74822699999999,11.32899699097292,1.7672118233792395,17.62,0.068729,0.8120814923907708,0.7874824270569523,6.0,0.282769,36.51982206405694,18.495703234880448,0.142366,1.647958,85
1999,AGROP. NAVIA HNOS. S.R.L.,EMPRESA AGROPECUARIA,COTOCA,95.6,795,22319.430000000004,28.324149746192898,77.10057900000001,11.462950191570881,2.1538117299578943,45.2,0.084277,0.830125786163522,0.8274290151365881,4.95,0.286792,36.5494434470377,18.523091872791518,0.140881,6.889584000000002,85
2000,AGROP. MEDINA HNOS. S.R.L.,EMPRESA AGROPECUARIA,OKINAWA,66.03,774,21717.57,28.2780859375,88.283532,11.462454068241469,2.7366089471141026,45.2,0.068475,0.8358914728682171,0.7675458908401267,4.47,0.293282,36.44542750929368,18.45538043478261,0.152455,8.4708,85
