id_productor,nombre_completo,tipo_productor,municipio,segmento,atipico_dbscan
1,VICTOR CHAMBI PEDRAZA,INDIVIDUAL,SANTA ROSA,0,0
2,VANESSA SORIA NAVIA,INDIVIDUAL,EL TORNO,1,0
3,ASOC. PROD. WARNES NO.0003,COOPERATIVA,WARNES,0,0
4,AGROP. COLQUE HNOS. S.R.L.,EMPRESA AGROPECUARIA,MONTERO,1,0
5,VANESSA VARGAS RIVERO,INDIVIDUAL,OKINAWA,1,0
6,ASOC. PROD. OKINAWA NO.0006,ASOCIACION,OKINAWA,0,0
7,ASOC. PROD. SAN JULIAN NO.0007,ASOCIACION,SAN JULIAN,1,0
8,HUGO VASQUEZ YUJRA,INDIVIDUAL,CHARAGUA,1,0
9,RODRIGO CATACORA MACHACA,INDIVIDUAL,PORTACHUELO,1,0
10,ASOC. PROD. WARNES NO.0010,ASOCIACION,WARNES,1,0
11,ASOC. PROD. PUERTO QUIJARRO NO.0011,ASOCIACION,PUERTO QUIJARRO,0,0
12,ALFREDO GUTIERREZ PEREZ,INDIVIDUAL,PORTACHUELO,0,0
13,ASOC. PROD. OKINAWA NO.0013,COOPERATIVA,OKINAWA,0,0
14,ASOC. PROD. BUEN RETIRO NO.0014,COOPERATIVA,BUEN RETIRO,0,0
15,JOSE PINTO PEDRAZA,INDIVIDUAL,CHARAGUA,0,0
16,AGROP. VASQUEZ HNOS. S.R.L.,EMPRESA AGROPECUARIA,EL TORNO,1,0
17,BEATRIZ APAZA GUTIERREZ,INDIVIDUAL,LA GUARDIA,0,0
18,AGROP. GARCIA HNOS. S.R.L.,EMPRESA AGROPECUARIA,EL TORNO,1,0
19,DAVID VILLCA PEDRAZA,INDIVIDUAL,EL TORNO,0,1
20,BEATRIZ CRUZ PUMA,INDIVIDUAL,BUEN RETIRO,0,0
21,CAMILA ROMERO PUMA,INDIVIDUAL,SANTA ROSA,0,0
22,LAURA VARGAS MORALES,INDIVIDUAL,PUERTO SUAREZ,0,0
23,ASOC. PROD. CUATRO CANADAS NO.0023,ASOCIACION,CUATRO CANADAS,0,0
24,ASOC. PROD. SAN JULIAN NO.0024,COOPERATIVA,SAN JULIAN,1,0
25,JUAN MEDINA CUELLAR,INDIVIDUAL,PUERTO SUAREZ,1,0
26,ASOC. PROD. CHARAGUA NO.0026,ASOCIACION,CHARAGUA,1,0
27,AGROP. TORREZ HNOS. S.R.L.,EMPRESA AGROPECUARIA,YAPACANI,0,0
28,DANIEL MACHACA MORALES,INDIVIDUAL,MONTERO,1,0
29,PATRICIA SALVATIERRA LIMA,INDIVIDUAL,EL TORNO,1,0
30,ROBERTO NAVIA FLORES,COMUNIDAD,YAPACANI,1,0
32,RODRIGO MEDINA VACA,INDIVIDUAL,ROBORE,1,0
33,LUIS CHAMBI APAZA,COMUNIDAD,MONTERO,1,0
34,ASOC. PROD. EL TORNO NO.0034,COOPERATIVA,EL TORNO,1,0
35,ANDREA MEDINA TORREZ,INDIVIDUAL,PUERTO SUAREZ,0,0
36,ASOC. PROD. LA GUARDIA NO.0036,ASOCIACION,LA GUARDIA,0,0
37,CARMEN MONTAÑO MORALES,INDIVIDUAL,PORTACHUELO,0,0
38,EDWIN HUANCA YUJRA,INDIVIDUAL,YAPACANI,0,0
39,RENE AGUILAR LOPEZ,INDIVIDUAL,MONTERO,0,0
40,SANDRA FLORES RODRIGUEZ,INDIVIDUAL,CUATRO CANADAS,0,0
41,ASOC. PROD. SAN PEDRO NO.0041,COOPERATIVA,SAN PEDRO,1,0
43,ASOC. PROD. SAN PEDRO NO.0043,COOPERATIVA,SAN PEDRO,0,0
44,ALEJANDRA CHAMBI PEREZ,INDIVIDUAL,CUATRO CANADAS,0,0
45,ASOC. PROD. PUERTO SUAREZ NO.0045,COOPERATIVA,PUERTO SUAREZ,1,0
46,ASOC. PROD. GENERAL SAAVEDRA NO.0046,COOPERATIVA,GENERAL SAAVEDRA,1,0
47,RAUL NAVIA YUJRA,INDIVIDUAL,CHARAGUA,1,0
49,OSCAR NAVIA RODRIGUEZ,INDIVIDUAL,MINEROS,0,0
50,AGROP. LOPEZ HNOS. S.R.L.,EMPRESA AGROPECUARIA,BUEN RETIRO,0,0
51,VICTOR CASTRO CHAMBI,INDIVIDUAL,COTOCA,1,0
52,SERGIO VARGAS MEDINA,INDIVIDUAL,CHARAGUA,1,0
53,ALBERTO SALVATIERRA CALLISAYA,INDIVIDUAL,CUATRO CANADAS,1,0
54,ASOC. PROD. WARNES NO.0054,ASOCIACION,WARNES,1,0
55,ASOC. PROD. PUERTO SUAREZ NO.0055,ASOCIACION,PUERTO SUAREZ,0,0
56,ASOC. PROD. BUEN RETIRO NO.0056,ASOCIACION,BUEN RETIRO,1,0
59,ASOC. PROD. SANTA ROSA NO.0059,ASOCIACION,SANTA ROSA,1,0
60,LORENA MAMANI SORIA,INDIVIDUAL,OKINAWA,1,0
61,ASOC. PROD. SAN JULIAN NO.0061,COOPERATIVA,SAN JULIAN,0,0
62,AGROP. MACHACA HNOS. S.R.L.,EMPRESA AGROPECUARIA,MONTERO,0,0
63,ROBERTO VACA COLQUE,INDIVIDUAL,PORTACHUELO,1,0
64,ASOC. PROD. PAILON NO.0064,ASOCIACION,PAILON,0,0
65,MONICA MACHACA GUTIERREZ,INDIVIDUAL,PUERTO SUAREZ,1,0
66,ASOC. PROD. MINEROS NO.0066,ASOCIACION,MINEROS,1,0
67,LORENA MACHACA MEDINA,INDIVIDUAL,PORTACHUELO,1,0
68,ASOC. PROD. COTOCA NO.0068,ASOCIACION,COTOCA,1,0
69,JOSE LIMA CRUZ,INDIVIDUAL,PUERTO SUAREZ,0,0
70,DIEGO SUAREZ PEREZ,COMUNIDAD,MONTERO,1,0
71,ASOC. PROD. MINEROS NO.0071,ASOCIACION,MINEROS,1,0
72,CLAUDIA SUAREZ MONTAÑO,INDIVIDUAL,YAPACANI,0,0
73,ASOC. PROD. COTOCA NO.0073,ASOCIACION,COTOCA,0,0
74,ASOC. PROD. ROBORE NO.0074,COOPERATIVA,ROBORE,1,0
75,ASOC. PROD. PUERTO SUAREZ NO.0075,ASOCIACION,PUERTO SUAREZ,0,0
76,VICTOR NAVIA SANCHEZ,INDIVIDUAL,BUEN RETIRO,0,0
77,AGROP. MORALES HNOS. S.R.L.,EMPRESA AGROPECUARIA,CHARAGUA,0,0
78,ANA TORREZ GARCIA,INDIVIDUAL,CUATRO CANADAS,1,0
79,VIVIANA HUANCA MEDINA,INDIVIDUAL,WARNES,0,0
80,PEDRO SUAREZ CALLISAYA,INDIVIDUAL,MINEROS,1,0
81,ASOC. PROD. SAN PEDRO NO.0081,COOPERATIVA,SAN PEDRO,1,0
82,ASOC. PROD. GENERAL SAAVEDRA NO.0082,COOPERATIVA,GENERAL SAAVEDRA,0,0
83,ROBERTO ROMERO MORALES,INDIVIDUAL,COTOCA,0,0
84,CINTHIA CALLISAYA COLQUE,INDIVIDUAL,SANTA ROSA,1,0
86,AGROP. VACA HNOS. S.R.L.,EMPRESA AGROPECUARIA,LA GUARDIA,1,0
87,MARCELO LOPEZ RIVERO,INDIVIDUAL,CUATRO CANADAS,1,0
88,RICARDO CHAMBI YUJRA,INDIVIDUAL,LA GUARDIA,1,0
89,RAUL PEREZ CRUZ,INDIVIDUAL,WARNES,0,0
90,RENE CHAMBI SANDOVAL,INDIVIDUAL,PUERTO SUAREZ,1,0
91,SUSANA PUMA GARCIA,INDIVIDUAL,EL TORNO,1,0
92,ALFREDO CUELLAR ROMERO,INDIVIDUAL,GENERAL SAAVEDRA,1,0
93,ASOC. PROD. CHARAGUA NO.0093,COOPERATIVA,CHARAGUA,0,0
94,ASOC. PROD. CUATRO CANADAS NO.0094,COOPERATIVA,CUATRO CANADAS,0,0
95,ASOC. PROD. PUERTO QUIJARRO NO.0095,ASOCIACION,PUERTO QUIJARRO,1,0
96,JOSE MERCADO NAVIA,INDIVIDUAL,PUERTO QUIJARRO,0,0
97,ALBERTO SALVATIERRA TICONA,INDIVIDUAL,EL TORNO,1,0
98,RENE CHAMBI MORALES,INDIVIDUAL,SAN JULIAN,0,0
100,ASOC. PROD. PORTACHUELO NO.0100,ASOCIACION,PORTACHUELO,0,0
101,MARIO YUJRA COLQUE,COMUNIDAD,CHARAGUA,1,0
102,ASOC. PROD. PAILON NO.0102,COOPERATIVA,PAILON,0,0
103,WILBER NAVIA MONTAÑO,INDIVIDUAL,PAILON,1,0
104,AGROP. QUISPE HNOS. S.R.L.,EMPRESA AGROPECUARIA,COTOCA,1,0
105,ASOC. PROD. LA GUARDIA NO.0105,ASOCIACION,LA GUARDIA,1,0
106,AGROP. YUJRA HNOS. S.R.L.,EMPRESA AGROPECUARIA,SAN JULIAN,0,0
107,NATALIA RODRIGUEZ MEDINA,INDIVIDUAL,OKINAWA,0,0
109,RICHARD MONTAÑO RIVERO,COMUNIDAD,OKINAWA,0,0
110,ASOC. PROD. SAN PEDRO NO.0110,ASOCIACION,SAN PEDRO,0,0
111,ASOC. PROD. SAN JULIAN NO.0111,ASOCIACION,SAN JULIAN,0,0
112,AGROP. VACA HNOS. S.R.L.,EMPRESA AGROPECUARIA,CUATRO CANADAS,1,0
113,FERNANDO MONTAÑO QUISPE,INDIVIDUAL,LA GUARDIA,1,0
114,ASOC. PROD. SANTA ROSA NO.0114,ASOCIACION,SANTA ROSA,1,0
115,ASOC. PROD. SANTA ROSA NO.0115,COOPERATIVA,SANTA ROSA,1,0
116,ASOC. PROD. SAN PEDRO NO.0116,COOPERATIVA,SAN PEDRO,0,0
117,CHRISTIAN SALVATIERRA MEDINA,INDIVIDUAL,YAPACANI,0,0
118,ASOC. PROD. BUEN RETIRO NO.0118,ASOCIACION,BUEN RETIRO,0,0
119,BEATRIZ LOPEZ CATACORA,COMUNIDAD,MONTERO,1,0
120,SANDRA MARTINEZ PEREZ,INDIVIDUAL,SAN PEDRO,1,0
121,SANDRA CHAMBI MAMANI,INDIVIDUAL,YAPACANI,1,0
122,ASOC. PROD. OKINAWA NO.0122,COOPERATIVA,OKINAWA,1,0
123,ASOC. PROD. SANTA ROSA NO.0123,ASOCIACION,SANTA ROSA,0,0
124,ASOC. PROD. ROBORE NO.0124,ASOCIACION,ROBORE,0,0
125,JORGE MONTAÑO SUAREZ,INDIVIDUAL,MONTERO,0,0
126,MONICA MACHACA MONTAÑO,COMUNIDAD,EL TORNO,0,0
127,ASOC. PROD. OKINAWA NO.0127,ASOCIACION,OKINAWA,0,0
128,AGROP. MEDINA HNOS. S.R.L.,EMPRESA AGROPECUARIA,CHARAGUA,1,0
129,ASOC. PROD. SAN JULIAN NO.0129,ASOCIACION,SAN JULIAN,0,0
130,ASOC. PROD. WARNES NO.0130,ASOCIACION,WARNES,0,0
131,ALEJANDRA MONTAÑO VASQUEZ,INDIVIDUAL,MINEROS,0,0
132,AGROP. LIMA HNOS. S.R.L.,EMPRESA AGROPECUARIA,EL TORNO,1,0
133,ASOC. PROD. CUATRO CANADAS NO.0133,COOPERATIVA,CUATRO CANADAS,1,0
134,CESAR CONDORI FLORES,INDIVIDUAL,GENERAL SAAVEDRA,1,0
135,JORGE CONDORI COPA,INDIVIDUAL,LA GUARDIA,1,0
136,EDWIN CRUZ CALLISAYA,INDIVIDUAL,CHARAGUA,1,0
137,VALERIA PUMA PEDRAZA,INDIVIDUAL,PORTACHUELO,0,0
138,ASOC. PROD. GENERAL SAAVEDRA NO.0138,ASOCIACION,GENERAL SAAVEDRA,1,0
140,ASOC. PROD. MONTERO NO.0140,ASOCIACION,MONTERO,1,0
141,ALEJANDRA MAMANI TORREZ,COMUNIDAD,PUERTO QUIJARRO,1,0
142,JHONNY PINTO ALVARADO,INDIVIDUAL,CUATRO CANADAS,1,0
143,ASOC. PROD. WARNES NO.0143,ASOCIACION,WARNES,1,0
144,ASOC. PROD. SAN JULIAN NO.0144,ASOCIACION,SAN JULIAN,0,0
145,LUIS MARTINEZ YUJRA,INDIVIDUAL,WARNES,1,0
146,RENE ROMERO SANCHEZ,INDIVIDUAL,SAN JULIAN,1,0
147,ASOC. PROD. PAILON NO.0147,COOPERATIVA,PAILON,0,0
148,ROBERTO NAVIA SORIA,INDIVIDUAL,MONTERO,1,0
149,ENRIQUE GUTIERREZ TICONA,INDIVIDUAL,BUEN RETIRO,0,0
150,CAMILA COLQUE MARCA,INDIVIDUAL,YAPACANI,0,0
151,LUIS CUELLAR SANDOVAL,INDIVIDUAL,CUATRO CANADAS,1,0
152,ASOC. PROD. SAN PEDRO NO.0152,ASOCIACION,SAN PEDRO,0,0
153,ANA RODRIGUEZ ALVARADO,INDIVIDUAL,OKINAWA,1,0
154,DAVID VASQUEZ YUJRA,COMUNIDAD,PAILON,0,0
155,ASOC. PROD. PORTACHUELO NO.0155,COOPERATIVA,PORTACHUELO,1,0
156,LAURA FLORES VILLCA,INDIVIDUAL,LA GUARDIA,1,0
157,ASOC. PROD. BUEN RETIRO NO.0157,ASOCIACION,BUEN RETIRO,1,0
158,ASOC. PROD. CUATRO CANADAS NO.0158,ASOCIACION,CUATRO CANADAS,0,0
159,ENRIQUE CASTRO AGUILAR,INDIVIDUAL,LA GUARDIA,0,0
160,SANDRA NAVIA CONDORI,INDIVIDUAL,MINEROS,0,0
161,AGROP. VACA HNOS. S.R.L.,EMPRESA AGROPECUARIA,ROBORE,0,0
162,AGROP. VILLCA HNOS. S.R.L.,EMPRESA AGROPECUARIA,SANTA ROSA,0,0
163,GUSTAVO TICONA VASQUEZ,INDIVIDUAL,SANTA ROSA,1,0
164,ALBERTO GARCIA MARCA,INDIVIDUAL,MINEROS,0,0
165,ASOC. PROD. PUERTO QUIJARRO NO.0165,COOPERATIVA,PUERTO QUIJARRO,1,0
166,ASOC. PROD. BUEN RETIRO NO.0166,ASOCIACION,BUEN RETIRO,0,0
167,ROBERTO MARCA FLORES,INDIVIDUAL,LA GUARDIA,0,0
168,LAURA COLQUE CHAMBI,INDIVIDUAL,CHARAGUA,0,0
169,ANA TICONA APAZA,INDIVIDUAL,ROBORE,0,0
170,ASOC. PROD. SAN JULIAN NO.0170,ASOCIACION,SAN JULIAN,1,0
171,MARIO MARTINEZ TORREZ,INDIVIDUAL,BUEN RETIRO,1,0
172,ASOC. PROD. OKINAWA NO.0172,COOPERATIVA,OKINAWA,1,0
174,ASOC. PROD. SANTA ROSA NO.0174,COOPERATIVA,SANTA ROSA,1,0
175,MARIO PEDRAZA CHUQUIMIA,INDIVIDUAL,SAN PEDRO,0,0
176,CHRISTIAN MACHACA ALVARADO,INDIVIDUAL,GENERAL SAAVEDRA,0,0
177,RONALD CASTRO MERCADO,INDIVIDUAL,YAPACANI,0,0
178,ASOC. PROD. CUATRO CANADAS NO.0178,ASOCIACION,CUATRO CANADAS,0,0
179,IVAN HUANCA FLORES,INDIVIDUAL,SAN JULIAN,0,0
180,AGROP. AGUILAR HNOS. S.R.L.,EMPRESA AGROPECUARIA,PORTACHUELO,1,0
181,ROSA MONTAÑO COLQUE,INDIVIDUAL,LA GUARDIA,0,0
182,AGROP. CHOQUE HNOS. S.R.L.,EMPRESA AGROPECUARIA,CHARAGUA,0,0
183,AGROP. YUJRA HNOS. S.R.L.,EMPRESA AGROPECUARIA,SAN PEDRO,0,0
184,ASOC. PROD. PAILON NO.0184,COOPERATIVA,PAILON,0,0
185,ASOC. PROD. CUATRO CANADAS NO.0185,COOPERATIVA,CUATRO CANADAS,0,0
186,NATALIA HUANCA CASTRO,INDIVIDUAL,MONTERO,1,0
187,FERNANDO CHOQUE GUTIERREZ,INDIVIDUAL,CHARAGUA,0,0
188,LUIS APAZA LOPEZ,INDIVIDUAL,LA GUARDIA,0,0
189,ASOC. PROD. SAN PEDRO NO.0189,ASOCIACION,SAN PEDRO,0,0
190,ASOC. PROD. SANTA ROSA NO.0190,COOPERATIVA,SANTA ROSA,0,0
191,FELIX CUELLAR PUMA,INDIVIDUAL,OKINAWA,0,0
192,JULIO COPA CRUZ,INDIVIDUAL,PUERTO QUIJARRO,0,0
193,ASOC. PROD. PUERTO SUAREZ NO.0193,COOPERATIVA,PUERTO SUAREZ,1,0
194,JUAN MORALES LIMA,INDIVIDUAL,ROBORE,1,0
195,SILVIA CHUQUIMIA SORIA,INDIVIDUAL,SAN JULIAN,1,0
196,YENNY MARCA QUISPE,INDIVIDUAL,PUERTO QUIJARRO,0,0
197,ASOC. PROD. SAN PEDRO NO.0197,ASOCIACION,SAN PEDRO,0,0
198,ASOC. PROD. OKINAWA NO.0198,ASOCIACION,OKINAWA,0,0
199,PEDRO ROMERO TORREZ,INDIVIDUAL,SAN JULIAN,1,0
200,ASOC. PROD. PUERTO QUIJARRO NO.0200,ASOCIACION,PUERTO QUIJARRO,0,0
201,ASOC. PROD. CUATRO CANADAS NO.0201,COOPERATIVA,CUATRO CANADAS,0,0
202,ALBERTO GUTIERREZ VACA,INDIVIDUAL,ROBORE,1,0
203,YENNY PEDRAZA VACA,INDIVIDUAL,GENERAL SAAVEDRA,1,0
204,ROSA ANTELO LIMA,COMUNIDAD,SANTA ROSA,1,0
205,VANESSA MERCADO PEDRAZA,INDIVIDUAL,MINEROS,0,0
206,AGROP. CUELLAR HNOS. S.R.L.,EMPRESA AGROPECUARIA,PUERTO QUIJARRO,1,0
207,GABRIELA CHOQUE VILLCA,COMUNIDAD,PUERTO SUAREZ,0,0
208,ASOC. PROD. MONTERO NO.0208,COOPERATIVA,MONTERO,1,0
209,SILVIA SANDOVAL CHUQUIMIA,INDIVIDUAL,EL TORNO,0,0
210,ASOC. PROD. SAN JULIAN NO.0210,COOPERATIVA,SAN JULIAN,0,0
211,ASOC. PROD. YAPACANI NO.0211,COOPERATIVA,YAPACANI,1,0
212,NATALIA CONDORI PEREZ,INDIVIDUAL,ROBORE,0,0
213,AGROP. MONTAÑO HNOS. S.R.L.,EMPRESA AGROPECUARIA,CHARAGUA,0,0
214,ASOC. PROD. SAN JULIAN NO.0214,ASOCIACION,SAN JULIAN,1,0
215,MARCO YUJRA SANCHEZ,INDIVIDUAL,PUERTO SUAREZ,0,0
216,OSCAR APAZA SALVATIERRA,INDIVIDUAL,MONTERO,1,0
217,AGROP. LIMA HNOS. S.R.L.,EMPRESA AGROPECUARIA,PUERTO QUIJARRO,1,0
218,ASOC. PROD. ROBORE NO.0218,ASOCIACION,ROBORE,1,0
219,ASOC. PROD. YAPACANI NO.0219,COOPERATIVA,YAPACANI,1,0
220,ASOC. PROD. PORTACHUELO NO.0220,COOPERATIVA,PORTACHUELO,0,0
221,ASOC. PROD. EL TORNO NO.0221,ASOCIACION,EL TORNO,1,0
222,CARLOS CATACORA MAMANI,INDIVIDUAL,MONTERO,0,0
223,ASOC. PROD. PORTACHUELO NO.0223,ASOCIACION,PORTACHUELO,1,0
224,ASOC. PROD. YAPACANI NO.0224,COOPERATIVA,YAPACANI,0,0
225,JHONNY PEDRAZA MACHACA,INDIVIDUAL,PUERTO QUIJARRO,1,0
226,ASOC. PROD. MONTERO NO.0226,ASOCIACION,MONTERO,0,0
227,ASOC. PROD. EL TORNO NO.0227,COOPERATIVA,EL TORNO,1,0
228,ASOC. PROD. PAILON NO.0228,ASOCIACION,PAILON,1,0
229,CARLOS FLORES RODRIGUEZ,INDIVIDUAL,SAN PEDRO,0,0
230,GABRIELA CHOQUE HUANCA,INDIVIDUAL,ROBORE,1,0
231,LUIS ROMERO VILLCA,INDIVIDUAL,OKINAWA,0,0
232,ASOC. PROD. PAILON NO.0232,COOPERATIVA,PAILON,1,0
233,ASOC. PROD. SAN PEDRO NO.0233,ASOCIACION,SAN PEDRO,1,0
234,ASOC. PROD. YAPACANI NO.0234,COOPERATIVA,YAPACANI,1,0
235,ASOC. PROD. PORTACHUELO NO.0235,COOPERATIVA,PORTACHUELO,0,0
236,JHONNY SORIA CHAMBI,INDIVIDUAL,YAPACANI,0,0
237,SERGIO RODRIGUEZ GARCIA,INDIVIDUAL,SAN JULIAN,1,0
238,DANIELA PEDRAZA MAMANI,INDIVIDUAL,YAPACANI,1,0
239,JESSICA CATACORA VACA,INDIVIDUAL,EL TORNO,0,0
240,AGROP. MORALES HNOS. S.R.L.,EMPRESA AGROPECUARIA,GENERAL SAAVEDRA,1,0
241,ASOC. PROD. MONTERO NO.0241,COOPERATIVA,MONTERO,0,0
242,ASOC. PROD. SANTA ROSA NO.0242,ASOCIACION,SANTA ROSA,1,0
243,MIGUEL GUTIERREZ NAVIA,INDIVIDUAL,BUEN RETIRO,1,0
244,RODRIGO ANTELO MORALES,INDIVIDUAL,CUATRO CANADAS,0,0
245,ASOC. PROD. WARNES NO.0245,ASOCIACION,WARNES,0,0
246,ASOC. PROD. PUERTO QUIJARRO NO.0246,ASOCIACION,PUERTO QUIJARRO,1,0
247,AGROP. MONTAÑO HNOS. S.R.L.,EMPRESA AGROPECUARIA,LA GUARDIA,1,0
248,ASOC. PROD. SAN PEDRO NO.0248,ASOCIACION,SAN PEDRO,0,0
249,VICTOR QUISPE QUISPE,INDIVIDUAL,COTOCA,0,0
250,SILVIA GUTIERREZ ALVARADO,INDIVIDUAL,PUERTO SUAREZ,1,0
251,ASOC. PROD. OKINAWA NO.0251,ASOCIACION,OKINAWA,1,0
252,ASOC. PROD. EL TORNO NO.0252,COOPERATIVA,EL TORNO,0,0
253,ASOC. PROD. SAN PEDRO NO.0253,COOPERATIVA,SAN PEDRO,1,0
254,HUGO MERCADO SORIA,INDIVIDUAL,OKINAWA,1,0
255,ASOC. PROD. PUERTO QUIJARRO NO.0255,ASOCIACION,PUERTO QUIJARRO,1,0
256,ASOC. PROD. YAPACANI NO.0256,ASOCIACION,YAPACANI,1,0
257,GUSTAVO CATACORA CHUQUIMIA,INDIVIDUAL,OKINAWA,1,0
258,ASOC. PROD. MONTERO NO.0258,ASOCIACION,MONTERO,1,0
259,AGROP. CASTRO HNOS. S.R.L.,EMPRESA AGROPECUARIA,CHARAGUA,1,0
261,DANIEL NAVIA PUMA,INDIVIDUAL,PORTACHUELO,0,0
262,GUSTAVO RIVERO RODRIGUEZ,INDIVIDUAL,WARNES,0,0
264,ASOC. PROD. ROBORE NO.0264,ASOCIACION,ROBORE,1,0
265,GABRIELA MONTAÑO YUJRA,INDIVIDUAL,SANTA ROSA,0,0
266,VICTOR FLORES LOPEZ,INDIVIDUAL,BUEN RETIRO,0,0
267,LUIS CASTRO YUJRA,INDIVIDUAL,PAILON,0,0
268,ASOC. PROD. PUERTO QUIJARRO NO.0268,COOPERATIVA,PUERTO QUIJARRO,0,0
269,ANA ROMERO CUELLAR,INDIVIDUAL,EL TORNO,1,0
270,ASOC. PROD. PORTACHUELO NO.0270,ASOCIACION,PORTACHUELO,0,0
271,CHRISTIAN CRUZ CUELLAR,INDIVIDUAL,SAN JULIAN,1,0
272,DAVID NAVIA FLORES,INDIVIDUAL,EL TORNO,0,0
273,ASOC. PROD. SAN PEDRO NO.0273,ASOCIACION,SAN PEDRO,0,0
274,VALERIA CALLISAYA VILLCA,INDIVIDUAL,WARNES,0,0
275,VIVIANA CALLISAYA TICONA,INDIVIDUAL,LA GUARDIA,0,0
276,AGROP. CASTRO HNOS. S.R.L.,EMPRESA AGROPECUARIA,WARNES,0,0
277,ASOC. PROD. PUERTO QUIJARRO NO.0277,ASOCIACION,PUERTO QUIJARRO,1,0
278,NELSON MARCA GARCIA,INDIVIDUAL,EL TORNO,1,0
279,ASOC. PROD. CUATRO CANADAS NO.0279,COOPERATIVA,CUATRO CANADAS,0,0
280,CESAR CHUQUIMIA TORREZ,INDIVIDUAL,PUERTO SUAREZ,0,0
281,SANDRA VACA COPA,INDIVIDUAL,SANTA ROSA,0,0
282,ASOC. PROD. COTOCA NO.0282,COOPERATIVA,COTOCA,1,0
283,ASOC. PROD. LA GUARDIA NO.0283,COOPERATIVA,LA GUARDIA,0,0
284,ASOC. PROD. PUERTO QUIJARRO NO.0284,COOPERATIVA,PUERTO QUIJARRO,0,0
285,AGROP. LIMA HNOS. S.R.L.,EMPRESA AGROPECUARIA,WARNES,0,0
286,AGROP. VASQUEZ HNOS. S.R.L.,EMPRESA AGROPECUARIA,CUATRO CANADAS,0,0
287,FERNANDO MARTINEZ MORALES,INDIVIDUAL,LA GUARDIA,1,0
288,SUSANA CASTRO CASTRO,INDIVIDUAL,PUERTO SUAREZ,0,0
289,ASOC. PROD. BUEN RETIRO NO.0289,ASOCIACION,BUEN RETIRO,1,0
290,SANDRA GUTIERREZ CASTRO,INDIVIDUAL,PAILON,0,0
291,ASOC. PROD. MONTERO NO.0291,COOPERATIVA,MONTERO,1,0
292,ASOC. PROD. EL TORNO NO.0292,ASOCIACION,EL TORNO,0,0
293,VANESSA CASTRO GARCIA,INDIVIDUAL,PAILON,1,0
294,JESSICA VACA ROMERO,INDIVIDUAL,PUERTO QUIJARRO,1,0
295,ASOC. PROD. COTOCA NO.0295,COOPERATIVA,COTOCA,0,0
296,CARMEN AGUILAR AGUILAR,INDIVIDUAL,WARNES,0,0
297,ALEJANDRA COLQUE MAMANI,INDIVIDUAL,COTOCA,1,0
298,MIRIAM VACA PUMA,INDIVIDUAL,SAN JULIAN,1,0
299,SERGIO MAMANI CASTRO,INDIVIDUAL,SANTA ROSA,1,0
300,AGROP. APAZA HNOS. S.R.L.,EMPRESA AGROPECUARIA,OKINAWA,1,0
301,ASOC. PROD. MONTERO NO.0301,COOPERATIVA,MONTERO,0,0
302,WILBER ROMERO PEREZ,INDIVIDUAL,EL TORNO,1,0
303,ASOC. PROD. BUEN RETIRO NO.0303,ASOCIACION,BUEN RETIRO,1,0
306,ASOC. PROD. CHARAGUA NO.0306,ASOCIACION,CHARAGUA,0,0
307,AGROP. CONDORI HNOS. S.R.L.,EMPRESA AGROPECUARIA,CHARAGUA,0,0
308,ASOC. PROD. SANTA ROSA NO.0308,ASOCIACION,SANTA ROSA,1,0
309,ASOC. PROD. EL TORNO NO.0309,ASOCIACION,EL TORNO,1,0
310,ASOC. PROD. MINEROS NO.0310,COOPERATIVA,MINEROS,0,0
311,SUSANA MORALES CHUQUIMIA,INDIVIDUAL,PUERTO SUAREZ,1,0
312,MARCO MACHACA YUJRA,INDIVIDUAL,PORTACHUELO,1,1
313,RICARDO MEDINA SANCHEZ,INDIVIDUAL,BUEN RETIRO,1,0
314,ASOC. PROD. SAN PEDRO NO.0314,ASOCIACION,SAN PEDRO,1,0
315,ASOC. PROD. SANTA ROSA NO.0315,ASOCIACION,SANTA ROSA,1,0
317,MARIO ROMERO ANTELO,INDIVIDUAL,YAPACANI,1,0
318,ASOC. PROD. BUEN RETIRO NO.0318,ASOCIACION,BUEN RETIRO,0,0
319,AGROP. CALLISAYA HNOS. S.R.L.,EMPRESA AGROPECUARIA,SANTA ROSA,0,0
320,SANDRA COLQUE MAMANI,INDIVIDUAL,PAILON,0,0
321,ASOC. PROD. SAN PEDRO NO.0321,ASOCIACION,SAN PEDRO,1,0
322,ASOC. PROD. YAPACANI NO.0322,COOPERATIVA,YAPACANI,1,0
323,ASOC. PROD. SAN JULIAN NO.0323,ASOCIACION,SAN JULIAN,0,0
324,VALERIA MONTAÑO RIVERO,INDIVIDUAL,BUEN RETIRO,1,0
325,AGROP. COPA HNOS. S.R.L.,EMPRESA AGROPECUARIA,MONTERO,0,0
326,VALERIA SUAREZ VASQUEZ,INDIVIDUAL,LA GUARDIA,0,0
327,ASOC. PROD. PORTACHUELO NO.0327,ASOCIACION,PORTACHUELO,0,0
328,AGROP. QUISPE HNOS. S.R.L.,EMPRESA AGROPECUARIA,SANTA ROSA,1,0
329,ASOC. PROD. CUATRO CANADAS NO.0329,ASOCIACION,CUATRO CANADAS,0,0
330,FELIX CHUQUIMIA SORIA,INDIVIDUAL,ROBORE,0,0
331,FELIX LOPEZ LIMA,INDIVIDUAL,LA GUARDIA,1,0
332,ASOC. PROD. PUERTO SUAREZ NO.0332,COOPERATIVA,PUERTO SUAREZ,1,0
334,ASOC. PROD. MINEROS NO.0334,COOPERATIVA,MINEROS,1,0
335,AGROP. CALLISAYA HNOS. S.R.L.,EMPRESA AGROPECUARIA,WARNES,1,0
336,ASOC. PROD. PORTACHUELO NO.0336,ASOCIACION,PORTACHUELO,0,0
338,ASOC. PROD. OKINAWA NO.0338,COOPERATIVA,OKINAWA,0,0
339,ALFREDO CHOQUE TICONA,INDIVIDUAL,PAILON,1,0
340,ASOC. PROD. WARNES NO.0340,COOPERATIVA,WARNES,0,0
341,VALERIA PEDRAZA MORALES,INDIVIDUAL,LA GUARDIA,0,0
342,ASOC. PROD. PORTACHUELO NO.0342,ASOCIACION,PORTACHUELO,1,0
343,ASOC. PROD. PUERTO QUIJARRO NO.0343,ASOCIACION,PUERTO QUIJARRO,1,0
344,ASOC. PROD. PORTACHUELO NO.0344,ASOCIACION,PORTACHUELO,0,0
345,ASOC. PROD. SANTA ROSA NO.0345,ASOCIACION,SANTA ROSA,0,0
346,AGROP. MARCA HNOS. S.R.L.,EMPRESA AGROPECUARIA,YAPACANI,0,0
347,IVAN TORREZ VASQUEZ,INDIVIDUAL,OKINAWA,0,0
348,ROBERTO MACHACA CHAMBI,INDIVIDUAL,OKINAWA,1,0
349,ASOC. PROD. PAILON NO.0349,ASOCIACION,PAILON,1,0
350,ASOC. PROD. PAILON NO.0350,ASOCIACION,PAILON,0,0
351,ASOC. PROD. MINEROS NO.0351,ASOCIACION,MINEROS,0,0
352,ASOC. PROD. LA GUARDIA NO.0352,COOPERATIVA,LA GUARDIA,1,0
353,ASOC. PROD. PUERTO QUIJARRO NO.0353,ASOCIACION,PUERTO QUIJARRO,0,0
354,JESSICA CHAMBI SORIA,COMUNIDAD,PORTACHUELO,1,0
355,ASOC. PROD. PORTACHUELO NO.0355,ASOCIACION,PORTACHUELO,1,0
356,ASOC. PROD. PORTACHUELO NO.0356,COOPERATIVA,PORTACHUELO,0,0
357,ASOC. PROD. ROBORE NO.0357,ASOCIACION,ROBORE,1,0
358,SANDRA ALVARADO SANDOVAL,INDIVIDUAL,WARNES,1,0
359,MIGUEL GUTIERREZ ANTELO,INDIVIDUAL,WARNES,0,0
360,ASOC. PROD. PORTACHUELO NO.0360,ASOCIACION,PORTACHUELO,1,0
361,CARLOS CATACORA MARTINEZ,INDIVIDUAL,EL TORNO,0,0
362,LORENA ANTELO MERCADO,INDIVIDUAL,PAILON,0,0
363,SANDRA CUELLAR CALLISAYA,INDIVIDUAL,SAN PEDRO,1,0
364,ASOC. PROD. ROBORE NO.0364,ASOCIACION,ROBORE,0,0
365,AGROP. RODRIGUEZ HNOS. S.R.L.,EMPRESA AGROPECUARIA,SAN PEDRO,1,0
366,VIVIANA COLQUE SORIA,INDIVIDUAL,EL TORNO,0,0
367,ASOC. PROD. SANTA ROSA NO.0367,ASOCIACION,SANTA ROSA,1,0
368,CAMILA CHAMBI TORREZ,INDIVIDUAL,SAN JULIAN,0,0
369,ASOC. PROD. ROBORE NO.0369,ASOCIACION,ROBORE,1,0
370,ASOC. PROD. PUERTO SUAREZ NO.0370,COOPERATIVA,PUERTO SUAREZ,1,0
371,ASOC. PROD. BUEN RETIRO NO.0371,ASOCIACION,BUEN RETIRO,1,0
372,GABRIELA VACA MONTAÑO,INDIVIDUAL,SAN JULIAN,0,0
373,ROSA ANTELO QUISPE,INDIVIDUAL,LA GUARDIA,0,0
374,ASOC. PROD. COTOCA NO.0374,COOPERATIVA,COTOCA,1,0
375,ASOC. PROD. GENERAL SAAVEDRA NO.0375,ASOCIACION,GENERAL SAAVEDRA,1,0
376,RONALD VILLCA NAVIA,INDIVIDUAL,EL TORNO,0,0
377,ASOC. PROD. EL TORNO NO.0377,ASOCIACION,EL TORNO,1,0
378,ASOC. PROD. EL TORNO NO.0378,ASOCIACION,EL TORNO,1,0
379,ALEJANDRA CALLISAYA CONDORI,INDIVIDUAL,GENERAL SAAVEDRA,1,0
380,ASOC. PROD. SAN PEDRO NO.0380,COOPERATIVA,SAN PEDRO,0,0
381,PAOLA TORREZ VARGAS,INDIVIDUAL,CUATRO CANADAS,1,0
382,ALBERTO MEDINA SANCHEZ,INDIVIDUAL,PORTACHUELO,1,0
383,ASOC. PROD. EL TORNO NO.0383,ASOCIACION,EL TORNO,1,0
384,ALBERTO APAZA CALLISAYA,COMUNIDAD,PUERTO SUAREZ,1,0
385,ALBERTO MORALES CALLISAYA,INDIVIDUAL,BUEN RETIRO,0,0
386,RICHARD LIMA SUAREZ,INDIVIDUAL,GENERAL SAAVEDRA,1,0
387,AGROP. VILLCA HNOS. S.R.L.,EMPRESA AGROPECUARIA,COTOCA,1,0
388,GUSTAVO ALVARADO SORIA,INDIVIDUAL,MONTERO,1,0
389,ASOC. PROD. WARNES NO.0389,COOPERATIVA,WARNES,1,0
390,MIGUEL VARGAS NAVIA,INDIVIDUAL,CUATRO CANADAS,1,0
391,ASOC. PROD. MINEROS NO.0391,ASOCIACION,MINEROS,0,0
392,ANA SORIA MAMANI,INDIVIDUAL,LA GUARDIA,0,0
393,MARIO PUMA FLORES,INDIVIDUAL,EL TORNO,0,0
394,PEDRO CHUQUIMIA ROMERO,INDIVIDUAL,CHARAGUA,1,0
395,LUIS GARCIA PEREZ,INDIVIDUAL,MONTERO,1,0
396,CAMILA CRUZ CATACORA,COMUNIDAD,CHARAGUA,0,0
397,ASOC. PROD. MONTERO NO.0397,ASOCIACION,MONTERO,1,0
398,ASOC. PROD. OKINAWA NO.0398,ASOCIACION,OKINAWA,1,0
399,ASOC. PROD. YAPACANI NO.0399,ASOCIACION,YAPACANI,0,0
400,MIRIAM COLQUE CALLISAYA,INDIVIDUAL,BUEN RETIRO,1,0
401,AGROP. ANTELO HNOS. S.R.L.,EMPRESA AGROPECUARIA,GENERAL SAAVEDRA,0,0
402,CARMEN HUANCA APAZA,INDIVIDUAL,SAN PEDRO,0,0
403,ASOC. PROD. GENERAL SAAVEDRA NO.0403,ASOCIACION,GENERAL SAAVEDRA,1,0
404,OSCAR TICONA VILLCA,INDIVIDUAL,WARNES,1,0
405,ELIZABETH PINTO MEDINA,INDIVIDUAL,LA GUARDIA,0,0
407,FELIX LOPEZ SANDOVAL,INDIVIDUAL,PUERTO SUAREZ,1,0
408,AGROP. SANDOVAL HNOS. S.R.L.,EMPRESA AGROPECUARIA,YAPACANI,0,0
409,ENRIQUE VACA MARTINEZ,INDIVIDUAL,PAILON,1,0
410,ASOC. PROD. OKINAWA NO.0410,ASOCIACION,OKINAWA,1,0
411,RENE MAMANI COLQUE,INDIVIDUAL,WARNES,0,0
412,JORGE MAMANI PINTO,INDIVIDUAL,OKINAWA,0,0
413,ASOC. PROD. LA GUARDIA NO.0413,COOPERATIVA,LA GUARDIA,0,0
414,VANESSA SANCHEZ APAZA,INDIVIDUAL,WARNES,1,0
415,AGROP. QUISPE HNOS. S.R.L.,EMPRESA AGROPECUARIA,EL TORNO,1,0
416,ASOC. PROD. GENERAL SAAVEDRA NO.0416,ASOCIACION,GENERAL SAAVEDRA,1,0
417,ASOC. PROD. CUATRO CANADAS NO.0417,COOPERATIVA,CUATRO CANADAS,1,0
418,CHRISTIAN COPA SANDOVAL,COMUNIDAD,OKINAWA,0,0
419,ASOC. PROD. SAN JULIAN NO.0419,ASOCIACION,SAN JULIAN,0,0
420,ASOC. PROD. YAPACANI NO.0420,COOPERATIVA,YAPACANI,1,0
421,CHRISTIAN CHAMBI SANCHEZ,INDIVIDUAL,MINEROS,0,0
422,ASOC. PROD. SANTA ROSA NO.0422,COOPERATIVA,SANTA ROSA,0,0
423,CARMEN NAVIA HUANCA,INDIVIDUAL,MONTERO,0,0
424,RICARDO FLORES CRUZ,INDIVIDUAL,BUEN RETIRO,0,0
425,LUIS NAVIA VARGAS,COMUNIDAD,PAILON,1,0
426,RICARDO CUELLAR MEDINA,INDIVIDUAL,YAPACANI,0,0
427,AGROP. TORREZ HNOS. S.R.L.,EMPRESA AGROPECUARIA,LA GUARDIA,0,0
429,SILVIA FLORES TORREZ,INDIVIDUAL,ROBORE,1,0
430,CINTHIA COLQUE SANCHEZ,INDIVIDUAL,PORTACHUELO,0,0
431,PATRICIA ANTELO CONDORI,INDIVIDUAL,PORTACHUELO,0,0
432,ALBERTO SALVATIERRA MAMANI,INDIVIDUAL,MINEROS,0,0
433,SANDRA VACA LIMA,COMUNIDAD,CHARAGUA,0,0
434,DIEGO APAZA GUTIERREZ,INDIVIDUAL,COTOCA,0,0
435,RENE ALVARADO LOPEZ,INDIVIDUAL,GENERAL SAAVEDRA,0,0
436,AGROP. PEREZ HNOS. S.R.L.,EMPRESA AGROPECUARIA,BUEN RETIRO,1,0
437,ANDREA MAMANI SALVATIERRA,INDIVIDUAL,GENERAL SAAVEDRA,1,0
438,ANDREA TICONA GUTIERREZ,INDIVIDUAL,ROBORE,0,0
439,ASOC. PROD. SAN JULIAN NO.0439,COOPERATIVA,SAN JULIAN,0,0
440,CAMILA RODRIGUEZ TICONA,INDIVIDUAL,PUERTO QUIJARRO,0,0
441,JESSICA CASTRO COPA,INDIVIDUAL,ROBORE,1,0
442,PATRICIA CHAMBI VILLCA,INDIVIDUAL,MONTERO,1,0
443,FREDDY SANCHEZ ANTELO,INDIVIDUAL,YAPACANI,0,0
446,ASOC. PROD. YAPACANI NO.0446,ASOCIACION,YAPACANI,0,0
447,RODRIGO MERCADO MARCA,INDIVIDUAL,PUERTO SUAREZ,1,0
448,ASOC. PROD. BUEN RETIRO NO.0448,ASOCIACION,BUEN RETIRO,1,0
449,ASOC. PROD. PUERTO SUAREZ NO.0449,ASOCIACION,PUERTO SUAREZ,0,0
450,MARCO CHUQUIMIA CONDORI,INDIVIDUAL,COTOCA,0,0
451,VANESSA VILLCA SANCHEZ,INDIVIDUAL,EL TORNO,0,0
452,ASOC. PROD. SAN PEDRO NO.0452,ASOCIACION,SAN PEDRO,1,0
453,CARLOS GUTIERREZ MARCA,INDIVIDUAL,CHARAGUA,1,0
454,RAUL GARCIA GUTIERREZ,INDIVIDUAL,EL TORNO,0,0
455,ASOC. PROD. ROBORE NO.0455,COOPERATIVA,ROBORE,0,0
456,ASOC. PROD. YAPACANI NO.0456,ASOCIACION,YAPACANI,0,0
457,ASOC. PROD. CHARAGUA NO.0457,COOPERATIVA,CHARAGUA,1,0
458,WILBER SALVATIERRA SANDOVAL,INDIVIDUAL,COTOCA,1,0
459,AGROP. FLORES HNOS. S.R.L.,EMPRESA AGROPECUARIA,EL TORNO,0,0
460,ASOC. PROD. CHARAGUA NO.0460,COOPERATIVA,CHARAGUA,0,0
461,ASOC. PROD. PUERTO SUAREZ NO.0461,COOPERATIVA,PUERTO SUAREZ,0,0
462,ASOC. PROD. GENERAL SAAVEDRA NO.0462,ASOCIACION,GENERAL SAAVEDRA,1,0
463,MIRIAM MARCA ANTELO,INDIVIDUAL,CHARAGUA,0,0
464,ASOC. PROD. BUEN RETIRO NO.0464,COOPERATIVA,BUEN RETIRO,0,0
465,PATRICIA TORREZ FLORES,INDIVIDUAL,LA GUARDIA,0,0
466,RICHARD GUTIERREZ MARTINEZ,INDIVIDUAL,PORTACHUELO,1,0
467,RENE NAVIA CHOQUE,INDIVIDUAL,COTOCA,0,0
468,ASOC. PROD. COTOCA NO.0468,ASOCIACION,COTOCA,0,0
469,YENNY CASTRO SANDOVAL,COMUNIDAD,COTOCA,1,0
470,AGROP. VASQUEZ HNOS. S.R.L.,EMPRESA AGROPECUARIA,PUERTO QUIJARRO,0,0
471,AGROP. VASQUEZ HNOS. S.R.L.,EMPRESA AGROPECUARIA,ROBORE,0,0
472,DIEGO PINTO PEREZ,INDIVIDUAL,LA GUARDIA,0,0
473,LAURA CHAMBI CRUZ,INDIVIDUAL,LA GUARDIA,1,0
474,PAOLA MARCA PEDRAZA,INDIVIDUAL,PORTACHUELO,0,0
475,ASOC. PROD. PUERTO SUAREZ NO.0475,ASOCIACION,PUERTO SUAREZ,1,0
476,ASOC. PROD. ROBORE NO.0476,COOPERATIVA,ROBORE,0,0
477,GABRIELA VILLCA ANTELO,COMUNIDAD,SAN JULIAN,1,0
478,ASOC. PROD. MONTERO NO.0478,ASOCIACION,MONTERO,1,0
479,ASOC. PROD. LA GUARDIA NO.0479,ASOCIACION,LA GUARDIA,0,0
481,ASOC. PROD. ROBORE NO.0481,COOPERATIVA,ROBORE,1,0
482,DIEGO ROMERO HUANCA,INDIVIDUAL,WARNES,0,0
483,RAUL MACHACA SORIA,INDIVIDUAL,LA GUARDIA,1,0
484,GABRIELA CHOQUE HUANCA,INDIVIDUAL,YAPACANI,0,0
485,ASOC. PROD. ROBORE NO.0485,COOPERATIVA,ROBORE,1,0
486,AGROP. PUMA HNOS. S.R.L.,EMPRESA AGROPECUARIA,GENERAL SAAVEDRA,0,0
487,RONALD VILLCA ROMERO,INDIVIDUAL,WARNES,0,0
488,ASOC. PROD. CUATRO CANADAS NO.0488,COOPERATIVA,CUATRO CANADAS,0,0
489,PATRICIA SANDOVAL AGUILAR,INDIVIDUAL,PUERTO SUAREZ,0,0
490,DANIELA MAMANI SALVATIERRA,INDIVIDUAL,SANTA ROSA,1,0
491,HUGO YUJRA MARCA,INDIVIDUAL,PAILON,1,0
492,ASOC. PROD. SAN PEDRO NO.0492,COOPERATIVA,SAN PEDRO,1,0
493,ASOC. PROD. ROBORE NO.0493,ASOCIACION,ROBORE,0,0
494,ELIZABETH MACHACA MAMANI,INDIVIDUAL,ROBORE,0,0
495,JORGE CATACORA SALVATIERRA,INDIVIDUAL,PORTACHUELO,0,0
496,ASOC. PROD. SANTA ROSA NO.0496,ASOCIACION,SANTA ROSA,0,0
497,YENNY FLORES GARCIA,INDIVIDUAL,CUATRO CANADAS,0,0
498,ASOC. PROD. MINEROS NO.0498,ASOCIACION,MINEROS,0,0
499,HUGO HUANCA MARCA,INDIVIDUAL,SAN PEDRO,0,0
500,AGROP. CHUQUIMIA HNOS. S.R.L.,EMPRESA AGROPECUARIA,CUATRO CANADAS,1,0
501,CINTHIA VILLCA ROMERO,INDIVIDUAL,LA GUARDIA,1,0
502,ASOC. PROD. SANTA ROSA NO.0502,COOPERATIVA,SANTA ROSA,0,0
503,RENE TICONA FLORES,INDIVIDUAL,CUATRO CANADAS,0,0
504,ASOC. PROD. MINEROS NO.0504,ASOCIACION,MINEROS,1,0
506,AGROP. MACHACA HNOS. S.R.L.,EMPRESA AGROPECUARIA,SAN PEDRO,1,0
507,ASOC. PROD. PUERTO SUAREZ NO.0507,ASOCIACION,PUERTO SUAREZ,0,0
509,NELSON SANCHEZ AGUILAR,INDIVIDUAL,WARNES,0,0
510,DANIEL GUTIERREZ CHOQUE,INDIVIDUAL,PORTACHUELO,0,0
511,VANESSA RIVERO GARCIA,INDIVIDUAL,SAN JULIAN,0,0
512,AGROP. COLQUE HNOS. S.R.L.,EMPRESA AGROPECUARIA,ROBORE,0,0
513,FELIX MAMANI QUISPE,INDIVIDUAL,SAN JULIAN,0,0
514,ASOC. PROD. BUEN RETIRO NO.0514,ASOCIACION,BUEN RETIRO,1,0
515,CAMILA CATACORA LOPEZ,COMUNIDAD,CHARAGUA,0,0
516,ASOC. PROD. COTOCA NO.0516,ASOCIACION,COTOCA,1,0
517,SANDRA VASQUEZ LOPEZ,INDIVIDUAL,CUATRO CANADAS,0,0
519,ASOC. PROD. BUEN RETIRO NO.0519,COOPERATIVA,BUEN RETIRO,0,0
520,FELIX GUTIERREZ YUJRA,INDIVIDUAL,SAN JULIAN,0,0
521,ASOC. PROD. ROBORE NO.0521,ASOCIACION,ROBORE,1,0
522,FREDDY PUMA LOPEZ,INDIVIDUAL,PUERTO SUAREZ,1,0
523,JOSE QUISPE CHUQUIMIA,INDIVIDUAL,CUATRO CANADAS,1,0
524,AGROP. CALLISAYA HNOS. S.R.L.,EMPRESA AGROPECUARIA,MINEROS,0,0
526,PATRICIA AGUILAR SANCHEZ,INDIVIDUAL,WARNES,1,0
527,ALBERTO SANCHEZ CATACORA,INDIVIDUAL,PUERTO QUIJARRO,0,0
528,ASOC. PROD. MONTERO NO.0528,COOPERATIVA,MONTERO,1,0
529,RENE CUELLAR GARCIA,INDIVIDUAL,OKINAWA,1,0
530,ASOC. PROD. ROBORE NO.0530,ASOCIACION,ROBORE,1,0
531,AGROP. SORIA HNOS. S.R.L.,EMPRESA AGROPECUARIA,YAPACANI,1,0
532,ASOC. PROD. MONTERO NO.0532,ASOCIACION,MONTERO,0,0
533,MARIA COLQUE CHOQUE,INDIVIDUAL,COTOCA,1,0
534,BORIS MARCA NAVIA,INDIVIDUAL,MONTERO,0,0
535,MARIA SUAREZ MORALES,INDIVIDUAL,BUEN RETIRO,1,0
536,ASOC. PROD. YAPACANI NO.0536,ASOCIACION,YAPACANI,0,0
537,WILBER QUISPE MARCA,INDIVIDUAL,WARNES,1,0
538,MARCELO SORIA MEDINA,INDIVIDUAL,ROBORE,0,0
539,CESAR MEDINA RODRIGUEZ,INDIVIDUAL,PUERTO SUAREZ,1,0
540,DANIEL MARCA RIVERO,INDIVIDUAL,EL TORNO,0,0
541,AGROP. APAZA HNOS. S.R.L.,EMPRESA AGROPECUARIA,CHARAGUA,1,0
542,MARIO MEDINA SORIA,INDIVIDUAL,OKINAWA,0,0
543,ASOC. PROD. CHARAGUA NO.0543,COOPERATIVA,CHARAGUA,0,0
544,LORENA ANTELO TICONA,INDIVIDUAL,OKINAWA,1,0
545,NELSON CHOQUE CASTRO,COMUNIDAD,PORTACHUELO,1,0
546,ASOC. PROD. ROBORE NO.0546,ASOCIACION,ROBORE,0,0
547,DANIELA QUISPE VACA,INDIVIDUAL,CHARAGUA,1,0
548,MARIO MONTAÑO GUTIERREZ,INDIVIDUAL,EL TORNO,1,0
549,RICARDO MORALES ANTELO,INDIVIDUAL,PUERTO QUIJARRO,1,0
550,ASOC. PROD. OKINAWA NO.0550,COOPERATIVA,OKINAWA,1,0
551,MARCO QUISPE CHAMBI,INDIVIDUAL,CHARAGUA,1,0
552,SUSANA MARTINEZ RODRIGUEZ,INDIVIDUAL,WARNES,1,0
553,ASOC. PROD. ROBORE NO.0553,ASOCIACION,ROBORE,0,0
554,FREDDY CHOQUE QUISPE,INDIVIDUAL,CHARAGUA,0,0
555,SUSANA VASQUEZ NAVIA,COMUNIDAD,SAN PEDRO,1,0
556,LORENA SUAREZ VACA,INDIVIDUAL,ROBORE,1,0
557,ASOC. PROD. LA GUARDIA NO.0557,COOPERATIVA,LA GUARDIA,0,0
558,ASOC. PROD. BUEN RETIRO NO.0558,ASOCIACION,BUEN RETIRO,0,0
559,PEDRO CONDORI MORALES,INDIVIDUAL,WARNES,0,0
560,DANIEL CUELLAR PEREZ,INDIVIDUAL,LA GUARDIA,1,0
561,LAURA MEDINA SANDOVAL,COMUNIDAD,LA GUARDIA,0,0
562,LAURA ANTELO PEREZ,INDIVIDUAL,YAPACANI,0,0
563,ASOC. PROD. SAN PEDRO NO.0563,ASOCIACION,SAN PEDRO,1,0
564,ASOC. PROD. ROBORE NO.0564,COOPERATIVA,ROBORE,1,0
565,RICHARD CASTRO PINTO,INDIVIDUAL,GENERAL SAAVEDRA,0,0
566,AGROP. PINTO HNOS. S.R.L.,EMPRESA AGROPECUARIA,PAILON,1,0
567,AGROP. CHAMBI HNOS. S.R.L.,EMPRESA AGROPECUARIA,PORTACHUELO,0,0
568,GABRIELA QUISPE TICONA,INDIVIDUAL,SAN PEDRO,0,0
569,ASOC. PROD. ROBORE NO.0569,ASOCIACION,ROBORE,0,0
570,ASOC. PROD. ROBORE NO.0570,COOPERATIVA,ROBORE,1,0
572,RAUL ANTELO CALLISAYA,INDIVIDUAL,YAPACANI,0,0
573,NELSON RIVERO APAZA,INDIVIDUAL,LA GUARDIA,1,0
574,BEATRIZ VARGAS CATACORA,COMUNIDAD,SAN JULIAN,0,0
575,HUGO SANDOVAL CRUZ,INDIVIDUAL,COTOCA,0,0
576,VALERIA MACHACA CONDORI,INDIVIDUAL,BUEN RETIRO,1,0
577,CINTHIA COLQUE HUANCA,INDIVIDUAL,PUERTO SUAREZ,1,0
578,JORGE VARGAS SUAREZ,INDIVIDUAL,SANTA ROSA,1,0
580,VALERIA MEDINA HUANCA,INDIVIDUAL,GENERAL SAAVEDRA,0,0
581,ASOC. PROD. LA GUARDIA NO.0581,COOPERATIVA,LA GUARDIA,1,0
582,VICTOR CATACORA CHUQUIMIA,INDIVIDUAL,CHARAGUA,0,0
583,ASOC. PROD. MINEROS NO.0583,ASOCIACION,MINEROS,0,0
584,ALEJANDRA AGUILAR CHUQUIMIA,INDIVIDUAL,PUERTO SUAREZ,0,0
585,SANDRA PEREZ SUAREZ,INDIVIDUAL,SAN PEDRO,0,0
586,ASOC. PROD. MONTERO NO.0586,ASOCIACION,MONTERO,0,0
587,ASOC. PROD. MONTERO NO.0587,COOPERATIVA,MONTERO,1,0
588,RAUL LIMA PINTO,COMUNIDAD,EL TORNO,1,0
589,FERNANDO ANTELO MARCA,INDIVIDUAL,CHARAGUA,0,0
590,ASOC. PROD. GENERAL SAAVEDRA NO.0590,ASOCIACION,GENERAL SAAVEDRA,0,0
591,ASOC. PROD. SANTA ROSA NO.0591,COOPERATIVA,SANTA ROSA,1,0
592,ASOC. PROD. OKINAWA NO.0592,ASOCIACION,OKINAWA,1,0
593,ASOC. PROD. MONTERO NO.0593,ASOCIACION,MONTERO,1,0
594,ROSA CASTRO SANCHEZ,INDIVIDUAL,CHARAGUA,1,0
595,ASOC. PROD. SAN JULIAN NO.0595,COOPERATIVA,SAN JULIAN,0,0
596,IVAN COPA CATACORA,INDIVIDUAL,GENERAL SAAVEDRA,0,0
597,ASOC. PROD. CUATRO CANADAS NO.0597,ASOCIACION,CUATRO CANADAS,1,0
598,ASOC. PROD. PUERTO SUAREZ NO.0598,ASOCIACION,PUERTO SUAREZ,0,0
599,ASOC. PROD. EL TORNO NO.0599,ASOCIACION,EL TORNO,1,0
600,ASOC. PROD. PUERTO SUAREZ NO.0600,COOPERATIVA,PUERTO SUAREZ,1,0
601,AGROP. CALLISAYA HNOS. S.R.L.,EMPRESA AGROPECUARIA,PAILON,0,0
602,SILVIA HUANCA PUMA,INDIVIDUAL,EL TORNO,0,0
603,OSCAR CATACORA CHAMBI,INDIVIDUAL,YAPACANI,1,0
605,NELSON RIVERO MARCA,COMUNIDAD,PUERTO SUAREZ,0,0
606,EDWIN VACA MERCADO,INDIVIDUAL,COTOCA,1,0
607,CHRISTIAN MORALES CALLISAYA,INDIVIDUAL,BUEN RETIRO,0,0
608,ASOC. PROD. EL TORNO NO.0608,ASOCIACION,EL TORNO,1,0
610,ASOC. PROD. SANTA ROSA NO.0610,COOPERATIVA,SANTA ROSA,0,0
611,PEDRO COLQUE LIMA,INDIVIDUAL,PUERTO QUIJARRO,0,0
612,PATRICIA VILLCA CALLISAYA,INDIVIDUAL,MONTERO,0,0
614,ASOC. PROD. CHARAGUA NO.0614,COOPERATIVA,CHARAGUA,0,0
615,CINTHIA QUISPE GARCIA,INDIVIDUAL,EL TORNO,1,0
616,FERNANDO VARGAS HUANCA,INDIVIDUAL,ROBORE,1,0
617,SERGIO VACA RODRIGUEZ,INDIVIDUAL,CUATRO CANADAS,0,0
618,ASOC. PROD. PAILON NO.0618,ASOCIACION,PAILON,1,0
619,ASOC. PROD. PUERTO QUIJARRO NO.0619,ASOCIACION,PUERTO QUIJARRO,1,0
620,CARMEN CONDORI CONDORI,INDIVIDUAL,PUERTO SUAREZ,1,0
621,SILVIA MARTINEZ FLORES,INDIVIDUAL,PORTACHUELO,1,0
623,HUGO APAZA ANTELO,INDIVIDUAL,OKINAWA,0,0
624,ASOC. PROD. SANTA ROSA NO.0624,ASOCIACION,SANTA ROSA,1,0
625,AGROP. FLORES HNOS. S.R.L.,EMPRESA AGROPECUARIA,PAILON,1,0
626,AGROP. ANTELO HNOS. S.R.L.,EMPRESA AGROPECUARIA,ROBORE,1,0
627,CARLOS ANTELO RIVERO,INDIVIDUAL,SAN JULIAN,1,0
628,ASOC. PROD. PAILON NO.0628,COOPERATIVA,PAILON,0,0
629,AGROP. VARGAS HNOS. S.R.L.,EMPRESA AGROPECUARIA,OKINAWA,1,0
630,AGROP. SANCHEZ HNOS. S.R.L.,EMPRESA AGROPECUARIA,CHARAGUA,0,0
631,ASOC. PROD. SANTA ROSA NO.0631,ASOCIACION,SANTA ROSA,1,0
632,ANDREA MERCADO MARCA,INDIVIDUAL,GENERAL SAAVEDRA,1,0
633,VIVIANA CRUZ CALLISAYA,INDIVIDUAL,BUEN RETIRO,1,0
635,MIGUEL SANDOVAL QUISPE,COMUNIDAD,PUERTO SUAREZ,0,0
636,ASOC. PROD. CHARAGUA NO.0636,ASOCIACION,CHARAGUA,1,0
637,RAUL AGUILAR VILLCA,INDIVIDUAL,OKINAWA,1,0
638,ASOC. PROD. BUEN RETIRO NO.0638,COOPERATIVA,BUEN RETIRO,1,0
639,GABRIELA CONDORI GARCIA,INDIVIDUAL,MONTERO,1,0
640,JHONNY RIVERO PEDRAZA,INDIVIDUAL,LA GUARDIA,0,0
641,ASOC. PROD. CUATRO CANADAS NO.0641,ASOCIACION,CUATRO CANADAS,1,0
642,ASOC. PROD. GENERAL SAAVEDRA NO.0642,ASOCIACION,GENERAL SAAVEDRA,1,0
643,GUSTAVO PEDRAZA ALVARADO,INDIVIDUAL,YAPACANI,0,0
644,ASOC. PROD. YAPACANI NO.0644,ASOCIACION,YAPACANI,1,0
645,ROSA CHAMBI VACA,INDIVIDUAL,PAILON,0,0
646,DANIEL MARCA CHAMBI,INDIVIDUAL,PORTACHUELO,1,0
647,ASOC. PROD. LA GUARDIA NO.0647,ASOCIACION,LA GUARDIA,0,0
648,IVAN QUISPE SANDOVAL,INDIVIDUAL,LA GUARDIA,1,0
649,ASOC. PROD. COTOCA NO.0649,ASOCIACION,COTOCA,0,0
650,ASOC. PROD. YAPACANI NO.0650,COOPERATIVA,YAPACANI,0,0
651,LAURA MONTAÑO CHUQUIMIA,INDIVIDUAL,SAN PEDRO,0,0
652,ASOC. PROD. PORTACHUELO NO.0652,COOPERATIVA,PORTACHUELO,0,0
653,DAVID CHUQUIMIA ALVARADO,INDIVIDUAL,COTOCA,1,0
654,ASOC. PROD. BUEN RETIRO NO.0654,ASOCIACION,BUEN RETIRO,1,0
655,ASOC. PROD. MONTERO NO.0655,COOPERATIVA,MONTERO,0,0
656,RAUL HUANCA CRUZ,INDIVIDUAL,GENERAL SAAVEDRA,0,0
657,LORENA VARGAS CUELLAR,INDIVIDUAL,WARNES,1,0
658,YENNY TORREZ MEDINA,INDIVIDUAL,GENERAL SAAVEDRA,1,0
659,ASOC. PROD. GENERAL SAAVEDRA NO.0659,COOPERATIVA,GENERAL SAAVEDRA,0,0
660,CLAUDIA MAMANI VASQUEZ,INDIVIDUAL,SAN PEDRO,0,0
661,AGROP. CUELLAR HNOS. S.R.L.,EMPRESA AGROPECUARIA,LA GUARDIA,1,0
662,FERNANDO TICONA SALVATIERRA,INDIVIDUAL,SAN JULIAN,1,0
663,CESAR HUANCA ANTELO,INDIVIDUAL,PAILON,0,0
664,ASOC. PROD. MONTERO NO.0664,ASOCIACION,MONTERO,1,0
666,MIRIAM RIVERO ALVARADO,INDIVIDUAL,CUATRO CANADAS,1,0
667,RICHARD LOPEZ ANTELO,COMUNIDAD,ROBORE,1,0
668,EDWIN ROMERO MARCA,INDIVIDUAL,BUEN RETIRO,1,0
669,ASOC. PROD. ROBORE NO.0669,ASOCIACION,ROBORE,1,0
670,RICARDO RODRIGUEZ NAVIA,INDIVIDUAL,SAN JULIAN,0,0
671,SANDRA CONDORI SORIA,INDIVIDUAL,SAN PEDRO,1,0
672,ASOC. PROD. MINEROS NO.0672,ASOCIACION,MINEROS,0,0
673,FELIX ALVARADO SALVATIERRA,COMUNIDAD,PUERTO QUIJARRO,0,0
674,AGROP. MORALES HNOS. S.R.L.,EMPRESA AGROPECUARIA,BUEN RETIRO,1,0
675,ASOC. PROD. LA GUARDIA NO.0675,COOPERATIVA,LA GUARDIA,1,0
676,ASOC. PROD. COTOCA NO.0676,ASOCIACION,COTOCA,1,0
677,ALBERTO MARCA CALLISAYA,INDIVIDUAL,GENERAL SAAVEDRA,1,0
678,SUSANA LIMA VILLCA,INDIVIDUAL,COTOCA,1,0
679,ASOC. PROD. EL TORNO NO.0679,ASOCIACION,EL TORNO,0,0
680,ASOC. PROD. PUERTO QUIJARRO NO.0680,ASOCIACION,PUERTO QUIJARRO,0,0
681,VALERIA VACA ALVARADO,INDIVIDUAL,YAPACANI,1,0
682,AGROP. RIVERO HNOS. S.R.L.,EMPRESA AGROPECUARIA,PUERTO QUIJARRO,1,0
683,PATRICIA VASQUEZ CATACORA,INDIVIDUAL,CHARAGUA,0,0
684,MARCELO CHAMBI PEREZ,INDIVIDUAL,GENERAL SAAVEDRA,0,0
685,FERNANDO HUANCA SUAREZ,INDIVIDUAL,GENERAL SAAVEDRA,0,0
686,ASOC. PROD. EL TORNO NO.0686,COOPERATIVA,EL TORNO,1,0
687,FERNANDO APAZA SUAREZ,INDIVIDUAL,PORTACHUELO,0,0
688,RAUL HUANCA YUJRA,INDIVIDUAL,ROBORE,1,0
689,FREDDY TICONA CHUQUIMIA,INDIVIDUAL,CHARAGUA,0,0
690,AGROP. PEDRAZA HNOS. S.R.L.,EMPRESA AGROPECUARIA,ROBORE,0,0
691,GUSTAVO ROMERO SORIA,COMUNIDAD,MONTERO,0,0
692,JESSICA SUAREZ MERCADO,INDIVIDUAL,WARNES,0,0
694,ASOC. PROD. YAPACANI NO.0694,ASOCIACION,YAPACANI,0,0
695,ASOC. PROD. GENERAL SAAVEDRA NO.0695,COOPERATIVA,GENERAL SAAVEDRA,1,0
696,ASOC. PROD. MONTERO NO.0696,COOPERATIVA,MONTERO,0,0
697,ASOC. PROD. MONTERO NO.0697,ASOCIACION,MONTERO,1,0
698,ASOC. PROD. COTOCA NO.0698,COOPERATIVA,COTOCA,1,0
699,ROSA MARTINEZ RODRIGUEZ,INDIVIDUAL,BUEN RETIRO,0,0
700,NATALIA CASTRO ALVARADO,INDIVIDUAL,GENERAL SAAVEDRA,0,0
701,AGROP. PEREZ HNOS. S.R.L.,EMPRESA AGROPECUARIA,OKINAWA,0,0
702,AGROP. VASQUEZ HNOS. S.R.L.,EMPRESA AGROPECUARIA,SAN PEDRO,0,0
703,BEATRIZ COPA TORREZ,INDIVIDUAL,EL TORNO,1,0
704,ASOC. PROD. PORTACHUELO NO.0704,ASOCIACION,PORTACHUELO,1,0
705,ASOC. PROD. MINEROS NO.0705,COOPERATIVA,MINEROS,0,0
706,ASOC. PROD. COTOCA NO.0706,ASOCIACION,COTOCA,0,0
707,AGROP. CHUQUIMIA HNOS. S.R.L.,EMPRESA AGROPECUARIA,SAN JULIAN,1,0
709,SANDRA AGUILAR CUELLAR,INDIVIDUAL,GENERAL SAAVEDRA,0,0
710,ASOC. PROD. PUERTO QUIJARRO NO.0710,COOPERATIVA,PUERTO QUIJARRO,1,0
711,RONALD CALLISAYA CONDORI,INDIVIDUAL,PUERTO SUAREZ,1,0
712,AGROP. ROMERO HNOS. S.R.L.,EMPRESA AGROPECUARIA,YAPACANI,1,0
713,PATRICIA MORALES PINTO,INDIVIDUAL,PORTACHUELO,0,0
714,DANIELA GUTIERREZ ANTELO,INDIVIDUAL,MONTERO,0,0
715,AGROP. MAMANI HNOS. S.R.L.,EMPRESA AGROPECUARIA,GENERAL SAAVEDRA,1,0
716,ASOC. PROD. ROBORE NO.0716,ASOCIACION,ROBORE,0,0
717,ASOC. PROD. YAPACANI NO.0717,ASOCIACION,YAPACANI,0,0
718,ASOC. PROD. LA GUARDIA NO.0718,COOPERATIVA,LA GUARDIA,1,0
719,ASOC. PROD. PUERTO QUIJARRO NO.0719,ASOCIACION,PUERTO QUIJARRO,0,0
720,ASOC. PROD. SANTA ROSA NO.0720,ASOCIACION,SANTA ROSA,0,0
721,CARLOS RIVERO MORALES,INDIVIDUAL,COTOCA,0,0
722,HUGO CALLISAYA NAVIA,INDIVIDUAL,EL TORNO,0,0
723,DANIEL MORALES MAMANI,INDIVIDUAL,MINEROS,0,0
724,AGROP. PINTO HNOS. S.R.L.,EMPRESA AGROPECUARIA,CHARAGUA,1,0
725,MARIA SANDOVAL MERCADO,INDIVIDUAL,EL TORNO,1,0
726,ASOC. PROD. YAPACANI NO.0726,COOPERATIVA,YAPACANI,1,0
727,PAOLA SUAREZ MAMANI,INDIVIDUAL,GENERAL SAAVEDRA,0,0
728,AGROP. MARCA HNOS. S.R.L.,EMPRESA AGROPECUARIA,CUATRO CANADAS,0,0
729,ASOC. PROD. MONTERO NO.0729,ASOCIACION,MONTERO,0,0
731,ASOC. PROD. PAILON NO.0731,ASOCIACION,PAILON,0,0
732,JESSICA VILLCA MEDINA,INDIVIDUAL,EL TORNO,0,0
733,PATRICIA CUELLAR YUJRA,INDIVIDUAL,PAILON,0,0
734,ASOC. PROD. EL TORNO NO.0734,COOPERATIVA,EL TORNO,1,0
735,SERGIO VARGAS VILLCA,INDIVIDUAL,CHARAGUA,1,0
736,FELIX MACHACA MERCADO,INDIVIDUAL,MONTERO,0,0
737,YENNY HUANCA MEDINA,INDIVIDUAL,SAN PEDRO,1,0
738,ENRIQUE SANDOVAL CHAMBI,COMUNIDAD,SAN PEDRO,1,0
739,AGROP. FLORES HNOS. S.R.L.,EMPRESA AGROPECUARIA,COTOCA,0,0
740,RICHARD COPA APAZA,INDIVIDUAL,SAN PEDRO,0,0
741,CARMEN MARCA YUJRA,INDIVIDUAL,GENERAL SAAVEDRA,1,0
742,ANDREA MARTINEZ VARGAS,INDIVIDUAL,CUATRO CANADAS,0,0
744,NATALIA CHAMBI FLORES,INDIVIDUAL,COTOCA,1,0
745,ASOC. PROD. YAPACANI NO.0745,ASOCIACION,YAPACANI,1,0
746,AGROP. APAZA HNOS. S.R.L.,EMPRESA AGROPECUARIA,SAN PEDRO,0,0
747,ASOC. PROD. PUERTO QUIJARRO NO.0747,ASOCIACION,PUERTO QUIJARRO,1,0
748,OSCAR CUELLAR PUMA,INDIVIDUAL,PAILON,1,0
749,CHRISTIAN CUELLAR PINTO,INDIVIDUAL,MINEROS,0,0
750,ASOC. PROD. SANTA ROSA NO.0750,ASOCIACION,SANTA ROSA,0,0
751,DANIEL CATACORA ROMERO,INDIVIDUAL,PORTACHUELO,0,0
752,DAVID CASTRO APAZA,INDIVIDUAL,WARNES,1,0
753,IVAN RIVERO COPA,INDIVIDUAL,WARNES,1,0
754,DANIEL SALVATIERRA VARGAS,INDIVIDUAL,PUERTO QUIJARRO,0,0
755,ASOC. PROD. EL TORNO NO.0755,COOPERATIVA,EL TORNO,0,0
756,MONICA TORREZ SALVATIERRA,INDIVIDUAL,EL TORNO,0,0
757,WILBER GARCIA SUAREZ,INDIVIDUAL,BUEN RETIRO,1,0
758,ASOC. PROD. BUEN RETIRO NO.0758,ASOCIACION,BUEN RETIRO,1,0
761,YENNY QUISPE MERCADO,INDIVIDUAL,YAPACANI,0,0
762,VANESSA VILLCA APAZA,INDIVIDUAL,PUERTO QUIJARRO,1,0
763,ASOC. PROD. CUATRO CANADAS NO.0763,ASOCIACION,CUATRO CANADAS,0,0
764,CARLOS SALVATIERRA ALVARADO,INDIVIDUAL,PUERTO SUAREZ,1,0
765,ASOC. PROD. MONTERO NO.0765,COOPERATIVA,MONTERO,1,0
766,RODRIGO TICONA CHOQUE,INDIVIDUAL,LA GUARDIA,1,0
767,ASOC. PROD. PORTACHUELO NO.0767,COOPERATIVA,PORTACHUELO,0,0
768,ASOC. PROD. GENERAL SAAVEDRA NO.0768,ASOCIACION,GENERAL SAAVEDRA,1,0
769,WILBER SORIA AGUILAR,COMUNIDAD,LA GUARDIA,1,0
770,OSCAR MEDINA CHOQUE,INDIVIDUAL,OKINAWA,1,0
771,ASOC. PROD. YAPACANI NO.0771,ASOCIACION,YAPACANI,0,0
772,ASOC. PROD. SANTA ROSA NO.0772,COOPERATIVA,SANTA ROSA,1,0
773,ROSA SUAREZ GUTIERREZ,INDIVIDUAL,CHARAGUA,0,0
774,ASOC. PROD. SAN JULIAN NO.0774,ASOCIACION,SAN JULIAN,0,0
775,PEDRO FLORES LIMA,INDIVIDUAL,PORTACHUELO,0,0
776,ASOC. PROD. PUERTO QUIJARRO NO.0776,COOPERATIVA,PUERTO QUIJARRO,0,0
777,RODRIGO MEDINA SANDOVAL,INDIVIDUAL,SAN JULIAN,1,0
778,SUSANA LIMA MARCA,INDIVIDUAL,GENERAL SAAVEDRA,0,0
779,ASOC. PROD. BUEN RETIRO NO.0779,COOPERATIVA,BUEN RETIRO,0,0
780,DANIEL VACA CHOQUE,INDIVIDUAL,SANTA ROSA,1,0
781,ALBERTO MORALES COLQUE,INDIVIDUAL,COTOCA,0,0
782,ASOC. PROD. SAN PEDRO NO.0782,COOPERATIVA,SAN PEDRO,1,0
783,ASOC. PROD. MONTERO NO.0783,ASOCIACION,MONTERO,1,0
784,ASOC. PROD. PORTACHUELO NO.0784,ASOCIACION,PORTACHUELO,0,0
785,ASOC. PROD. PUERTO QUIJARRO NO.0785,COOPERATIVA,PUERTO QUIJARRO,1,0
786,OSCAR SUAREZ MERCADO,INDIVIDUAL,LA GUARDIA,0,0
787,FERNANDO LOPEZ PUMA,INDIVIDUAL,BUEN RETIRO,1,0
788,ASOC. PROD. LA GUARDIA NO.0788,ASOCIACION,LA GUARDIA,1,0
789,ASOC. PROD. LA GUARDIA NO.0789,COOPERATIVA,LA GUARDIA,0,0
790,ALBERTO CASTRO GARCIA,INDIVIDUAL,BUEN RETIRO,1,0
791,AGROP. MARCA HNOS. S.R.L.,EMPRESA AGROPECUARIA,SAN PEDRO,0,0
792,ASOC. PROD. SANTA ROSA NO.0792,COOPERATIVA,SANTA ROSA,1,0
793,RENE ANTELO MACHACA,INDIVIDUAL,SAN JULIAN,0,0
794,ASOC. PROD. SANTA ROSA NO.0794,COOPERATIVA,SANTA ROSA,1,0
795,ELIZABETH SANCHEZ CUELLAR,INDIVIDUAL,PAILON,0,0
796,AGROP. MORALES HNOS. S.R.L.,EMPRESA AGROPECUARIA,CUATRO CANADAS,0,0
797,DIEGO CHAMBI SANCHEZ,INDIVIDUAL,SAN JULIAN,1,0
798,EDWIN CHUQUIMIA PINTO,INDIVIDUAL,SAN PEDRO,0,0
799,ASOC. PROD. COTOCA NO.0799,ASOCIACION,COTOCA,0,0
800,ASOC. PROD. PAILON NO.0800,ASOCIACION,PAILON,1,0
801,JORGE SANCHEZ RODRIGUEZ,INDIVIDUAL,SAN JULIAN,1,0
802,JORGE MORALES VACA,INDIVIDUAL,EL TORNO,1,0
803,ASOC. PROD. ROBORE NO.0803,COOPERATIVA,ROBORE,1,0
804,JULIO CHOQUE CONDORI,INDIVIDUAL,OKINAWA,0,0
805,FELIX QUISPE CALLISAYA,INDIVIDUAL,COTOCA,0,0
806,LAURA RODRIGUEZ RODRIGUEZ,INDIVIDUAL,PUERTO SUAREZ,0,0
807,DANIEL CATACORA TICONA,INDIVIDUAL,OKINAWA,0,0
808,JULIO SORIA QUISPE,INDIVIDUAL,OKINAWA,1,0
809,ASOC. PROD. ROBORE NO.0809,ASOCIACION,ROBORE,1,0
810,ASOC. PROD. ROBORE NO.0810,ASOCIACION,ROBORE,0,0
811,SUSANA TORREZ CASTRO,INDIVIDUAL,YAPACANI,0,0
812,MARIA GARCIA LOPEZ,INDIVIDUAL,OKINAWA,0,0
813,ASOC. PROD. SANTA ROSA NO.0813,COOPERATIVA,SANTA ROSA,1,0
815,ASOC. PROD. SAN JULIAN NO.0815,ASOCIACION,SAN JULIAN,1,0
816,ASOC. PROD. PAILON NO.0816,ASOCIACION,PAILON,1,0
817,ASOC. PROD. PORTACHUELO NO.0817,COOPERATIVA,PORTACHUELO,0,0
818,ASOC. PROD. GENERAL SAAVEDRA NO.0818,COOPERATIVA,GENERAL SAAVEDRA,1,0
819,ASOC. PROD. SAN PEDRO NO.0819,ASOCIACION,SAN PEDRO,0,0
820,DANIELA MAMANI SORIA,INDIVIDUAL,SAN JULIAN,1,0
822,HUGO GARCIA VACA,INDIVIDUAL,PUERTO SUAREZ,1,0
823,DANIEL TORREZ ANTELO,INDIVIDUAL,PUERTO QUIJARRO,0,0
824,ASOC. PROD. LA GUARDIA NO.0824,COOPERATIVA,LA GUARDIA,1,0
825,ASOC. PROD. BUEN RETIRO NO.0825,ASOCIACION,BUEN RETIRO,1,0
826,AGROP. ANTELO HNOS. S.R.L.,EMPRESA AGROPECUARIA,MONTERO,1,0
827,MARIA SORIA APAZA,INDIVIDUAL,COTOCA,0,0
828,VALERIA CHOQUE CASTRO,INDIVIDUAL,EL TORNO,0,0
829,CINTHIA YUJRA HUANCA,INDIVIDUAL,CUATRO CANADAS,1,0
830,DAVID SORIA ANTELO,INDIVIDUAL,EL TORNO,0,0
831,ASOC. PROD. COTOCA NO.0831,COOPERATIVA,COTOCA,1,0
832,DAVID MACHACA CHUQUIMIA,INDIVIDUAL,GENERAL SAAVEDRA,0,0
833,SUSANA PEREZ HUANCA,INDIVIDUAL,EL TORNO,0,0
834,ASOC. PROD. OKINAWA NO.0834,ASOCIACION,OKINAWA,1,0
835,ASOC. PROD. BUEN RETIRO NO.0835,COOPERATIVA,BUEN RETIRO,1,0
836,ASOC. PROD. LA GUARDIA NO.0836,COOPERATIVA,LA GUARDIA,0,0
837,WILBER SANDOVAL MEDINA,INDIVIDUAL,PUERTO QUIJARRO,0,0
838,HUGO FLORES QUISPE,INDIVIDUAL,MINEROS,1,0
839,CARMEN CRUZ SUAREZ,INDIVIDUAL,PORTACHUELO,0,0
840,NATALIA MARTINEZ APAZA,INDIVIDUAL,YAPACANI,0,0
841,JULIO YUJRA SALVATIERRA,INDIVIDUAL,PUERTO SUAREZ,1,0
842,ALFREDO CATACORA MONTAÑO,INDIVIDUAL,PUERTO SUAREZ,1,0
843,CESAR ROMERO MARTINEZ,INDIVIDUAL,OKINAWA,0,0
844,VALERIA APAZA ANTELO,INDIVIDUAL,MINEROS,0,0
845,ASOC. PROD. PUERTO QUIJARRO NO.0845,ASOCIACION,PUERTO QUIJARRO,0,0
846,VICTOR FLORES TICONA,COMUNIDAD,MINEROS,0,0
847,FELIX CHUQUIMIA RODRIGUEZ,INDIVIDUAL,YAPACANI,0,0
848,ASOC. PROD. PAILON NO.0848,COOPERATIVA,PAILON,0,0
849,ALFREDO PINTO MEDINA,INDIVIDUAL,CUATRO CANADAS,0,0
850,DANIELA CONDORI APAZA,INDIVIDUAL,PAILON,0,0
851,ASOC. PROD. GENERAL SAAVEDRA NO.0851,COOPERATIVA,GENERAL SAAVEDRA,0,0
852,FERNANDO GUTIERREZ GUTIERREZ,INDIVIDUAL,COTOCA,1,0
853,IVAN MERCADO VARGAS,INDIVIDUAL,LA GUARDIA,1,0
854,ASOC. PROD. MINEROS NO.0854,ASOCIACION,MINEROS,1,0
855,WILBER VARGAS NAVIA,INDIVIDUAL,LA GUARDIA,1,0
856,CINTHIA NAVIA CHOQUE,INDIVIDUAL,OKINAWA,1,0
857,ASOC. PROD. MINEROS NO.0857,COOPERATIVA,MINEROS,1,0
858,ASOC. PROD. CHARAGUA NO.0858,ASOCIACION,CHARAGUA,0,0
859,ASOC. PROD. OKINAWA NO.0859,COOPERATIVA,OKINAWA,1,0
860,RENE VILLCA SUAREZ,COMUNIDAD,CHARAGUA,1,0
861,ROSA CONDORI MONTAÑO,INDIVIDUAL,COTOCA,1,0
862,RICHARD CUELLAR AGUILAR,INDIVIDUAL,BUEN RETIRO,0,0
863,AGROP. YUJRA HNOS. S.R.L.,EMPRESA AGROPECUARIA,LA GUARDIA,0,0
864,ROBERTO RODRIGUEZ MEDINA,INDIVIDUAL,WARNES,0,0
865,ASOC. PROD. SAN PEDRO NO.0865,ASOCIACION,SAN PEDRO,0,0
866,AGROP. LOPEZ HNOS. S.R.L.,EMPRESA AGROPECUARIA,OKINAWA,1,0
867,CESAR PEDRAZA SANCHEZ,INDIVIDUAL,BUEN RETIRO,0,0
868,ASOC. PROD. PUERTO SUAREZ NO.0868,ASOCIACION,PUERTO SUAREZ,1,0
869,AGROP. GUTIERREZ HNOS. S.R.L.,EMPRESA AGROPECUARIA,YAPACANI,1,0
870,ROBERTO FLORES VILLCA,INDIVIDUAL,LA GUARDIA,1,0
871,ASOC. PROD. MINEROS NO.0871,ASOCIACION,MINEROS,1,0
872,ASOC. PROD. GENERAL SAAVEDRA NO.0872,COOPERATIVA,GENERAL SAAVEDRA,0,0
873,RODRIGO COPA MACHACA,INDIVIDUAL,SAN PEDRO,0,0
874,ASOC. PROD. ROBORE NO.0874,ASOCIACION,ROBORE,1,0
875,ASOC. PROD. YAPACANI NO.0875,ASOCIACION,YAPACANI,1,0
876,ASOC. PROD. OKINAWA NO.0876,COOPERATIVA,OKINAWA,1,0
877,MIGUEL CONDORI COLQUE,INDIVIDUAL,MINEROS,0,0
878,ASOC. PROD. SANTA ROSA NO.0878,ASOCIACION,SANTA ROSA,0,0
879,CARMEN MAMANI SORIA,INDIVIDUAL,GENERAL SAAVEDRA,0,0
880,ASOC. PROD. EL TORNO NO.0880,COOPERATIVA,EL TORNO,0,0
881,ASOC. PROD. SAN JULIAN NO.0881,COOPERATIVA,SAN JULIAN,0,0
882,ASOC. PROD. GENERAL SAAVEDRA NO.0882,ASOCIACION,GENERAL SAAVEDRA,1,0
883,AGROP. MORALES HNOS. S.R.L.,EMPRESA AGROPECUARIA,EL TORNO,1,0
884,RICHARD PEDRAZA SANCHEZ,INDIVIDUAL,GENERAL SAAVEDRA,0,0
885,VICTOR CHUQUIMIA SORIA,INDIVIDUAL,COTOCA,1,0
886,VIVIANA CONDORI MARTINEZ,INDIVIDUAL,WARNES,0,0
887,ASOC. PROD. COTOCA NO.0887,ASOCIACION,COTOCA,0,0
888,WILBER CHOQUE CASTRO,INDIVIDUAL,WARNES,1,0
889,AGROP. SANDOVAL HNOS. S.R.L.,EMPRESA AGROPECUARIA,PORTACHUELO,1,0
890,AGROP. RODRIGUEZ HNOS. S.R.L.,EMPRESA AGROPECUARIA,SAN PEDRO,1,0
891,DIEGO FLORES CHAMBI,COMUNIDAD,MONTERO,0,0
892,DAVID CATACORA LIMA,INDIVIDUAL,PUERTO SUAREZ,1,0
893,SUSANA CATACORA QUISPE,INDIVIDUAL,GENERAL SAAVEDRA,0,0
894,MARCELO QUISPE LIMA,INDIVIDUAL,LA GUARDIA,0,0
896,JUAN COPA HUANCA,INDIVIDUAL,GENERAL SAAVEDRA,0,0
897,SANDRA VILLCA VARGAS,INDIVIDUAL,EL TORNO,1,0
898,ASOC. PROD. COTOCA NO.0898,ASOCIACION,COTOCA,1,0
899,FELIX MONTAÑO MACHACA,INDIVIDUAL,WARNES,1,0
900,ASOC. PROD. CHARAGUA NO.0900,COOPERATIVA,CHARAGUA,0,0
901,AGROP. RODRIGUEZ HNOS. S.R.L.,EMPRESA AGROPECUARIA,SAN PEDRO,0,0
902,ASOC. PROD. EL TORNO NO.0902,ASOCIACION,EL TORNO,1,0
903,AGROP. ALVARADO HNOS. S.R.L.,EMPRESA AGROPECUARIA,MONTERO,0,0
904,ASOC. PROD. PUERTO SUAREZ NO.0904,ASOCIACION,PUERTO SUAREZ,1,0
905,CAMILA VILLCA MORALES,INDIVIDUAL,MONTERO,1,0
906,AGROP. CONDORI HNOS. S.R.L.,EMPRESA AGROPECUARIA,PORTACHUELO,0,0
907,ASOC. PROD. SAN PEDRO NO.0907,ASOCIACION,SAN PEDRO,1,0
908,ASOC. PROD. CHARAGUA NO.0908,ASOCIACION,CHARAGUA,1,0
909,FREDDY CHUQUIMIA PEDRAZA,INDIVIDUAL,ROBORE,1,0
910,ASOC. PROD. CUATRO CANADAS NO.0910,ASOCIACION,CUATRO CANADAS,1,0
911,ASOC. PROD. PUERTO SUAREZ NO.0911,COOPERATIVA,PUERTO SUAREZ,1,0
912,ASOC. PROD. LA GUARDIA NO.0912,ASOCIACION,LA GUARDIA,1,0
913,VICTOR CONDORI VARGAS,INDIVIDUAL,PUERTO SUAREZ,0,0
914,AGROP. COPA HNOS. S.R.L.,EMPRESA AGROPECUARIA,MINEROS,1,0
915,ASOC. PROD. MINEROS NO.0915,COOPERATIVA,MINEROS,0,0
916,LORENA HUANCA CRUZ,COMUNIDAD,GENERAL SAAVEDRA,0,0
917,ASOC. PROD. PUERTO SUAREZ NO.0917,COOPERATIVA,PUERTO SUAREZ,0,0
918,ASOC. PROD. OKINAWA NO.0918,ASOCIACION,OKINAWA,1,0
920,ASOC. PROD. LA GUARDIA NO.0920,ASOCIACION,LA GUARDIA,1,0
921,DANIEL CALLISAYA NAVIA,INDIVIDUAL,CHARAGUA,1,0
922,RONALD RIVERO CHAMBI,INDIVIDUAL,PORTACHUELO,1,0
923,CARLOS CUELLAR PINTO,INDIVIDUAL,SAN JULIAN,1,0
924,ALBERTO LIMA PEREZ,COMUNIDAD,MINEROS,1,0
925,ASOC. PROD. EL TORNO NO.0925,ASOCIACION,EL TORNO,0,0
926,AGROP. GARCIA HNOS. S.R.L.,EMPRESA AGROPECUARIA,PAILON,0,0
927,ASOC. PROD. MINEROS NO.0927,COOPERATIVA,MINEROS,1,0
928,IVAN HUANCA MARTINEZ,INDIVIDUAL,MINEROS,1,0
929,AGROP. YUJRA HNOS. S.R.L.,EMPRESA AGROPECUARIA,PAILON,1,0
930,PATRICIA MONTAÑO RODRIGUEZ,INDIVIDUAL,MONTERO,0,0
931,ASOC. PROD. EL TORNO NO.0931,ASOCIACION,EL TORNO,0,0
932,MARCELO MERCADO CRUZ,INDIVIDUAL,MONTERO,1,0
933,ASOC. PROD. SANTA ROSA NO.0933,ASOCIACION,SANTA ROSA,0,0
934,ALEJANDRA HUANCA MEDINA,INDIVIDUAL,SAN PEDRO,1,1
935,MARCELO CRUZ VILLCA,INDIVIDUAL,SAN PEDRO,1,0
936,ASOC. PROD. PORTACHUELO NO.0936,COOPERATIVA,PORTACHUELO,0,0
937,ASOC. PROD. PUERTO QUIJARRO NO.0937,COOPERATIVA,PUERTO QUIJARRO,1,0
938,DANIEL APAZA SANCHEZ,INDIVIDUAL,PORTACHUELO,0,0
939,CLAUDIA CHAMBI PEREZ,INDIVIDUAL,MONTERO,1,0
940,ASOC. PROD. PORTACHUELO NO.0940,COOPERATIVA,PORTACHUELO,0,0
941,ASOC. PROD. CUATRO CANADAS NO.0941,COOPERATIVA,CUATRO CANADAS,1,0
942,JESSICA COPA NAVIA,INDIVIDUAL,PORTACHUELO,0,0
943,ASOC. PROD. SAN JULIAN NO.0943,ASOCIACION,SAN JULIAN,0,0
944,ASOC. PROD. MONTERO NO.0944,COOPERATIVA,MONTERO,1,0
945,CAMILA PEREZ MARCA,INDIVIDUAL,SAN JULIAN,0,0
946,LAURA RIVERO APAZA,INDIVIDUAL,PUERTO SUAREZ,1,0
947,CARMEN SANCHEZ COPA,INDIVIDUAL,ROBORE,1,0
948,AGROP. CUELLAR HNOS. S.R.L.,EMPRESA AGROPECUARIA,EL TORNO,0,0
949,FREDDY SANCHEZ GUTIERREZ,INDIVIDUAL,PUERTO SUAREZ,1,0
950,AGROP. LIMA HNOS. S.R.L.,EMPRESA AGROPECUARIA,CUATRO CANADAS,0,0
951,AGROP. VARGAS HNOS. S.R.L.,EMPRESA AGROPECUARIA,WARNES,1,0
952,FELIX PUMA CRUZ,INDIVIDUAL,PAILON,0,0
953,RAUL ROMERO CUELLAR,INDIVIDUAL,SAN JULIAN,1,0
954,ASOC. PROD. OKINAWA NO.0954,ASOCIACION,OKINAWA,0,0
955,ENRIQUE PEDRAZA APAZA,INDIVIDUAL,CUATRO CANADAS,0,0
956,ALFREDO MARCA SUAREZ,INDIVIDUAL,PORTACHUELO,1,0
957,ASOC. PROD. LA GUARDIA NO.0957,ASOCIACION,LA GUARDIA,1,0
958,ASOC. PROD. ROBORE NO.0958,ASOCIACION,ROBORE,1,0
959,MONICA VARGAS CONDORI,INDIVIDUAL,WARNES,0,0
960,AGROP. MACHACA HNOS. S.R.L.,EMPRESA AGROPECUARIA,COTOCA,1,0
961,VANESSA MORALES MORALES,INDIVIDUAL,ROBORE,1,0
963,ASOC. PROD. GENERAL SAAVEDRA NO.0963,COOPERATIVA,GENERAL SAAVEDRA,0,0
964,ASOC. PROD. GENERAL SAAVEDRA NO.0964,COOPERATIVA,GENERAL SAAVEDRA,0,0
965,GUSTAVO CUELLAR CRUZ,INDIVIDUAL,GENERAL SAAVEDRA,1,0
966,ASOC. PROD. GENERAL SAAVEDRA NO.0966,COOPERATIVA,GENERAL SAAVEDRA,0,0
967,ASOC. PROD. YAPACANI NO.0967,ASOCIACION,YAPACANI,1,0
968,DANIELA TORREZ QUISPE,INDIVIDUAL,MINEROS,0,0
969,ASOC. PROD. SAN JULIAN NO.0969,ASOCIACION,SAN JULIAN,0,0
970,JESSICA ALVARADO ALVARADO,INDIVIDUAL,SAN JULIAN,0,0
971,ASOC. PROD. PUERTO SUAREZ NO.0971,COOPERATIVA,PUERTO SUAREZ,1,0
972,CINTHIA AGUILAR MACHACA,INDIVIDUAL,PORTACHUELO,0,0
974,ASOC. PROD. CHARAGUA NO.0974,ASOCIACION,CHARAGUA,0,0
975,BORIS YUJRA SORIA,INDIVIDUAL,MONTERO,0,0
976,ASOC. PROD. WARNES NO.0976,ASOCIACION,WARNES,0,0
977,ASOC. PROD. WARNES NO.0977,ASOCIACION,WARNES,0,0
978,ELIZABETH SANCHEZ HUANCA,INDIVIDUAL,SANTA ROSA,1,0
979,ROBERTO ROMERO AGUILAR,INDIVIDUAL,WARNES,1,0
981,ASOC. PROD. ROBORE NO.0981,COOPERATIVA,ROBORE,1,0
982,JULIO SANDOVAL FLORES,INDIVIDUAL,CUATRO CANADAS,0,0
983,JULIO GARCIA PUMA,INDIVIDUAL,EL TORNO,0,0
984,AGROP. CHOQUE HNOS. S.R.L.,EMPRESA AGROPECUARIA,YAPACANI,1,0
985,ASOC. PROD. LA GUARDIA NO.0985,ASOCIACION,LA GUARDIA,0,0
986,AGROP. MORALES HNOS. S.R.L.,EMPRESA AGROPECUARIA,CUATRO CANADAS,0,0
987,FREDDY LOPEZ CALLISAYA,INDIVIDUAL,PUERTO QUIJARRO,1,0
988,ASOC. PROD. PAILON NO.0988,COOPERATIVA,PAILON,0,0
989,ASOC. PROD. CUATRO CANADAS NO.0989,COOPERATIVA,CUATRO CANADAS,1,0
990,IVAN PEREZ CHOQUE,COMUNIDAD,MINEROS,1,0
991,ASOC. PROD. GENERAL SAAVEDRA NO.0991,ASOCIACION,GENERAL SAAVEDRA,0,0
992,CARLOS MONTAÑO AGUILAR,INDIVIDUAL,OKINAWA,1,0
993,FERNANDO SORIA QUISPE,INDIVIDUAL,GENERAL SAAVEDRA,1,0
995,PEDRO CONDORI ANTELO,INDIVIDUAL,BUEN RETIRO,1,0
996,ASOC. PROD. SAN PEDRO NO.0996,ASOCIACION,SAN PEDRO,0,0
997,DANIELA CATACORA TORREZ,COMUNIDAD,SAN PEDRO,0,0
998,ASOC. PROD. SANTA ROSA NO.0998,ASOCIACION,SANTA ROSA,1,0
999,ASOC. PROD. ROBORE NO.0999,ASOCIACION,ROBORE,0,0
1000,ANDREA CHUQUIMIA HUANCA,COMUNIDAD,ROBORE,0,0
1002,ASOC. PROD. PUERTO SUAREZ NO.1002,ASOCIACION,PUERTO SUAREZ,0,0
1003,ASOC. PROD. WARNES NO.1003,COOPERATIVA,WARNES,0,0
1004,DANIEL GARCIA HUANCA,INDIVIDUAL,CUATRO CANADAS,0,0
1006,ASOC. PROD. PUERTO QUIJARRO NO.1006,COOPERATIVA,PUERTO QUIJARRO,1,0
1007,FERNANDO CUELLAR MAMANI,INDIVIDUAL,PAILON,0,0
1008,ASOC. PROD. SAN PEDRO NO.1008,COOPERATIVA,SAN PEDRO,1,0
1009,ASOC. PROD. GENERAL SAAVEDRA NO.1009,ASOCIACION,GENERAL SAAVEDRA,1,0
1010,ASOC. PROD. PAILON NO.1010,ASOCIACION,PAILON,0,0
1011,CHRISTIAN CHOQUE SANDOVAL,INDIVIDUAL,BUEN RETIRO,1,0
1012,JULIO MERCADO VASQUEZ,INDIVIDUAL,CUATRO CANADAS,0,0
1013,ASOC. PROD. COTOCA NO.1013,COOPERATIVA,COTOCA,1,0
1014,IVAN NAVIA RIVERO,INDIVIDUAL,COTOCA,0,0
1015,AGROP. VILLCA HNOS. S.R.L.,EMPRESA AGROPECUARIA,ROBORE,0,0
1016,RICARDO FLORES VACA,INDIVIDUAL,ROBORE,1,0
1017,RAUL PUMA FLORES,INDIVIDUAL,WARNES,1,0
1018,AGROP. VARGAS HNOS. S.R.L.,EMPRESA AGROPECUARIA,CUATRO CANADAS,1,0
1019,MIRIAM GARCIA CRUZ,INDIVIDUAL,SANTA ROSA,0,0
1020,CLAUDIA AGUILAR PUMA,INDIVIDUAL,SANTA ROSA,0,0
1021,RAUL SANCHEZ CALLISAYA,INDIVIDUAL,OKINAWA,0,0
1022,ANDREA MONTAÑO APAZA,INDIVIDUAL,PORTACHUELO,1,0
1023,ASOC. PROD. SAN PEDRO NO.1023,COOPERATIVA,SAN PEDRO,0,0
1024,HUGO SORIA APAZA,INDIVIDUAL,SANTA ROSA,1,0
1026,ASOC. PROD. YAPACANI NO.1026,ASOCIACION,YAPACANI,1,0
1027,ROBERTO RIVERO TORREZ,INDIVIDUAL,SAN JULIAN,1,0
1028,SUSANA ALVARADO HUANCA,INDIVIDUAL,OKINAWA,0,0
1029,JORGE TORREZ RODRIGUEZ,INDIVIDUAL,GENERAL SAAVEDRA,0,0
1030,CAMILA PEDRAZA VACA,INDIVIDUAL,MONTERO,1,0
1031,FREDDY MERCADO SUAREZ,INDIVIDUAL,LA GUARDIA,0,0
1032,ASOC. PROD. CHARAGUA NO.1032,ASOCIACION,CHARAGUA,0,0
1033,CARMEN RIVERO CRUZ,INDIVIDUAL,ROBORE,1,0
1034,MARCELO CALLISAYA MARCA,INDIVIDUAL,PORTACHUELO,1,0
1035,CESAR QUISPE CHUQUIMIA,INDIVIDUAL,OKINAWA,1,0
1036,ASOC. PROD. YAPACANI NO.1036,ASOCIACION,YAPACANI,1,0
1037,ASOC. PROD. PUERTO SUAREZ NO.1037,ASOCIACION,PUERTO SUAREZ,1,0
1038,ASOC. PROD. SANTA ROSA NO.1038,ASOCIACION,SANTA ROSA,1,0
1039,CAMILA ANTELO MERCADO,COMUNIDAD,WARNES,0,0
1040,ASOC. PROD. ROBORE NO.1040,ASOCIACION,ROBORE,0,0
1041,ASOC. PROD. CHARAGUA NO.1041,ASOCIACION,CHARAGUA,0,0
1042,ASOC. PROD. EL TORNO NO.1042,ASOCIACION,EL TORNO,0,0
1043,ASOC. PROD. YAPACANI NO.1043,ASOCIACION,YAPACANI,1,0
1044,ALEJANDRA GUTIERREZ VARGAS,INDIVIDUAL,WARNES,0,0
1045,AGROP. RODRIGUEZ HNOS. S.R.L.,EMPRESA AGROPECUARIA,SAN JULIAN,1,0
1046,CARLOS CONDORI VASQUEZ,COMUNIDAD,CUATRO CANADAS,0,0
1047,ASOC. PROD. YAPACANI NO.1047,ASOCIACION,YAPACANI,0,0
1048,ASOC. PROD. MINEROS NO.1048,ASOCIACION,MINEROS,1,0
1049,VALERIA CRUZ CHAMBI,INDIVIDUAL,SAN JULIAN,1,0
1050,OSCAR SALVATIERRA MACHACA,INDIVIDUAL,GENERAL SAAVEDRA,0,0
1051,RAUL AGUILAR COPA,INDIVIDUAL,WARNES,0,0
1052,ASOC. PROD. SAN JULIAN NO.1052,ASOCIACION,SAN JULIAN,1,0
1053,MIRIAM VARGAS VILLCA,INDIVIDUAL,SAN PEDRO,0,0
1054,ENRIQUE CALLISAYA PUMA,INDIVIDUAL,MINEROS,1,0
1055,AGROP. NAVIA HNOS. S.R.L.,EMPRESA AGROPECUARIA,PUERTO QUIJARRO,0,0
1056,OSCAR PINTO CRUZ,INDIVIDUAL,COTOCA,1,0
1057,CESAR CHAMBI ANTELO,INDIVIDUAL,LA GUARDIA,0,0
1058,MONICA AGUILAR SORIA,INDIVIDUAL,CUATRO CANADAS,1,0
1059,MARCELO APAZA MORALES,INDIVIDUAL,BUEN RETIRO,1,0
1060,ASOC. PROD. CHARAGUA NO.1060,COOPERATIVA,CHARAGUA,0,0
1061,CESAR PEREZ MORALES,INDIVIDUAL,GENERAL SAAVEDRA,0,0
1062,ASOC. PROD. OKINAWA NO.1062,ASOCIACION,OKINAWA,1,0
1063,LUIS PUMA ROMERO,INDIVIDUAL,PUERTO QUIJARRO,1,0
1064,EDWIN SALVATIERRA VACA,INDIVIDUAL,SANTA ROSA,1,0
1065,ELIZABETH CRUZ MARTINEZ,INDIVIDUAL,PUERTO SUAREZ,1,0
1066,ASOC. PROD. MINEROS NO.1066,COOPERATIVA,MINEROS,0,0
1067,AGROP. MAMANI HNOS. S.R.L.,EMPRESA AGROPECUARIA,CUATRO CANADAS,0,0
1068,JHONNY CATACORA ALVARADO,INDIVIDUAL,WARNES,1,0
1069,EDWIN PINTO MARTINEZ,INDIVIDUAL,YAPACANI,1,0
1070,ANDREA MERCADO PEREZ,INDIVIDUAL,PAILON,0,0
1071,ASOC. PROD. OKINAWA NO.1071,ASOCIACION,OKINAWA,0,0
1072,ASOC. PROD. MINEROS NO.1072,COOPERATIVA,MINEROS,1,0
1074,CAMILA CALLISAYA MACHACA,INDIVIDUAL,MINEROS,0,0
1075,AGROP. ANTELO HNOS. S.R.L.,EMPRESA AGROPECUARIA,LA GUARDIA,0,0
1076,AGROP. MARCA HNOS. S.R.L.,EMPRESA AGROPECUARIA,SAN PEDRO,1,0
1077,AGROP. CALLISAYA HNOS. S.R.L.,EMPRESA AGROPECUARIA,SAN JULIAN,0,0
1078,ROSA ALVARADO CATACORA,INDIVIDUAL,CHARAGUA,0,0
1079,NELSON FLORES VARGAS,INDIVIDUAL,BUEN RETIRO,1,0
1080,JOSE LOPEZ SUAREZ,INDIVIDUAL,COTOCA,0,0
1081,RODRIGO CALLISAYA MAMANI,INDIVIDUAL,SANTA ROSA,1,0
1082,DANIELA SANCHEZ MARCA,INDIVIDUAL,SANTA ROSA,1,0
1083,ASOC. PROD. CUATRO CANADAS NO.1083,ASOCIACION,CUATRO CANADAS,1,0
1084,ASOC. PROD. EL TORNO NO.1084,COOPERATIVA,EL TORNO,1,0
1085,MARCELO MEDINA COPA,INDIVIDUAL,SAN JULIAN,0,0
1086,IVAN ANTELO CONDORI,INDIVIDUAL,MONTERO,0,0
1087,ASOC. PROD. SAN PEDRO NO.1087,ASOCIACION,SAN PEDRO,1,0
1088,ASOC. PROD. SANTA ROSA NO.1088,ASOCIACION,SANTA ROSA,1,0
1089,OSCAR MEDINA VASQUEZ,INDIVIDUAL,PUERTO QUIJARRO,0,0
1090,ASOC. PROD. PAILON NO.1090,ASOCIACION,PAILON,0,0
1091,ASOC. PROD. PAILON NO.1091,ASOCIACION,PAILON,0,0
1092,AGROP. NAVIA HNOS. S.R.L.,EMPRESA AGROPECUARIA,OKINAWA,0,0
1093,MIRIAM RIVERO PUMA,COMUNIDAD,YAPACANI,0,0
1094,ASOC. PROD. EL TORNO NO.1094,ASOCIACION,EL TORNO,1,0
1095,ASOC. PROD. ROBORE NO.1095,ASOCIACION,ROBORE,1,0
1096,RONALD COLQUE ANTELO,INDIVIDUAL,YAPACANI,0,0
1097,RONALD SANDOVAL CATACORA,INDIVIDUAL,BUEN RETIRO,1,0
1098,IVAN MAMANI GARCIA,INDIVIDUAL,PAILON,1,0
1099,ASOC. PROD. YAPACANI NO.1099,COOPERATIVA,YAPACANI,0,0
1100,ASOC. PROD. SANTA ROSA NO.1100,COOPERATIVA,SANTA ROSA,1,0
1101,AGROP. APAZA HNOS. S.R.L.,EMPRESA AGROPECUARIA,SAN JULIAN,1,0
1102,ASOC. PROD. SAN JULIAN NO.1102,ASOCIACION,SAN JULIAN,1,0
1103,ALBERTO ANTELO PUMA,INDIVIDUAL,ROBORE,0,0
1104,ASOC. PROD. WARNES NO.1104,COOPERATIVA,WARNES,1,0
1105,ASOC. PROD. WARNES NO.1105,ASOCIACION,WARNES,1,0
1106,PAOLA SALVATIERRA FLORES,INDIVIDUAL,WARNES,0,0
1107,IVAN HUANCA MARCA,INDIVIDUAL,SAN JULIAN,0,0
1108,FERNANDO GARCIA YUJRA,COMUNIDAD,PORTACHUELO,1,0
1109,ALBERTO CHOQUE FLORES,INDIVIDUAL,EL TORNO,1,0
1110,ASOC. PROD. EL TORNO NO.1110,ASOCIACION,EL TORNO,0,0
1111,PATRICIA SANCHEZ HUANCA,INDIVIDUAL,PUERTO QUIJARRO,0,0
1113,JULIO SORIA RIVERO,INDIVIDUAL,PUERTO QUIJARRO,1,0
1114,SUSANA MARTINEZ AGUILAR,INDIVIDUAL,BUEN RETIRO,0,0
1115,EDWIN CHAMBI GARCIA,INDIVIDUAL,MONTERO,0,0
1116,ASOC. PROD. YAPACANI NO.1116,ASOCIACION,YAPACANI,1,0
1117,MARIA SALVATIERRA MORALES,INDIVIDUAL,PORTACHUELO,0,0
1118,ASOC. PROD. SAN PEDRO NO.1118,ASOCIACION,SAN PEDRO,0,0
1119,ASOC. PROD. LA GUARDIA NO.1119,ASOCIACION,LA GUARDIA,0,0
1120,ASOC. PROD. BUEN RETIRO NO.1120,ASOCIACION,BUEN RETIRO,1,0
1121,LUIS PUMA CHUQUIMIA,INDIVIDUAL,PORTACHUELO,1,0
1122,DANIEL MERCADO MARCA,INDIVIDUAL,ROBORE,1,0
1123,JUAN CHAMBI CATACORA,INDIVIDUAL,GENERAL SAAVEDRA,0,0
1124,PEDRO PUMA PEDRAZA,INDIVIDUAL,GENERAL SAAVEDRA,0,0
1125,CARMEN YUJRA LOPEZ,INDIVIDUAL,YAPACANI,0,0
1126,AGROP. MARCA HNOS. S.R.L.,EMPRESA AGROPECUARIA,PORTACHUELO,1,0
1127,YENNY GUTIERREZ CALLISAYA,INDIVIDUAL,PAILON,1,0
1128,SILVIA PINTO PEREZ,INDIVIDUAL,SAN PEDRO,1,0
1129,ASOC. PROD. PUERTO SUAREZ NO.1129,ASOCIACION,PUERTO SUAREZ,1,0
1130,ASOC. PROD. PORTACHUELO NO.1130,COOPERATIVA,PORTACHUELO,0,0
1131,PATRICIA CASTRO RODRIGUEZ,INDIVIDUAL,WARNES,0,0
1132,ASOC. PROD. ROBORE NO.1132,ASOCIACION,ROBORE,1,0
1133,ASOC. PROD. PAILON NO.1133,COOPERATIVA,PAILON,1,0
1134,GUSTAVO CRUZ NAVIA,INDIVIDUAL,SAN JULIAN,1,0
1136,ASOC. PROD. LA GUARDIA NO.1136,ASOCIACION,LA GUARDIA,1,0
1137,DIEGO VASQUEZ COPA,COMUNIDAD,COTOCA,0,0
1138,ASOC. PROD. SAN PEDRO NO.1138,ASOCIACION,SAN PEDRO,1,0
1139,WILBER VACA LOPEZ,INDIVIDUAL,SAN PEDRO,1,0
1140,RAUL COPA PUMA,INDIVIDUAL,ROBORE,0,0
1141,GUSTAVO GARCIA MONTAÑO,INDIVIDUAL,MINEROS,1,0
1142,ASOC. PROD. BUEN RETIRO NO.1142,COOPERATIVA,BUEN RETIRO,0,0
1143,ASOC. PROD. YAPACANI NO.1143,ASOCIACION,YAPACANI,0,0
1144,ASOC. PROD. YAPACANI NO.1144,COOPERATIVA,YAPACANI,1,0
1145,BEATRIZ MERCADO GARCIA,INDIVIDUAL,MINEROS,1,0
1146,IVAN CATACORA SANCHEZ,INDIVIDUAL,PUERTO QUIJARRO,1,0
1147,ANDREA RIVERO SALVATIERRA,INDIVIDUAL,LA GUARDIA,1,0
1148,VICTOR TICONA CRUZ,INDIVIDUAL,MONTERO,0,0
1149,ASOC. PROD. SAN PEDRO NO.1149,ASOCIACION,SAN PEDRO,1,0
1150,AGROP. HUANCA HNOS. S.R.L.,EMPRESA AGROPECUARIA,BUEN RETIRO,0,0
1151,JESSICA SALVATIERRA AGUILAR,INDIVIDUAL,YAPACANI,1,0
1152,ROSA SANDOVAL PEREZ,INDIVIDUAL,PUERTO QUIJARRO,0,0
1153,ASOC. PROD. SANTA ROSA NO.1153,ASOCIACION,SANTA ROSA,1,0
1154,JULIO SUAREZ TICONA,INDIVIDUAL,MONTERO,1,0
1155,ASOC. PROD. SANTA ROSA NO.1155,ASOCIACION,SANTA ROSA,0,0
1156,ASOC. PROD. GENERAL SAAVEDRA NO.1156,COOPERATIVA,GENERAL SAAVEDRA,1,0
1157,OSCAR MARTINEZ SALVATIERRA,INDIVIDUAL,BUEN RETIRO,1,0
1158,NELSON ROMERO CUELLAR,INDIVIDUAL,SAN JULIAN,0,0
1159,ASOC. PROD. BUEN RETIRO NO.1159,ASOCIACION,BUEN RETIRO,1,0
1160,RENE MAMANI VILLCA,INDIVIDUAL,CHARAGUA,1,0
1161,FELIX NAVIA HUANCA,INDIVIDUAL,LA GUARDIA,1,0
1162,RICHARD RIVERO LIMA,INDIVIDUAL,SAN PEDRO,0,0
1163,AGROP. TICONA HNOS. S.R.L.,EMPRESA AGROPECUARIA,EL TORNO,0,0
1164,AGROP. TICONA HNOS. S.R.L.,EMPRESA AGROPECUARIA,CHARAGUA,0,0
1165,ASOC. PROD. PORTACHUELO NO.1165,ASOCIACION,PORTACHUELO,1,0
1166,AGROP. RIVERO HNOS. S.R.L.,EMPRESA AGROPECUARIA,CHARAGUA,1,0
1167,CLAUDIA CRUZ GUTIERREZ,INDIVIDUAL,SAN JULIAN,0,0
1168,ASOC. PROD. ROBORE NO.1168,COOPERATIVA,ROBORE,0,0
1169,DIEGO CUELLAR GUTIERREZ,INDIVIDUAL,YAPACANI,1,0
1170,MONICA CRUZ AGUILAR,INDIVIDUAL,PUERTO SUAREZ,0,0
1171,MARIA RIVERO MORALES,INDIVIDUAL,PORTACHUELO,0,0
1172,DIEGO PUMA CUELLAR,INDIVIDUAL,PORTACHUELO,0,0
1173,ASOC. PROD. SAN PEDRO NO.1173,ASOCIACION,SAN PEDRO,1,0
1174,LUIS TORREZ CATACORA,INDIVIDUAL,EL TORNO,0,0
1175,ASOC. PROD. PORTACHUELO NO.1175,COOPERATIVA,PORTACHUELO,1,0
1176,ASOC. PROD. SAN JULIAN NO.1176,COOPERATIVA,SAN JULIAN,0,0
1177,YENNY MARTINEZ MERCADO,INDIVIDUAL,MONTERO,0,0
1178,CARLOS VARGAS COLQUE,INDIVIDUAL,OKINAWA,1,0
1179,RAUL RODRIGUEZ APAZA,INDIVIDUAL,LA GUARDIA,1,0
1180,PATRICIA MACHACA CATACORA,INDIVIDUAL,CHARAGUA,1,0
1181,ASOC. PROD. SANTA ROSA NO.1181,COOPERATIVA,SANTA ROSA,1,0
1182,ASOC. PROD. ROBORE NO.1182,ASOCIACION,ROBORE,1,0
1183,AGROP. MONTAÑO HNOS. S.R.L.,EMPRESA AGROPECUARIA,MINEROS,0,0
1184,ASOC. PROD. LA GUARDIA NO.1184,ASOCIACION,LA GUARDIA,0,0
1185,ASOC. PROD. PUERTO QUIJARRO NO.1185,ASOCIACION,PUERTO QUIJARRO,1,0
1186,ASOC. PROD. SAN JULIAN NO.1186,ASOCIACION,SAN JULIAN,0,0
1187,SILVIA CHAMBI SALVATIERRA,INDIVIDUAL,YAPACANI,0,0
1188,CLAUDIA MONTAÑO CHOQUE,INDIVIDUAL,OKINAWA,0,0
1189,VIVIANA MARCA MERCADO,INDIVIDUAL,PAILON,1,0
1190,MARCELO VILLCA RODRIGUEZ,COMUNIDAD,MONTERO,0,0
1191,AGROP. QUISPE HNOS. S.R.L.,EMPRESA AGROPECUARIA,PAILON,0,0
1192,ASOC. PROD. ROBORE NO.1192,COOPERATIVA,ROBORE,1,0
1193,ASOC. PROD. YAPACANI NO.1193,ASOCIACION,YAPACANI,0,0
1194,ASOC. PROD. SAN PEDRO NO.1194,ASOCIACION,SAN PEDRO,0,0
1195,ASOC. PROD. MONTERO NO.1195,ASOCIACION,MONTERO,0,0
1196,LUIS GARCIA SANDOVAL,INDIVIDUAL,PORTACHUELO,1,0
1197,ASOC. PROD. LA GUARDIA NO.1197,COOPERATIVA,LA GUARDIA,0,0
1198,CARMEN SANCHEZ AGUILAR,INDIVIDUAL,EL TORNO,0,0
1199,AGROP. COLQUE HNOS. S.R.L.,EMPRESA AGROPECUARIA,PORTACHUELO,1,0
1200,ASOC. PROD. BUEN RETIRO NO.1200,ASOCIACION,BUEN RETIRO,1,0
1201,ASOC. PROD. SAN JULIAN NO.1201,ASOCIACION,SAN JULIAN,1,0
1202,ASOC. PROD. EL TORNO NO.1202,ASOCIACION,EL TORNO,0,0
1203,ASOC. PROD. ROBORE NO.1203,ASOCIACION,ROBORE,0,0
1204,ASOC. PROD. PUERTO SUAREZ NO.1204,COOPERATIVA,PUERTO SUAREZ,1,0
1205,ANDREA PEREZ FLORES,INDIVIDUAL,PUERTO QUIJARRO,0,0
1206,ELIZABETH GARCIA COLQUE,INDIVIDUAL,SAN JULIAN,0,0
1207,ASOC. PROD. YAPACANI NO.1207,ASOCIACION,YAPACANI,0,0
1208,ALBERTO GARCIA SUAREZ,INDIVIDUAL,OKINAWA,0,0
1209,ASOC. PROD. WARNES NO.1209,ASOCIACION,WARNES,0,0
1210,ASOC. PROD. PUERTO SUAREZ NO.1210,ASOCIACION,PUERTO SUAREZ,0,0
1211,ASOC. PROD. YAPACANI NO.1211,COOPERATIVA,YAPACANI,0,0
1212,MIRIAM GUTIERREZ COPA,INDIVIDUAL,SAN PEDRO,1,0
1213,ASOC. PROD. SAN PEDRO NO.1213,ASOCIACION,SAN PEDRO,1,0
1214,DIEGO SANDOVAL COLQUE,INDIVIDUAL,PUERTO SUAREZ,0,0
1215,ASOC. PROD. CUATRO CANADAS NO.1215,ASOCIACION,CUATRO CANADAS,0,0
1216,FERNANDO AGUILAR PUMA,INDIVIDUAL,EL TORNO,1,0
1217,ENRIQUE ALVARADO GUTIERREZ,INDIVIDUAL,GENERAL SAAVEDRA,0,0
1218,VIVIANA CHAMBI CALLISAYA,INDIVIDUAL,BUEN RETIRO,1,0
1219,AGROP. GUTIERREZ HNOS. S.R.L.,EMPRESA AGROPECUARIA,PAILON,1,0
1220,CARLOS SANCHEZ PINTO,INDIVIDUAL,EL TORNO,1,0
1221,VANESSA YUJRA YUJRA,INDIVIDUAL,ROBORE,1,0
1222,ASOC. PROD. LA GUARDIA NO.1222,COOPERATIVA,LA GUARDIA,1,0
1223,JESSICA ALVARADO ANTELO,INDIVIDUAL,OKINAWA,1,0
1224,ASOC. PROD. PORTACHUELO NO.1224,COOPERATIVA,PORTACHUELO,1,0
1225,ASOC. PROD. SAN JULIAN NO.1225,ASOCIACION,SAN JULIAN,0,0
1226,AGROP. CHOQUE HNOS. S.R.L.,EMPRESA AGROPECUARIA,ROBORE,1,0
1227,ASOC. PROD. MINEROS NO.1227,ASOCIACION,MINEROS,0,0
1229,ASOC. PROD. OKINAWA NO.1229,ASOCIACION,OKINAWA,0,0
1230,ASOC. PROD. MONTERO NO.1230,COOPERATIVA,MONTERO,1,0
1231,ALBERTO QUISPE CUELLAR,INDIVIDUAL,MONTERO,1,0
1232,OSCAR LIMA SANDOVAL,INDIVIDUAL,PUERTO SUAREZ,0,0
1233,ASOC. PROD. MINEROS NO.1233,COOPERATIVA,MINEROS,0,0
1234,ASOC. PROD. SAN JULIAN NO.1234,ASOCIACION,SAN JULIAN,1,0
1235,ASOC. PROD. COTOCA NO.1235,COOPERATIVA,COTOCA,1,0
1236,CINTHIA TICONA NAVIA,INDIVIDUAL,LA GUARDIA,0,0
1237,MARCELO VACA ANTELO,COMUNIDAD,CHARAGUA,0,0
1238,ASOC. PROD. BUEN RETIRO NO.1238,ASOCIACION,BUEN RETIRO,0,0
1239,ASOC. PROD. GENERAL SAAVEDRA NO.1239,COOPERATIVA,GENERAL SAAVEDRA,0,0
1240,ASOC. PROD. COTOCA NO.1240,COOPERATIVA,COTOCA,0,0
1241,ASOC. PROD. CUATRO CANADAS NO.1241,ASOCIACION,CUATRO CANADAS,1,0
1242,MIGUEL SANCHEZ CUELLAR,INDIVIDUAL,ROBORE,0,0
1243,AGROP. MORALES HNOS. S.R.L.,EMPRESA AGROPECUARIA,WARNES,0,0
1244,AGROP. CATACORA HNOS. S.R.L.,EMPRESA AGROPECUARIA,MINEROS,1,0
1245,LUIS CATACORA LOPEZ,INDIVIDUAL,PORTACHUELO,1,0
1246,RICHARD CASTRO VASQUEZ,INDIVIDUAL,WARNES,0,0
1247,ASOC. PROD. PUERTO QUIJARRO NO.1247,ASOCIACION,PUERTO QUIJARRO,1,0
1248,ALBERTO SALVATIERRA NAVIA,INDIVIDUAL,PAILON,1,0
1249,ASOC. PROD. BUEN RETIRO NO.1249,COOPERATIVA,BUEN RETIRO,1,0
1250,ASOC. PROD. ROBORE NO.1250,COOPERATIVA,ROBORE,0,0
1251,ASOC. PROD. CHARAGUA NO.1251,ASOCIACION,CHARAGUA,0,0
1252,ASOC. PROD. ROBORE NO.1252,COOPERATIVA,ROBORE,0,0
1253,NATALIA GARCIA GUTIERREZ,INDIVIDUAL,GENERAL SAAVEDRA,0,0
1254,LUIS CHAMBI MONTAÑO,INDIVIDUAL,CUATRO CANADAS,1,0
1255,AGROP. SALVATIERRA HNOS. S.R.L.,EMPRESA AGROPECUARIA,BUEN RETIRO,0,0
1256,ASOC. PROD. MINEROS NO.1256,ASOCIACION,MINEROS,1,0
1257,ANDREA QUISPE MORALES,INDIVIDUAL,SAN JULIAN,1,0
1258,VANESSA COPA CUELLAR,COMUNIDAD,WARNES,1,0
1260,JULIO SORIA CONDORI,INDIVIDUAL,SAN JULIAN,1,0
1261,AGROP. SORIA HNOS. S.R.L.,EMPRESA AGROPECUARIA,CHARAGUA,1,0
1262,ASOC. PROD. CHARAGUA NO.1262,COOPERATIVA,CHARAGUA,0,0
1263,ASOC. PROD. BUEN RETIRO NO.1263,ASOCIACION,BUEN RETIRO,0,0
1264,DAVID MERCADO CHOQUE,INDIVIDUAL,PAILON,0,0
1266,ASOC. PROD. EL TORNO NO.1266,ASOCIACION,EL TORNO,0,0
1267,DAVID APAZA MORALES,INDIVIDUAL,CUATRO CANADAS,1,0
1269,FREDDY MONTAÑO VARGAS,COMUNIDAD,YAPACANI,1,0
1272,AGROP. MEDINA HNOS. S.R.L.,EMPRESA AGROPECUARIA,ROBORE,0,0
1273,ASOC. PROD. MINEROS NO.1273,ASOCIACION,MINEROS,1,0
1274,ASOC. PROD. COTOCA NO.1274,ASOCIACION,COTOCA,0,0
1275,AGROP. RODRIGUEZ HNOS. S.R.L.,EMPRESA AGROPECUARIA,COTOCA,1,0
1276,DIEGO NAVIA VASQUEZ,INDIVIDUAL,OKINAWA,1,0
1277,VANESSA ROMERO MORALES,INDIVIDUAL,SANTA ROSA,0,0
1278,AGROP. LIMA HNOS. S.R.L.,EMPRESA AGROPECUARIA,PAILON,0,0
1279,ASOC. PROD. GENERAL SAAVEDRA NO.1279,COOPERATIVA,GENERAL SAAVEDRA,0,0
1280,SUSANA TICONA ANTELO,COMUNIDAD,COTOCA,0,0
1281,VALERIA SUAREZ GUTIERREZ,INDIVIDUAL,SAN JULIAN,1,0
1282,ASOC. PROD. PUERTO SUAREZ NO.1282,ASOCIACION,PUERTO SUAREZ,0,0
1283,AGROP. SALVATIERRA HNOS. S.R.L.,EMPRESA AGROPECUARIA,ROBORE,1,0
1284,ASOC. PROD. GENERAL SAAVEDRA NO.1284,ASOCIACION,GENERAL SAAVEDRA,0,0
1285,RONALD CHAMBI LOPEZ,INDIVIDUAL,EL TORNO,0,0
1286,AGROP. ROMERO HNOS. S.R.L.,EMPRESA AGROPECUARIA,YAPACANI,0,0
1287,DAVID CHOQUE SORIA,INDIVIDUAL,SANTA ROSA,0,0
1288,MONICA MACHACA CONDORI,INDIVIDUAL,MINEROS,0,0
1289,ASOC. PROD. CUATRO CANADAS NO.1289,COOPERATIVA,CUATRO CANADAS,0,0
1290,CARMEN MEDINA TICONA,INDIVIDUAL,PAILON,1,0
1291,ASOC. PROD. PAILON NO.1291,ASOCIACION,PAILON,1,0
1292,PAOLA SORIA CHUQUIMIA,INDIVIDUAL,PUERTO QUIJARRO,1,0
1293,AGROP. SORIA HNOS. S.R.L.,EMPRESA AGROPECUARIA,SAN PEDRO,1,0
1294,ROBERTO LOPEZ MEDINA,INDIVIDUAL,WARNES,1,0
1295,AGROP. COLQUE HNOS. S.R.L.,EMPRESA AGROPECUARIA,PORTACHUELO,0,0
1296,RICARDO PEDRAZA FLORES,INDIVIDUAL,SAN PEDRO,1,0
1297,MARIA CUELLAR APAZA,INDIVIDUAL,PORTACHUELO,0,0
1298,ASOC. PROD. MONTERO NO.1298,ASOCIACION,MONTERO,1,0
1299,ASOC. PROD. PORTACHUELO NO.1299,ASOCIACION,PORTACHUELO,1,0
1300,MIGUEL MORALES CASTRO,INDIVIDUAL,SANTA ROSA,0,0
1301,ASOC. PROD. OKINAWA NO.1301,COOPERATIVA,OKINAWA,1,0
1302,AGROP. YUJRA HNOS. S.R.L.,EMPRESA AGROPECUARIA,LA GUARDIA,1,0
1303,PAOLA MEDINA CHOQUE,INDIVIDUAL,OKINAWA,1,0
1305,ASOC. PROD. BUEN RETIRO NO.1305,COOPERATIVA,BUEN RETIRO,1,0
1306,VICTOR NAVIA QUISPE,INDIVIDUAL,YAPACANI,1,0
1307,ASOC. PROD. EL TORNO NO.1307,ASOCIACION,EL TORNO,0,0
1308,AGROP. CASTRO HNOS. S.R.L.,EMPRESA AGROPECUARIA,BUEN RETIRO,1,0
1309,AGROP. SANCHEZ HNOS. S.R.L.,EMPRESA AGROPECUARIA,OKINAWA,1,0
1310,ENRIQUE TORREZ ANTELO,INDIVIDUAL,SANTA ROSA,1,0
1311,LUIS CHUQUIMIA CATACORA,INDIVIDUAL,SAN JULIAN,0,0
1312,ASOC. PROD. LA GUARDIA NO.1312,ASOCIACION,LA GUARDIA,0,0
1313,ASOC. PROD. PORTACHUELO NO.1313,ASOCIACION,PORTACHUELO,1,0
1315,AGROP. APAZA HNOS. S.R.L.,EMPRESA AGROPECUARIA,PORTACHUELO,1,0
1316,SANDRA HUANCA AGUILAR,INDIVIDUAL,LA GUARDIA,0,0
1317,PATRICIA VASQUEZ SORIA,INDIVIDUAL,SANTA ROSA,0,0
1318,ASOC. PROD. CUATRO CANADAS NO.1318,COOPERATIVA,CUATRO CANADAS,0,0
1319,SILVIA MEDINA CATACORA,INDIVIDUAL,BUEN RETIRO,1,0
1320,NATALIA MERCADO SANCHEZ,INDIVIDUAL,GENERAL SAAVEDRA,1,0
1321,FERNANDO CATACORA ROMERO,INDIVIDUAL,SAN PEDRO,0,0
1322,ALEJANDRA CASTRO GARCIA,INDIVIDUAL,WARNES,0,0
1323,NELSON MERCADO MORALES,INDIVIDUAL,COTOCA,0,0
1324,LAURA CUELLAR MACHACA,INDIVIDUAL,ROBORE,1,0
1325,SUSANA SALVATIERRA SORIA,INDIVIDUAL,SAN JULIAN,1,0
1326,SERGIO ALVARADO CATACORA,INDIVIDUAL,PUERTO SUAREZ,0,0
1328,MONICA SORIA MONTAÑO,COMUNIDAD,PUERTO QUIJARRO,1,0
1330,DIEGO TICONA CALLISAYA,INDIVIDUAL,SAN JULIAN,0,0
1331,AGROP. COPA HNOS. S.R.L.,EMPRESA AGROPECUARIA,BUEN RETIRO,0,0
1332,ASOC. PROD. GENERAL SAAVEDRA NO.1332,COOPERATIVA,GENERAL SAAVEDRA,1,0
1333,AGROP. PINTO HNOS. S.R.L.,EMPRESA AGROPECUARIA,PORTACHUELO,1,0
1334,ASOC. PROD. WARNES NO.1334,ASOCIACION,WARNES,1,0
1335,ASOC. PROD. MONTERO NO.1335,COOPERATIVA,MONTERO,1,0
1336,ASOC. PROD. ROBORE NO.1336,COOPERATIVA,ROBORE,1,0
1337,EDWIN CRUZ MAMANI,INDIVIDUAL,SANTA ROSA,0,0
1338,MIGUEL VILLCA ALVARADO,INDIVIDUAL,ROBORE,1,0
1340,JORGE CONDORI VILLCA,INDIVIDUAL,PORTACHUELO,1,0
1341,SERGIO AGUILAR YUJRA,INDIVIDUAL,MONTERO,0,0
1342,IVAN PEDRAZA MONTAÑO,INDIVIDUAL,OKINAWA,1,0
1343,ASOC. PROD. OKINAWA NO.1343,COOPERATIVA,OKINAWA,1,0
1344,ASOC. PROD. ROBORE NO.1344,ASOCIACION,ROBORE,1,0
1345,NELSON GUTIERREZ PINTO,INDIVIDUAL,ROBORE,0,0
1346,AGROP. TORREZ HNOS. S.R.L.,EMPRESA AGROPECUARIA,EL TORNO,1,0
1347,ASOC. PROD. PAILON NO.1347,ASOCIACION,PAILON,0,0
1348,JULIO MONTAÑO MARCA,COMUNIDAD,PUERTO SUAREZ,1,0
1349,ASOC. PROD. SAN JULIAN NO.1349,COOPERATIVA,SAN JULIAN,0,0
1350,ASOC. PROD. WARNES NO.1350,COOPERATIVA,WARNES,1,0
1351,AGROP. QUISPE HNOS. S.R.L.,EMPRESA AGROPECUARIA,SAN PEDRO,0,0
1352,ASOC. PROD. CHARAGUA NO.1352,COOPERATIVA,CHARAGUA,0,0
1353,YENNY CRUZ CONDORI,INDIVIDUAL,SANTA ROSA,0,0
1354,AGROP. MONTAÑO HNOS. S.R.L.,EMPRESA AGROPECUARIA,LA GUARDIA,1,0
1355,NATALIA MAMANI NAVIA,INDIVIDUAL,MINEROS,0,0
1356,ASOC. PROD. EL TORNO NO.1356,ASOCIACION,EL TORNO,1,0
1357,LUIS ROMERO APAZA,INDIVIDUAL,COTOCA,0,0
1358,BEATRIZ MACHACA YUJRA,INDIVIDUAL,LA GUARDIA,0,0
1359,MIGUEL MORALES MORALES,INDIVIDUAL,PUERTO SUAREZ,1,0
1360,AGROP. SORIA HNOS. S.R.L.,EMPRESA AGROPECUARIA,OKINAWA,1,0
1361,YENNY CRUZ SANCHEZ,INDIVIDUAL,SANTA ROSA,0,0
1362,ASOC. PROD. MONTERO NO.1362,ASOCIACION,MONTERO,0,0
1363,ASOC. PROD. PUERTO SUAREZ NO.1363,ASOCIACION,PUERTO SUAREZ,0,0
1364,ANA PEDRAZA MAMANI,INDIVIDUAL,PUERTO SUAREZ,0,0
1366,ALBERTO MACHACA FLORES,INDIVIDUAL,LA GUARDIA,1,0
1367,ASOC. PROD. CUATRO CANADAS NO.1367,COOPERATIVA,CUATRO CANADAS,1,0
1368,MIRIAM SALVATIERRA NAVIA,INDIVIDUAL,PAILON,1,0
1369,AGROP. CUELLAR HNOS. S.R.L.,EMPRESA AGROPECUARIA,CHARAGUA,1,0
1370,ASOC. PROD. PORTACHUELO NO.1370,COOPERATIVA,PORTACHUELO,1,0
1371,JULIO MACHACA PINTO,INDIVIDUAL,MINEROS,1,0
1372,ASOC. PROD. GENERAL SAAVEDRA NO.1372,COOPERATIVA,GENERAL SAAVEDRA,0,0
1374,ANA CALLISAYA MAMANI,INDIVIDUAL,MONTERO,1,0
1375,ASOC. PROD. CUATRO CANADAS NO.1375,COOPERATIVA,CUATRO CANADAS,1,0
1376,MARIO SUAREZ RODRIGUEZ,INDIVIDUAL,PUERTO SUAREZ,0,0
1377,ASOC. PROD. CHARAGUA NO.1377,ASOCIACION,CHARAGUA,1,0
1378,EDWIN PEREZ ROMERO,INDIVIDUAL,PORTACHUELO,1,0
1379,RAUL LOPEZ MACHACA,INDIVIDUAL,SANTA ROSA,1,0
1380,FREDDY APAZA MACHACA,INDIVIDUAL,CHARAGUA,1,0
1381,ALBERTO ANTELO TORREZ,INDIVIDUAL,YAPACANI,1,0
1382,ASOC. PROD. SAN PEDRO NO.1382,ASOCIACION,SAN PEDRO,0,0
1383,ASOC. PROD. PUERTO SUAREZ NO.1383,COOPERATIVA,PUERTO SUAREZ,1,0
1384,LUIS TICONA MONTAÑO,INDIVIDUAL,WARNES,1,0
1385,ASOC. PROD. YAPACANI NO.1385,ASOCIACION,YAPACANI,1,0
1386,ASOC. PROD. GENERAL SAAVEDRA NO.1386,ASOCIACION,GENERAL SAAVEDRA,1,0
1387,ELIZABETH PEREZ MORALES,INDIVIDUAL,CUATRO CANADAS,0,0
1388,ROSA RODRIGUEZ CHUQUIMIA,INDIVIDUAL,LA GUARDIA,1,0
1389,ALBERTO SUAREZ GARCIA,INDIVIDUAL,OKINAWA,1,0
1390,LAURA MARTINEZ MACHACA,INDIVIDUAL,CUATRO CANADAS,1,0
1391,NELSON APAZA PINTO,INDIVIDUAL,MINEROS,1,0
1392,ASOC. PROD. MINEROS NO.1392,COOPERATIVA,MINEROS,0,0
1393,AGROP. COLQUE HNOS. S.R.L.,EMPRESA AGROPECUARIA,SAN JULIAN,0,0
1394,ASOC. PROD. SAN PEDRO NO.1394,ASOCIACION,SAN PEDRO,0,0
1395,DANIEL GARCIA PUMA,INDIVIDUAL,SAN JULIAN,1,0
1396,SUSANA LOPEZ SORIA,INDIVIDUAL,YAPACANI,1,0
1397,ASOC. PROD. PAILON NO.1397,ASOCIACION,PAILON,0,0
1398,AGROP. TICONA HNOS. S.R.L.,EMPRESA AGROPECUARIA,BUEN RETIRO,0,0
1399,ASOC. PROD. GENERAL SAAVEDRA NO.1399,ASOCIACION,GENERAL SAAVEDRA,1,0
1400,ASOC. PROD. LA GUARDIA NO.1400,ASOCIACION,LA GUARDIA,1,0
1401,JESSICA MACHACA YUJRA,INDIVIDUAL,OKINAWA,0,0
1402,AGROP. MONTAÑO HNOS. S.R.L.,EMPRESA AGROPECUARIA,CHARAGUA,0,0
1403,ASOC. PROD. YAPACANI NO.1403,ASOCIACION,YAPACANI,1,0
1404,MIRIAM ALVARADO CHUQUIMIA,INDIVIDUAL,LA GUARDIA,1,0
1405,AGROP. SORIA HNOS. S.R.L.,EMPRESA AGROPECUARIA,CHARAGUA,0,0
1406,MARIO COPA VACA,INDIVIDUAL,BUEN RETIRO,1,0
1407,ASOC. PROD. SANTA ROSA NO.1407,ASOCIACION,SANTA ROSA,1,0
1408,HUGO SUAREZ SORIA,INDIVIDUAL,PUERTO SUAREZ,1,0
1409,ASOC. PROD. CUATRO CANADAS NO.1409,COOPERATIVA,CUATRO CANADAS,1,0
1410,ASOC. PROD. SAN PEDRO NO.1410,ASOCIACION,SAN PEDRO,1,0
1411,ASOC. PROD. CUATRO CANADAS NO.1411,COOPERATIVA,CUATRO CANADAS,1,0
1412,SANDRA MONTAÑO FLORES,INDIVIDUAL,MINEROS,0,0
1413,ASOC. PROD. MINEROS NO.1413,ASOCIACION,MINEROS,0,0
1414,JESSICA MAMANI SUAREZ,INDIVIDUAL,EL TORNO,0,0
1415,OSCAR MAMANI MERCADO,INDIVIDUAL,PUERTO SUAREZ,1,0
1416,ASOC. PROD. PUERTO SUAREZ NO.1416,COOPERATIVA,PUERTO SUAREZ,1,0
1417,AGROP. VASQUEZ HNOS. S.R.L.,EMPRESA AGROPECUARIA,ROBORE,0,0
1418,PAOLA LIMA SORIA,INDIVIDUAL,CUATRO CANADAS,0,0
1419,ASOC. PROD. OKINAWA NO.1419,COOPERATIVA,OKINAWA,0,0
1420,SANDRA CUELLAR VASQUEZ,INDIVIDUAL,PORTACHUELO,0,0
1422,ANA LOPEZ AGUILAR,COMUNIDAD,SANTA ROSA,1,0
1423,ASOC. PROD. SAN PEDRO NO.1423,COOPERATIVA,SAN PEDRO,1,0
1424,AGROP. COLQUE HNOS. S.R.L.,EMPRESA AGROPECUARIA,CUATRO CANADAS,1,0
1425,ASOC. PROD. PUERTO QUIJARRO NO.1425,COOPERATIVA,PUERTO QUIJARRO,0,0
1426,ASOC. PROD. CHARAGUA NO.1426,COOPERATIVA,CHARAGUA,0,0
1427,AGROP. MARTINEZ HNOS. S.R.L.,EMPRESA AGROPECUARIA,YAPACANI,0,0
1428,AGROP. PINTO HNOS. S.R.L.,EMPRESA AGROPECUARIA,YAPACANI,1,0
1429,SUSANA TICONA VILLCA,INDIVIDUAL,SAN PEDRO,0,0
1430,DANIEL MARTINEZ ANTELO,INDIVIDUAL,SAN JULIAN,1,0
1431,FELIX CHAMBI CALLISAYA,INDIVIDUAL,YAPACANI,1,0
1432,RAUL CUELLAR PEDRAZA,COMUNIDAD,EL TORNO,1,0
1434,GABRIELA CRUZ APAZA,INDIVIDUAL,SANTA ROSA,0,0
1435,VICTOR COLQUE PINTO,INDIVIDUAL,PAILON,0,0
1436,LORENA AGUILAR PEREZ,INDIVIDUAL,PUERTO QUIJARRO,0,0
1437,ASOC. PROD. BUEN RETIRO NO.1437,ASOCIACION,BUEN RETIRO,1,0
1438,AGROP. ROMERO HNOS. S.R.L.,EMPRESA AGROPECUARIA,SAN PEDRO,1,0
1439,ASOC. PROD. MINEROS NO.1439,ASOCIACION,MINEROS,1,0
1440,AGROP. MEDINA HNOS. S.R.L.,EMPRESA AGROPECUARIA,SANTA ROSA,1,0
1441,VANESSA SORIA RODRIGUEZ,INDIVIDUAL,SAN PEDRO,0,0
1442,ASOC. PROD. YAPACANI NO.1442,ASOCIACION,YAPACANI,0,0
1443,ASOC. PROD. SAN PEDRO NO.1443,COOPERATIVA,SAN PEDRO,1,0
1444,OSCAR CHUQUIMIA SUAREZ,INDIVIDUAL,GENERAL SAAVEDRA,0,0
1445,CLAUDIA CHOQUE VILLCA,INDIVIDUAL,PUERTO QUIJARRO,0,0
1446,ASOC. PROD. GENERAL SAAVEDRA NO.1446,COOPERATIVA,GENERAL SAAVEDRA,0,0
1447,VICTOR PEDRAZA VARGAS,INDIVIDUAL,YAPACANI,0,0
1448,ASOC. PROD. PAILON NO.1448,ASOCIACION,PAILON,1,0
1449,AGROP. HUANCA HNOS. S.R.L.,EMPRESA AGROPECUARIA,PORTACHUELO,1,0
1450,CESAR CALLISAYA VARGAS,INDIVIDUAL,CUATRO CANADAS,0,0
1451,ASOC. PROD. EL TORNO NO.1451,ASOCIACION,EL TORNO,1,0
1452,ASOC. PROD. LA GUARDIA NO.1452,ASOCIACION,LA GUARDIA,1,0
1453,ASOC. PROD. MONTERO NO.1453,ASOCIACION,MONTERO,1,0
1454,JOSE FLORES CHOQUE,INDIVIDUAL,MONTERO,1,0
1455,ASOC. PROD. PORTACHUELO NO.1455,COOPERATIVA,PORTACHUELO,0,0
1456,GUSTAVO VARGAS CHOQUE,INDIVIDUAL,PUERTO SUAREZ,1,0
1457,JUAN CALLISAYA CHOQUE,INDIVIDUAL,SAN JULIAN,0,0
1458,MIGUEL MARCA CRUZ,INDIVIDUAL,PORTACHUELO,1,0
1459,RENE NAVIA AGUILAR,COMUNIDAD,SAN PEDRO,1,0
1460,ASOC. PROD. GENERAL SAAVEDRA NO.1460,COOPERATIVA,GENERAL SAAVEDRA,0,0
1461,ELIZABETH CHAMBI YUJRA,INDIVIDUAL,CUATRO CANADAS,0,0
1462,ENRIQUE SALVATIERRA SANCHEZ,INDIVIDUAL,CHARAGUA,1,0
1463,RENE MACHACA CHUQUIMIA,INDIVIDUAL,PUERTO QUIJARRO,1,0
1464,SANDRA MEDINA SUAREZ,INDIVIDUAL,CUATRO CANADAS,1,0
1465,DANIEL SORIA CALLISAYA,INDIVIDUAL,GENERAL SAAVEDRA,0,0
1466,SANDRA PUMA HUANCA,INDIVIDUAL,PUERTO SUAREZ,0,0
1467,ASOC. PROD. PUERTO QUIJARRO NO.1467,COOPERATIVA,PUERTO QUIJARRO,0,0
1468,FERNANDO VILLCA COLQUE,INDIVIDUAL,GENERAL SAAVEDRA,0,0
1469,ASOC. PROD. EL TORNO NO.1469,ASOCIACION,EL TORNO,1,0
1470,ASOC. PROD. CUATRO CANADAS NO.1470,COOPERATIVA,CUATRO CANADAS,1,0
1471,LUIS VILLCA AGUILAR,INDIVIDUAL,PORTACHUELO,0,0
1472,ASOC. PROD. YAPACANI NO.1472,ASOCIACION,YAPACANI,1,0
1473,ASOC. PROD. BUEN RETIRO NO.1473,ASOCIACION,BUEN RETIRO,1,0
1474,ASOC. PROD. BUEN RETIRO NO.1474,ASOCIACION,BUEN RETIRO,1,0
1475,ASOC. PROD. LA GUARDIA NO.1475,COOPERATIVA,LA GUARDIA,0,0
1476,VIVIANA AGUILAR LOPEZ,INDIVIDUAL,SANTA ROSA,1,0
1477,ASOC. PROD. EL TORNO NO.1477,ASOCIACION,EL TORNO,0,0
1478,ASOC. PROD. OKINAWA NO.1478,COOPERATIVA,OKINAWA,0,0
1479,DANIELA PEDRAZA VARGAS,INDIVIDUAL,CHARAGUA,0,0
1480,ASOC. PROD. YAPACANI NO.1480,ASOCIACION,YAPACANI,0,0
1482,AGROP. TORREZ HNOS. S.R.L.,EMPRESA AGROPECUARIA,SAN PEDRO,0,0
1483,ASOC. PROD. PUERTO SUAREZ NO.1483,ASOCIACION,PUERTO SUAREZ,0,0
1484,MIRIAM VACA NAVIA,COMUNIDAD,PAILON,1,0
1485,MARCELO TORREZ RIVERO,COMUNIDAD,CHARAGUA,1,0
1486,AGROP. CHAMBI HNOS. S.R.L.,EMPRESA AGROPECUARIA,SAN JULIAN,1,0
1487,ASOC. PROD. WARNES NO.1487,COOPERATIVA,WARNES,1,0
1488,ASOC. PROD. PORTACHUELO NO.1488,ASOCIACION,PORTACHUELO,1,0
1489,HUGO CHOQUE SALVATIERRA,INDIVIDUAL,BUEN RETIRO,1,0
1490,GABRIELA SANCHEZ CATACORA,INDIVIDUAL,COTOCA,1,0
1491,JESSICA MARCA FLORES,INDIVIDUAL,BUEN RETIRO,1,0
1492,ASOC. PROD. YAPACANI NO.1492,ASOCIACION,YAPACANI,1,0
1493,CINTHIA CONDORI SANCHEZ,INDIVIDUAL,PORTACHUELO,0,0
1494,ASOC. PROD. MINEROS NO.1494,ASOCIACION,MINEROS,0,0
1495,VICTOR COLQUE MORALES,COMUNIDAD,YAPACANI,1,0
1496,DIEGO GARCIA PINTO,INDIVIDUAL,MINEROS,0,0
1497,CINTHIA LIMA TICONA,INDIVIDUAL,OKINAWA,1,0
1498,WILBER RODRIGUEZ RODRIGUEZ,INDIVIDUAL,PAILON,0,0
1499,CAMILA YUJRA PUMA,INDIVIDUAL,PAILON,0,0
1500,HUGO CRUZ COLQUE,INDIVIDUAL,PAILON,0,0
1501,ASOC. PROD. BUEN RETIRO NO.1501,ASOCIACION,BUEN RETIRO,1,0
1502,ASOC. PROD. YAPACANI NO.1502,ASOCIACION,YAPACANI,0,0
1503,ASOC. PROD. SAN PEDRO NO.1503,COOPERATIVA,SAN PEDRO,0,0
1504,JUAN CASTRO CHOQUE,INDIVIDUAL,PAILON,0,0
1506,ASOC. PROD. WARNES NO.1506,COOPERATIVA,WARNES,1,0
1507,ASOC. PROD. WARNES NO.1507,ASOCIACION,WARNES,0,0
1508,ALEJANDRA MARCA PEREZ,INDIVIDUAL,BUEN RETIRO,0,0
1509,AGROP. VASQUEZ HNOS. S.R.L.,EMPRESA AGROPECUARIA,SANTA ROSA,0,0
1510,ASOC. PROD. PAILON NO.1510,ASOCIACION,PAILON,1,0
1511,DIEGO CATACORA GUTIERREZ,INDIVIDUAL,MONTERO,1,0
1512,ASOC. PROD. WARNES NO.1512,ASOCIACION,WARNES,0,0
1513,ASOC. PROD. MONTERO NO.1513,COOPERATIVA,MONTERO,1,0
1514,ASOC. PROD. YAPACANI NO.1514,COOPERATIVA,YAPACANI,0,0
1515,CLAUDIA CRUZ RIVERO,INDIVIDUAL,EL TORNO,0,0
1516,JOSE SANDOVAL YUJRA,COMUNIDAD,WARNES,1,0
1517,MARCELO AGUILAR TORREZ,INDIVIDUAL,WARNES,0,0
1518,ASOC. PROD. LA GUARDIA NO.1518,ASOCIACION,LA GUARDIA,0,0
1521,AGROP. COLQUE HNOS. S.R.L.,EMPRESA AGROPECUARIA,PORTACHUELO,0,0
1522,NELSON HUANCA VARGAS,INDIVIDUAL,COTOCA,0,0
1523,RICARDO APAZA RODRIGUEZ,INDIVIDUAL,GENERAL SAAVEDRA,1,0
1524,MARIA VILLCA VARGAS,COMUNIDAD,SAN JULIAN,1,0
1525,NELSON GUTIERREZ SORIA,INDIVIDUAL,EL TORNO,1,0
1526,ASOC. PROD. ROBORE NO.1526,ASOCIACION,ROBORE,0,0
1527,ENRIQUE CHAMBI GUTIERREZ,INDIVIDUAL,COTOCA,0,0
1528,ALBERTO GUTIERREZ FLORES,INDIVIDUAL,MONTERO,1,0
1529,IVAN SORIA CONDORI,INDIVIDUAL,PUERTO SUAREZ,0,0
1530,LUIS AGUILAR GARCIA,INDIVIDUAL,MINEROS,0,0
1531,SERGIO COPA CHUQUIMIA,INDIVIDUAL,PUERTO QUIJARRO,0,0
1532,ASOC. PROD. SANTA ROSA NO.1532,COOPERATIVA,SANTA ROSA,1,0
1533,ASOC. PROD. LA GUARDIA NO.1533,ASOCIACION,LA GUARDIA,0,0
1534,MARCO SANCHEZ NAVIA,INDIVIDUAL,CHARAGUA,0,0
1535,CARMEN MEDINA RODRIGUEZ,INDIVIDUAL,CUATRO CANADAS,0,0
1536,ASOC. PROD. LA GUARDIA NO.1536,ASOCIACION,LA GUARDIA,1,0
1537,ASOC. PROD. COTOCA NO.1537,ASOCIACION,COTOCA,0,0
1538,RAUL GARCIA HUANCA,INDIVIDUAL,COTOCA,0,0
1539,ASOC. PROD. SAN JULIAN NO.1539,COOPERATIVA,SAN JULIAN,0,0
1540,MARCO YUJRA MACHACA,INDIVIDUAL,PUERTO SUAREZ,0,0
1541,ASOC. PROD. PAILON NO.1541,COOPERATIVA,PAILON,1,0
1542,DANIELA QUISPE ALVARADO,COMUNIDAD,PORTACHUELO,1,0
1543,ROSA MARCA MARTINEZ,INDIVIDUAL,SAN JULIAN,0,0
1544,ASOC. PROD. MINEROS NO.1544,ASOCIACION,MINEROS,0,0
1545,GABRIELA MACHACA SALVATIERRA,COMUNIDAD,COTOCA,0,0
1546,LAURA VASQUEZ RIVERO,INDIVIDUAL,GENERAL SAAVEDRA,1,0
1547,CINTHIA CHOQUE VACA,INDIVIDUAL,SANTA ROSA,1,0
1548,JHONNY CATACORA MACHACA,INDIVIDUAL,MONTERO,1,0
1549,ASOC. PROD. SANTA ROSA NO.1549,COOPERATIVA,SANTA ROSA,1,0
1550,VICTOR VACA GUTIERREZ,INDIVIDUAL,COTOCA,1,0
1551,ASOC. PROD. MINEROS NO.1551,ASOCIACION,MINEROS,0,0
1552,ASOC. PROD. SANTA ROSA NO.1552,ASOCIACION,SANTA ROSA,0,0
1553,VALERIA PUMA RODRIGUEZ,INDIVIDUAL,ROBORE,1,0
1554,SILVIA SANDOVAL TORREZ,INDIVIDUAL,SAN PEDRO,1,0
1555,ANA VACA GUTIERREZ,INDIVIDUAL,CHARAGUA,0,0
1556,ASOC. PROD. PORTACHUELO NO.1556,COOPERATIVA,PORTACHUELO,1,0
1557,ALEJANDRA PEDRAZA CUELLAR,INDIVIDUAL,BUEN RETIRO,1,0
1558,AGROP. GARCIA HNOS. S.R.L.,EMPRESA AGROPECUARIA,COTOCA,0,0
1559,PAOLA COPA PEREZ,COMUNIDAD,WARNES,1,0
1560,AGROP. CATACORA HNOS. S.R.L.,EMPRESA AGROPECUARIA,CHARAGUA,1,0
1561,ASOC. PROD. PORTACHUELO NO.1561,ASOCIACION,PORTACHUELO,0,0
1562,ASOC. PROD. PUERTO SUAREZ NO.1562,ASOCIACION,PUERTO SUAREZ,1,0
1563,VALERIA CHUQUIMIA COPA,INDIVIDUAL,COTOCA,1,0
1564,RICARDO COLQUE CASTRO,INDIVIDUAL,CHARAGUA,0,0
1565,AGROP. RIVERO HNOS. S.R.L.,EMPRESA AGROPECUARIA,ROBORE,0,0
1566,ELIZABETH CASTRO MARTINEZ,INDIVIDUAL,SAN PEDRO,0,0
1567,FREDDY CHAMBI SANCHEZ,INDIVIDUAL,PORTACHUELO,1,0
1568,ASOC. PROD. PAILON NO.1568,ASOCIACION,PAILON,0,0
1569,WILBER CATACORA GARCIA,INDIVIDUAL,PUERTO SUAREZ,1,0
1570,AGROP. VACA HNOS. S.R.L.,EMPRESA AGROPECUARIA,ROBORE,0,0
1571,AGROP. CRUZ HNOS. S.R.L.,EMPRESA AGROPECUARIA,MINEROS,1,0
1572,LUIS PINTO CASTRO,INDIVIDUAL,CUATRO CANADAS,0,0
1573,VANESSA SUAREZ ALVARADO,INDIVIDUAL,PAILON,0,0
1574,HUGO CHAMBI LIMA,INDIVIDUAL,OKINAWA,1,0
1575,AGROP. CATACORA HNOS. S.R.L.,EMPRESA AGROPECUARIA,CHARAGUA,1,0
1576,ASOC. PROD. BUEN RETIRO NO.1576,ASOCIACION,BUEN RETIRO,1,0
1577,FREDDY CASTRO PINTO,INDIVIDUAL,BUEN RETIRO,0,0
1578,ASOC. PROD. COTOCA NO.1578,ASOCIACION,COTOCA,1,0
1579,ASOC. PROD. EL TORNO NO.1579,COOPERATIVA,EL TORNO,0,0
1580,HUGO ANTELO MACHACA,INDIVIDUAL,CUATRO CANADAS,1,0
1581,ASOC. PROD. PUERTO SUAREZ NO.1581,COOPERATIVA,PUERTO SUAREZ,0,0
1582,HUGO FLORES PEDRAZA,INDIVIDUAL,SAN JULIAN,1,0
1584,ASOC. PROD. SANTA ROSA NO.1584,COOPERATIVA,SANTA ROSA,1,0
1585,ANA TICONA CALLISAYA,COMUNIDAD,OKINAWA,0,0
1586,RONALD GUTIERREZ ROMERO,INDIVIDUAL,LA GUARDIA,0,0
1587,VALERIA SALVATIERRA PUMA,INDIVIDUAL,PUERTO QUIJARRO,0,0
1588,ASOC. PROD. GENERAL SAAVEDRA NO.1588,COOPERATIVA,GENERAL SAAVEDRA,0,0
1589,CINTHIA APAZA MAMANI,INDIVIDUAL,EL TORNO,1,0
1590,ASOC. PROD. BUEN RETIRO NO.1590,COOPERATIVA,BUEN RETIRO,0,0
1591,ASOC. PROD. CUATRO CANADAS NO.1591,ASOCIACION,CUATRO CANADAS,1,0
1592,DANIEL CHAMBI AGUILAR,INDIVIDUAL,MONTERO,0,0
1593,ASOC. PROD. ROBORE NO.1593,COOPERATIVA,ROBORE,0,0
1594,AGROP. CASTRO HNOS. S.R.L.,EMPRESA AGROPECUARIA,SANTA ROSA,1,0
1595,ANA VASQUEZ SANDOVAL,INDIVIDUAL,BUEN RETIRO,0,0
1596,ASOC. PROD. MONTERO NO.1596,COOPERATIVA,MONTERO,0,0
1597,VIVIANA VASQUEZ MONTAÑO,INDIVIDUAL,YAPACANI,0,0
1598,ASOC. PROD. EL TORNO NO.1598,ASOCIACION,EL TORNO,1,0
1599,SILVIA SALVATIERRA PEDRAZA,INDIVIDUAL,BUEN RETIRO,0,0
1600,ASOC. PROD. PAILON NO.1600,COOPERATIVA,PAILON,1,0
1601,ROBERTO COLQUE CONDORI,INDIVIDUAL,BUEN RETIRO,1,0
1602,ASOC. PROD. PUERTO SUAREZ NO.1602,ASOCIACION,PUERTO SUAREZ,0,0
1603,FELIX CRUZ SALVATIERRA,INDIVIDUAL,CUATRO CANADAS,1,0
1604,ASOC. PROD. MONTERO NO.1604,ASOCIACION,MONTERO,0,0
1605,FELIX LOPEZ MEDINA,INDIVIDUAL,EL TORNO,1,0
1606,ASOC. PROD. SAN PEDRO NO.1606,COOPERATIVA,SAN PEDRO,1,0
1607,ASOC. PROD. CUATRO CANADAS NO.1607,COOPERATIVA,CUATRO CANADAS,0,0
1608,ASOC. PROD. PORTACHUELO NO.1608,COOPERATIVA,PORTACHUELO,0,0
1609,AGROP. TORREZ HNOS. S.R.L.,EMPRESA AGROPECUARIA,MONTERO,1,0
1610,MIRIAM COPA RIVERO,INDIVIDUAL,PUERTO QUIJARRO,0,0
1611,ASOC. PROD. COTOCA NO.1611,COOPERATIVA,COTOCA,1,0
1612,AGROP. VILLCA HNOS. S.R.L.,EMPRESA AGROPECUARIA,BUEN RETIRO,0,0
1613,RONALD MARCA ANTELO,INDIVIDUAL,PUERTO SUAREZ,1,0
1615,ASOC. PROD. PORTACHUELO NO.1615,ASOCIACION,PORTACHUELO,0,0
1616,AGROP. GUTIERREZ HNOS. S.R.L.,EMPRESA AGROPECUARIA,EL TORNO,1,0
1617,RICARDO VILLCA LOPEZ,INDIVIDUAL,COTOCA,0,0
1618,MONICA MONTAÑO CONDORI,INDIVIDUAL,PUERTO SUAREZ,1,0
1620,ASOC. PROD. GENERAL SAAVEDRA NO.1620,ASOCIACION,GENERAL SAAVEDRA,0,0
1621,RICHARD GARCIA HUANCA,INDIVIDUAL,COTOCA,0,0
1622,ASOC. PROD. OKINAWA NO.1622,COOPERATIVA,OKINAWA,1,0
1623,ASOC. PROD. CHARAGUA NO.1623,ASOCIACION,CHARAGUA,0,0
1624,ASOC. PROD. PAILON NO.1624,COOPERATIVA,PAILON,1,0
1625,AGROP. MERCADO HNOS. S.R.L.,EMPRESA AGROPECUARIA,WARNES,1,0
1626,ASOC. PROD. BUEN RETIRO NO.1626,ASOCIACION,BUEN RETIRO,0,0
1627,PEDRO SALVATIERRA RODRIGUEZ,INDIVIDUAL,MONTERO,0,0
1628,ASOC. PROD. WARNES NO.1628,ASOCIACION,WARNES,1,0
1629,AGROP. MACHACA HNOS. S.R.L.,EMPRESA AGROPECUARIA,PUERTO QUIJARRO,0,0
1630,ASOC. PROD. SAN PEDRO NO.1630,ASOCIACION,SAN PEDRO,0,0
1631,ASOC. PROD. OKINAWA NO.1631,COOPERATIVA,OKINAWA,1,0
1632,ASOC. PROD. CHARAGUA NO.1632,COOPERATIVA,CHARAGUA,1,0
1633,AGROP. MAMANI HNOS. S.R.L.,EMPRESA AGROPECUARIA,ROBORE,0,0
1634,CAMILA SORIA RIVERO,INDIVIDUAL,PUERTO QUIJARRO,0,0
1635,ASOC. PROD. YAPACANI NO.1635,ASOCIACION,YAPACANI,0,0
1636,ALBERTO MARCA SUAREZ,INDIVIDUAL,SANTA ROSA,0,0
1637,ASOC. PROD. LA GUARDIA NO.1637,ASOCIACION,LA GUARDIA,1,0
1638,CARLOS ANTELO ANTELO,INDIVIDUAL,CHARAGUA,0,0
1641,CHRISTIAN LOPEZ MEDINA,INDIVIDUAL,CHARAGUA,0,0
1642,AGROP. COPA HNOS. S.R.L.,EMPRESA AGROPECUARIA,EL TORNO,1,0
1643,OSCAR MEDINA MERCADO,INDIVIDUAL,PUERTO SUAREZ,1,0
1644,CARLOS FLORES CHOQUE,INDIVIDUAL,BUEN RETIRO,0,0
1645,AGROP. PEDRAZA HNOS. S.R.L.,EMPRESA AGROPECUARIA,BUEN RETIRO,1,0
1646,MONICA CHOQUE VASQUEZ,INDIVIDUAL,GENERAL SAAVEDRA,0,0
1647,YENNY VASQUEZ CRUZ,INDIVIDUAL,CHARAGUA,0,0
1648,OSCAR COLQUE COLQUE,INDIVIDUAL,SAN PEDRO,0,0
1649,CINTHIA MERCADO MERCADO,INDIVIDUAL,CHARAGUA,0,0
1650,ASOC. PROD. COTOCA NO.1650,ASOCIACION,COTOCA,0,0
1651,VICTOR PUMA COPA,INDIVIDUAL,SAN PEDRO,1,0
1652,ASOC. PROD. LA GUARDIA NO.1652,ASOCIACION,LA GUARDIA,1,0
1653,CESAR TICONA TICONA,INDIVIDUAL,WARNES,1,0
1654,BORIS VILLCA COLQUE,INDIVIDUAL,WARNES,1,0
1655,ASOC. PROD. PUERTO SUAREZ NO.1655,ASOCIACION,PUERTO SUAREZ,1,0
1656,ASOC. PROD. MINEROS NO.1656,COOPERATIVA,MINEROS,0,0
1657,ASOC. PROD. SAN PEDRO NO.1657,ASOCIACION,SAN PEDRO,0,0
1658,RENE SANCHEZ VARGAS,INDIVIDUAL,PUERTO SUAREZ,1,0
1659,RICARDO MAMANI SALVATIERRA,INDIVIDUAL,GENERAL SAAVEDRA,1,0
1660,SILVIA CATACORA FLORES,INDIVIDUAL,EL TORNO,0,0
1661,ASOC. PROD. ROBORE NO.1661,COOPERATIVA,ROBORE,0,0
1662,AGROP. PEREZ HNOS. S.R.L.,EMPRESA AGROPECUARIA,PUERTO SUAREZ,0,0
1663,ASOC. PROD. BUEN RETIRO NO.1663,ASOCIACION,BUEN RETIRO,0,0
1664,ASOC. PROD. LA GUARDIA NO.1664,ASOCIACION,LA GUARDIA,0,0
1665,ASOC. PROD. PUERTO SUAREZ NO.1665,ASOCIACION,PUERTO SUAREZ,1,0
1666,BEATRIZ NAVIA CHOQUE,COMUNIDAD,PAILON,0,0
1668,SILVIA FLORES ALVARADO,INDIVIDUAL,CHARAGUA,0,0
1670,ASOC. PROD. ROBORE NO.1670,COOPERATIVA,ROBORE,0,0
1671,AGROP. MARTINEZ HNOS. S.R.L.,EMPRESA AGROPECUARIA,EL TORNO,1,0
1672,ASOC. PROD. PORTACHUELO NO.1672,ASOCIACION,PORTACHUELO,0,0
1673,FERNANDO MARCA PUMA,INDIVIDUAL,BUEN RETIRO,1,0
1674,ASOC. PROD. OKINAWA NO.1674,ASOCIACION,OKINAWA,1,0
1675,RENE MEDINA MONTAÑO,INDIVIDUAL,PAILON,1,0
1676,ASOC. PROD. OKINAWA NO.1676,ASOCIACION,OKINAWA,1,0
1677,AGROP. ROMERO HNOS. S.R.L.,EMPRESA AGROPECUARIA,CUATRO CANADAS,1,0
1678,ASOC. PROD. PORTACHUELO NO.1678,ASOCIACION,PORTACHUELO,0,0
1679,AGROP. CATACORA HNOS. S.R.L.,EMPRESA AGROPECUARIA,GENERAL SAAVEDRA,0,0
1680,ASOC. PROD. PORTACHUELO NO.1680,COOPERATIVA,PORTACHUELO,1,0
1681,RODRIGO CHAMBI MERCADO,INDIVIDUAL,COTOCA,1,0
1682,DANIELA CHAMBI TICONA,INDIVIDUAL,OKINAWA,1,0
1683,ASOC. PROD. PUERTO QUIJARRO NO.1683,ASOCIACION,PUERTO QUIJARRO,0,0
1685,AGROP. GARCIA HNOS. S.R.L.,EMPRESA AGROPECUARIA,MINEROS,0,0
1687,MARCELO VILLCA SANDOVAL,INDIVIDUAL,ROBORE,1,0
1688,ASOC. PROD. PAILON NO.1688,COOPERATIVA,PAILON,0,0
1689,ASOC. PROD. EL TORNO NO.1689,ASOCIACION,EL TORNO,1,0
1690,MONICA SUAREZ QUISPE,INDIVIDUAL,YAPACANI,1,0
1691,AGROP. ROMERO HNOS. S.R.L.,EMPRESA AGROPECUARIA,GENERAL SAAVEDRA,1,0
1692,OSCAR SANCHEZ SANDOVAL,INDIVIDUAL,PUERTO SUAREZ,1,0
1693,ASOC. PROD. CHARAGUA NO.1693,COOPERATIVA,CHARAGUA,1,0
1694,ASOC. PROD. PAILON NO.1694,ASOCIACION,PAILON,0,0
1695,ASOC. PROD. LA GUARDIA NO.1695,ASOCIACION,LA GUARDIA,1,0
1696,ASOC. PROD. WARNES NO.1696,ASOCIACION,WARNES,1,0
1698,AGROP. PINTO HNOS. S.R.L.,EMPRESA AGROPECUARIA,MONTERO,1,0
1699,MARIO SANCHEZ CUELLAR,COMUNIDAD,OKINAWA,0,0
1700,AGROP. SALVATIERRA HNOS. S.R.L.,EMPRESA AGROPECUARIA,MONTERO,0,0
1701,ASOC. PROD. GENERAL SAAVEDRA NO.1701,ASOCIACION,GENERAL SAAVEDRA,0,0
1702,SILVIA CUELLAR MORALES,INDIVIDUAL,MONTERO,1,0
1703,YENNY VASQUEZ VILLCA,COMUNIDAD,COTOCA,1,0
1704,ENRIQUE PEDRAZA HUANCA,INDIVIDUAL,SAN PEDRO,1,0
1705,CAMILA QUISPE MARCA,INDIVIDUAL,ROBORE,0,0
1706,MARIA ANTELO COPA,INDIVIDUAL,COTOCA,0,0
1708,ASOC. PROD. PUERTO SUAREZ NO.1708,COOPERATIVA,PUERTO SUAREZ,1,0
1709,MARCO LOPEZ CALLISAYA,INDIVIDUAL,CUATRO CANADAS,0,0
1710,JHONNY MORALES CALLISAYA,COMUNIDAD,SAN PEDRO,1,0
1711,ASOC. PROD. LA GUARDIA NO.1711,ASOCIACION,LA GUARDIA,1,0
1712,ASOC. PROD. SAN PEDRO NO.1712,ASOCIACION,SAN PEDRO,0,0
1713,AGROP. SORIA HNOS. S.R.L.,EMPRESA AGROPECUARIA,PORTACHUELO,0,0
1714,ASOC. PROD. ROBORE NO.1714,COOPERATIVA,ROBORE,1,0
1715,ROSA MONTAÑO MEDINA,COMUNIDAD,BUEN RETIRO,1,0
1716,OSCAR GARCIA TICONA,INDIVIDUAL,GENERAL SAAVEDRA,1,0
1717,PAOLA MAMANI PINTO,INDIVIDUAL,OKINAWA,0,0
1718,DIEGO AGUILAR RODRIGUEZ,INDIVIDUAL,SANTA ROSA,0,0
1719,AGROP. QUISPE HNOS. S.R.L.,EMPRESA AGROPECUARIA,PUERTO QUIJARRO,0,0
1720,ASOC. PROD. SAN PEDRO NO.1720,ASOCIACION,SAN PEDRO,0,0
1721,RICHARD LIMA CRUZ,INDIVIDUAL,MONTERO,1,0
1722,ASOC. PROD. EL TORNO NO.1722,ASOCIACION,EL TORNO,0,0
1724,ASOC. PROD. WARNES NO.1724,ASOCIACION,WARNES,1,0
1725,PEDRO PEREZ MORALES,INDIVIDUAL,EL TORNO,1,0
1726,ASOC. PROD. MINEROS NO.1726,ASOCIACION,MINEROS,1,0
1727,LAURA NAVIA CHOQUE,INDIVIDUAL,SAN PEDRO,0,0
1728,AGROP. MACHACA HNOS. S.R.L.,EMPRESA AGROPECUARIA,PORTACHUELO,0,0
1729,JUAN MARTINEZ MERCADO,INDIVIDUAL,SAN JULIAN,0,0
1730,MIGUEL LOPEZ SALVATIERRA,INDIVIDUAL,BUEN RETIRO,0,0
1731,JUAN CATACORA RIVERO,INDIVIDUAL,PUERTO QUIJARRO,1,0
1732,FREDDY RIVERO MONTAÑO,INDIVIDUAL,MONTERO,1,0
1733,ASOC. PROD. PAILON NO.1733,COOPERATIVA,PAILON,1,0
1734,MIRIAM CRUZ QUISPE,INDIVIDUAL,ROBORE,0,0
1735,ASOC. PROD. PUERTO SUAREZ NO.1735,ASOCIACION,PUERTO SUAREZ,1,0
1736,AGROP. MONTAÑO HNOS. S.R.L.,EMPRESA AGROPECUARIA,GENERAL SAAVEDRA,1,0
1737,AGROP. VARGAS HNOS. S.R.L.,EMPRESA AGROPECUARIA,LA GUARDIA,0,0
1738,BORIS SORIA VACA,INDIVIDUAL,OKINAWA,1,0
1740,ASOC. PROD. MINEROS NO.1740,COOPERATIVA,MINEROS,1,0
1742,ASOC. PROD. YAPACANI NO.1742,COOPERATIVA,YAPACANI,0,0
1743,MARIO MARTINEZ PUMA,INDIVIDUAL,SAN PEDRO,0,0
1744,ASOC. PROD. PAILON NO.1744,ASOCIACION,PAILON,1,0
1745,ASOC. PROD. SAN JULIAN NO.1745,ASOCIACION,SAN JULIAN,0,0
1746,AGROP. LIMA HNOS. S.R.L.,EMPRESA AGROPECUARIA,EL TORNO,1,0
1747,ASOC. PROD. MONTERO NO.1747,ASOCIACION,MONTERO,0,0
1748,PAOLA ALVARADO AGUILAR,INDIVIDUAL,GENERAL SAAVEDRA,0,0
1749,BORIS CRUZ MACHACA,COMUNIDAD,PUERTO SUAREZ,1,0
1750,PAOLA TORREZ COLQUE,COMUNIDAD,PAILON,0,0
1751,FERNANDO PEDRAZA VACA,COMUNIDAD,YAPACANI,0,0
1752,ASOC. PROD. MINEROS NO.1752,COOPERATIVA,MINEROS,1,0
1753,AGROP. NAVIA HNOS. S.R.L.,EMPRESA AGROPECUARIA,OKINAWA,1,0
1754,JULIO COLQUE SUAREZ,INDIVIDUAL,EL TORNO,1,0
1755,VANESSA MEDINA SUAREZ,INDIVIDUAL,SAN PEDRO,1,0
1756,ANDREA PINTO SUAREZ,INDIVIDUAL,BUEN RETIRO,1,0
1757,ASOC. PROD. OKINAWA NO.1757,ASOCIACION,OKINAWA,1,0
1758,ASOC. PROD. SAN JULIAN NO.1758,ASOCIACION,SAN JULIAN,0,0
1759,ALFREDO HUANCA VARGAS,INDIVIDUAL,OKINAWA,0,0
1760,ASOC. PROD. ROBORE NO.1760,COOPERATIVA,ROBORE,1,0
1761,RONALD TORREZ SALVATIERRA,INDIVIDUAL,SAN PEDRO,0,0
1762,JUAN HUANCA YUJRA,INDIVIDUAL,YAPACANI,1,0
1763,ASOC. PROD. SAN PEDRO NO.1763,COOPERATIVA,SAN PEDRO,1,0
1764,WILBER PUMA APAZA,INDIVIDUAL,COTOCA,0,0
1765,ASOC. PROD. BUEN RETIRO NO.1765,ASOCIACION,BUEN RETIRO,0,0
1766,CARMEN MACHACA SANCHEZ,INDIVIDUAL,SAN PEDRO,0,0
1767,DANIELA MAMANI CHOQUE,INDIVIDUAL,EL TORNO,1,0
1768,AGROP. MONTAÑO HNOS. S.R.L.,EMPRESA AGROPECUARIA,MONTERO,0,0
1769,AGROP. CHUQUIMIA HNOS. S.R.L.,EMPRESA AGROPECUARIA,OKINAWA,1,0
1770,CARLOS MARCA GARCIA,COMUNIDAD,WARNES,1,0
1771,AGROP. CATACORA HNOS. S.R.L.,EMPRESA AGROPECUARIA,PORTACHUELO,0,0
1772,RENE MORALES SUAREZ,INDIVIDUAL,MINEROS,0,0
1773,ASOC. PROD. PUERTO SUAREZ NO.1773,ASOCIACION,PUERTO SUAREZ,1,0
1774,AGROP. CHOQUE HNOS. S.R.L.,EMPRESA AGROPECUARIA,COTOCA,1,0
1775,FELIX NAVIA TORREZ,INDIVIDUAL,PAILON,0,0
1776,FREDDY CHAMBI LIMA,INDIVIDUAL,MINEROS,1,0
1777,AGROP. TORREZ HNOS. S.R.L.,EMPRESA AGROPECUARIA,YAPACANI,1,0
1778,OSCAR GARCIA MEDINA,INDIVIDUAL,YAPACANI,1,0
1779,ASOC. PROD. GENERAL SAAVEDRA NO.1779,COOPERATIVA,GENERAL SAAVEDRA,1,0
1780,AGROP. QUISPE HNOS. S.R.L.,EMPRESA AGROPECUARIA,BUEN RETIRO,0,0
1781,ASOC. PROD. PUERTO QUIJARRO NO.1781,ASOCIACION,PUERTO QUIJARRO,0,0
1782,MARCELO FLORES COLQUE,COMUNIDAD,MONTERO,1,0
1783,ASOC. PROD. CHARAGUA NO.1783,COOPERATIVA,CHARAGUA,1,0
1785,AGROP. CUELLAR HNOS. S.R.L.,EMPRESA AGROPECUARIA,ROBORE,0,0
1786,ASOC. PROD. CHARAGUA NO.1786,ASOCIACION,CHARAGUA,0,0
1787,CAMILA MONTAÑO CUELLAR,INDIVIDUAL,SAN PEDRO,1,0
1788,ASOC. PROD. OKINAWA NO.1788,ASOCIACION,OKINAWA,1,0
1789,CAMILA CHOQUE PEDRAZA,INDIVIDUAL,SAN PEDRO,1,0
1790,ASOC. PROD. CHARAGUA NO.1790,COOPERATIVA,CHARAGUA,1,0
1791,MIGUEL MORALES SALVATIERRA,INDIVIDUAL,PORTACHUELO,0,0
1792,LAURA VASQUEZ AGUILAR,INDIVIDUAL,COTOCA,1,0
1793,ASOC. PROD. SAN JULIAN NO.1793,COOPERATIVA,SAN JULIAN,1,0
1794,ASOC. PROD. LA GUARDIA NO.1794,COOPERATIVA,LA GUARDIA,0,0
1795,ASOC. PROD. SANTA ROSA NO.1795,ASOCIACION,SANTA ROSA,1,0
1796,ASOC. PROD. EL TORNO NO.1796,ASOCIACION,EL TORNO,0,0
1797,ASOC. PROD. MONTERO NO.1797,COOPERATIVA,MONTERO,1,0
1799,ASOC. PROD. OKINAWA NO.1799,COOPERATIVA,OKINAWA,0,0
1800,CARMEN TORREZ MARTINEZ,INDIVIDUAL,CHARAGUA,0,0
1801,VICTOR TICONA VACA,INDIVIDUAL,EL TORNO,1,0
1802,ALFREDO HUANCA MERCADO,INDIVIDUAL,WARNES,0,0
1804,ASOC. PROD. GENERAL SAAVEDRA NO.1804,ASOCIACION,GENERAL SAAVEDRA,1,0
1805,CHRISTIAN PEDRAZA ALVARADO,COMUNIDAD,CHARAGUA,0,0
1806,ASOC. PROD. OKINAWA NO.1806,ASOCIACION,OKINAWA,0,0
1807,ASOC. PROD. EL TORNO NO.1807,ASOCIACION,EL TORNO,0,0
1808,ASOC. PROD. ROBORE NO.1808,COOPERATIVA,ROBORE,0,0
1809,RENE MERCADO PUMA,INDIVIDUAL,COTOCA,1,0
1811,GABRIELA FLORES SALVATIERRA,INDIVIDUAL,BUEN RETIRO,1,0
1812,BEATRIZ COLQUE LIMA,INDIVIDUAL,WARNES,1,0
1813,ASOC. PROD. OKINAWA NO.1813,ASOCIACION,OKINAWA,1,0
1814,ASOC. PROD. EL TORNO NO.1814,ASOCIACION,EL TORNO,1,0
1815,ASOC. PROD. LA GUARDIA NO.1815,COOPERATIVA,LA GUARDIA,1,0
1816,CLAUDIA YUJRA PUMA,COMUNIDAD,PORTACHUELO,1,0
1817,RICARDO CONDORI VARGAS,INDIVIDUAL,CUATRO CANADAS,0,0
1819,ASOC. PROD. SAN PEDRO NO.1819,ASOCIACION,SAN PEDRO,1,0
1820,ALEJANDRA CALLISAYA MAMANI,INDIVIDUAL,MINEROS,1,0
1821,ELIZABETH TICONA MEDINA,INDIVIDUAL,SAN PEDRO,1,0
1822,RICARDO MAMANI SORIA,INDIVIDUAL,SAN PEDRO,0,0
1823,ASOC. PROD. BUEN RETIRO NO.1823,ASOCIACION,BUEN RETIRO,0,0
1824,ASOC. PROD. WARNES NO.1824,COOPERATIVA,WARNES,0,0
1825,CLAUDIA CRUZ MORALES,COMUNIDAD,OKINAWA,0,0
1826,ROBERTO MACHACA NAVIA,COMUNIDAD,CHARAGUA,1,0
1827,DIEGO CRUZ ROMERO,INDIVIDUAL,PUERTO QUIJARRO,0,0
1828,AGROP. YUJRA HNOS. S.R.L.,EMPRESA AGROPECUARIA,PUERTO QUIJARRO,1,0
1829,SANDRA VARGAS NAVIA,INDIVIDUAL,SANTA ROSA,1,0
1830,ASOC. PROD. SAN JULIAN NO.1830,COOPERATIVA,SAN JULIAN,0,0
1831,PATRICIA NAVIA MERCADO,INDIVIDUAL,SAN JULIAN,0,0
1832,VALERIA SORIA VARGAS,INDIVIDUAL,YAPACANI,1,0
1833,AGROP. SALVATIERRA HNOS. S.R.L.,EMPRESA AGROPECUARIA,SAN PEDRO,1,0
1834,ASOC. PROD. PUERTO QUIJARRO NO.1834,ASOCIACION,PUERTO QUIJARRO,1,0
1835,YENNY CATACORA VASQUEZ,INDIVIDUAL,EL TORNO,0,0
1836,JESSICA SORIA VILLCA,INDIVIDUAL,LA GUARDIA,1,0
1837,AGROP. PINTO HNOS. S.R.L.,EMPRESA AGROPECUARIA,EL TORNO,1,0
1838,AGROP. MERCADO HNOS. S.R.L.,EMPRESA AGROPECUARIA,MINEROS,0,0
1839,SILVIA PUMA FLORES,INDIVIDUAL,CHARAGUA,0,0
1840,JHONNY MONTAÑO VACA,INDIVIDUAL,GENERAL SAAVEDRA,1,0
1841,NELSON AGUILAR CHAMBI,INDIVIDUAL,CHARAGUA,1,0
1842,ASOC. PROD. EL TORNO NO.1842,ASOCIACION,EL TORNO,1,0
1843,LAURA PINTO CRUZ,INDIVIDUAL,EL TORNO,1,0
1844,CESAR SORIA MACHACA,INDIVIDUAL,OKINAWA,1,0
1845,ASOC. PROD. BUEN RETIRO NO.1845,ASOCIACION,BUEN RETIRO,1,0
1846,SILVIA CHUQUIMIA FLORES,INDIVIDUAL,WARNES,1,0
1847,CHRISTIAN APAZA ANTELO,INDIVIDUAL,CUATRO CANADAS,0,0
1848,ASOC. PROD. MINEROS NO.1848,ASOCIACION,MINEROS,1,0
1849,ASOC. PROD. CUATRO CANADAS NO.1849,COOPERATIVA,CUATRO CANADAS,0,0
1850,ASOC. PROD. WARNES NO.1850,ASOCIACION,WARNES,0,0
1851,ASOC. PROD. CUATRO CANADAS NO.1851,ASOCIACION,CUATRO CANADAS,0,0
1852,AGROP. ROMERO HNOS. S.R.L.,EMPRESA AGROPECUARIA,OKINAWA,1,0
1853,ASOC. PROD. ROBORE NO.1853,ASOCIACION,ROBORE,1,0
1854,ASOC. PROD. ROBORE NO.1854,ASOCIACION,ROBORE,1,0
1855,ASOC. PROD. BUEN RETIRO NO.1855,COOPERATIVA,BUEN RETIRO,0,0
1856,ASOC. PROD. PUERTO QUIJARRO NO.1856,COOPERATIVA,PUERTO QUIJARRO,0,0
1857,ASOC. PROD. MINEROS NO.1857,COOPERATIVA,MINEROS,0,0
1858,VIVIANA SORIA PUMA,INDIVIDUAL,SAN PEDRO,1,0
1859,ASOC. PROD. PUERTO SUAREZ NO.1859,ASOCIACION,PUERTO SUAREZ,1,0
1860,AGROP. MACHACA HNOS. S.R.L.,EMPRESA AGROPECUARIA,OKINAWA,0,0
1861,PATRICIA LOPEZ CRUZ,INDIVIDUAL,SANTA ROSA,1,0
1862,ASOC. PROD. LA GUARDIA NO.1862,COOPERATIVA,LA GUARDIA,1,0
1863,ASOC. PROD. WARNES NO.1863,ASOCIACION,WARNES,1,0
1864,ROBERTO RIVERO MONTAÑO,COMUNIDAD,ROBORE,1,0
1865,MARIO AGUILAR CUELLAR,INDIVIDUAL,PORTACHUELO,1,0
1866,LAURA GUTIERREZ CUELLAR,INDIVIDUAL,LA GUARDIA,0,0
1867,ASOC. PROD. OKINAWA NO.1867,ASOCIACION,OKINAWA,1,0
1868,ALFREDO PUMA YUJRA,INDIVIDUAL,PAILON,0,0
1869,RICHARD CRUZ MAMANI,INDIVIDUAL,PAILON,0,0
1870,ASOC. PROD. CUATRO CANADAS NO.1870,ASOCIACION,CUATRO CANADAS,0,0
1871,ANA TORREZ COPA,INDIVIDUAL,WARNES,1,0
1872,ASOC. PROD. LA GUARDIA NO.1872,ASOCIACION,LA GUARDIA,1,0
1873,ASOC. PROD. GENERAL SAAVEDRA NO.1873,COOPERATIVA,GENERAL SAAVEDRA,1,0
1874,ANDREA SANDOVAL CHAMBI,INDIVIDUAL,EL TORNO,1,0
1875,SANDRA MONTAÑO ALVARADO,INDIVIDUAL,OKINAWA,1,0
1877,MARIA ALVARADO YUJRA,INDIVIDUAL,CHARAGUA,1,0
1878,RAUL ALVARADO CHUQUIMIA,INDIVIDUAL,EL TORNO,0,0
1879,FERNANDO ANTELO VASQUEZ,INDIVIDUAL,OKINAWA,0,0
1880,CHRISTIAN CRUZ SANCHEZ,INDIVIDUAL,GENERAL SAAVEDRA,1,0
1881,ASOC. PROD. EL TORNO NO.1881,ASOCIACION,EL TORNO,0,0
1882,ASOC. PROD. SAN PEDRO NO.1882,ASOCIACION,SAN PEDRO,1,0
1883,LORENA CUELLAR MACHACA,INDIVIDUAL,PUERTO QUIJARRO,1,0
1884,ASOC. PROD. CUATRO CANADAS NO.1884,ASOCIACION,CUATRO CANADAS,1,0
1885,AGROP. ALVARADO HNOS. S.R.L.,EMPRESA AGROPECUARIA,CUATRO CANADAS,0,0
1886,ASOC. PROD. SANTA ROSA NO.1886,ASOCIACION,SANTA ROSA,0,0
1887,SERGIO MAMANI ALVARADO,COMUNIDAD,LA GUARDIA,1,0
1888,LORENA PUMA CUELLAR,COMUNIDAD,SAN PEDRO,1,0
1889,HUGO PUMA PINTO,INDIVIDUAL,SANTA ROSA,1,0
1890,JESSICA SANCHEZ GUTIERREZ,INDIVIDUAL,WARNES,0,0
1891,MARIO AGUILAR MERCADO,INDIVIDUAL,COTOCA,1,0
1894,ASOC. PROD. SAN PEDRO NO.1894,ASOCIACION,SAN PEDRO,0,0
1895,ASOC. PROD. BUEN RETIRO NO.1895,COOPERATIVA,BUEN RETIRO,0,0
1896,ASOC. PROD. PAILON NO.1896,COOPERATIVA,PAILON,1,0
1897,AGROP. GARCIA HNOS. S.R.L.,EMPRESA AGROPECUARIA,PAILON,0,0
1898,ALFREDO CASTRO AGUILAR,INDIVIDUAL,PUERTO SUAREZ,0,0
1899,ELIZABETH YUJRA RODRIGUEZ,INDIVIDUAL,OKINAWA,1,0
1900,OSCAR RODRIGUEZ APAZA,INDIVIDUAL,ROBORE,0,0
1901,AGROP. CASTRO HNOS. S.R.L.,EMPRESA AGROPECUARIA,GENERAL SAAVEDRA,1,0
1902,ASOC. PROD. MONTERO NO.1902,COOPERATIVA,MONTERO,1,0
1903,ASOC. PROD. SANTA ROSA NO.1903,ASOCIACION,SANTA ROSA,1,1
1904,ASOC. PROD. ROBORE NO.1904,ASOCIACION,ROBORE,1,0
1906,VANESSA RIVERO FLORES,INDIVIDUAL,CHARAGUA,1,0
1907,RONALD CATACORA CATACORA,INDIVIDUAL,PAILON,0,0
1908,ASOC. PROD. WARNES NO.1908,ASOCIACION,WARNES,0,0
1909,ASOC. PROD. PAILON NO.1909,COOPERATIVA,PAILON,1,0
1910,ASOC. PROD. LA GUARDIA NO.1910,ASOCIACION,LA GUARDIA,0,0
1911,BORIS NAVIA SALVATIERRA,INDIVIDUAL,GENERAL SAAVEDRA,0,0
1914,VALERIA MORALES CHOQUE,INDIVIDUAL,CHARAGUA,1,0
1915,ASOC. PROD. WARNES NO.1915,COOPERATIVA,WARNES,0,0
1916,MARCO VILLCA APAZA,INDIVIDUAL,PORTACHUELO,1,0
1917,SERGIO MONTAÑO QUISPE,COMUNIDAD,COTOCA,0,0
1918,ROBERTO ANTELO RIVERO,INDIVIDUAL,SANTA ROSA,0,0
1919,AGROP. MACHACA HNOS. S.R.L.,EMPRESA AGROPECUARIA,PUERTO QUIJARRO,1,0
1920,RONALD MACHACA PEDRAZA,INDIVIDUAL,ROBORE,1,0
1921,ASOC. PROD. COTOCA NO.1921,ASOCIACION,COTOCA,1,0
1922,ASOC. PROD. GENERAL SAAVEDRA NO.1922,ASOCIACION,GENERAL SAAVEDRA,1,0
1923,ASOC. PROD. COTOCA NO.1923,COOPERATIVA,COTOCA,0,0
1924,PATRICIA CUELLAR ANTELO,COMUNIDAD,CHARAGUA,1,0
1926,ASOC. PROD. SANTA ROSA NO.1926,ASOCIACION,SANTA ROSA,0,0
1927,ASOC. PROD. LA GUARDIA NO.1927,COOPERATIVA,LA GUARDIA,0,0
1928,ALFREDO AGUILAR VASQUEZ,INDIVIDUAL,SAN PEDRO,1,0
1929,ASOC. PROD. YAPACANI NO.1929,ASOCIACION,YAPACANI,0,0
1931,ASOC. PROD. WARNES NO.1931,COOPERATIVA,WARNES,1,0
1932,IVAN VACA MORALES,INDIVIDUAL,SAN PEDRO,1,0
1933,ASOC. PROD. BUEN RETIRO NO.1933,ASOCIACION,BUEN RETIRO,0,0
1935,ASOC. PROD. BUEN RETIRO NO.1935,ASOCIACION,BUEN RETIRO,1,0
1937,LAURA GARCIA CHOQUE,INDIVIDUAL,PAILON,0,0
1938,RODRIGO GARCIA RODRIGUEZ,INDIVIDUAL,SANTA ROSA,0,0
1939,ASOC. PROD. BUEN RETIRO NO.1939,ASOCIACION,BUEN RETIRO,1,0
1940,VIVIANA ALVARADO MAMANI,INDIVIDUAL,PORTACHUELO,0,0
1941,ASOC. PROD. PAILON NO.1941,COOPERATIVA,PAILON,0,0
1942,HUGO QUISPE CHAMBI,INDIVIDUAL,BUEN RETIRO,1,0
1943,ASOC. PROD. CHARAGUA NO.1943,COOPERATIVA,CHARAGUA,1,0
1944,RICARDO CHAMBI CATACORA,INDIVIDUAL,GENERAL SAAVEDRA,0,0
1945,ASOC. PROD. PUERTO SUAREZ NO.1945,ASOCIACION,PUERTO SUAREZ,1,0
1946,NATALIA VASQUEZ CHOQUE,INDIVIDUAL,COTOCA,1,0
1947,ASOC. PROD. WARNES NO.1947,COOPERATIVA,WARNES,1,0
1949,MARCELO APAZA VASQUEZ,INDIVIDUAL,SAN JULIAN,1,0
1950,VANESSA GUTIERREZ ALVARADO,INDIVIDUAL,CHARAGUA,1,0
1951,ASOC. PROD. ROBORE NO.1951,ASOCIACION,ROBORE,1,0
1952,RICARDO FLORES CHOQUE,INDIVIDUAL,CHARAGUA,1,0
1953,AGROP. CATACORA HNOS. S.R.L.,EMPRESA AGROPECUARIA,EL TORNO,0,0
1954,CARMEN HUANCA MONTAÑO,INDIVIDUAL,MINEROS,0,0
1955,AGROP. GUTIERREZ HNOS. S.R.L.,EMPRESA AGROPECUARIA,ROBORE,1,0
1956,HUGO MONTAÑO NAVIA,INDIVIDUAL,COTOCA,0,0
1957,ALFREDO YUJRA MORALES,INDIVIDUAL,WARNES,1,0
1958,MARIA TORREZ CHUQUIMIA,INDIVIDUAL,COTOCA,0,0
1959,FELIX CONDORI VILLCA,INDIVIDUAL,BUEN RETIRO,1,0
1960,ASOC. PROD. PAILON NO.1960,ASOCIACION,PAILON,0,0
1961,ASOC. PROD. PUERTO SUAREZ NO.1961,ASOCIACION,PUERTO SUAREZ,1,0
1962,RICHARD SANDOVAL CHUQUIMIA,INDIVIDUAL,CHARAGUA,0,0
1963,ASOC. PROD. OKINAWA NO.1963,ASOCIACION,OKINAWA,1,0
1964,ASOC. PROD. MINEROS NO.1964,ASOCIACION,MINEROS,0,0
1965,DAVID MEDINA YUJRA,COMUNIDAD,PUERTO SUAREZ,0,0
1966,ASOC. PROD. GENERAL SAAVEDRA NO.1966,ASOCIACION,GENERAL SAAVEDRA,0,0
1967,CAMILA MARTINEZ NAVIA,COMUNIDAD,MINEROS,0,0
1968,ASOC. PROD. CHARAGUA NO.1968,COOPERATIVA,CHARAGUA,0,0
1969,JOSE CATACORA SANDOVAL,INDIVIDUAL,MINEROS,0,0
1970,NATALIA MERCADO COPA,INDIVIDUAL,CUATRO CANADAS,1,0
1971,AGROP. GUTIERREZ HNOS. S.R.L.,EMPRESA AGROPECUARIA,COTOCA,1,0
1972,ASOC. PROD. MONTERO NO.1972,ASOCIACION,MONTERO,0,0
1973,CARMEN CHUQUIMIA CALLISAYA,INDIVIDUAL,SAN JULIAN,1,0
1974,ASOC. PROD. ROBORE NO.1974,COOPERATIVA,ROBORE,0,0
1975,FELIX AGUILAR CHOQUE,INDIVIDUAL,OKINAWA,1,0
1976,OSCAR COPA COPA,INDIVIDUAL,SANTA ROSA,0,0
1977,ANDREA CUELLAR MACHACA,INDIVIDUAL,OKINAWA,1,0
1978,ASOC. PROD. GENERAL SAAVEDRA NO.1978,ASOCIACION,GENERAL SAAVEDRA,1,0
1979,ASOC. PROD. PAILON NO.1979,COOPERATIVA,PAILON,0,0
1980,ASOC. PROD. PORTACHUELO NO.1980,ASOCIACION,PORTACHUELO,0,0
1981,GUSTAVO COPA MORALES,INDIVIDUAL,SAN JULIAN,0,0
1982,DANIELA CONDORI TORREZ,INDIVIDUAL,CUATRO CANADAS,1,0
1983,ELIZABETH MONTAÑO FLORES,INDIVIDUAL,OKINAWA,0,0
1984,ASOC. PROD. BUEN RETIRO NO.1984,COOPERATIVA,BUEN RETIRO,0,0
1985,VICTOR SANCHEZ PINTO,INDIVIDUAL,SAN PEDRO,1,0
1986,AGROP. VASQUEZ HNOS. S.R.L.,EMPRESA AGROPECUARIA,COTOCA,1,0
1987,ASOC. PROD. ROBORE NO.1987,ASOCIACION,ROBORE,1,0
1988,ASOC. PROD. MONTERO NO.1988,COOPERATIVA,MONTERO,0,0
1989,MARIA TORREZ QUISPE,INDIVIDUAL,PUERTO SUAREZ,1,0
1990,AGROP. PUMA HNOS. S.R.L.,EMPRESA AGROPECUARIA,EL TORNO,0,0
1991,AGROP. PINTO HNOS. S.R.L.,EMPRESA AGROPECUARIA,PUERTO SUAREZ,1,0
1992,YENNY YUJRA LOPEZ,INDIVIDUAL,MONTERO,1,0
1993,ASOC. PROD. EL TORNO NO.1993,ASOCIACION,EL TORNO,0,0
1994,ASOC. PROD. OKINAWA NO.1994,ASOCIACION,OKINAWA,0,0
1995,ASOC. PROD. PUERTO QUIJARRO NO.1995,ASOCIACION,PUERTO QUIJARRO,0,0
1996,DANIEL MACHACA SUAREZ,INDIVIDUAL,PORTACHUELO,1,0
1997,LUIS COPA SUAREZ,INDIVIDUAL,GENERAL SAAVEDRA,0,0
1999,AGROP. NAVIA HNOS. S.R.L.,EMPRESA AGROPECUARIA,COTOCA,1,0
2000,AGROP. MEDINA HNOS. S.R.L.,EMPRESA AGROPECUARIA,OKINAWA,1,0
